ID_Formulario,Nombre_Curso,Marca temporal,"Comuna o corregimiento de residencia (Si no es de Cali, seleccionar la opción N/A)",Sexo,Curso de vida,Escolaridad,Perfil,¿Se dio a conocer el objetivo de la capacitación?,¿Se cumplió el objetivo de la capacitación?,¿Los contenidos brindados fueron coherentes con el objetivo planteado?,¿Los temas se desarrollaron en el tiempo previsto?,¿La capacitación aportó nuevos conceptos y/o técnicas que antes no conocía?,¿Los conocimientos recibidos durante la capacitación le permitirán llevarlos a la práctica en su vida cotidiana?,¿La metodología utilizada por el facilitador permitió el entendimiento de los contenidos?,¿El facilitador demostró el dominio del tema brindado?,¿Durante el desarrollo de la capacitación se propició la participación de los asistentes?,¿Durante la capacitación se dio espacio para la solución de inquietudes?,¿Cómo califica las condiciones del espacio físico o medio virtual en el que se desarrolló la capacitación?,¿El material utilizado permitió el entendimiento del tema?,"En general, ¿Cómo se sintió con la actividad de capacitación realizada?",Comuna o corregimiento de residencia,ESE
12imN--sH0MBswxs3ix0yrHryrQIOsbLZPljvGifls58,"-Satisfacción del Curso virtual - RPMS (A, J) - (AISPPMSCVJA_01_2026) (AISPPMSCVA_01_2026)",2026-03-12T00:59:05.758Z,N/A,Femenino,Adultez (29 - 59 años),Bachiller,Área de la salud,5,5,5,5,5,5,5,5,5,4,5,5,5,,
12imN--sH0MBswxs3ix0yrHryrQIOsbLZPljvGifls58,"-Satisfacción del Curso virtual - RPMS (A, J) - (AISPPMSCVJA_01_2026) (AISPPMSCVA_01_2026)",2026-04-09T04:08:39.419Z,N/A,Femenino,Adultez (29 - 59 años),Postgrado,Área de la salud,5,5,5,5,5,5,5,5,5,5,5,5,5,,
12imN--sH0MBswxs3ix0yrHryrQIOsbLZPljvGifls58,"-Satisfacción del Curso virtual - RPMS (A, J) - (AISPPMSCVJA_01_2026) (AISPPMSCVA_01_2026)",2026-03-13T05:08:58.845Z,N/A,Femenino,Adolescencia (12 - 17 años),Bachiller,Área de la salud,5,5,5,5,5,5,5,5,5,5,5,5,5,,
12imN--sH0MBswxs3ix0yrHryrQIOsbLZPljvGifls58,"-Satisfacción del Curso virtual - RPMS (A, J) - (AISPPMSCVJA_01_2026) (AISPPMSCVA_01_2026)",2026-03-12T02:47:28.994Z,N/A,Femenino,Adultez (29 - 59 años),Postgrado,Área de la salud,5,5,5,5,5,5,5,5,5,5,5,5,5,,
12imN--sH0MBswxs3ix0yrHryrQIOsbLZPljvGifls58,"-Satisfacción del Curso virtual - RPMS (A, J) - (AISPPMSCVJA_01_2026) (AISPPMSCVA_01_2026)",2026-03-30T07:24:26.850Z,N/A,Femenino,Adultez (29 - 59 años),Pregrado,Área de la salud,5,5,5,5,5,5,5,5,4,4,5,5,5,,
12imN--sH0MBswxs3ix0yrHryrQIOsbLZPljvGifls58,"-Satisfacción del Curso virtual - RPMS (A, J) - (AISPPMSCVJA_01_2026) (AISPPMSCVA_01_2026)",2026-03-09T20:58:49.473Z,N/A,Femenino,Adultez (29 - 59 años),Pregrado,Área de la salud,4,4,4,4,4,4,4,4,4,4,4,5,5,,
12imN--sH0MBswxs3ix0yrHryrQIOsbLZPljvGifls58,"-Satisfacción del Curso virtual - RPMS (A, J) - (AISPPMSCVJA_01_2026) (AISPPMSCVA_01_2026)",2026-03-11T20:38:57.748Z,N/A,Masculino,Juventud (18 - 28 años),Pregrado,Área de la salud,5,5,5,5,5,5,4,5,5,5,5,5,4,,
12imN--sH0MBswxs3ix0yrHryrQIOsbLZPljvGifls58,"-Satisfacción del Curso virtual - RPMS (A, J) - (AISPPMSCVJA_01_2026) (AISPPMSCVA_01_2026)",2026-03-11T21:36:10.408Z,COMUNA 17,Femenino,Juventud (18 - 28 años),Pregrado,Área de la salud,4,4,4,4,4,4,4,4,4,4,4,4,4,,
12imN--sH0MBswxs3ix0yrHryrQIOsbLZPljvGifls58,"-Satisfacción del Curso virtual - RPMS (A, J) - (AISPPMSCVJA_01_2026) (AISPPMSCVA_01_2026)",2026-04-08T23:23:15.982Z,N/A,Femenino,Adultez (29 - 59 años),Pregrado,Área de la salud,4,4,4,4,4,4,4,4,4,4,4,4,4,,
12imN--sH0MBswxs3ix0yrHryrQIOsbLZPljvGifls58,"-Satisfacción del Curso virtual - RPMS (A, J) - (AISPPMSCVJA_01_2026) (AISPPMSCVA_01_2026)",2026-04-10T23:14:27.936Z,COMUNA 5,Femenino,Adultez (29 - 59 años),Pregrado,Área de la salud,4,4,4,4,4,4,4,4,4,4,4,4,4,,
12imN--sH0MBswxs3ix0yrHryrQIOsbLZPljvGifls58,"-Satisfacción del Curso virtual - RPMS (A, J) - (AISPPMSCVJA_01_2026) (AISPPMSCVA_01_2026)",2026-04-08T15:42:03.014Z,N/A,Femenino,Juventud (18 - 28 años),Postgrado,Área de la salud,5,5,5,5,5,5,5,5,5,5,3,5,5,,
12imN--sH0MBswxs3ix0yrHryrQIOsbLZPljvGifls58,"-Satisfacción del Curso virtual - RPMS (A, J) - (AISPPMSCVJA_01_2026) (AISPPMSCVA_01_2026)",2026-03-19T22:13:32.245Z,COMUNA 16,Masculino,Vejez (60 años o más),Pregrado,Área de la salud,5,5,5,5,5,5,5,5,5,5,5,5,5,,
12imN--sH0MBswxs3ix0yrHryrQIOsbLZPljvGifls58,"-Satisfacción del Curso virtual - RPMS (A, J) - (AISPPMSCVJA_01_2026) (AISPPMSCVA_01_2026)",2026-03-10T23:17:15.341Z,N/A,Femenino,Adultez (29 - 59 años),Pregrado,Área de la salud,4,4,4,4,4,4,5,4,4,3,5,5,4,,
12imN--sH0MBswxs3ix0yrHryrQIOsbLZPljvGifls58,"-Satisfacción del Curso virtual - RPMS (A, J) - (AISPPMSCVJA_01_2026) (AISPPMSCVA_01_2026)",2026-04-09T02:24:09.831Z,N/A,Femenino,Juventud (18 - 28 años),Pregrado,Área de la salud,5,5,5,5,5,5,5,5,5,5,5,5,5,,
12imN--sH0MBswxs3ix0yrHryrQIOsbLZPljvGifls58,"-Satisfacción del Curso virtual - RPMS (A, J) - (AISPPMSCVJA_01_2026) (AISPPMSCVA_01_2026)",2026-04-08T17:23:32.443Z,N/A,Femenino,Adultez (29 - 59 años),Bachiller,Área de la salud,1,1,1,1,1,1,1,1,1,1,1,1,1,,
12imN--sH0MBswxs3ix0yrHryrQIOsbLZPljvGifls58,"-Satisfacción del Curso virtual - RPMS (A, J) - (AISPPMSCVJA_01_2026) (AISPPMSCVA_01_2026)",2026-04-10T03:00:22.738Z,COMUNA 12,Femenino,Adultez (29 - 59 años),Pregrado,Área de la salud,4,4,4,4,4,4,4,4,4,4,4,4,4,,
12imN--sH0MBswxs3ix0yrHryrQIOsbLZPljvGifls58,"-Satisfacción del Curso virtual - RPMS (A, J) - (AISPPMSCVJA_01_2026) (AISPPMSCVA_01_2026)",2026-04-09T11:22:45.684Z,N/A,Femenino,Juventud (18 - 28 años),Pregrado,Área de la salud,5,5,5,5,5,5,5,5,5,3,5,5,5,,
12imN--sH0MBswxs3ix0yrHryrQIOsbLZPljvGifls58,"-Satisfacción del Curso virtual - RPMS (A, J) - (AISPPMSCVJA_01_2026) (AISPPMSCVA_01_2026)",2026-04-10T13:45:50.218Z,N/A,Femenino,Juventud (18 - 28 años),Pregrado,Área de la salud,5,5,5,5,5,5,5,5,5,5,5,5,5,,
12imN--sH0MBswxs3ix0yrHryrQIOsbLZPljvGifls58,"-Satisfacción del Curso virtual - RPMS (A, J) - (AISPPMSCVJA_01_2026) (AISPPMSCVA_01_2026)",2026-04-08T15:36:57.013Z,N/A,Femenino,Juventud (18 - 28 años),Pregrado,Área de la salud,5,5,5,5,5,5,5,5,5,5,5,5,5,,
12imN--sH0MBswxs3ix0yrHryrQIOsbLZPljvGifls58,"-Satisfacción del Curso virtual - RPMS (A, J) - (AISPPMSCVJA_01_2026) (AISPPMSCVA_01_2026)",2026-03-20T14:27:22.536Z,N/A,Femenino,Adolescencia (12 - 17 años),Pregrado,Área de la salud,4,4,4,4,4,4,4,4,4,3,4,4,4,,
12imN--sH0MBswxs3ix0yrHryrQIOsbLZPljvGifls58,"-Satisfacción del Curso virtual - RPMS (A, J) - (AISPPMSCVJA_01_2026) (AISPPMSCVA_01_2026)",2026-03-20T17:49:34.966Z,N/A,Femenino,Juventud (18 - 28 años),Pregrado,Área de la salud,5,5,5,5,5,5,5,5,5,5,5,5,5,,
12imN--sH0MBswxs3ix0yrHryrQIOsbLZPljvGifls58,"-Satisfacción del Curso virtual - RPMS (A, J) - (AISPPMSCVJA_01_2026) (AISPPMSCVA_01_2026)",2026-04-09T03:10:43.357Z,COMUNA 1,Femenino,Adolescencia (12 - 17 años),Pregrado,Área de la salud,4,4,4,4,4,4,4,4,4,4,4,4,4,,
12imN--sH0MBswxs3ix0yrHryrQIOsbLZPljvGifls58,"-Satisfacción del Curso virtual - RPMS (A, J) - (AISPPMSCVJA_01_2026) (AISPPMSCVA_01_2026)",2026-03-13T02:29:31.045Z,N/A,Femenino,Adultez (29 - 59 años),Bachiller,Área de la salud,5,5,5,5,5,5,5,5,5,5,5,5,5,,
12imN--sH0MBswxs3ix0yrHryrQIOsbLZPljvGifls58,"-Satisfacción del Curso virtual - RPMS (A, J) - (AISPPMSCVJA_01_2026) (AISPPMSCVA_01_2026)",2026-03-11T19:42:36.588Z,COMUNA 1,Femenino,Adultez (29 - 59 años),Pregrado,Área de la salud,5,5,5,5,5,5,5,5,5,5,5,5,5,,
12imN--sH0MBswxs3ix0yrHryrQIOsbLZPljvGifls58,"-Satisfacción del Curso virtual - RPMS (A, J) - (AISPPMSCVJA_01_2026) (AISPPMSCVA_01_2026)",2026-03-09T20:59:37.338Z,COMUNA 13,Femenino,Juventud (18 - 28 años),Bachiller,Área de la salud,5,5,5,5,5,5,5,5,5,5,5,5,5,,
12imN--sH0MBswxs3ix0yrHryrQIOsbLZPljvGifls58,"-Satisfacción del Curso virtual - RPMS (A, J) - (AISPPMSCVJA_01_2026) (AISPPMSCVA_01_2026)",2026-04-09T04:40:35.282Z,N/A,Femenino,Juventud (18 - 28 años),Pregrado,Área de la salud,5,5,5,5,5,5,5,5,5,5,5,5,5,,
12imN--sH0MBswxs3ix0yrHryrQIOsbLZPljvGifls58,"-Satisfacción del Curso virtual - RPMS (A, J) - (AISPPMSCVJA_01_2026) (AISPPMSCVA_01_2026)",2026-04-09T17:24:12.631Z,N/A,Femenino,Juventud (18 - 28 años),Bachiller,Área de la salud,2,2,2,2,2,2,2,2,3,3,3,3,3,,
12imN--sH0MBswxs3ix0yrHryrQIOsbLZPljvGifls58,"-Satisfacción del Curso virtual - RPMS (A, J) - (AISPPMSCVJA_01_2026) (AISPPMSCVA_01_2026)",2026-04-08T05:45:36.678Z,N/A,Femenino,Juventud (18 - 28 años),Pregrado,Área de la salud,1,1,1,1,1,1,1,1,1,1,1,1,1,,
12imN--sH0MBswxs3ix0yrHryrQIOsbLZPljvGifls58,"-Satisfacción del Curso virtual - RPMS (A, J) - (AISPPMSCVJA_01_2026) (AISPPMSCVA_01_2026)",2026-03-30T20:06:25.791Z,COMUNA 3,Femenino,Juventud (18 - 28 años),Postgrado,Área de la salud,5,5,5,5,5,5,5,5,5,5,5,5,5,,
12imN--sH0MBswxs3ix0yrHryrQIOsbLZPljvGifls58,"-Satisfacción del Curso virtual - RPMS (A, J) - (AISPPMSCVJA_01_2026) (AISPPMSCVA_01_2026)",2026-04-11T04:40:59.259Z,N/A,Femenino,Adultez (29 - 59 años),Postgrado,Área de la salud,5,5,5,5,5,5,5,5,5,5,5,5,5,,
12imN--sH0MBswxs3ix0yrHryrQIOsbLZPljvGifls58,"-Satisfacción del Curso virtual - RPMS (A, J) - (AISPPMSCVJA_01_2026) (AISPPMSCVA_01_2026)",2026-04-09T02:11:07.588Z,COMUNA 18,Masculino,Adultez (29 - 59 años),Pregrado,Área de la salud,4,4,4,4,4,4,4,4,4,4,4,4,4,,
12imN--sH0MBswxs3ix0yrHryrQIOsbLZPljvGifls58,"-Satisfacción del Curso virtual - RPMS (A, J) - (AISPPMSCVJA_01_2026) (AISPPMSCVA_01_2026)",2026-04-06T22:06:34.161Z,N/A,Femenino,Adolescencia (12 - 17 años),Pregrado,Área de la salud,5,5,5,5,5,4,5,5,3,4,5,5,5,,
12imN--sH0MBswxs3ix0yrHryrQIOsbLZPljvGifls58,"-Satisfacción del Curso virtual - RPMS (A, J) - (AISPPMSCVJA_01_2026) (AISPPMSCVA_01_2026)",2026-04-11T02:57:58.502Z,N/A,Femenino,Adolescencia (12 - 17 años),Pregrado,Área de la salud,5,5,5,5,5,5,5,5,5,5,5,5,5,,
12imN--sH0MBswxs3ix0yrHryrQIOsbLZPljvGifls58,"-Satisfacción del Curso virtual - RPMS (A, J) - (AISPPMSCVJA_01_2026) (AISPPMSCVA_01_2026)",2026-03-30T01:02:34.267Z,COMUNA 1,Femenino,Adultez (29 - 59 años),Postgrado,Área de la salud,4,4,4,4,4,4,4,4,4,4,4,4,4,,
12imN--sH0MBswxs3ix0yrHryrQIOsbLZPljvGifls58,"-Satisfacción del Curso virtual - RPMS (A, J) - (AISPPMSCVJA_01_2026) (AISPPMSCVA_01_2026)",2026-04-09T23:28:47.063Z,COMUNA 21,Femenino,Adultez (29 - 59 años),Pregrado,Área de la salud,4,4,4,4,4,4,4,4,4,4,4,4,4,,
12imN--sH0MBswxs3ix0yrHryrQIOsbLZPljvGifls58,"-Satisfacción del Curso virtual - RPMS (A, J) - (AISPPMSCVJA_01_2026) (AISPPMSCVA_01_2026)",2026-04-11T00:21:11.594Z,N/A,Femenino,Adultez (29 - 59 años),Pregrado,Área de la salud,5,4,5,4,5,5,4,5,5,4,5,5,5,,
12imN--sH0MBswxs3ix0yrHryrQIOsbLZPljvGifls58,"-Satisfacción del Curso virtual - RPMS (A, J) - (AISPPMSCVJA_01_2026) (AISPPMSCVA_01_2026)",2026-03-27T21:52:40.681Z,N/A,Femenino,Adultez (29 - 59 años),Pregrado,Área de la salud,4,4,4,4,4,4,4,4,4,4,4,4,4,,
12imN--sH0MBswxs3ix0yrHryrQIOsbLZPljvGifls58,"-Satisfacción del Curso virtual - RPMS (A, J) - (AISPPMSCVJA_01_2026) (AISPPMSCVA_01_2026)",2026-03-14T21:58:37.460Z,N/A,Femenino,Juventud (18 - 28 años),Pregrado,Otro,5,5,5,5,5,5,5,5,5,5,5,5,5,,
12imN--sH0MBswxs3ix0yrHryrQIOsbLZPljvGifls58,"-Satisfacción del Curso virtual - RPMS (A, J) - (AISPPMSCVJA_01_2026) (AISPPMSCVA_01_2026)",2026-03-11T02:48:08.903Z,N/A,Femenino,Adultez (29 - 59 años),Bachiller,Área de la salud,5,5,5,5,5,5,5,5,5,5,5,5,5,,
12imN--sH0MBswxs3ix0yrHryrQIOsbLZPljvGifls58,"-Satisfacción del Curso virtual - RPMS (A, J) - (AISPPMSCVJA_01_2026) (AISPPMSCVA_01_2026)",2026-04-08T15:34:05.198Z,N/A,Masculino,Juventud (18 - 28 años),Pregrado,Área de la salud,4,4,4,4,4,4,4,4,4,4,4,4,4,,
12imN--sH0MBswxs3ix0yrHryrQIOsbLZPljvGifls58,"-Satisfacción del Curso virtual - RPMS (A, J) - (AISPPMSCVJA_01_2026) (AISPPMSCVA_01_2026)",2026-03-21T04:01:12.331Z,COMUNA 3,Femenino,Adultez (29 - 59 años),Pregrado,Área de la salud,4,4,4,3,4,4,4,4,3,4,4,5,4,,
12imN--sH0MBswxs3ix0yrHryrQIOsbLZPljvGifls58,"-Satisfacción del Curso virtual - RPMS (A, J) - (AISPPMSCVJA_01_2026) (AISPPMSCVA_01_2026)",2026-04-09T20:39:58.195Z,COMUNA 16,Masculino,Vejez (60 años o más),Postgrado,Área de la salud,5,5,5,5,5,5,5,5,5,5,5,5,5,,
12imN--sH0MBswxs3ix0yrHryrQIOsbLZPljvGifls58,"-Satisfacción del Curso virtual - RPMS (A, J) - (AISPPMSCVJA_01_2026) (AISPPMSCVA_01_2026)",2026-03-18T14:05:25.988Z,COMUNA 11,Femenino,Adolescencia (12 - 17 años),Bachiller,Área de la salud,3,3,3,3,3,3,3,3,3,3,3,3,3,,
12imN--sH0MBswxs3ix0yrHryrQIOsbLZPljvGifls58,"-Satisfacción del Curso virtual - RPMS (A, J) - (AISPPMSCVJA_01_2026) (AISPPMSCVA_01_2026)",2026-04-10T00:30:57.165Z,N/A,Femenino,Adultez (29 - 59 años),Pregrado,Área de la salud,5,5,5,5,5,5,5,5,5,5,5,5,5,,
12imN--sH0MBswxs3ix0yrHryrQIOsbLZPljvGifls58,"-Satisfacción del Curso virtual - RPMS (A, J) - (AISPPMSCVJA_01_2026) (AISPPMSCVA_01_2026)",2026-03-11T14:04:31.272Z,N/A,Femenino,Juventud (18 - 28 años),Bachiller,Área de la salud,4,4,4,4,4,4,4,4,4,4,4,4,4,,
12imN--sH0MBswxs3ix0yrHryrQIOsbLZPljvGifls58,"-Satisfacción del Curso virtual - RPMS (A, J) - (AISPPMSCVJA_01_2026) (AISPPMSCVA_01_2026)",2026-04-07T01:07:17.988Z,N/A,Femenino,Juventud (18 - 28 años),Pregrado,Área de la salud,5,5,5,5,5,5,5,5,5,5,5,5,5,,
12imN--sH0MBswxs3ix0yrHryrQIOsbLZPljvGifls58,"-Satisfacción del Curso virtual - RPMS (A, J) - (AISPPMSCVJA_01_2026) (AISPPMSCVA_01_2026)",2026-03-10T00:23:47.288Z,N/A,Masculino,Adultez (29 - 59 años),Pregrado,Área de la salud,4,4,4,4,4,5,5,4,5,4,5,5,5,,
12imN--sH0MBswxs3ix0yrHryrQIOsbLZPljvGifls58,"-Satisfacción del Curso virtual - RPMS (A, J) - (AISPPMSCVJA_01_2026) (AISPPMSCVA_01_2026)",2026-04-11T00:53:55.573Z,C. DE EL HORMIGUERO,Masculino,Adolescencia (12 - 17 años),Pregrado,Área de la salud,5,5,5,5,5,5,5,5,5,5,5,5,5,,
12imN--sH0MBswxs3ix0yrHryrQIOsbLZPljvGifls58,"-Satisfacción del Curso virtual - RPMS (A, J) - (AISPPMSCVJA_01_2026) (AISPPMSCVA_01_2026)",2026-03-13T15:41:30.628Z,N/A,Femenino,Adultez (29 - 59 años),Pregrado,Área de la salud,5,5,5,5,5,5,5,5,5,5,5,5,5,,
12imN--sH0MBswxs3ix0yrHryrQIOsbLZPljvGifls58,"-Satisfacción del Curso virtual - RPMS (A, J) - (AISPPMSCVJA_01_2026) (AISPPMSCVA_01_2026)",2026-04-09T02:48:32.187Z,N/A,Femenino,Juventud (18 - 28 años),Pregrado,Área de la salud,5,5,5,5,5,5,5,5,5,5,5,5,5,,
12imN--sH0MBswxs3ix0yrHryrQIOsbLZPljvGifls58,"-Satisfacción del Curso virtual - RPMS (A, J) - (AISPPMSCVJA_01_2026) (AISPPMSCVA_01_2026)",2026-03-12T00:13:13.878Z,COMUNA 4,Femenino,Adultez (29 - 59 años),Postgrado,Área de la salud,1,1,1,1,1,1,1,1,4,4,1,1,1,,
12imN--sH0MBswxs3ix0yrHryrQIOsbLZPljvGifls58,"-Satisfacción del Curso virtual - RPMS (A, J) - (AISPPMSCVJA_01_2026) (AISPPMSCVA_01_2026)",2026-04-10T14:43:21.399Z,COMUNA 13,Femenino,Adultez (29 - 59 años),Pregrado,Área de la salud,5,5,5,5,5,5,5,5,5,5,5,5,5,,
12imN--sH0MBswxs3ix0yrHryrQIOsbLZPljvGifls58,"-Satisfacción del Curso virtual - RPMS (A, J) - (AISPPMSCVJA_01_2026) (AISPPMSCVA_01_2026)",2026-03-16T21:45:25.173Z,N/A,Femenino,Juventud (18 - 28 años),Pregrado,Área de la salud,5,5,5,5,5,5,5,5,5,5,5,5,5,,
12imN--sH0MBswxs3ix0yrHryrQIOsbLZPljvGifls58,"-Satisfacción del Curso virtual - RPMS (A, J) - (AISPPMSCVJA_01_2026) (AISPPMSCVA_01_2026)",2026-03-10T02:35:43.273Z,N/A,Femenino,Adolescencia (12 - 17 años),Postgrado,Área de la salud,4,5,4,5,5,5,5,4,5,4,5,4,5,,
12imN--sH0MBswxs3ix0yrHryrQIOsbLZPljvGifls58,"-Satisfacción del Curso virtual - RPMS (A, J) - (AISPPMSCVJA_01_2026) (AISPPMSCVA_01_2026)",2026-03-21T14:23:49.769Z,N/A,Femenino,Juventud (18 - 28 años),Pregrado,Área de la salud,5,5,5,5,5,5,5,5,5,5,5,5,5,,
12imN--sH0MBswxs3ix0yrHryrQIOsbLZPljvGifls58,"-Satisfacción del Curso virtual - RPMS (A, J) - (AISPPMSCVJA_01_2026) (AISPPMSCVA_01_2026)",2026-04-07T19:10:01.692Z,N/A,Femenino,Adultez (29 - 59 años),Pregrado,Área de la salud,5,5,5,5,5,5,5,5,5,5,5,5,5,,
12imN--sH0MBswxs3ix0yrHryrQIOsbLZPljvGifls58,"-Satisfacción del Curso virtual - RPMS (A, J) - (AISPPMSCVJA_01_2026) (AISPPMSCVA_01_2026)",2026-04-11T04:28:41.732Z,COMUNA 12,Femenino,Juventud (18 - 28 años),Pregrado,Área de la salud,5,5,5,5,5,5,5,5,5,5,5,5,5,,
12imN--sH0MBswxs3ix0yrHryrQIOsbLZPljvGifls58,"-Satisfacción del Curso virtual - RPMS (A, J) - (AISPPMSCVJA_01_2026) (AISPPMSCVA_01_2026)",2026-04-08T19:18:34.794Z,N/A,Femenino,Adolescencia (12 - 17 años),Pregrado,Área de la salud,5,5,5,5,5,5,5,5,5,5,5,5,5,,
12imN--sH0MBswxs3ix0yrHryrQIOsbLZPljvGifls58,"-Satisfacción del Curso virtual - RPMS (A, J) - (AISPPMSCVJA_01_2026) (AISPPMSCVA_01_2026)",2026-04-08T18:53:29.182Z,N/A,Femenino,Juventud (18 - 28 años),Bachiller,Área de la salud,4,4,4,4,4,4,4,4,5,5,5,5,5,,
12imN--sH0MBswxs3ix0yrHryrQIOsbLZPljvGifls58,"-Satisfacción del Curso virtual - RPMS (A, J) - (AISPPMSCVJA_01_2026) (AISPPMSCVA_01_2026)",2026-03-29T15:24:11.346Z,N/A,Femenino,Adultez (29 - 59 años),Pregrado,Área de la salud,5,5,5,5,5,5,5,5,5,5,5,5,5,,
12imN--sH0MBswxs3ix0yrHryrQIOsbLZPljvGifls58,"-Satisfacción del Curso virtual - RPMS (A, J) - (AISPPMSCVJA_01_2026) (AISPPMSCVA_01_2026)",2026-03-10T13:28:34.396Z,N/A,Masculino,Juventud (18 - 28 años),Pregrado,Área de la salud,5,5,5,5,5,5,5,5,5,5,5,5,5,,
12imN--sH0MBswxs3ix0yrHryrQIOsbLZPljvGifls58,"-Satisfacción del Curso virtual - RPMS (A, J) - (AISPPMSCVJA_01_2026) (AISPPMSCVA_01_2026)",2026-04-09T03:49:11.652Z,N/A,Femenino,Juventud (18 - 28 años),Pregrado,Área de la salud,5,5,5,5,5,5,5,5,5,5,5,5,5,,
12imN--sH0MBswxs3ix0yrHryrQIOsbLZPljvGifls58,"-Satisfacción del Curso virtual - RPMS (A, J) - (AISPPMSCVJA_01_2026) (AISPPMSCVA_01_2026)",2026-03-20T03:19:08.468Z,N/A,Femenino,Adultez (29 - 59 años),Pregrado,Área de la salud,4,4,4,4,4,4,4,4,4,4,4,4,3,,
12imN--sH0MBswxs3ix0yrHryrQIOsbLZPljvGifls58,"-Satisfacción del Curso virtual - RPMS (A, J) - (AISPPMSCVJA_01_2026) (AISPPMSCVA_01_2026)",2026-04-09T14:00:07.032Z,N/A,Femenino,Adultez (29 - 59 años),Pregrado,Área de la salud,5,5,5,5,5,5,5,5,5,5,5,5,5,,
12imN--sH0MBswxs3ix0yrHryrQIOsbLZPljvGifls58,"-Satisfacción del Curso virtual - RPMS (A, J) - (AISPPMSCVJA_01_2026) (AISPPMSCVA_01_2026)",2026-04-01T13:22:28.908Z,COMUNA 10,Femenino,Adultez (29 - 59 años),Postgrado,Área de la salud,5,5,5,5,5,5,5,5,4,5,5,5,5,,
12imN--sH0MBswxs3ix0yrHryrQIOsbLZPljvGifls58,"-Satisfacción del Curso virtual - RPMS (A, J) - (AISPPMSCVJA_01_2026) (AISPPMSCVA_01_2026)",2026-03-13T21:27:22.093Z,COMUNA 17,Femenino,Juventud (18 - 28 años),Pregrado,Área de la salud,5,5,4,4,4,4,4,4,4,4,4,4,4,,
12imN--sH0MBswxs3ix0yrHryrQIOsbLZPljvGifls58,"-Satisfacción del Curso virtual - RPMS (A, J) - (AISPPMSCVJA_01_2026) (AISPPMSCVA_01_2026)",2026-04-10T01:48:16.030Z,N/A,Femenino,Adultez (29 - 59 años),Pregrado,Área de la salud,2,1,1,1,1,2,2,2,2,3,3,2,2,,
12imN--sH0MBswxs3ix0yrHryrQIOsbLZPljvGifls58,"-Satisfacción del Curso virtual - RPMS (A, J) - (AISPPMSCVJA_01_2026) (AISPPMSCVA_01_2026)",2026-04-10T01:56:46.569Z,N/A,Femenino,Adultez (29 - 59 años),Pregrado,Área de la salud,4,4,4,4,4,4,4,4,4,4,4,4,4,,
12imN--sH0MBswxs3ix0yrHryrQIOsbLZPljvGifls58,"-Satisfacción del Curso virtual - RPMS (A, J) - (AISPPMSCVJA_01_2026) (AISPPMSCVA_01_2026)",2026-04-07T20:47:38.337Z,N/A,Femenino,Adultez (29 - 59 años),Postgrado,Área de la salud,5,5,5,5,5,5,5,5,5,5,5,5,5,,
12imN--sH0MBswxs3ix0yrHryrQIOsbLZPljvGifls58,"-Satisfacción del Curso virtual - RPMS (A, J) - (AISPPMSCVJA_01_2026) (AISPPMSCVA_01_2026)",2026-04-09T18:20:18.545Z,COMUNA 6,Femenino,Adolescencia (12 - 17 años),Postgrado,Área de la salud,5,5,5,5,5,5,5,5,5,5,5,5,5,,
12imN--sH0MBswxs3ix0yrHryrQIOsbLZPljvGifls58,"-Satisfacción del Curso virtual - RPMS (A, J) - (AISPPMSCVJA_01_2026) (AISPPMSCVA_01_2026)",2026-03-10T22:01:03.604Z,N/A,Femenino,Adultez (29 - 59 años),Pregrado,Área de la salud,5,5,5,4,5,5,4,5,3,2,3,4,4,,
12imN--sH0MBswxs3ix0yrHryrQIOsbLZPljvGifls58,"-Satisfacción del Curso virtual - RPMS (A, J) - (AISPPMSCVJA_01_2026) (AISPPMSCVA_01_2026)",2026-03-30T21:02:20.940Z,N/A,Femenino,Juventud (18 - 28 años),Pregrado,Área de la salud,5,5,5,5,5,5,5,5,5,5,5,5,5,,
12imN--sH0MBswxs3ix0yrHryrQIOsbLZPljvGifls58,"-Satisfacción del Curso virtual - RPMS (A, J) - (AISPPMSCVJA_01_2026) (AISPPMSCVA_01_2026)",2026-03-27T13:37:38.811Z,N/A,Femenino,Adultez (29 - 59 años),Pregrado,Área de la salud,5,5,5,5,4,5,5,5,4,4,5,5,5,,
12imN--sH0MBswxs3ix0yrHryrQIOsbLZPljvGifls58,"-Satisfacción del Curso virtual - RPMS (A, J) - (AISPPMSCVJA_01_2026) (AISPPMSCVA_01_2026)",2026-03-12T02:30:06.946Z,N/A,Femenino,Adultez (29 - 59 años),Pregrado,Área de la salud,5,5,5,5,5,5,5,5,5,5,5,5,5,,
12imN--sH0MBswxs3ix0yrHryrQIOsbLZPljvGifls58,"-Satisfacción del Curso virtual - RPMS (A, J) - (AISPPMSCVJA_01_2026) (AISPPMSCVA_01_2026)",2026-04-11T03:16:48.561Z,N/A,Femenino,Adultez (29 - 59 años),Pregrado,Área de la salud,5,4,5,4,5,4,5,4,5,4,5,4,5,,
12imN--sH0MBswxs3ix0yrHryrQIOsbLZPljvGifls58,"-Satisfacción del Curso virtual - RPMS (A, J) - (AISPPMSCVJA_01_2026) (AISPPMSCVA_01_2026)",2026-04-10T05:39:48.919Z,N/A,Masculino,Adolescencia (12 - 17 años),Pregrado,Área de la salud,5,5,5,5,5,5,5,5,5,5,5,5,5,,
12imN--sH0MBswxs3ix0yrHryrQIOsbLZPljvGifls58,"-Satisfacción del Curso virtual - RPMS (A, J) - (AISPPMSCVJA_01_2026) (AISPPMSCVA_01_2026)",2026-04-09T18:07:53.807Z,COMUNA 10,Femenino,Adultez (29 - 59 años),Postgrado,Área de la salud,4,4,5,4,5,5,5,5,5,5,5,5,5,,
12imN--sH0MBswxs3ix0yrHryrQIOsbLZPljvGifls58,"-Satisfacción del Curso virtual - RPMS (A, J) - (AISPPMSCVJA_01_2026) (AISPPMSCVA_01_2026)",2026-04-10T04:24:31.805Z,N/A,Femenino,Juventud (18 - 28 años),Pregrado,Área de la salud,5,5,5,5,5,5,5,5,5,5,5,5,5,,
12imN--sH0MBswxs3ix0yrHryrQIOsbLZPljvGifls58,"-Satisfacción del Curso virtual - RPMS (A, J) - (AISPPMSCVJA_01_2026) (AISPPMSCVA_01_2026)",2026-03-09T20:36:26.437Z,N/A,Femenino,Adolescencia (12 - 17 años),Pregrado,Área de la salud,5,5,1,5,5,5,5,5,5,5,5,5,5,,
12imN--sH0MBswxs3ix0yrHryrQIOsbLZPljvGifls58,"-Satisfacción del Curso virtual - RPMS (A, J) - (AISPPMSCVJA_01_2026) (AISPPMSCVA_01_2026)",2026-04-13T15:04:38.822Z,COMUNA 9,Femenino,Juventud (18 - 28 años),Pregrado,Área de la salud,4,4,4,4,4,4,4,4,4,4,4,4,4,,
12imN--sH0MBswxs3ix0yrHryrQIOsbLZPljvGifls58,"-Satisfacción del Curso virtual - RPMS (A, J) - (AISPPMSCVJA_01_2026) (AISPPMSCVA_01_2026)",2026-03-18T00:46:24.671Z,N/A,Femenino,Adolescencia (12 - 17 años),Pregrado,Área de la salud,4,4,4,4,4,5,3,4,3,3,3,4,4,,
12imN--sH0MBswxs3ix0yrHryrQIOsbLZPljvGifls58,"-Satisfacción del Curso virtual - RPMS (A, J) - (AISPPMSCVJA_01_2026) (AISPPMSCVA_01_2026)",2026-03-14T21:58:34.389Z,N/A,Masculino,Juventud (18 - 28 años),Pregrado,Otro,5,5,5,5,5,5,5,5,5,5,5,5,5,,
12imN--sH0MBswxs3ix0yrHryrQIOsbLZPljvGifls58,"-Satisfacción del Curso virtual - RPMS (A, J) - (AISPPMSCVJA_01_2026) (AISPPMSCVA_01_2026)",2026-04-10T03:47:47.229Z,COMUNA 10,Femenino,Juventud (18 - 28 años),Pregrado,Área de la salud,4,5,4,4,5,5,4,5,5,4,3,5,4,,
12imN--sH0MBswxs3ix0yrHryrQIOsbLZPljvGifls58,"-Satisfacción del Curso virtual - RPMS (A, J) - (AISPPMSCVJA_01_2026) (AISPPMSCVA_01_2026)",2026-04-09T01:15:19.973Z,N/A,Femenino,Adultez (29 - 59 años),Postgrado,Área de la salud,5,5,5,5,5,5,5,5,5,5,5,5,5,,
12imN--sH0MBswxs3ix0yrHryrQIOsbLZPljvGifls58,"-Satisfacción del Curso virtual - RPMS (A, J) - (AISPPMSCVJA_01_2026) (AISPPMSCVA_01_2026)",2026-04-10T02:15:16.327Z,N/A,Femenino,Juventud (18 - 28 años),Pregrado,Área de la salud,5,5,5,5,5,5,5,5,5,5,5,5,5,,
12imN--sH0MBswxs3ix0yrHryrQIOsbLZPljvGifls58,"-Satisfacción del Curso virtual - RPMS (A, J) - (AISPPMSCVJA_01_2026) (AISPPMSCVA_01_2026)",2026-04-11T00:54:07.922Z,N/A,Femenino,Adultez (29 - 59 años),Postgrado,Área de la salud,5,5,5,5,5,5,5,5,5,5,5,5,5,,
12imN--sH0MBswxs3ix0yrHryrQIOsbLZPljvGifls58,"-Satisfacción del Curso virtual - RPMS (A, J) - (AISPPMSCVJA_01_2026) (AISPPMSCVA_01_2026)",2026-03-10T13:28:44.854Z,N/A,Femenino,Adultez (29 - 59 años),Pregrado,Área de la salud,5,5,5,5,5,5,5,5,5,5,5,5,5,,
12imN--sH0MBswxs3ix0yrHryrQIOsbLZPljvGifls58,"-Satisfacción del Curso virtual - RPMS (A, J) - (AISPPMSCVJA_01_2026) (AISPPMSCVA_01_2026)",2026-03-19T00:21:26.774Z,N/A,Femenino,Adultez (29 - 59 años),Pregrado,Área de la salud,5,5,5,5,5,5,5,5,5,5,5,5,5,,
12imN--sH0MBswxs3ix0yrHryrQIOsbLZPljvGifls58,"-Satisfacción del Curso virtual - RPMS (A, J) - (AISPPMSCVJA_01_2026) (AISPPMSCVA_01_2026)",2026-04-10T02:23:51.556Z,N/A,Femenino,Juventud (18 - 28 años),Pregrado,Área de la salud,5,5,5,5,5,5,5,5,5,5,5,5,5,,
12imN--sH0MBswxs3ix0yrHryrQIOsbLZPljvGifls58,"-Satisfacción del Curso virtual - RPMS (A, J) - (AISPPMSCVJA_01_2026) (AISPPMSCVA_01_2026)",2026-03-13T20:46:19.758Z,N/A,Femenino,Adultez (29 - 59 años),Bachiller,Área de la salud,5,5,5,5,5,5,5,5,5,5,4,4,5,,
12imN--sH0MBswxs3ix0yrHryrQIOsbLZPljvGifls58,"-Satisfacción del Curso virtual - RPMS (A, J) - (AISPPMSCVJA_01_2026) (AISPPMSCVA_01_2026)",2026-03-27T22:35:14.217Z,N/A,Femenino,Adultez (29 - 59 años),Bachiller,Área de la salud,4,4,5,5,5,5,5,5,3,2,3,5,5,,
12imN--sH0MBswxs3ix0yrHryrQIOsbLZPljvGifls58,"-Satisfacción del Curso virtual - RPMS (A, J) - (AISPPMSCVJA_01_2026) (AISPPMSCVA_01_2026)",2026-04-10T21:08:13.861Z,N/A,Femenino,Adultez (29 - 59 años),Pregrado,Área de la salud,5,5,5,5,5,5,5,5,5,5,5,5,5,,
12imN--sH0MBswxs3ix0yrHryrQIOsbLZPljvGifls58,"-Satisfacción del Curso virtual - RPMS (A, J) - (AISPPMSCVJA_01_2026) (AISPPMSCVA_01_2026)",2026-03-17T21:23:55.779Z,N/A,Femenino,Juventud (18 - 28 años),Pregrado,Área de la salud,5,5,5,5,5,5,5,5,5,5,5,5,5,,
12imN--sH0MBswxs3ix0yrHryrQIOsbLZPljvGifls58,"-Satisfacción del Curso virtual - RPMS (A, J) - (AISPPMSCVJA_01_2026) (AISPPMSCVA_01_2026)",2026-04-10T17:38:11.958Z,COMUNA 1,Femenino,Adultez (29 - 59 años),Ninguna,Área de la salud,4,4,4,1,4,4,4,4,4,4,4,4,4,,
12imN--sH0MBswxs3ix0yrHryrQIOsbLZPljvGifls58,"-Satisfacción del Curso virtual - RPMS (A, J) - (AISPPMSCVJA_01_2026) (AISPPMSCVA_01_2026)",2026-04-06T20:28:54.345Z,N/A,Femenino,Juventud (18 - 28 años),Pregrado,Área de la salud,5,5,5,5,5,5,5,5,5,5,5,5,5,,
12imN--sH0MBswxs3ix0yrHryrQIOsbLZPljvGifls58,"-Satisfacción del Curso virtual - RPMS (A, J) - (AISPPMSCVJA_01_2026) (AISPPMSCVA_01_2026)",2026-03-19T17:15:40.150Z,COMUNA 6,Femenino,Juventud (18 - 28 años),Pregrado,Área de la salud,5,5,5,5,5,5,5,5,5,5,5,5,5,,
12imN--sH0MBswxs3ix0yrHryrQIOsbLZPljvGifls58,"-Satisfacción del Curso virtual - RPMS (A, J) - (AISPPMSCVJA_01_2026) (AISPPMSCVA_01_2026)",2026-03-14T17:17:30.531Z,COMUNA 19,Femenino,Adolescencia (12 - 17 años),Postgrado,Área de la salud,5,5,5,5,5,5,5,5,5,5,5,5,5,,
12imN--sH0MBswxs3ix0yrHryrQIOsbLZPljvGifls58,"-Satisfacción del Curso virtual - RPMS (A, J) - (AISPPMSCVJA_01_2026) (AISPPMSCVA_01_2026)",2026-04-10T14:40:12.232Z,COMUNA 18,Femenino,Juventud (18 - 28 años),Bachiller,Área de la salud,5,5,5,5,5,5,5,5,5,5,5,5,5,,
12imN--sH0MBswxs3ix0yrHryrQIOsbLZPljvGifls58,"-Satisfacción del Curso virtual - RPMS (A, J) - (AISPPMSCVJA_01_2026) (AISPPMSCVA_01_2026)",2026-03-18T21:26:06.766Z,N/A,Femenino,Adultez (29 - 59 años),Pregrado,Área de la salud,1,1,1,1,1,1,1,1,1,1,1,1,1,,
12imN--sH0MBswxs3ix0yrHryrQIOsbLZPljvGifls58,"-Satisfacción del Curso virtual - RPMS (A, J) - (AISPPMSCVJA_01_2026) (AISPPMSCVA_01_2026)",2026-03-15T21:05:04.853Z,N/A,Femenino,Adultez (29 - 59 años),Postgrado,Área de la salud,5,5,5,5,5,5,4,4,1,1,4,4,5,,
12imN--sH0MBswxs3ix0yrHryrQIOsbLZPljvGifls58,"-Satisfacción del Curso virtual - RPMS (A, J) - (AISPPMSCVJA_01_2026) (AISPPMSCVA_01_2026)",2026-03-23T16:21:50.065Z,N/A,Masculino,Adolescencia (12 - 17 años),Pregrado,Otro,5,5,5,5,5,5,5,5,5,5,5,5,5,,
12imN--sH0MBswxs3ix0yrHryrQIOsbLZPljvGifls58,"-Satisfacción del Curso virtual - RPMS (A, J) - (AISPPMSCVJA_01_2026) (AISPPMSCVA_01_2026)",2026-03-11T14:18:00.452Z,COMUNA 1,Femenino,Adultez (29 - 59 años),Pregrado,Área de la salud,5,5,5,5,5,5,5,5,5,5,5,5,5,,
12imN--sH0MBswxs3ix0yrHryrQIOsbLZPljvGifls58,"-Satisfacción del Curso virtual - RPMS (A, J) - (AISPPMSCVJA_01_2026) (AISPPMSCVA_01_2026)",2026-04-08T15:19:35.665Z,COMUNA 5,Femenino,Adultez (29 - 59 años),Pregrado,Área de la salud,4,4,4,4,4,4,4,4,4,4,4,4,4,,
12imN--sH0MBswxs3ix0yrHryrQIOsbLZPljvGifls58,"-Satisfacción del Curso virtual - RPMS (A, J) - (AISPPMSCVJA_01_2026) (AISPPMSCVA_01_2026)",2026-04-08T03:35:16.986Z,N/A,Femenino,Juventud (18 - 28 años),Bachiller,Área de la salud,5,5,5,5,5,5,5,5,5,5,5,5,5,,
12imN--sH0MBswxs3ix0yrHryrQIOsbLZPljvGifls58,"-Satisfacción del Curso virtual - RPMS (A, J) - (AISPPMSCVJA_01_2026) (AISPPMSCVA_01_2026)",2026-03-11T23:24:44.320Z,COMUNA 18,Femenino,Adultez (29 - 59 años),Bachiller,Área de la salud,4,4,4,4,4,4,4,4,4,4,4,4,4,,
12imN--sH0MBswxs3ix0yrHryrQIOsbLZPljvGifls58,"-Satisfacción del Curso virtual - RPMS (A, J) - (AISPPMSCVJA_01_2026) (AISPPMSCVA_01_2026)",2026-03-27T03:18:03.058Z,N/A,Femenino,Adolescencia (12 - 17 años),Ninguna,Área de la salud,5,5,5,5,5,5,5,5,4,5,4,5,5,,
12imN--sH0MBswxs3ix0yrHryrQIOsbLZPljvGifls58,"-Satisfacción del Curso virtual - RPMS (A, J) - (AISPPMSCVJA_01_2026) (AISPPMSCVA_01_2026)",2026-04-09T17:25:01.571Z,N/A,Femenino,Juventud (18 - 28 años),Pregrado,Área de la salud,3,5,5,4,5,5,5,3,3,3,5,5,5,,
12imN--sH0MBswxs3ix0yrHryrQIOsbLZPljvGifls58,"-Satisfacción del Curso virtual - RPMS (A, J) - (AISPPMSCVJA_01_2026) (AISPPMSCVA_01_2026)",2026-04-09T21:37:45.150Z,COMUNA 10,Femenino,Adolescencia (12 - 17 años),Pregrado,Área de la salud,1,1,1,1,1,1,1,1,1,1,1,1,1,,
12imN--sH0MBswxs3ix0yrHryrQIOsbLZPljvGifls58,"-Satisfacción del Curso virtual - RPMS (A, J) - (AISPPMSCVJA_01_2026) (AISPPMSCVA_01_2026)",2026-04-17T00:00:50.753Z,N/A,Femenino,Adultez (29 - 59 años),Pregrado,Área de la salud,4,4,4,4,4,4,4,4,4,4,4,4,4,,
12imN--sH0MBswxs3ix0yrHryrQIOsbLZPljvGifls58,"-Satisfacción del Curso virtual - RPMS (A, J) - (AISPPMSCVJA_01_2026) (AISPPMSCVA_01_2026)",2026-04-09T06:50:32.515Z,N/A,Femenino,Adultez (29 - 59 años),Pregrado,Área de la salud,5,5,5,5,5,5,5,5,5,5,5,5,5,,
12imN--sH0MBswxs3ix0yrHryrQIOsbLZPljvGifls58,"-Satisfacción del Curso virtual - RPMS (A, J) - (AISPPMSCVJA_01_2026) (AISPPMSCVA_01_2026)",2026-03-15T19:34:11.424Z,N/A,Masculino,Adolescencia (12 - 17 años),Pregrado,Área de la salud,5,5,5,5,5,5,5,5,5,5,5,5,5,,
12imN--sH0MBswxs3ix0yrHryrQIOsbLZPljvGifls58,"-Satisfacción del Curso virtual - RPMS (A, J) - (AISPPMSCVJA_01_2026) (AISPPMSCVA_01_2026)",2026-04-10T19:42:55.232Z,N/A,Femenino,Adultez (29 - 59 años),Ninguna,Área de la salud,3,4,3,4,4,4,4,3,4,4,5,4,4,,
12imN--sH0MBswxs3ix0yrHryrQIOsbLZPljvGifls58,"-Satisfacción del Curso virtual - RPMS (A, J) - (AISPPMSCVJA_01_2026) (AISPPMSCVA_01_2026)",2026-04-08T16:12:26.944Z,N/A,Femenino,Juventud (18 - 28 años),Pregrado,Área de la salud,4,4,4,4,4,4,4,4,4,4,4,4,4,,
12imN--sH0MBswxs3ix0yrHryrQIOsbLZPljvGifls58,"-Satisfacción del Curso virtual - RPMS (A, J) - (AISPPMSCVJA_01_2026) (AISPPMSCVA_01_2026)",2026-03-11T00:24:56.124Z,COMUNA 21,Masculino,Adolescencia (12 - 17 años),Bachiller,Área de la salud,5,5,5,5,5,5,5,4,4,4,4,4,4,,
12imN--sH0MBswxs3ix0yrHryrQIOsbLZPljvGifls58,"-Satisfacción del Curso virtual - RPMS (A, J) - (AISPPMSCVJA_01_2026) (AISPPMSCVA_01_2026)",2026-04-10T23:15:56.452Z,N/A,Masculino,Adultez (29 - 59 años),Pregrado,Área de la salud,5,5,5,5,5,5,5,5,5,5,5,5,5,,
12imN--sH0MBswxs3ix0yrHryrQIOsbLZPljvGifls58,"-Satisfacción del Curso virtual - RPMS (A, J) - (AISPPMSCVJA_01_2026) (AISPPMSCVA_01_2026)",2026-03-11T02:32:37.208Z,N/A,Femenino,Adultez (29 - 59 años),Pregrado,Área de la salud,4,4,4,4,4,4,4,4,4,4,4,4,4,,
12imN--sH0MBswxs3ix0yrHryrQIOsbLZPljvGifls58,"-Satisfacción del Curso virtual - RPMS (A, J) - (AISPPMSCVJA_01_2026) (AISPPMSCVA_01_2026)",2026-04-07T22:48:38.672Z,N/A,Femenino,Juventud (18 - 28 años),Bachiller,Área de la salud,5,5,5,5,5,5,5,5,5,5,5,5,5,,
12imN--sH0MBswxs3ix0yrHryrQIOsbLZPljvGifls58,"-Satisfacción del Curso virtual - RPMS (A, J) - (AISPPMSCVJA_01_2026) (AISPPMSCVA_01_2026)",2026-04-09T00:09:08.732Z,N/A,Femenino,Juventud (18 - 28 años),Pregrado,Área de la salud,4,4,4,4,4,4,4,4,4,4,4,4,4,,
12imN--sH0MBswxs3ix0yrHryrQIOsbLZPljvGifls58,"-Satisfacción del Curso virtual - RPMS (A, J) - (AISPPMSCVJA_01_2026) (AISPPMSCVA_01_2026)",2026-04-14T01:56:28.393Z,COMUNA 1,Femenino,Adolescencia (12 - 17 años),Pregrado,Área de la salud,5,5,5,5,5,5,5,5,5,5,5,5,5,,
12imN--sH0MBswxs3ix0yrHryrQIOsbLZPljvGifls58,"-Satisfacción del Curso virtual - RPMS (A, J) - (AISPPMSCVJA_01_2026) (AISPPMSCVA_01_2026)",2026-03-19T21:09:15.499Z,COMUNA 19,Femenino,Juventud (18 - 28 años),Pregrado,Área de la salud,5,5,5,5,5,5,5,5,5,5,5,5,5,,
12imN--sH0MBswxs3ix0yrHryrQIOsbLZPljvGifls58,"-Satisfacción del Curso virtual - RPMS (A, J) - (AISPPMSCVJA_01_2026) (AISPPMSCVA_01_2026)",2026-04-07T18:27:29.442Z,N/A,Masculino,Adolescencia (12 - 17 años),Pregrado,Área de la salud,5,5,5,5,5,5,5,5,5,5,5,5,5,,
12imN--sH0MBswxs3ix0yrHryrQIOsbLZPljvGifls58,"-Satisfacción del Curso virtual - RPMS (A, J) - (AISPPMSCVJA_01_2026) (AISPPMSCVA_01_2026)",2026-04-10T17:08:42.082Z,COMUNA 10,Femenino,Adultez (29 - 59 años),Postgrado,Área de la salud,5,5,5,5,5,5,5,5,5,5,5,5,5,,
12imN--sH0MBswxs3ix0yrHryrQIOsbLZPljvGifls58,"-Satisfacción del Curso virtual - RPMS (A, J) - (AISPPMSCVJA_01_2026) (AISPPMSCVA_01_2026)",2026-04-13T02:11:12.084Z,N/A,Femenino,Juventud (18 - 28 años),Pregrado,Área de la salud,5,5,5,5,5,5,5,5,5,5,5,5,5,,
12imN--sH0MBswxs3ix0yrHryrQIOsbLZPljvGifls58,"-Satisfacción del Curso virtual - RPMS (A, J) - (AISPPMSCVJA_01_2026) (AISPPMSCVA_01_2026)",2026-04-06T22:42:15.021Z,N/A,Femenino,Adolescencia (12 - 17 años),Pregrado,Área de la salud,5,5,5,5,5,5,5,5,3,1,5,5,5,,
12imN--sH0MBswxs3ix0yrHryrQIOsbLZPljvGifls58,"-Satisfacción del Curso virtual - RPMS (A, J) - (AISPPMSCVJA_01_2026) (AISPPMSCVA_01_2026)",2026-03-13T20:45:40.223Z,N/A,Femenino,Juventud (18 - 28 años),Bachiller,Área de la salud,4,4,4,4,4,4,4,4,4,4,4,4,4,,
12imN--sH0MBswxs3ix0yrHryrQIOsbLZPljvGifls58,"-Satisfacción del Curso virtual - RPMS (A, J) - (AISPPMSCVJA_01_2026) (AISPPMSCVA_01_2026)",2026-04-10T01:43:41.721Z,N/A,Femenino,Adolescencia (12 - 17 años),Pregrado,Área de la salud,5,5,5,5,5,5,5,5,5,5,5,5,5,,
12imN--sH0MBswxs3ix0yrHryrQIOsbLZPljvGifls58,"-Satisfacción del Curso virtual - RPMS (A, J) - (AISPPMSCVJA_01_2026) (AISPPMSCVA_01_2026)",2026-03-26T20:15:00.687Z,N/A,Femenino,Adolescencia (12 - 17 años),Pregrado,Área de la salud,4,4,4,4,4,4,4,4,4,4,4,4,4,,
12imN--sH0MBswxs3ix0yrHryrQIOsbLZPljvGifls58,"-Satisfacción del Curso virtual - RPMS (A, J) - (AISPPMSCVJA_01_2026) (AISPPMSCVA_01_2026)",2026-03-14T03:22:40.705Z,COMUNA 14,Femenino,Adultez (29 - 59 años),Bachiller,Área de la salud,5,4,4,4,4,4,4,4,3,3,4,4,4,,
12imN--sH0MBswxs3ix0yrHryrQIOsbLZPljvGifls58,"-Satisfacción del Curso virtual - RPMS (A, J) - (AISPPMSCVJA_01_2026) (AISPPMSCVA_01_2026)",2026-03-18T22:14:04.875Z,N/A,Femenino,Juventud (18 - 28 años),Bachiller,Área de la salud,5,5,5,5,5,5,5,5,5,5,5,5,5,,
12imN--sH0MBswxs3ix0yrHryrQIOsbLZPljvGifls58,"-Satisfacción del Curso virtual - RPMS (A, J) - (AISPPMSCVJA_01_2026) (AISPPMSCVA_01_2026)",2026-04-11T18:30:02.938Z,COMUNA 8,Femenino,Adultez (29 - 59 años),Postgrado,Área de la salud,5,5,5,5,5,5,5,5,5,5,5,5,5,,
12imN--sH0MBswxs3ix0yrHryrQIOsbLZPljvGifls58,"-Satisfacción del Curso virtual - RPMS (A, J) - (AISPPMSCVJA_01_2026) (AISPPMSCVA_01_2026)",2026-04-10T00:17:28.930Z,N/A,Femenino,Juventud (18 - 28 años),Pregrado,Área de la salud,5,5,5,5,5,5,5,5,5,5,5,5,5,,
12imN--sH0MBswxs3ix0yrHryrQIOsbLZPljvGifls58,"-Satisfacción del Curso virtual - RPMS (A, J) - (AISPPMSCVJA_01_2026) (AISPPMSCVA_01_2026)",2026-04-09T15:47:36.675Z,N/A,Femenino,Adultez (29 - 59 años),Postgrado,Área de la salud,1,1,1,1,1,1,1,1,1,1,1,1,1,,
12imN--sH0MBswxs3ix0yrHryrQIOsbLZPljvGifls58,"-Satisfacción del Curso virtual - RPMS (A, J) - (AISPPMSCVJA_01_2026) (AISPPMSCVA_01_2026)",2026-04-01T15:33:19.338Z,N/A,Femenino,Juventud (18 - 28 años),Pregrado,Área de la salud,4,5,4,4,4,4,4,4,4,4,4,4,4,,
12imN--sH0MBswxs3ix0yrHryrQIOsbLZPljvGifls58,"-Satisfacción del Curso virtual - RPMS (A, J) - (AISPPMSCVJA_01_2026) (AISPPMSCVA_01_2026)",2026-03-17T19:47:22.849Z,N/A,Femenino,Adultez (29 - 59 años),Pregrado,Área de la salud,4,5,5,4,5,4,4,4,4,4,4,4,4,,
12imN--sH0MBswxs3ix0yrHryrQIOsbLZPljvGifls58,"-Satisfacción del Curso virtual - RPMS (A, J) - (AISPPMSCVJA_01_2026) (AISPPMSCVA_01_2026)",2026-03-21T12:36:49.021Z,N/A,Femenino,Adultez (29 - 59 años),Postgrado,Área de la salud,5,5,5,5,5,5,5,5,5,5,5,5,5,,
12imN--sH0MBswxs3ix0yrHryrQIOsbLZPljvGifls58,"-Satisfacción del Curso virtual - RPMS (A, J) - (AISPPMSCVJA_01_2026) (AISPPMSCVA_01_2026)",2026-04-08T23:15:53.516Z,N/A,Femenino,Adultez (29 - 59 años),Postgrado,Área de la salud,5,5,5,5,5,5,5,5,5,5,5,5,5,,
12imN--sH0MBswxs3ix0yrHryrQIOsbLZPljvGifls58,"-Satisfacción del Curso virtual - RPMS (A, J) - (AISPPMSCVJA_01_2026) (AISPPMSCVA_01_2026)",2026-03-11T03:53:51.629Z,N/A,Femenino,Juventud (18 - 28 años),Bachiller,Área de la salud,4,4,4,4,5,4,5,4,5,4,4,4,4,,
12imN--sH0MBswxs3ix0yrHryrQIOsbLZPljvGifls58,"-Satisfacción del Curso virtual - RPMS (A, J) - (AISPPMSCVJA_01_2026) (AISPPMSCVA_01_2026)",2026-03-11T19:45:12.202Z,N/A,Masculino,Juventud (18 - 28 años),Pregrado,Área de la salud,4,4,4,5,5,5,5,5,5,5,5,5,5,,
12imN--sH0MBswxs3ix0yrHryrQIOsbLZPljvGifls58,"-Satisfacción del Curso virtual - RPMS (A, J) - (AISPPMSCVJA_01_2026) (AISPPMSCVA_01_2026)",2026-03-21T22:41:37.905Z,N/A,Femenino,Adolescencia (12 - 17 años),Bachiller,Área de la salud,5,5,5,5,5,5,5,5,5,5,5,5,5,,
12imN--sH0MBswxs3ix0yrHryrQIOsbLZPljvGifls58,"-Satisfacción del Curso virtual - RPMS (A, J) - (AISPPMSCVJA_01_2026) (AISPPMSCVA_01_2026)",2026-04-09T20:32:05.067Z,N/A,Femenino,Juventud (18 - 28 años),Bachiller,Área de la salud,5,5,5,5,5,5,5,5,5,5,5,5,5,,
12imN--sH0MBswxs3ix0yrHryrQIOsbLZPljvGifls58,"-Satisfacción del Curso virtual - RPMS (A, J) - (AISPPMSCVJA_01_2026) (AISPPMSCVA_01_2026)",2026-03-20T16:14:01.206Z,N/A,Femenino,Adultez (29 - 59 años),Postgrado,Área de la salud,5,5,5,5,5,5,5,5,5,5,5,5,5,,
12imN--sH0MBswxs3ix0yrHryrQIOsbLZPljvGifls58,"-Satisfacción del Curso virtual - RPMS (A, J) - (AISPPMSCVJA_01_2026) (AISPPMSCVA_01_2026)",2026-04-10T17:12:54.470Z,N/A,Femenino,Adultez (29 - 59 años),Pregrado,Área de la salud,4,4,5,4,4,4,5,4,4,4,5,4,5,,
12imN--sH0MBswxs3ix0yrHryrQIOsbLZPljvGifls58,"-Satisfacción del Curso virtual - RPMS (A, J) - (AISPPMSCVJA_01_2026) (AISPPMSCVA_01_2026)",2026-04-09T03:11:51.776Z,N/A,Femenino,Juventud (18 - 28 años),Postgrado,Área de la salud,5,5,5,5,5,5,5,5,5,5,5,5,5,,
12imN--sH0MBswxs3ix0yrHryrQIOsbLZPljvGifls58,"-Satisfacción del Curso virtual - RPMS (A, J) - (AISPPMSCVJA_01_2026) (AISPPMSCVA_01_2026)",2026-03-17T18:47:51.148Z,N/A,Femenino,Adultez (29 - 59 años),Pregrado,Área de la salud,4,4,4,4,5,5,5,5,5,5,4,5,5,,
12imN--sH0MBswxs3ix0yrHryrQIOsbLZPljvGifls58,"-Satisfacción del Curso virtual - RPMS (A, J) - (AISPPMSCVJA_01_2026) (AISPPMSCVA_01_2026)",2026-03-26T13:00:49.229Z,COMUNA 4,Masculino,Juventud (18 - 28 años),Bachiller,Área de la salud,4,4,4,4,4,4,4,4,5,5,5,4,4,,
12imN--sH0MBswxs3ix0yrHryrQIOsbLZPljvGifls58,"-Satisfacción del Curso virtual - RPMS (A, J) - (AISPPMSCVJA_01_2026) (AISPPMSCVA_01_2026)",2026-04-12T15:01:33.922Z,N/A,Femenino,Adultez (29 - 59 años),Pregrado,Área de la salud,5,5,5,5,5,5,5,5,5,5,5,5,5,,
12imN--sH0MBswxs3ix0yrHryrQIOsbLZPljvGifls58,"-Satisfacción del Curso virtual - RPMS (A, J) - (AISPPMSCVJA_01_2026) (AISPPMSCVA_01_2026)",2026-03-13T18:16:41.107Z,COMUNA 2,Femenino,Adultez (29 - 59 años),Pregrado,Área de la salud,4,4,4,4,4,4,4,4,4,4,4,4,4,,
12imN--sH0MBswxs3ix0yrHryrQIOsbLZPljvGifls58,"-Satisfacción del Curso virtual - RPMS (A, J) - (AISPPMSCVJA_01_2026) (AISPPMSCVA_01_2026)",2026-03-25T20:39:50.725Z,N/A,Femenino,Adultez (29 - 59 años),Pregrado,Área de la salud,5,5,5,5,5,5,5,5,5,5,5,5,5,,
12imN--sH0MBswxs3ix0yrHryrQIOsbLZPljvGifls58,"-Satisfacción del Curso virtual - RPMS (A, J) - (AISPPMSCVJA_01_2026) (AISPPMSCVA_01_2026)",2026-04-11T03:09:12.393Z,N/A,Femenino,Juventud (18 - 28 años),Pregrado,Área de la salud,5,5,5,5,5,5,5,5,5,5,5,5,5,,
1v0nC15GpcAkOvN0VZOFwR3QlkEXLh0BPbzE57FI5fR4,"-Satisfacción del Curso virtual - RPMS PI e I 012026 - (AISPPMSCVPI_01_2026, AISPPMSCVI_01_2026) (AISPPMSCVPI_02_2026, AISPPMSCVI_02_2026)",2025-12-10T21:36:17.245Z,COMUNA 4,Masculino,Adultez (29 - 59 años),Bachiller,Área de la salud,5,5,5,5,5,5,5,5,5,5,5,5,5,,
1v0nC15GpcAkOvN0VZOFwR3QlkEXLh0BPbzE57FI5fR4,"-Satisfacción del Curso virtual - RPMS PI e I 012026 - (AISPPMSCVPI_01_2026, AISPPMSCVI_01_2026) (AISPPMSCVPI_02_2026, AISPPMSCVI_02_2026)",2026-01-08T23:32:32.376Z,N/A,Femenino,Adultez (29 - 59 años),Bachiller,Área de la salud,4,4,4,4,4,4,4,4,4,4,4,4,4,,
1v0nC15GpcAkOvN0VZOFwR3QlkEXLh0BPbzE57FI5fR4,"-Satisfacción del Curso virtual - RPMS PI e I 012026 - (AISPPMSCVPI_01_2026, AISPPMSCVI_01_2026) (AISPPMSCVPI_02_2026, AISPPMSCVI_02_2026)",2025-12-12T02:24:48.114Z,N/A,Femenino,Adultez (29 - 59 años),Bachiller,Área de la salud,5,5,5,5,5,5,5,5,5,5,5,5,5,,
1v0nC15GpcAkOvN0VZOFwR3QlkEXLh0BPbzE57FI5fR4,"-Satisfacción del Curso virtual - RPMS PI e I 012026 - (AISPPMSCVPI_01_2026, AISPPMSCVI_01_2026) (AISPPMSCVPI_02_2026, AISPPMSCVI_02_2026)",2026-01-14T01:29:44.806Z,COMUNA 13,Femenino,Adultez (29 - 59 años),Pregrado,Área de la salud,5,5,5,5,5,5,5,5,5,5,4,4,5,,
1v0nC15GpcAkOvN0VZOFwR3QlkEXLh0BPbzE57FI5fR4,"-Satisfacción del Curso virtual - RPMS PI e I 012026 - (AISPPMSCVPI_01_2026, AISPPMSCVI_01_2026) (AISPPMSCVPI_02_2026, AISPPMSCVI_02_2026)",2025-12-13T12:54:09.388Z,N/A,Femenino,Adultez (29 - 59 años),Pregrado,Área de la salud,5,5,5,5,5,5,5,5,5,5,5,5,5,,
1v0nC15GpcAkOvN0VZOFwR3QlkEXLh0BPbzE57FI5fR4,"-Satisfacción del Curso virtual - RPMS PI e I 012026 - (AISPPMSCVPI_01_2026, AISPPMSCVI_01_2026) (AISPPMSCVPI_02_2026, AISPPMSCVI_02_2026)",2026-04-09T14:32:30.581Z,N/A,Femenino,Adultez (29 - 59 años),Pregrado,Área de la salud,5,5,5,5,5,5,5,5,5,5,5,5,5,,
1v0nC15GpcAkOvN0VZOFwR3QlkEXLh0BPbzE57FI5fR4,"-Satisfacción del Curso virtual - RPMS PI e I 012026 - (AISPPMSCVPI_01_2026, AISPPMSCVI_01_2026) (AISPPMSCVPI_02_2026, AISPPMSCVI_02_2026)",2026-04-09T17:45:54.235Z,N/A,Femenino,Adultez (29 - 59 años),Pregrado,Área de la salud,5,5,5,5,5,5,5,5,5,5,5,5,5,,
1v0nC15GpcAkOvN0VZOFwR3QlkEXLh0BPbzE57FI5fR4,"-Satisfacción del Curso virtual - RPMS PI e I 012026 - (AISPPMSCVPI_01_2026, AISPPMSCVI_01_2026) (AISPPMSCVPI_02_2026, AISPPMSCVI_02_2026)",2025-12-12T14:37:18.967Z,COMUNA 7,Femenino,Juventud (18 - 28 años),Pregrado,Área de la salud,5,5,5,5,5,5,5,5,5,5,5,5,5,,
1v0nC15GpcAkOvN0VZOFwR3QlkEXLh0BPbzE57FI5fR4,"-Satisfacción del Curso virtual - RPMS PI e I 012026 - (AISPPMSCVPI_01_2026, AISPPMSCVI_01_2026) (AISPPMSCVPI_02_2026, AISPPMSCVI_02_2026)",2026-01-28T02:59:37.274Z,COMUNA 3,Femenino,Adultez (29 - 59 años),Pregrado,Área de la salud,4,5,5,5,5,5,5,4,5,5,4,5,5,,
1v0nC15GpcAkOvN0VZOFwR3QlkEXLh0BPbzE57FI5fR4,"-Satisfacción del Curso virtual - RPMS PI e I 012026 - (AISPPMSCVPI_01_2026, AISPPMSCVI_01_2026) (AISPPMSCVPI_02_2026, AISPPMSCVI_02_2026)",2025-12-08T20:21:12.416Z,N/A,Femenino,Adultez (29 - 59 años),Bachiller,Área de la salud,5,5,5,5,5,5,5,5,5,5,5,5,5,,
1v0nC15GpcAkOvN0VZOFwR3QlkEXLh0BPbzE57FI5fR4,"-Satisfacción del Curso virtual - RPMS PI e I 012026 - (AISPPMSCVPI_01_2026, AISPPMSCVI_01_2026) (AISPPMSCVPI_02_2026, AISPPMSCVI_02_2026)",2026-04-09T13:13:01.772Z,N/A,Femenino,Juventud (18 - 28 años),Bachiller,Área de la salud,4,4,4,4,4,4,4,4,4,4,4,4,4,,
1v0nC15GpcAkOvN0VZOFwR3QlkEXLh0BPbzE57FI5fR4,"-Satisfacción del Curso virtual - RPMS PI e I 012026 - (AISPPMSCVPI_01_2026, AISPPMSCVI_01_2026) (AISPPMSCVPI_02_2026, AISPPMSCVI_02_2026)",2025-12-16T03:23:38.282Z,N/A,Femenino,Juventud (18 - 28 años),Pregrado,Área de la salud,5,5,5,5,5,5,5,5,5,5,5,5,5,,
1v0nC15GpcAkOvN0VZOFwR3QlkEXLh0BPbzE57FI5fR4,"-Satisfacción del Curso virtual - RPMS PI e I 012026 - (AISPPMSCVPI_01_2026, AISPPMSCVI_01_2026) (AISPPMSCVPI_02_2026, AISPPMSCVI_02_2026)",2025-12-18T13:04:14.055Z,N/A,Masculino,Adultez (29 - 59 años),Pregrado,Área de la salud,4,4,4,5,4,5,5,4,4,4,4,4,4,,
1v0nC15GpcAkOvN0VZOFwR3QlkEXLh0BPbzE57FI5fR4,"-Satisfacción del Curso virtual - RPMS PI e I 012026 - (AISPPMSCVPI_01_2026, AISPPMSCVI_01_2026) (AISPPMSCVPI_02_2026, AISPPMSCVI_02_2026)",2025-12-09T13:14:44.504Z,N/A,Femenino,Adultez (29 - 59 años),Pregrado,Área de la salud,4,4,4,4,4,4,4,4,4,4,4,4,4,,
1v0nC15GpcAkOvN0VZOFwR3QlkEXLh0BPbzE57FI5fR4,"-Satisfacción del Curso virtual - RPMS PI e I 012026 - (AISPPMSCVPI_01_2026, AISPPMSCVI_01_2026) (AISPPMSCVPI_02_2026, AISPPMSCVI_02_2026)",2025-12-12T14:18:56.436Z,N/A,Femenino,Adultez (29 - 59 años),Pregrado,Área de la salud,5,5,5,5,5,5,5,5,5,5,5,5,5,,
1v0nC15GpcAkOvN0VZOFwR3QlkEXLh0BPbzE57FI5fR4,"-Satisfacción del Curso virtual - RPMS PI e I 012026 - (AISPPMSCVPI_01_2026, AISPPMSCVI_01_2026) (AISPPMSCVPI_02_2026, AISPPMSCVI_02_2026)",2025-12-11T11:49:23.690Z,COMUNA 15,Femenino,Adultez (29 - 59 años),Bachiller,Área de la salud,4,4,4,4,4,4,4,4,4,4,4,4,4,,
1v0nC15GpcAkOvN0VZOFwR3QlkEXLh0BPbzE57FI5fR4,"-Satisfacción del Curso virtual - RPMS PI e I 012026 - (AISPPMSCVPI_01_2026, AISPPMSCVI_01_2026) (AISPPMSCVPI_02_2026, AISPPMSCVI_02_2026)",2026-04-11T02:42:25.541Z,N/A,Femenino,Adultez (29 - 59 años),Postgrado,Área de la salud,5,5,5,5,5,5,5,5,5,5,5,5,5,,
1v0nC15GpcAkOvN0VZOFwR3QlkEXLh0BPbzE57FI5fR4,"-Satisfacción del Curso virtual - RPMS PI e I 012026 - (AISPPMSCVPI_01_2026, AISPPMSCVI_01_2026) (AISPPMSCVPI_02_2026, AISPPMSCVI_02_2026)",2026-04-10T20:44:19.246Z,COMUNA 1,Femenino,Juventud (18 - 28 años),Postgrado,Área de la salud,4,5,5,5,5,5,5,5,5,5,5,5,5,,
1v0nC15GpcAkOvN0VZOFwR3QlkEXLh0BPbzE57FI5fR4,"-Satisfacción del Curso virtual - RPMS PI e I 012026 - (AISPPMSCVPI_01_2026, AISPPMSCVI_01_2026) (AISPPMSCVPI_02_2026, AISPPMSCVI_02_2026)",2026-04-09T17:48:08.828Z,N/A,Femenino,Adultez (29 - 59 años),Pregrado,Área de la salud,5,5,5,5,5,5,5,5,5,5,5,5,5,,
1v0nC15GpcAkOvN0VZOFwR3QlkEXLh0BPbzE57FI5fR4,"-Satisfacción del Curso virtual - RPMS PI e I 012026 - (AISPPMSCVPI_01_2026, AISPPMSCVI_01_2026) (AISPPMSCVPI_02_2026, AISPPMSCVI_02_2026)",2025-12-12T20:32:26.652Z,N/A,Femenino,Juventud (18 - 28 años),Pregrado,Área de la salud,5,5,5,5,5,5,5,5,5,5,5,5,5,,
1v0nC15GpcAkOvN0VZOFwR3QlkEXLh0BPbzE57FI5fR4,"-Satisfacción del Curso virtual - RPMS PI e I 012026 - (AISPPMSCVPI_01_2026, AISPPMSCVI_01_2026) (AISPPMSCVPI_02_2026, AISPPMSCVI_02_2026)",2025-12-29T16:12:59.107Z,N/A,Femenino,Juventud (18 - 28 años),Pregrado,Área de la salud,4,4,4,4,4,4,5,4,3,3,3,5,4,,
1v0nC15GpcAkOvN0VZOFwR3QlkEXLh0BPbzE57FI5fR4,"-Satisfacción del Curso virtual - RPMS PI e I 012026 - (AISPPMSCVPI_01_2026, AISPPMSCVI_01_2026) (AISPPMSCVPI_02_2026, AISPPMSCVI_02_2026)",2025-12-16T01:28:16.887Z,N/A,Femenino,Juventud (18 - 28 años),Pregrado,Área de la salud,5,5,5,5,5,5,5,5,5,5,5,5,5,,
1v0nC15GpcAkOvN0VZOFwR3QlkEXLh0BPbzE57FI5fR4,"-Satisfacción del Curso virtual - RPMS PI e I 012026 - (AISPPMSCVPI_01_2026, AISPPMSCVI_01_2026) (AISPPMSCVPI_02_2026, AISPPMSCVI_02_2026)",2026-03-11T22:10:55.246Z,N/A,Femenino,Juventud (18 - 28 años),Bachiller,Área de la salud,5,5,5,5,5,5,5,5,5,5,5,5,5,,
1v0nC15GpcAkOvN0VZOFwR3QlkEXLh0BPbzE57FI5fR4,"-Satisfacción del Curso virtual - RPMS PI e I 012026 - (AISPPMSCVPI_01_2026, AISPPMSCVI_01_2026) (AISPPMSCVPI_02_2026, AISPPMSCVI_02_2026)",2026-01-18T16:38:11.636Z,N/A,Masculino,Juventud (18 - 28 años),Pregrado,Área de la salud,5,5,5,5,5,5,5,5,5,5,5,5,5,,
1v0nC15GpcAkOvN0VZOFwR3QlkEXLh0BPbzE57FI5fR4,"-Satisfacción del Curso virtual - RPMS PI e I 012026 - (AISPPMSCVPI_01_2026, AISPPMSCVI_01_2026) (AISPPMSCVPI_02_2026, AISPPMSCVI_02_2026)",2025-12-06T13:38:11.290Z,N/A,Masculino,Adultez (29 - 59 años),Pregrado,Área de la salud,5,5,5,5,5,5,5,5,5,5,5,5,5,,
1v0nC15GpcAkOvN0VZOFwR3QlkEXLh0BPbzE57FI5fR4,"-Satisfacción del Curso virtual - RPMS PI e I 012026 - (AISPPMSCVPI_01_2026, AISPPMSCVI_01_2026) (AISPPMSCVPI_02_2026, AISPPMSCVI_02_2026)",2026-01-13T23:08:31.685Z,N/A,Masculino,Adultez (29 - 59 años),Pregrado,Área de la salud,5,5,5,5,5,5,5,5,5,5,5,5,5,,
1v0nC15GpcAkOvN0VZOFwR3QlkEXLh0BPbzE57FI5fR4,"-Satisfacción del Curso virtual - RPMS PI e I 012026 - (AISPPMSCVPI_01_2026, AISPPMSCVI_01_2026) (AISPPMSCVPI_02_2026, AISPPMSCVI_02_2026)",2025-12-07T19:49:43.325Z,COMUNA 9,Femenino,Adultez (29 - 59 años),Pregrado,Área de la salud,4,5,5,5,5,5,5,3,4,4,5,5,5,,
1v0nC15GpcAkOvN0VZOFwR3QlkEXLh0BPbzE57FI5fR4,"-Satisfacción del Curso virtual - RPMS PI e I 012026 - (AISPPMSCVPI_01_2026, AISPPMSCVI_01_2026) (AISPPMSCVPI_02_2026, AISPPMSCVI_02_2026)",2026-01-04T23:30:38.646Z,COMUNA 10,Femenino,Juventud (18 - 28 años),Pregrado,Área de la salud,5,5,5,5,5,5,5,5,5,5,5,5,5,,
1v0nC15GpcAkOvN0VZOFwR3QlkEXLh0BPbzE57FI5fR4,"-Satisfacción del Curso virtual - RPMS PI e I 012026 - (AISPPMSCVPI_01_2026, AISPPMSCVI_01_2026) (AISPPMSCVPI_02_2026, AISPPMSCVI_02_2026)",2025-12-13T23:26:51.381Z,N/A,Femenino,Adultez (29 - 59 años),Pregrado,Área de la salud,5,5,5,5,5,5,5,5,3,3,5,5,5,,
1v0nC15GpcAkOvN0VZOFwR3QlkEXLh0BPbzE57FI5fR4,"-Satisfacción del Curso virtual - RPMS PI e I 012026 - (AISPPMSCVPI_01_2026, AISPPMSCVI_01_2026) (AISPPMSCVPI_02_2026, AISPPMSCVI_02_2026)",2025-12-16T15:54:57.314Z,N/A,Femenino,Adultez (29 - 59 años),Bachiller,Área de la salud,5,5,5,5,5,5,5,5,5,5,5,5,5,,
1v0nC15GpcAkOvN0VZOFwR3QlkEXLh0BPbzE57FI5fR4,"-Satisfacción del Curso virtual - RPMS PI e I 012026 - (AISPPMSCVPI_01_2026, AISPPMSCVI_01_2026) (AISPPMSCVPI_02_2026, AISPPMSCVI_02_2026)",2025-12-16T01:38:38.852Z,COMUNA 5,Femenino,Adultez (29 - 59 años),Pregrado,Área de la salud,4,4,4,4,4,4,4,4,4,4,4,4,4,,
1v0nC15GpcAkOvN0VZOFwR3QlkEXLh0BPbzE57FI5fR4,"-Satisfacción del Curso virtual - RPMS PI e I 012026 - (AISPPMSCVPI_01_2026, AISPPMSCVI_01_2026) (AISPPMSCVPI_02_2026, AISPPMSCVI_02_2026)",2025-12-11T17:58:05.641Z,COMUNA 1,Femenino,Adultez (29 - 59 años),Postgrado,Área de la salud,5,5,5,5,5,5,5,5,5,5,5,5,5,,
1v0nC15GpcAkOvN0VZOFwR3QlkEXLh0BPbzE57FI5fR4,"-Satisfacción del Curso virtual - RPMS PI e I 012026 - (AISPPMSCVPI_01_2026, AISPPMSCVI_01_2026) (AISPPMSCVPI_02_2026, AISPPMSCVI_02_2026)",2025-12-31T16:12:00.154Z,N/A,Femenino,Juventud (18 - 28 años),Pregrado,Área de la salud,5,5,5,5,5,5,5,5,5,5,5,5,5,,
1v0nC15GpcAkOvN0VZOFwR3QlkEXLh0BPbzE57FI5fR4,"-Satisfacción del Curso virtual - RPMS PI e I 012026 - (AISPPMSCVPI_01_2026, AISPPMSCVI_01_2026) (AISPPMSCVPI_02_2026, AISPPMSCVI_02_2026)",2026-01-07T20:37:56.168Z,N/A,Masculino,Adolescencia (12 - 17 años),Postgrado,Área de la salud,5,5,5,5,5,5,5,5,5,5,5,5,5,,
1v0nC15GpcAkOvN0VZOFwR3QlkEXLh0BPbzE57FI5fR4,"-Satisfacción del Curso virtual - RPMS PI e I 012026 - (AISPPMSCVPI_01_2026, AISPPMSCVI_01_2026) (AISPPMSCVPI_02_2026, AISPPMSCVI_02_2026)",2025-12-10T20:46:06.319Z,COMUNA 2,Femenino,Adultez (29 - 59 años),Bachiller,Área de la salud,5,5,5,5,5,5,5,5,5,5,5,5,5,,
1v0nC15GpcAkOvN0VZOFwR3QlkEXLh0BPbzE57FI5fR4,"-Satisfacción del Curso virtual - RPMS PI e I 012026 - (AISPPMSCVPI_01_2026, AISPPMSCVI_01_2026) (AISPPMSCVPI_02_2026, AISPPMSCVI_02_2026)",2025-12-21T19:26:24.413Z,N/A,Femenino,Juventud (18 - 28 años),Bachiller,Área de la salud,5,5,5,5,5,5,5,5,5,5,5,5,5,,
1v0nC15GpcAkOvN0VZOFwR3QlkEXLh0BPbzE57FI5fR4,"-Satisfacción del Curso virtual - RPMS PI e I 012026 - (AISPPMSCVPI_01_2026, AISPPMSCVI_01_2026) (AISPPMSCVPI_02_2026, AISPPMSCVI_02_2026)",2026-01-07T13:23:56.065Z,N/A,Femenino,Adultez (29 - 59 años),Postgrado,Área de la salud,5,5,5,5,5,5,5,5,5,5,5,5,5,,
1v0nC15GpcAkOvN0VZOFwR3QlkEXLh0BPbzE57FI5fR4,"-Satisfacción del Curso virtual - RPMS PI e I 012026 - (AISPPMSCVPI_01_2026, AISPPMSCVI_01_2026) (AISPPMSCVPI_02_2026, AISPPMSCVI_02_2026)",2026-01-13T22:21:42.668Z,N/A,Femenino,Juventud (18 - 28 años),Pregrado,Área de la salud,5,5,5,5,5,5,5,5,5,5,5,5,5,,
1v0nC15GpcAkOvN0VZOFwR3QlkEXLh0BPbzE57FI5fR4,"-Satisfacción del Curso virtual - RPMS PI e I 012026 - (AISPPMSCVPI_01_2026, AISPPMSCVI_01_2026) (AISPPMSCVPI_02_2026, AISPPMSCVI_02_2026)",2025-12-15T13:18:55.706Z,N/A,Femenino,Adultez (29 - 59 años),Pregrado,Área de la salud,4,4,4,4,4,4,4,4,4,4,4,4,4,,
1v0nC15GpcAkOvN0VZOFwR3QlkEXLh0BPbzE57FI5fR4,"-Satisfacción del Curso virtual - RPMS PI e I 012026 - (AISPPMSCVPI_01_2026, AISPPMSCVI_01_2026) (AISPPMSCVPI_02_2026, AISPPMSCVI_02_2026)",2025-12-23T00:00:09.795Z,N/A,Femenino,Adultez (29 - 59 años),Pregrado,Área de la salud,4,4,4,4,3,4,3,3,3,4,4,3,4,,
1v0nC15GpcAkOvN0VZOFwR3QlkEXLh0BPbzE57FI5fR4,"-Satisfacción del Curso virtual - RPMS PI e I 012026 - (AISPPMSCVPI_01_2026, AISPPMSCVI_01_2026) (AISPPMSCVPI_02_2026, AISPPMSCVI_02_2026)",2025-12-17T19:00:56.936Z,N/A,Femenino,Juventud (18 - 28 años),Pregrado,Área de la salud,4,5,5,5,5,5,4,4,4,5,4,5,4,,
1v0nC15GpcAkOvN0VZOFwR3QlkEXLh0BPbzE57FI5fR4,"-Satisfacción del Curso virtual - RPMS PI e I 012026 - (AISPPMSCVPI_01_2026, AISPPMSCVI_01_2026) (AISPPMSCVPI_02_2026, AISPPMSCVI_02_2026)",2026-01-14T15:27:36.433Z,COMUNA 10,Femenino,Adultez (29 - 59 años),Pregrado,Área de la salud,4,4,4,4,4,4,4,4,4,4,4,4,4,,
1v0nC15GpcAkOvN0VZOFwR3QlkEXLh0BPbzE57FI5fR4,"-Satisfacción del Curso virtual - RPMS PI e I 012026 - (AISPPMSCVPI_01_2026, AISPPMSCVI_01_2026) (AISPPMSCVPI_02_2026, AISPPMSCVI_02_2026)",2025-12-11T00:38:29.743Z,N/A,Femenino,Juventud (18 - 28 años),Pregrado,Área de la salud,5,5,5,5,5,5,5,5,5,5,5,5,5,,
1v0nC15GpcAkOvN0VZOFwR3QlkEXLh0BPbzE57FI5fR4,"-Satisfacción del Curso virtual - RPMS PI e I 012026 - (AISPPMSCVPI_01_2026, AISPPMSCVI_01_2026) (AISPPMSCVPI_02_2026, AISPPMSCVI_02_2026)",2025-12-16T23:35:30.105Z,COMUNA 5,Masculino,Adultez (29 - 59 años),Postgrado,Área de la salud,4,4,4,4,4,4,4,4,4,4,4,4,4,,
1v0nC15GpcAkOvN0VZOFwR3QlkEXLh0BPbzE57FI5fR4,"-Satisfacción del Curso virtual - RPMS PI e I 012026 - (AISPPMSCVPI_01_2026, AISPPMSCVI_01_2026) (AISPPMSCVPI_02_2026, AISPPMSCVI_02_2026)",2026-01-08T03:34:38.810Z,N/A,Femenino,Adultez (29 - 59 años),Bachiller,Área de la salud,5,5,5,5,5,5,5,5,5,5,5,5,5,,
1v0nC15GpcAkOvN0VZOFwR3QlkEXLh0BPbzE57FI5fR4,"-Satisfacción del Curso virtual - RPMS PI e I 012026 - (AISPPMSCVPI_01_2026, AISPPMSCVI_01_2026) (AISPPMSCVPI_02_2026, AISPPMSCVI_02_2026)",2025-12-29T14:49:12.312Z,N/A,Femenino,Adultez (29 - 59 años),Pregrado,Área de la salud,1,1,1,2,1,1,1,1,1,1,1,1,1,,
1v0nC15GpcAkOvN0VZOFwR3QlkEXLh0BPbzE57FI5fR4,"-Satisfacción del Curso virtual - RPMS PI e I 012026 - (AISPPMSCVPI_01_2026, AISPPMSCVI_01_2026) (AISPPMSCVPI_02_2026, AISPPMSCVI_02_2026)",2026-01-14T15:46:19.901Z,COMUNA 2,Femenino,Adultez (29 - 59 años),Postgrado,Área de la salud,5,4,4,4,4,4,4,4,4,4,4,4,4,,
1v0nC15GpcAkOvN0VZOFwR3QlkEXLh0BPbzE57FI5fR4,"-Satisfacción del Curso virtual - RPMS PI e I 012026 - (AISPPMSCVPI_01_2026, AISPPMSCVI_01_2026) (AISPPMSCVPI_02_2026, AISPPMSCVI_02_2026)",2026-01-14T22:11:35.608Z,COMUNA 2,Femenino,Adultez (29 - 59 años),Pregrado,Área de la salud,5,5,5,5,5,5,5,5,5,5,5,5,5,,
1v0nC15GpcAkOvN0VZOFwR3QlkEXLh0BPbzE57FI5fR4,"-Satisfacción del Curso virtual - RPMS PI e I 012026 - (AISPPMSCVPI_01_2026, AISPPMSCVI_01_2026) (AISPPMSCVPI_02_2026, AISPPMSCVI_02_2026)",2026-04-08T21:13:33.592Z,COMUNA 19,Femenino,Juventud (18 - 28 años),Pregrado,Área de la salud,5,5,5,5,5,5,5,5,5,5,5,5,5,,
1v0nC15GpcAkOvN0VZOFwR3QlkEXLh0BPbzE57FI5fR4,"-Satisfacción del Curso virtual - RPMS PI e I 012026 - (AISPPMSCVPI_01_2026, AISPPMSCVI_01_2026) (AISPPMSCVPI_02_2026, AISPPMSCVI_02_2026)",2026-03-13T21:10:12.531Z,COMUNA 2,Femenino,Adultez (29 - 59 años),Pregrado,Área de la salud,4,4,4,4,4,4,4,4,4,4,4,4,4,,
1v0nC15GpcAkOvN0VZOFwR3QlkEXLh0BPbzE57FI5fR4,"-Satisfacción del Curso virtual - RPMS PI e I 012026 - (AISPPMSCVPI_01_2026, AISPPMSCVI_01_2026) (AISPPMSCVPI_02_2026, AISPPMSCVI_02_2026)",2026-01-14T00:08:56.569Z,N/A,Masculino,Adultez (29 - 59 años),Pregrado,Área de la salud,5,5,5,5,5,5,5,5,5,5,5,5,5,,
1v0nC15GpcAkOvN0VZOFwR3QlkEXLh0BPbzE57FI5fR4,"-Satisfacción del Curso virtual - RPMS PI e I 012026 - (AISPPMSCVPI_01_2026, AISPPMSCVI_01_2026) (AISPPMSCVPI_02_2026, AISPPMSCVI_02_2026)",2026-04-08T00:09:52.150Z,N/A,Femenino,Juventud (18 - 28 años),Pregrado,Área de la salud,5,5,5,5,5,5,5,5,5,5,5,5,5,,
1v0nC15GpcAkOvN0VZOFwR3QlkEXLh0BPbzE57FI5fR4,"-Satisfacción del Curso virtual - RPMS PI e I 012026 - (AISPPMSCVPI_01_2026, AISPPMSCVI_01_2026) (AISPPMSCVPI_02_2026, AISPPMSCVI_02_2026)",2026-01-14T03:29:07.676Z,N/A,Femenino,Juventud (18 - 28 años),Postgrado,Área de la salud,4,4,4,4,4,4,4,4,4,4,4,4,4,,
1v0nC15GpcAkOvN0VZOFwR3QlkEXLh0BPbzE57FI5fR4,"-Satisfacción del Curso virtual - RPMS PI e I 012026 - (AISPPMSCVPI_01_2026, AISPPMSCVI_01_2026) (AISPPMSCVPI_02_2026, AISPPMSCVI_02_2026)",2026-01-14T21:45:52.142Z,N/A,Femenino,Juventud (18 - 28 años),Pregrado,Área de la salud,1,1,1,1,1,1,1,1,1,1,1,1,1,,
1v0nC15GpcAkOvN0VZOFwR3QlkEXLh0BPbzE57FI5fR4,"-Satisfacción del Curso virtual - RPMS PI e I 012026 - (AISPPMSCVPI_01_2026, AISPPMSCVI_01_2026) (AISPPMSCVPI_02_2026, AISPPMSCVI_02_2026)",2025-12-11T21:29:12.838Z,N/A,Femenino,Juventud (18 - 28 años),Bachiller,Área de la salud,5,5,5,5,5,5,5,5,5,5,5,5,5,,
1v0nC15GpcAkOvN0VZOFwR3QlkEXLh0BPbzE57FI5fR4,"-Satisfacción del Curso virtual - RPMS PI e I 012026 - (AISPPMSCVPI_01_2026, AISPPMSCVI_01_2026) (AISPPMSCVPI_02_2026, AISPPMSCVI_02_2026)",2026-01-28T01:39:57.864Z,N/A,Femenino,Juventud (18 - 28 años),Pregrado,Área de la salud,5,5,5,5,5,5,5,5,5,5,5,5,5,,
1v0nC15GpcAkOvN0VZOFwR3QlkEXLh0BPbzE57FI5fR4,"-Satisfacción del Curso virtual - RPMS PI e I 012026 - (AISPPMSCVPI_01_2026, AISPPMSCVI_01_2026) (AISPPMSCVPI_02_2026, AISPPMSCVI_02_2026)",2025-12-06T15:45:06.114Z,COMUNA 2,Femenino,Juventud (18 - 28 años),Bachiller,Área de la salud,5,5,5,5,5,5,5,5,5,5,5,5,5,,
1v0nC15GpcAkOvN0VZOFwR3QlkEXLh0BPbzE57FI5fR4,"-Satisfacción del Curso virtual - RPMS PI e I 012026 - (AISPPMSCVPI_01_2026, AISPPMSCVI_01_2026) (AISPPMSCVPI_02_2026, AISPPMSCVI_02_2026)",2026-03-20T16:16:03.549Z,COMUNA 1,Femenino,Adultez (29 - 59 años),Pregrado,Área de la salud,5,5,5,5,5,5,5,5,5,5,5,5,5,,
1v0nC15GpcAkOvN0VZOFwR3QlkEXLh0BPbzE57FI5fR4,"-Satisfacción del Curso virtual - RPMS PI e I 012026 - (AISPPMSCVPI_01_2026, AISPPMSCVI_01_2026) (AISPPMSCVPI_02_2026, AISPPMSCVI_02_2026)",2025-12-26T17:20:11.783Z,N/A,Masculino,Adultez (29 - 59 años),Pregrado,Área de la salud,5,5,5,5,5,5,5,5,5,5,5,5,5,,
1v0nC15GpcAkOvN0VZOFwR3QlkEXLh0BPbzE57FI5fR4,"-Satisfacción del Curso virtual - RPMS PI e I 012026 - (AISPPMSCVPI_01_2026, AISPPMSCVI_01_2026) (AISPPMSCVPI_02_2026, AISPPMSCVI_02_2026)",2025-12-19T16:39:09.753Z,N/A,Femenino,Adultez (29 - 59 años),Pregrado,Otro,5,5,5,5,5,5,5,5,5,5,5,5,5,,
1v0nC15GpcAkOvN0VZOFwR3QlkEXLh0BPbzE57FI5fR4,"-Satisfacción del Curso virtual - RPMS PI e I 012026 - (AISPPMSCVPI_01_2026, AISPPMSCVI_01_2026) (AISPPMSCVPI_02_2026, AISPPMSCVI_02_2026)",2025-12-29T13:26:32.046Z,COMUNA 21,Femenino,Adultez (29 - 59 años),Postgrado,Área de la salud,1,1,1,1,1,1,1,1,1,1,1,1,1,,
1v0nC15GpcAkOvN0VZOFwR3QlkEXLh0BPbzE57FI5fR4,"-Satisfacción del Curso virtual - RPMS PI e I 012026 - (AISPPMSCVPI_01_2026, AISPPMSCVI_01_2026) (AISPPMSCVPI_02_2026, AISPPMSCVI_02_2026)",2026-04-09T19:09:08.119Z,N/A,Femenino,Adultez (29 - 59 años),Bachiller,Área de la salud,5,5,5,5,5,5,5,5,5,5,5,5,5,,
1v0nC15GpcAkOvN0VZOFwR3QlkEXLh0BPbzE57FI5fR4,"-Satisfacción del Curso virtual - RPMS PI e I 012026 - (AISPPMSCVPI_01_2026, AISPPMSCVI_01_2026) (AISPPMSCVPI_02_2026, AISPPMSCVI_02_2026)",2025-12-18T18:17:54.309Z,N/A,Femenino,Adultez (29 - 59 años),Bachiller,Área de la salud,4,4,4,4,4,4,4,4,4,4,4,4,4,,
1v0nC15GpcAkOvN0VZOFwR3QlkEXLh0BPbzE57FI5fR4,"-Satisfacción del Curso virtual - RPMS PI e I 012026 - (AISPPMSCVPI_01_2026, AISPPMSCVI_01_2026) (AISPPMSCVPI_02_2026, AISPPMSCVI_02_2026)",2025-12-15T19:00:49.509Z,COMUNA 17,Femenino,Adultez (29 - 59 años),Bachiller,Área de la salud,5,5,5,5,5,5,5,5,5,5,5,5,5,,
1v0nC15GpcAkOvN0VZOFwR3QlkEXLh0BPbzE57FI5fR4,"-Satisfacción del Curso virtual - RPMS PI e I 012026 - (AISPPMSCVPI_01_2026, AISPPMSCVI_01_2026) (AISPPMSCVPI_02_2026, AISPPMSCVI_02_2026)",2025-12-24T15:41:45.269Z,COMUNA 8,Femenino,Adultez (29 - 59 años),Pregrado,Área de la salud,5,5,5,5,5,5,5,5,5,5,5,5,5,,
1v0nC15GpcAkOvN0VZOFwR3QlkEXLh0BPbzE57FI5fR4,"-Satisfacción del Curso virtual - RPMS PI e I 012026 - (AISPPMSCVPI_01_2026, AISPPMSCVI_01_2026) (AISPPMSCVPI_02_2026, AISPPMSCVI_02_2026)",2026-04-08T16:27:48.884Z,N/A,Femenino,Adultez (29 - 59 años),Postgrado,Área de la salud,5,5,5,5,5,5,5,5,5,5,5,5,5,,
1v0nC15GpcAkOvN0VZOFwR3QlkEXLh0BPbzE57FI5fR4,"-Satisfacción del Curso virtual - RPMS PI e I 012026 - (AISPPMSCVPI_01_2026, AISPPMSCVI_01_2026) (AISPPMSCVPI_02_2026, AISPPMSCVI_02_2026)",2026-01-31T03:48:17.895Z,N/A,Femenino,Adultez (29 - 59 años),Pregrado,Área de la salud,5,5,5,5,5,5,5,5,5,5,5,5,5,,
1v0nC15GpcAkOvN0VZOFwR3QlkEXLh0BPbzE57FI5fR4,"-Satisfacción del Curso virtual - RPMS PI e I 012026 - (AISPPMSCVPI_01_2026, AISPPMSCVI_01_2026) (AISPPMSCVPI_02_2026, AISPPMSCVI_02_2026)",2026-04-09T02:30:12.447Z,COMUNA 18,Femenino,Juventud (18 - 28 años),Bachiller,Área de la salud,5,5,5,5,5,5,5,5,5,5,5,5,5,,
1v0nC15GpcAkOvN0VZOFwR3QlkEXLh0BPbzE57FI5fR4,"-Satisfacción del Curso virtual - RPMS PI e I 012026 - (AISPPMSCVPI_01_2026, AISPPMSCVI_01_2026) (AISPPMSCVPI_02_2026, AISPPMSCVI_02_2026)",2026-01-27T01:17:20.187Z,N/A,Femenino,Adultez (29 - 59 años),Pregrado,Área de la salud,5,5,5,5,5,5,5,5,5,5,5,5,5,,
1v0nC15GpcAkOvN0VZOFwR3QlkEXLh0BPbzE57FI5fR4,"-Satisfacción del Curso virtual - RPMS PI e I 012026 - (AISPPMSCVPI_01_2026, AISPPMSCVI_01_2026) (AISPPMSCVPI_02_2026, AISPPMSCVI_02_2026)",2025-12-16T20:42:50.443Z,COMUNA 3,Femenino,Juventud (18 - 28 años),Pregrado,Área de la salud,5,4,5,4,5,4,4,5,4,4,4,4,4,,
1v0nC15GpcAkOvN0VZOFwR3QlkEXLh0BPbzE57FI5fR4,"-Satisfacción del Curso virtual - RPMS PI e I 012026 - (AISPPMSCVPI_01_2026, AISPPMSCVI_01_2026) (AISPPMSCVPI_02_2026, AISPPMSCVI_02_2026)",2026-04-09T16:13:46.323Z,COMUNA 17,Femenino,Adultez (29 - 59 años),Postgrado,Área de la salud,5,5,5,5,5,5,5,5,5,5,5,5,5,,
1v0nC15GpcAkOvN0VZOFwR3QlkEXLh0BPbzE57FI5fR4,"-Satisfacción del Curso virtual - RPMS PI e I 012026 - (AISPPMSCVPI_01_2026, AISPPMSCVI_01_2026) (AISPPMSCVPI_02_2026, AISPPMSCVI_02_2026)",2025-12-18T16:44:29.896Z,N/A,Femenino,Adultez (29 - 59 años),Pregrado,Área de la salud,2,1,1,2,1,1,1,1,3,3,2,2,1,,
1v0nC15GpcAkOvN0VZOFwR3QlkEXLh0BPbzE57FI5fR4,"-Satisfacción del Curso virtual - RPMS PI e I 012026 - (AISPPMSCVPI_01_2026, AISPPMSCVI_01_2026) (AISPPMSCVPI_02_2026, AISPPMSCVI_02_2026)",2026-03-11T23:03:32.631Z,N/A,Femenino,Adultez (29 - 59 años),Pregrado,Área de la salud,3,3,4,4,4,4,4,4,4,3,3,4,3,,
1v0nC15GpcAkOvN0VZOFwR3QlkEXLh0BPbzE57FI5fR4,"-Satisfacción del Curso virtual - RPMS PI e I 012026 - (AISPPMSCVPI_01_2026, AISPPMSCVI_01_2026) (AISPPMSCVPI_02_2026, AISPPMSCVI_02_2026)",2026-04-10T02:22:07.337Z,COMUNA 17,Femenino,Juventud (18 - 28 años),Pregrado,Área de la salud,5,5,5,5,5,5,5,5,5,5,5,5,5,,
1v0nC15GpcAkOvN0VZOFwR3QlkEXLh0BPbzE57FI5fR4,"-Satisfacción del Curso virtual - RPMS PI e I 012026 - (AISPPMSCVPI_01_2026, AISPPMSCVI_01_2026) (AISPPMSCVPI_02_2026, AISPPMSCVI_02_2026)",2025-12-10T18:57:54.127Z,N/A,Femenino,Adultez (29 - 59 años),Bachiller,Área de la salud,4,4,4,4,4,4,4,4,4,4,4,4,4,,
1v0nC15GpcAkOvN0VZOFwR3QlkEXLh0BPbzE57FI5fR4,"-Satisfacción del Curso virtual - RPMS PI e I 012026 - (AISPPMSCVPI_01_2026, AISPPMSCVI_01_2026) (AISPPMSCVPI_02_2026, AISPPMSCVI_02_2026)",2026-03-13T21:46:51.818Z,N/A,Femenino,Adultez (29 - 59 años),Bachiller,Área de la salud,5,5,5,5,5,5,5,5,5,5,5,5,5,,
1v0nC15GpcAkOvN0VZOFwR3QlkEXLh0BPbzE57FI5fR4,"-Satisfacción del Curso virtual - RPMS PI e I 012026 - (AISPPMSCVPI_01_2026, AISPPMSCVI_01_2026) (AISPPMSCVPI_02_2026, AISPPMSCVI_02_2026)",2025-12-11T21:17:57.639Z,COMUNA 1,Femenino,Juventud (18 - 28 años),Bachiller,Área de la salud,5,5,5,5,5,5,5,5,5,5,5,5,5,,
1v0nC15GpcAkOvN0VZOFwR3QlkEXLh0BPbzE57FI5fR4,"-Satisfacción del Curso virtual - RPMS PI e I 012026 - (AISPPMSCVPI_01_2026, AISPPMSCVI_01_2026) (AISPPMSCVPI_02_2026, AISPPMSCVI_02_2026)",2025-12-17T21:28:08.796Z,N/A,Femenino,Juventud (18 - 28 años),Pregrado,Área de la salud,5,5,5,5,5,5,5,5,5,5,5,5,5,,
1v0nC15GpcAkOvN0VZOFwR3QlkEXLh0BPbzE57FI5fR4,"-Satisfacción del Curso virtual - RPMS PI e I 012026 - (AISPPMSCVPI_01_2026, AISPPMSCVI_01_2026) (AISPPMSCVPI_02_2026, AISPPMSCVI_02_2026)",2025-12-09T16:42:54.171Z,N/A,Femenino,Adultez (29 - 59 años),Pregrado,Área de la salud,5,5,5,5,5,5,5,5,5,5,5,5,5,,
1v0nC15GpcAkOvN0VZOFwR3QlkEXLh0BPbzE57FI5fR4,"-Satisfacción del Curso virtual - RPMS PI e I 012026 - (AISPPMSCVPI_01_2026, AISPPMSCVI_01_2026) (AISPPMSCVPI_02_2026, AISPPMSCVI_02_2026)",2026-01-07T04:10:30.057Z,N/A,Femenino,Adultez (29 - 59 años),Pregrado,Área de la salud,5,5,5,5,5,5,5,5,5,5,5,5,5,,
1v0nC15GpcAkOvN0VZOFwR3QlkEXLh0BPbzE57FI5fR4,"-Satisfacción del Curso virtual - RPMS PI e I 012026 - (AISPPMSCVPI_01_2026, AISPPMSCVI_01_2026) (AISPPMSCVPI_02_2026, AISPPMSCVI_02_2026)",2026-01-04T17:47:21.460Z,N/A,Femenino,Juventud (18 - 28 años),Pregrado,Área de la salud,5,5,5,5,5,5,5,5,5,5,5,5,5,,
1v0nC15GpcAkOvN0VZOFwR3QlkEXLh0BPbzE57FI5fR4,"-Satisfacción del Curso virtual - RPMS PI e I 012026 - (AISPPMSCVPI_01_2026, AISPPMSCVI_01_2026) (AISPPMSCVPI_02_2026, AISPPMSCVI_02_2026)",2026-04-09T03:10:43.365Z,N/A,Femenino,Adultez (29 - 59 años),Postgrado,Área de la salud,5,5,5,5,5,5,5,5,5,5,5,5,5,,
1v0nC15GpcAkOvN0VZOFwR3QlkEXLh0BPbzE57FI5fR4,"-Satisfacción del Curso virtual - RPMS PI e I 012026 - (AISPPMSCVPI_01_2026, AISPPMSCVI_01_2026) (AISPPMSCVPI_02_2026, AISPPMSCVI_02_2026)",2025-12-10T21:42:38.719Z,N/A,Femenino,Juventud (18 - 28 años),Pregrado,Área de la salud,5,5,5,5,5,5,5,5,4,5,5,5,5,,
1v0nC15GpcAkOvN0VZOFwR3QlkEXLh0BPbzE57FI5fR4,"-Satisfacción del Curso virtual - RPMS PI e I 012026 - (AISPPMSCVPI_01_2026, AISPPMSCVI_01_2026) (AISPPMSCVPI_02_2026, AISPPMSCVI_02_2026)",2026-04-09T18:31:20.105Z,N/A,Femenino,Adultez (29 - 59 años),Pregrado,Área de la salud,5,5,5,5,5,5,5,5,5,5,5,5,5,,
1v0nC15GpcAkOvN0VZOFwR3QlkEXLh0BPbzE57FI5fR4,"-Satisfacción del Curso virtual - RPMS PI e I 012026 - (AISPPMSCVPI_01_2026, AISPPMSCVI_01_2026) (AISPPMSCVPI_02_2026, AISPPMSCVI_02_2026)",2026-03-12T20:28:50.780Z,COMUNA 14,Femenino,Adultez (29 - 59 años),Bachiller,Área de la salud,4,4,4,4,5,4,4,4,3,3,3,3,4,,
1v0nC15GpcAkOvN0VZOFwR3QlkEXLh0BPbzE57FI5fR4,"-Satisfacción del Curso virtual - RPMS PI e I 012026 - (AISPPMSCVPI_01_2026, AISPPMSCVI_01_2026) (AISPPMSCVPI_02_2026, AISPPMSCVI_02_2026)",2026-04-10T03:00:40.243Z,N/A,Femenino,Adultez (29 - 59 años),Postgrado,Área de la salud,5,5,5,5,5,5,5,5,5,5,5,5,5,,
1v0nC15GpcAkOvN0VZOFwR3QlkEXLh0BPbzE57FI5fR4,"-Satisfacción del Curso virtual - RPMS PI e I 012026 - (AISPPMSCVPI_01_2026, AISPPMSCVI_01_2026) (AISPPMSCVPI_02_2026, AISPPMSCVI_02_2026)",2026-04-08T17:13:42.770Z,N/A,Femenino,Juventud (18 - 28 años),Postgrado,Área de la salud,5,5,5,5,5,5,5,5,4,4,4,5,4,,
1v0nC15GpcAkOvN0VZOFwR3QlkEXLh0BPbzE57FI5fR4,"-Satisfacción del Curso virtual - RPMS PI e I 012026 - (AISPPMSCVPI_01_2026, AISPPMSCVI_01_2026) (AISPPMSCVPI_02_2026, AISPPMSCVI_02_2026)",2026-01-26T21:29:42.897Z,COMUNA 11,Femenino,Adultez (29 - 59 años),Bachiller,Área de la salud,5,5,5,5,5,5,5,5,5,5,5,5,5,,
1v0nC15GpcAkOvN0VZOFwR3QlkEXLh0BPbzE57FI5fR4,"-Satisfacción del Curso virtual - RPMS PI e I 012026 - (AISPPMSCVPI_01_2026, AISPPMSCVI_01_2026) (AISPPMSCVPI_02_2026, AISPPMSCVI_02_2026)",2025-12-23T14:40:56.137Z,COMUNA 17,Femenino,Adultez (29 - 59 años),Postgrado,Área de la salud,4,4,4,4,4,4,4,4,4,4,4,4,4,,
1v0nC15GpcAkOvN0VZOFwR3QlkEXLh0BPbzE57FI5fR4,"-Satisfacción del Curso virtual - RPMS PI e I 012026 - (AISPPMSCVPI_01_2026, AISPPMSCVI_01_2026) (AISPPMSCVPI_02_2026, AISPPMSCVI_02_2026)",2025-12-14T03:54:54.352Z,N/A,Femenino,Juventud (18 - 28 años),Pregrado,Área de la salud,4,4,4,4,4,4,4,4,4,4,4,4,4,,
1v0nC15GpcAkOvN0VZOFwR3QlkEXLh0BPbzE57FI5fR4,"-Satisfacción del Curso virtual - RPMS PI e I 012026 - (AISPPMSCVPI_01_2026, AISPPMSCVI_01_2026) (AISPPMSCVPI_02_2026, AISPPMSCVI_02_2026)",2026-01-17T00:42:24.935Z,N/A,Femenino,Adultez (29 - 59 años),Pregrado,Área de la salud,5,5,5,5,5,5,5,5,5,5,5,5,5,,
1v0nC15GpcAkOvN0VZOFwR3QlkEXLh0BPbzE57FI5fR4,"-Satisfacción del Curso virtual - RPMS PI e I 012026 - (AISPPMSCVPI_01_2026, AISPPMSCVI_01_2026) (AISPPMSCVPI_02_2026, AISPPMSCVI_02_2026)",2025-12-19T13:28:49.841Z,COMUNA 10,Femenino,Juventud (18 - 28 años),Pregrado,Área de la salud,5,5,5,5,5,5,5,5,5,5,5,5,5,,
1v0nC15GpcAkOvN0VZOFwR3QlkEXLh0BPbzE57FI5fR4,"-Satisfacción del Curso virtual - RPMS PI e I 012026 - (AISPPMSCVPI_01_2026, AISPPMSCVI_01_2026) (AISPPMSCVPI_02_2026, AISPPMSCVI_02_2026)",2025-12-09T15:55:20.499Z,N/A,Femenino,Adultez (29 - 59 años),Bachiller,Área de la salud,3,3,4,3,4,4,4,4,3,3,4,4,4,,
1v0nC15GpcAkOvN0VZOFwR3QlkEXLh0BPbzE57FI5fR4,"-Satisfacción del Curso virtual - RPMS PI e I 012026 - (AISPPMSCVPI_01_2026, AISPPMSCVI_01_2026) (AISPPMSCVPI_02_2026, AISPPMSCVI_02_2026)",2025-12-25T23:01:32.746Z,COMUNA 8,Masculino,Adultez (29 - 59 años),Pregrado,Área de la salud,5,5,5,5,5,5,5,5,5,5,5,5,5,,
1v0nC15GpcAkOvN0VZOFwR3QlkEXLh0BPbzE57FI5fR4,"-Satisfacción del Curso virtual - RPMS PI e I 012026 - (AISPPMSCVPI_01_2026, AISPPMSCVI_01_2026) (AISPPMSCVPI_02_2026, AISPPMSCVI_02_2026)",2025-12-17T19:55:54.373Z,N/A,Femenino,Adultez (29 - 59 años),Pregrado,Área de la salud,4,4,4,4,4,4,4,4,4,4,4,4,4,,
1v0nC15GpcAkOvN0VZOFwR3QlkEXLh0BPbzE57FI5fR4,"-Satisfacción del Curso virtual - RPMS PI e I 012026 - (AISPPMSCVPI_01_2026, AISPPMSCVI_01_2026) (AISPPMSCVPI_02_2026, AISPPMSCVI_02_2026)",2026-01-22T23:06:02.195Z,COMUNA 4,Femenino,Juventud (18 - 28 años),Pregrado,Área de la salud,5,5,4,5,5,5,5,4,5,5,5,5,5,,
1v0nC15GpcAkOvN0VZOFwR3QlkEXLh0BPbzE57FI5fR4,"-Satisfacción del Curso virtual - RPMS PI e I 012026 - (AISPPMSCVPI_01_2026, AISPPMSCVI_01_2026) (AISPPMSCVPI_02_2026, AISPPMSCVI_02_2026)",2026-04-10T23:54:25.211Z,COMUNA 5,Femenino,Adultez (29 - 59 años),Pregrado,Área de la salud,4,4,4,4,4,4,4,4,4,4,4,4,4,,
1v0nC15GpcAkOvN0VZOFwR3QlkEXLh0BPbzE57FI5fR4,"-Satisfacción del Curso virtual - RPMS PI e I 012026 - (AISPPMSCVPI_01_2026, AISPPMSCVI_01_2026) (AISPPMSCVPI_02_2026, AISPPMSCVI_02_2026)",2025-12-31T14:16:16.279Z,COMUNA 2,Femenino,Juventud (18 - 28 años),Pregrado,Área de la salud,3,3,3,3,3,3,3,3,3,3,3,3,3,,
1v0nC15GpcAkOvN0VZOFwR3QlkEXLh0BPbzE57FI5fR4,"-Satisfacción del Curso virtual - RPMS PI e I 012026 - (AISPPMSCVPI_01_2026, AISPPMSCVI_01_2026) (AISPPMSCVPI_02_2026, AISPPMSCVI_02_2026)",2026-04-10T14:02:38.994Z,N/A,Masculino,Juventud (18 - 28 años),Pregrado,Área de la salud,5,5,5,5,5,5,5,5,5,5,5,5,5,,
1v0nC15GpcAkOvN0VZOFwR3QlkEXLh0BPbzE57FI5fR4,"-Satisfacción del Curso virtual - RPMS PI e I 012026 - (AISPPMSCVPI_01_2026, AISPPMSCVI_01_2026) (AISPPMSCVPI_02_2026, AISPPMSCVI_02_2026)",2026-04-09T04:45:17.676Z,N/A,Femenino,Adultez (29 - 59 años),Postgrado,Área de la salud,4,4,4,4,4,4,4,4,4,4,4,4,4,,
1v0nC15GpcAkOvN0VZOFwR3QlkEXLh0BPbzE57FI5fR4,"-Satisfacción del Curso virtual - RPMS PI e I 012026 - (AISPPMSCVPI_01_2026, AISPPMSCVI_01_2026) (AISPPMSCVPI_02_2026, AISPPMSCVI_02_2026)",2026-01-14T03:48:44.054Z,N/A,Femenino,Juventud (18 - 28 años),Bachiller,Área de la salud,5,5,5,5,5,5,5,5,5,5,5,5,5,,
1v0nC15GpcAkOvN0VZOFwR3QlkEXLh0BPbzE57FI5fR4,"-Satisfacción del Curso virtual - RPMS PI e I 012026 - (AISPPMSCVPI_01_2026, AISPPMSCVI_01_2026) (AISPPMSCVPI_02_2026, AISPPMSCVI_02_2026)",2025-12-09T05:18:06.452Z,N/A,Femenino,Adultez (29 - 59 años),Pregrado,Área de la salud,5,5,5,5,5,5,5,5,5,5,5,5,5,,
1v0nC15GpcAkOvN0VZOFwR3QlkEXLh0BPbzE57FI5fR4,"-Satisfacción del Curso virtual - RPMS PI e I 012026 - (AISPPMSCVPI_01_2026, AISPPMSCVI_01_2026) (AISPPMSCVPI_02_2026, AISPPMSCVI_02_2026)",2025-12-13T02:46:07.045Z,N/A,Femenino,Juventud (18 - 28 años),Pregrado,Área de la salud,5,5,5,5,5,5,5,5,5,4,4,4,5,,
1v0nC15GpcAkOvN0VZOFwR3QlkEXLh0BPbzE57FI5fR4,"-Satisfacción del Curso virtual - RPMS PI e I 012026 - (AISPPMSCVPI_01_2026, AISPPMSCVI_01_2026) (AISPPMSCVPI_02_2026, AISPPMSCVI_02_2026)",2025-12-29T18:29:47.331Z,COMUNA 7,Femenino,Adultez (29 - 59 años),Bachiller,Área de la salud,5,5,5,5,5,5,5,5,5,5,5,5,5,,
1v0nC15GpcAkOvN0VZOFwR3QlkEXLh0BPbzE57FI5fR4,"-Satisfacción del Curso virtual - RPMS PI e I 012026 - (AISPPMSCVPI_01_2026, AISPPMSCVI_01_2026) (AISPPMSCVPI_02_2026, AISPPMSCVI_02_2026)",2025-12-13T22:54:19.822Z,N/A,Femenino,Juventud (18 - 28 años),Pregrado,Área de la salud,5,5,5,5,5,5,5,5,5,3,4,5,4,,
1v0nC15GpcAkOvN0VZOFwR3QlkEXLh0BPbzE57FI5fR4,"-Satisfacción del Curso virtual - RPMS PI e I 012026 - (AISPPMSCVPI_01_2026, AISPPMSCVI_01_2026) (AISPPMSCVPI_02_2026, AISPPMSCVI_02_2026)",2026-03-18T22:08:24.403Z,N/A,Femenino,Adultez (29 - 59 años),Pregrado,Área de la salud,1,1,1,1,1,1,1,1,1,1,1,1,1,,
1v0nC15GpcAkOvN0VZOFwR3QlkEXLh0BPbzE57FI5fR4,"-Satisfacción del Curso virtual - RPMS PI e I 012026 - (AISPPMSCVPI_01_2026, AISPPMSCVI_01_2026) (AISPPMSCVPI_02_2026, AISPPMSCVI_02_2026)",2026-01-02T13:48:09.579Z,N/A,Femenino,Juventud (18 - 28 años),Bachiller,Área de la salud,5,5,5,5,5,5,5,5,5,5,5,5,5,,
1v0nC15GpcAkOvN0VZOFwR3QlkEXLh0BPbzE57FI5fR4,"-Satisfacción del Curso virtual - RPMS PI e I 012026 - (AISPPMSCVPI_01_2026, AISPPMSCVI_01_2026) (AISPPMSCVPI_02_2026, AISPPMSCVI_02_2026)",2026-01-04T12:08:26.647Z,N/A,Femenino,Adultez (29 - 59 años),Pregrado,Área de la salud,4,4,5,4,4,5,4,4,3,3,4,4,4,,
1v0nC15GpcAkOvN0VZOFwR3QlkEXLh0BPbzE57FI5fR4,"-Satisfacción del Curso virtual - RPMS PI e I 012026 - (AISPPMSCVPI_01_2026, AISPPMSCVI_01_2026) (AISPPMSCVPI_02_2026, AISPPMSCVI_02_2026)",2026-04-08T16:49:17.885Z,N/A,Femenino,Adultez (29 - 59 años),Pregrado,Área de la salud,4,4,4,4,4,4,4,4,4,4,4,4,4,,
1v0nC15GpcAkOvN0VZOFwR3QlkEXLh0BPbzE57FI5fR4,"-Satisfacción del Curso virtual - RPMS PI e I 012026 - (AISPPMSCVPI_01_2026, AISPPMSCVI_01_2026) (AISPPMSCVPI_02_2026, AISPPMSCVI_02_2026)",2025-12-11T18:32:57.275Z,N/A,Femenino,Adultez (29 - 59 años),Pregrado,Área de la salud,5,5,5,5,5,5,5,5,5,5,5,5,5,,
1v0nC15GpcAkOvN0VZOFwR3QlkEXLh0BPbzE57FI5fR4,"-Satisfacción del Curso virtual - RPMS PI e I 012026 - (AISPPMSCVPI_01_2026, AISPPMSCVI_01_2026) (AISPPMSCVPI_02_2026, AISPPMSCVI_02_2026)",2026-01-24T20:57:05.957Z,N/A,Femenino,Adultez (29 - 59 años),Postgrado,Área de la salud,5,5,5,5,5,5,5,5,5,5,5,5,5,,
1v0nC15GpcAkOvN0VZOFwR3QlkEXLh0BPbzE57FI5fR4,"-Satisfacción del Curso virtual - RPMS PI e I 012026 - (AISPPMSCVPI_01_2026, AISPPMSCVI_01_2026) (AISPPMSCVPI_02_2026, AISPPMSCVI_02_2026)",2025-12-15T03:13:28.243Z,N/A,Femenino,Juventud (18 - 28 años),Pregrado,Área de la salud,5,5,5,5,5,5,5,5,5,4,5,5,5,,
1v0nC15GpcAkOvN0VZOFwR3QlkEXLh0BPbzE57FI5fR4,"-Satisfacción del Curso virtual - RPMS PI e I 012026 - (AISPPMSCVPI_01_2026, AISPPMSCVI_01_2026) (AISPPMSCVPI_02_2026, AISPPMSCVI_02_2026)",2025-12-16T00:53:39.522Z,N/A,Femenino,Adultez (29 - 59 años),Bachiller,Área de la salud,5,5,5,5,5,5,5,5,5,5,5,5,5,,
1v0nC15GpcAkOvN0VZOFwR3QlkEXLh0BPbzE57FI5fR4,"-Satisfacción del Curso virtual - RPMS PI e I 012026 - (AISPPMSCVPI_01_2026, AISPPMSCVI_01_2026) (AISPPMSCVPI_02_2026, AISPPMSCVI_02_2026)",2025-12-15T19:29:29Z,COMUNA 11,Femenino,Juventud (18 - 28 años),Pregrado,Área de la salud,5,5,5,5,5,5,5,5,5,5,5,5,5,,
1v0nC15GpcAkOvN0VZOFwR3QlkEXLh0BPbzE57FI5fR4,"-Satisfacción del Curso virtual - RPMS PI e I 012026 - (AISPPMSCVPI_01_2026, AISPPMSCVI_01_2026) (AISPPMSCVPI_02_2026, AISPPMSCVI_02_2026)",2026-04-09T17:54:58.286Z,N/A,Femenino,Juventud (18 - 28 años),Bachiller,Área de la salud,3,3,3,3,3,3,3,3,3,3,3,3,3,,
1v0nC15GpcAkOvN0VZOFwR3QlkEXLh0BPbzE57FI5fR4,"-Satisfacción del Curso virtual - RPMS PI e I 012026 - (AISPPMSCVPI_01_2026, AISPPMSCVI_01_2026) (AISPPMSCVPI_02_2026, AISPPMSCVI_02_2026)",2025-12-16T19:50:09.947Z,N/A,Femenino,Adultez (29 - 59 años),Postgrado,Área de la salud,4,4,4,4,4,4,4,4,3,4,4,4,4,,
1v0nC15GpcAkOvN0VZOFwR3QlkEXLh0BPbzE57FI5fR4,"-Satisfacción del Curso virtual - RPMS PI e I 012026 - (AISPPMSCVPI_01_2026, AISPPMSCVI_01_2026) (AISPPMSCVPI_02_2026, AISPPMSCVI_02_2026)",2025-12-11T21:05:01.032Z,N/A,Masculino,Adultez (29 - 59 años),Pregrado,Área de la salud,5,5,5,5,5,5,5,5,5,5,5,5,5,,
1v0nC15GpcAkOvN0VZOFwR3QlkEXLh0BPbzE57FI5fR4,"-Satisfacción del Curso virtual - RPMS PI e I 012026 - (AISPPMSCVPI_01_2026, AISPPMSCVI_01_2026) (AISPPMSCVPI_02_2026, AISPPMSCVI_02_2026)",2026-04-10T17:27:05.184Z,N/A,Femenino,Adultez (29 - 59 años),Pregrado,Área de la salud,5,5,5,5,5,5,5,5,3,3,5,5,5,,
1v0nC15GpcAkOvN0VZOFwR3QlkEXLh0BPbzE57FI5fR4,"-Satisfacción del Curso virtual - RPMS PI e I 012026 - (AISPPMSCVPI_01_2026, AISPPMSCVI_01_2026) (AISPPMSCVPI_02_2026, AISPPMSCVI_02_2026)",2025-12-22T15:31:07.354Z,N/A,Femenino,Adultez (29 - 59 años),Pregrado,Área de la salud,5,4,5,4,4,5,5,5,5,4,4,4,5,,
1v0nC15GpcAkOvN0VZOFwR3QlkEXLh0BPbzE57FI5fR4,"-Satisfacción del Curso virtual - RPMS PI e I 012026 - (AISPPMSCVPI_01_2026, AISPPMSCVI_01_2026) (AISPPMSCVPI_02_2026, AISPPMSCVI_02_2026)",2025-12-10T21:17:26.287Z,COMUNA 22,Femenino,Adultez (29 - 59 años),Postgrado,Área de la salud,5,5,5,5,5,5,5,5,5,5,5,5,5,,
1v0nC15GpcAkOvN0VZOFwR3QlkEXLh0BPbzE57FI5fR4,"-Satisfacción del Curso virtual - RPMS PI e I 012026 - (AISPPMSCVPI_01_2026, AISPPMSCVI_01_2026) (AISPPMSCVPI_02_2026, AISPPMSCVI_02_2026)",2025-12-07T20:03:39.035Z,C. DE LA CASTILLA,Femenino,Adultez (29 - 59 años),Postgrado,Área de la salud,5,5,5,5,5,5,5,5,5,5,5,5,5,,
1v0nC15GpcAkOvN0VZOFwR3QlkEXLh0BPbzE57FI5fR4,"-Satisfacción del Curso virtual - RPMS PI e I 012026 - (AISPPMSCVPI_01_2026, AISPPMSCVI_01_2026) (AISPPMSCVPI_02_2026, AISPPMSCVI_02_2026)",2026-03-22T00:36:54.181Z,COMUNA 17,Femenino,Adultez (29 - 59 años),Postgrado,Área de la salud,5,5,5,5,5,5,5,5,5,5,5,5,5,,
1v0nC15GpcAkOvN0VZOFwR3QlkEXLh0BPbzE57FI5fR4,"-Satisfacción del Curso virtual - RPMS PI e I 012026 - (AISPPMSCVPI_01_2026, AISPPMSCVI_01_2026) (AISPPMSCVPI_02_2026, AISPPMSCVI_02_2026)",2026-01-29T21:37:17.638Z,N/A,Femenino,Adultez (29 - 59 años),Pregrado,Área de la salud,5,5,5,5,5,5,5,5,5,5,5,5,5,,
1v0nC15GpcAkOvN0VZOFwR3QlkEXLh0BPbzE57FI5fR4,"-Satisfacción del Curso virtual - RPMS PI e I 012026 - (AISPPMSCVPI_01_2026, AISPPMSCVI_01_2026) (AISPPMSCVPI_02_2026, AISPPMSCVI_02_2026)",2026-04-10T05:25:09.972Z,N/A,Femenino,Adultez (29 - 59 años),Pregrado,Área de la salud,1,1,1,1,1,1,1,1,1,1,1,1,1,,
1v0nC15GpcAkOvN0VZOFwR3QlkEXLh0BPbzE57FI5fR4,"-Satisfacción del Curso virtual - RPMS PI e I 012026 - (AISPPMSCVPI_01_2026, AISPPMSCVI_01_2026) (AISPPMSCVPI_02_2026, AISPPMSCVI_02_2026)",2025-12-09T17:44:36.733Z,N/A,Femenino,Juventud (18 - 28 años),Pregrado,Área de la salud,5,5,5,5,5,5,5,5,5,5,5,5,5,,
1v0nC15GpcAkOvN0VZOFwR3QlkEXLh0BPbzE57FI5fR4,"-Satisfacción del Curso virtual - RPMS PI e I 012026 - (AISPPMSCVPI_01_2026, AISPPMSCVI_01_2026) (AISPPMSCVPI_02_2026, AISPPMSCVI_02_2026)",2025-12-11T22:46:59.885Z,N/A,Femenino,Juventud (18 - 28 años),Pregrado,Área de la salud,5,5,5,5,5,5,5,5,5,5,5,5,5,,
1v0nC15GpcAkOvN0VZOFwR3QlkEXLh0BPbzE57FI5fR4,"-Satisfacción del Curso virtual - RPMS PI e I 012026 - (AISPPMSCVPI_01_2026, AISPPMSCVI_01_2026) (AISPPMSCVPI_02_2026, AISPPMSCVI_02_2026)",2026-01-08T23:14:56.232Z,COMUNA 21,Femenino,Adolescencia (12 - 17 años),Bachiller,Área de la salud,5,5,5,5,4,5,5,5,5,5,5,5,5,,
1v0nC15GpcAkOvN0VZOFwR3QlkEXLh0BPbzE57FI5fR4,"-Satisfacción del Curso virtual - RPMS PI e I 012026 - (AISPPMSCVPI_01_2026, AISPPMSCVI_01_2026) (AISPPMSCVPI_02_2026, AISPPMSCVI_02_2026)",2025-12-17T03:47:54.823Z,N/A,Masculino,Adultez (29 - 59 años),Postgrado,Área de la salud,5,5,5,5,5,5,5,5,5,5,5,5,5,,
1v0nC15GpcAkOvN0VZOFwR3QlkEXLh0BPbzE57FI5fR4,"-Satisfacción del Curso virtual - RPMS PI e I 012026 - (AISPPMSCVPI_01_2026, AISPPMSCVI_01_2026) (AISPPMSCVPI_02_2026, AISPPMSCVI_02_2026)",2026-01-09T02:47:11.048Z,N/A,Femenino,Adultez (29 - 59 años),Pregrado,Área de la salud,5,5,5,5,5,5,5,5,5,5,5,5,5,,
1v0nC15GpcAkOvN0VZOFwR3QlkEXLh0BPbzE57FI5fR4,"-Satisfacción del Curso virtual - RPMS PI e I 012026 - (AISPPMSCVPI_01_2026, AISPPMSCVI_01_2026) (AISPPMSCVPI_02_2026, AISPPMSCVI_02_2026)",2026-01-28T23:13:13.975Z,N/A,Femenino,Adultez (29 - 59 años),Bachiller,Área de la salud,4,4,4,4,4,4,4,4,4,4,4,4,4,,
1v0nC15GpcAkOvN0VZOFwR3QlkEXLh0BPbzE57FI5fR4,"-Satisfacción del Curso virtual - RPMS PI e I 012026 - (AISPPMSCVPI_01_2026, AISPPMSCVI_01_2026) (AISPPMSCVPI_02_2026, AISPPMSCVI_02_2026)",2026-03-11T13:54:17.171Z,N/A,Femenino,Juventud (18 - 28 años),Pregrado,Área de la salud,4,4,4,4,4,4,4,4,4,4,4,4,4,,
1v0nC15GpcAkOvN0VZOFwR3QlkEXLh0BPbzE57FI5fR4,"-Satisfacción del Curso virtual - RPMS PI e I 012026 - (AISPPMSCVPI_01_2026, AISPPMSCVI_01_2026) (AISPPMSCVPI_02_2026, AISPPMSCVI_02_2026)",2026-01-06T15:27:32.872Z,N/A,Femenino,Juventud (18 - 28 años),Pregrado,Área de la salud,5,5,5,5,5,5,5,5,5,5,5,5,5,,
1v0nC15GpcAkOvN0VZOFwR3QlkEXLh0BPbzE57FI5fR4,"-Satisfacción del Curso virtual - RPMS PI e I 012026 - (AISPPMSCVPI_01_2026, AISPPMSCVI_01_2026) (AISPPMSCVPI_02_2026, AISPPMSCVI_02_2026)",2025-12-10T17:23:56.424Z,COMUNA 3,Femenino,Adultez (29 - 59 años),Postgrado,Área de la salud,5,5,5,5,5,5,5,5,5,5,5,5,5,,
1v0nC15GpcAkOvN0VZOFwR3QlkEXLh0BPbzE57FI5fR4,"-Satisfacción del Curso virtual - RPMS PI e I 012026 - (AISPPMSCVPI_01_2026, AISPPMSCVI_01_2026) (AISPPMSCVPI_02_2026, AISPPMSCVI_02_2026)",2026-04-10T15:32:25.921Z,COMUNA 10,Femenino,Adultez (29 - 59 años),Postgrado,Área de la salud,5,5,5,5,5,5,5,5,5,5,5,5,5,,
1v0nC15GpcAkOvN0VZOFwR3QlkEXLh0BPbzE57FI5fR4,"-Satisfacción del Curso virtual - RPMS PI e I 012026 - (AISPPMSCVPI_01_2026, AISPPMSCVI_01_2026) (AISPPMSCVPI_02_2026, AISPPMSCVI_02_2026)",2025-12-06T14:52:02.363Z,COMUNA 19,Masculino,Adultez (29 - 59 años),Pregrado,Área de la salud,5,5,5,5,5,5,5,5,5,5,5,5,5,,
1v0nC15GpcAkOvN0VZOFwR3QlkEXLh0BPbzE57FI5fR4,"-Satisfacción del Curso virtual - RPMS PI e I 012026 - (AISPPMSCVPI_01_2026, AISPPMSCVI_01_2026) (AISPPMSCVPI_02_2026, AISPPMSCVI_02_2026)",2025-12-13T14:13:42.535Z,COMUNA 1,Femenino,Adultez (29 - 59 años),Bachiller,Área de la salud,5,5,5,5,5,5,5,5,5,5,5,5,5,,
1v0nC15GpcAkOvN0VZOFwR3QlkEXLh0BPbzE57FI5fR4,"-Satisfacción del Curso virtual - RPMS PI e I 012026 - (AISPPMSCVPI_01_2026, AISPPMSCVI_01_2026) (AISPPMSCVPI_02_2026, AISPPMSCVI_02_2026)",2025-12-11T15:21:14.705Z,COMUNA 2,Femenino,Adultez (29 - 59 años),Pregrado,Área de la salud,5,5,5,4,4,5,5,5,5,5,5,5,5,,
1v0nC15GpcAkOvN0VZOFwR3QlkEXLh0BPbzE57FI5fR4,"-Satisfacción del Curso virtual - RPMS PI e I 012026 - (AISPPMSCVPI_01_2026, AISPPMSCVI_01_2026) (AISPPMSCVPI_02_2026, AISPPMSCVI_02_2026)",2025-12-06T16:58:22.589Z,N/A,Masculino,Adultez (29 - 59 años),Postgrado,Área de la salud,4,5,5,5,5,5,5,5,5,5,5,5,5,,
1v0nC15GpcAkOvN0VZOFwR3QlkEXLh0BPbzE57FI5fR4,"-Satisfacción del Curso virtual - RPMS PI e I 012026 - (AISPPMSCVPI_01_2026, AISPPMSCVI_01_2026) (AISPPMSCVPI_02_2026, AISPPMSCVI_02_2026)",2025-12-17T19:40:52.334Z,N/A,Femenino,Juventud (18 - 28 años),Pregrado,Área de la salud,5,5,5,5,5,5,5,5,5,5,5,5,5,,
1v0nC15GpcAkOvN0VZOFwR3QlkEXLh0BPbzE57FI5fR4,"-Satisfacción del Curso virtual - RPMS PI e I 012026 - (AISPPMSCVPI_01_2026, AISPPMSCVI_01_2026) (AISPPMSCVPI_02_2026, AISPPMSCVI_02_2026)",2025-12-11T22:27:13.416Z,N/A,Femenino,Juventud (18 - 28 años),Pregrado,Área de la salud,5,5,5,5,5,5,5,5,5,5,5,5,5,,
1v0nC15GpcAkOvN0VZOFwR3QlkEXLh0BPbzE57FI5fR4,"-Satisfacción del Curso virtual - RPMS PI e I 012026 - (AISPPMSCVPI_01_2026, AISPPMSCVI_01_2026) (AISPPMSCVPI_02_2026, AISPPMSCVI_02_2026)",2025-12-12T18:49:59.487Z,C. DE PANCE,Femenino,Adultez (29 - 59 años),Postgrado,Área de la salud,4,4,4,4,4,4,4,4,4,4,4,4,4,,
1v0nC15GpcAkOvN0VZOFwR3QlkEXLh0BPbzE57FI5fR4,"-Satisfacción del Curso virtual - RPMS PI e I 012026 - (AISPPMSCVPI_01_2026, AISPPMSCVI_01_2026) (AISPPMSCVPI_02_2026, AISPPMSCVI_02_2026)",2025-12-16T00:55:02.249Z,N/A,Femenino,Adultez (29 - 59 años),Bachiller,Área de la salud,5,5,5,5,5,5,5,5,5,5,5,5,5,,
1v0nC15GpcAkOvN0VZOFwR3QlkEXLh0BPbzE57FI5fR4,"-Satisfacción del Curso virtual - RPMS PI e I 012026 - (AISPPMSCVPI_01_2026, AISPPMSCVI_01_2026) (AISPPMSCVPI_02_2026, AISPPMSCVI_02_2026)",2025-12-24T20:37:51.028Z,COMUNA 1,Femenino,Adultez (29 - 59 años),Pregrado,Área de la salud,4,4,4,4,4,4,4,4,4,4,4,4,4,,
1v0nC15GpcAkOvN0VZOFwR3QlkEXLh0BPbzE57FI5fR4,"-Satisfacción del Curso virtual - RPMS PI e I 012026 - (AISPPMSCVPI_01_2026, AISPPMSCVI_01_2026) (AISPPMSCVPI_02_2026, AISPPMSCVI_02_2026)",2025-12-10T19:39:39.029Z,COMUNA 8,Femenino,Juventud (18 - 28 años),Bachiller,Área de la salud,5,5,5,5,5,5,5,5,5,5,5,5,5,,
1v0nC15GpcAkOvN0VZOFwR3QlkEXLh0BPbzE57FI5fR4,"-Satisfacción del Curso virtual - RPMS PI e I 012026 - (AISPPMSCVPI_01_2026, AISPPMSCVI_01_2026) (AISPPMSCVPI_02_2026, AISPPMSCVI_02_2026)",2026-01-14T15:38:21.386Z,COMUNA 14,Femenino,Adultez (29 - 59 años),Postgrado,Área de la salud,5,5,5,5,5,5,5,5,5,5,5,5,5,,
1v0nC15GpcAkOvN0VZOFwR3QlkEXLh0BPbzE57FI5fR4,"-Satisfacción del Curso virtual - RPMS PI e I 012026 - (AISPPMSCVPI_01_2026, AISPPMSCVI_01_2026) (AISPPMSCVPI_02_2026, AISPPMSCVI_02_2026)",2025-12-10T06:15:26.422Z,COMUNA 10,Femenino,Juventud (18 - 28 años),Bachiller,Área de la salud,5,4,5,4,5,4,5,5,5,5,5,5,5,,
1v0nC15GpcAkOvN0VZOFwR3QlkEXLh0BPbzE57FI5fR4,"-Satisfacción del Curso virtual - RPMS PI e I 012026 - (AISPPMSCVPI_01_2026, AISPPMSCVI_01_2026) (AISPPMSCVPI_02_2026, AISPPMSCVI_02_2026)",2026-04-08T02:56:28.466Z,COMUNA 11,Femenino,Juventud (18 - 28 años),Pregrado,Área de la salud,5,5,5,5,5,5,5,5,5,5,5,5,5,,
1v0nC15GpcAkOvN0VZOFwR3QlkEXLh0BPbzE57FI5fR4,"-Satisfacción del Curso virtual - RPMS PI e I 012026 - (AISPPMSCVPI_01_2026, AISPPMSCVI_01_2026) (AISPPMSCVPI_02_2026, AISPPMSCVI_02_2026)",2026-01-09T20:11:38.285Z,N/A,Femenino,Juventud (18 - 28 años),Postgrado,Área de la salud,5,5,5,5,5,5,5,5,5,5,5,5,5,,
1v0nC15GpcAkOvN0VZOFwR3QlkEXLh0BPbzE57FI5fR4,"-Satisfacción del Curso virtual - RPMS PI e I 012026 - (AISPPMSCVPI_01_2026, AISPPMSCVI_01_2026) (AISPPMSCVPI_02_2026, AISPPMSCVI_02_2026)",2025-12-09T23:52:51.931Z,COMUNA 21,Femenino,Adultez (29 - 59 años),Postgrado,Área de la salud,5,5,5,5,5,5,5,5,5,5,5,5,5,,
1v0nC15GpcAkOvN0VZOFwR3QlkEXLh0BPbzE57FI5fR4,"-Satisfacción del Curso virtual - RPMS PI e I 012026 - (AISPPMSCVPI_01_2026, AISPPMSCVI_01_2026) (AISPPMSCVPI_02_2026, AISPPMSCVI_02_2026)",2026-04-09T19:21:51.090Z,N/A,Femenino,Adultez (29 - 59 años),Pregrado,Área de la salud,5,5,5,5,5,5,5,5,5,5,5,5,5,,
1v0nC15GpcAkOvN0VZOFwR3QlkEXLh0BPbzE57FI5fR4,"-Satisfacción del Curso virtual - RPMS PI e I 012026 - (AISPPMSCVPI_01_2026, AISPPMSCVI_01_2026) (AISPPMSCVPI_02_2026, AISPPMSCVI_02_2026)",2025-12-11T23:29:25.914Z,N/A,Masculino,Juventud (18 - 28 años),Pregrado,Otro,5,5,5,5,5,5,5,5,5,5,5,5,5,,
1v0nC15GpcAkOvN0VZOFwR3QlkEXLh0BPbzE57FI5fR4,"-Satisfacción del Curso virtual - RPMS PI e I 012026 - (AISPPMSCVPI_01_2026, AISPPMSCVI_01_2026) (AISPPMSCVPI_02_2026, AISPPMSCVI_02_2026)",2026-04-10T02:58:57.089Z,N/A,Femenino,Juventud (18 - 28 años),Postgrado,Área de la salud,5,5,5,5,5,5,5,5,5,5,5,5,5,,
1v0nC15GpcAkOvN0VZOFwR3QlkEXLh0BPbzE57FI5fR4,"-Satisfacción del Curso virtual - RPMS PI e I 012026 - (AISPPMSCVPI_01_2026, AISPPMSCVI_01_2026) (AISPPMSCVPI_02_2026, AISPPMSCVI_02_2026)",2026-01-06T04:18:59.319Z,N/A,Femenino,Adultez (29 - 59 años),Postgrado,Área de la salud,5,5,5,5,5,5,5,5,5,5,5,5,5,,
1v0nC15GpcAkOvN0VZOFwR3QlkEXLh0BPbzE57FI5fR4,"-Satisfacción del Curso virtual - RPMS PI e I 012026 - (AISPPMSCVPI_01_2026, AISPPMSCVI_01_2026) (AISPPMSCVPI_02_2026, AISPPMSCVI_02_2026)",2025-12-11T20:52:42.437Z,COMUNA 4,Femenino,Adultez (29 - 59 años),Pregrado,Área de la salud,5,5,5,5,5,5,5,5,5,5,5,5,5,,
1v0nC15GpcAkOvN0VZOFwR3QlkEXLh0BPbzE57FI5fR4,"-Satisfacción del Curso virtual - RPMS PI e I 012026 - (AISPPMSCVPI_01_2026, AISPPMSCVI_01_2026) (AISPPMSCVPI_02_2026, AISPPMSCVI_02_2026)",2025-12-13T03:06:53.947Z,N/A,Femenino,Juventud (18 - 28 años),Pregrado,Área de la salud,5,5,5,5,5,5,5,5,5,5,5,5,5,,
1v0nC15GpcAkOvN0VZOFwR3QlkEXLh0BPbzE57FI5fR4,"-Satisfacción del Curso virtual - RPMS PI e I 012026 - (AISPPMSCVPI_01_2026, AISPPMSCVI_01_2026) (AISPPMSCVPI_02_2026, AISPPMSCVI_02_2026)",2026-04-10T02:52:38.587Z,COMUNA 10,Femenino,Adultez (29 - 59 años),Pregrado,Área de la salud,5,4,4,4,4,4,4,4,4,4,4,4,4,,
1v0nC15GpcAkOvN0VZOFwR3QlkEXLh0BPbzE57FI5fR4,"-Satisfacción del Curso virtual - RPMS PI e I 012026 - (AISPPMSCVPI_01_2026, AISPPMSCVI_01_2026) (AISPPMSCVPI_02_2026, AISPPMSCVI_02_2026)",2026-03-18T20:12:54.720Z,N/A,Femenino,Adultez (29 - 59 años),Postgrado,Área de la salud,4,4,4,4,4,4,4,4,1,1,1,4,3,,
1v0nC15GpcAkOvN0VZOFwR3QlkEXLh0BPbzE57FI5fR4,"-Satisfacción del Curso virtual - RPMS PI e I 012026 - (AISPPMSCVPI_01_2026, AISPPMSCVI_01_2026) (AISPPMSCVPI_02_2026, AISPPMSCVI_02_2026)",2026-03-16T20:02:38.075Z,N/A,Femenino,Adultez (29 - 59 años),Pregrado,Área de la salud,4,4,4,4,4,4,4,4,3,3,4,4,4,,
1v0nC15GpcAkOvN0VZOFwR3QlkEXLh0BPbzE57FI5fR4,"-Satisfacción del Curso virtual - RPMS PI e I 012026 - (AISPPMSCVPI_01_2026, AISPPMSCVI_01_2026) (AISPPMSCVPI_02_2026, AISPPMSCVI_02_2026)",2026-01-13T21:47:54.485Z,COMUNA 1,Femenino,Adultez (29 - 59 años),Postgrado,Área de la salud,5,5,5,5,5,5,5,5,5,5,5,5,5,,
1v0nC15GpcAkOvN0VZOFwR3QlkEXLh0BPbzE57FI5fR4,"-Satisfacción del Curso virtual - RPMS PI e I 012026 - (AISPPMSCVPI_01_2026, AISPPMSCVI_01_2026) (AISPPMSCVPI_02_2026, AISPPMSCVI_02_2026)",2026-01-12T21:04:53.723Z,COMUNA 1,Femenino,Adultez (29 - 59 años),Pregrado,Área de la salud,5,5,5,5,5,5,5,5,5,5,5,5,5,,
1v0nC15GpcAkOvN0VZOFwR3QlkEXLh0BPbzE57FI5fR4,"-Satisfacción del Curso virtual - RPMS PI e I 012026 - (AISPPMSCVPI_01_2026, AISPPMSCVI_01_2026) (AISPPMSCVPI_02_2026, AISPPMSCVI_02_2026)",2026-01-13T22:46:03.743Z,N/A,Femenino,Adultez (29 - 59 años),Pregrado,Área de la salud,5,5,5,5,5,4,5,5,5,5,5,5,5,,
1v0nC15GpcAkOvN0VZOFwR3QlkEXLh0BPbzE57FI5fR4,"-Satisfacción del Curso virtual - RPMS PI e I 012026 - (AISPPMSCVPI_01_2026, AISPPMSCVI_01_2026) (AISPPMSCVPI_02_2026, AISPPMSCVI_02_2026)",2025-12-08T18:36:29.062Z,N/A,Femenino,Adultez (29 - 59 años),Pregrado,Área de la salud,4,4,4,4,4,4,4,4,4,4,4,4,4,,
1v0nC15GpcAkOvN0VZOFwR3QlkEXLh0BPbzE57FI5fR4,"-Satisfacción del Curso virtual - RPMS PI e I 012026 - (AISPPMSCVPI_01_2026, AISPPMSCVI_01_2026) (AISPPMSCVPI_02_2026, AISPPMSCVI_02_2026)",2025-12-11T19:57:04.798Z,N/A,Femenino,Adultez (29 - 59 años),Postgrado,Área de la salud,5,5,5,5,5,5,5,5,5,5,5,5,5,,
1v0nC15GpcAkOvN0VZOFwR3QlkEXLh0BPbzE57FI5fR4,"-Satisfacción del Curso virtual - RPMS PI e I 012026 - (AISPPMSCVPI_01_2026, AISPPMSCVI_01_2026) (AISPPMSCVPI_02_2026, AISPPMSCVI_02_2026)",2025-12-15T18:43:09.053Z,N/A,Femenino,Adultez (29 - 59 años),Bachiller,Área de la salud,5,5,5,5,4,5,5,5,5,5,5,5,5,,
1v0nC15GpcAkOvN0VZOFwR3QlkEXLh0BPbzE57FI5fR4,"-Satisfacción del Curso virtual - RPMS PI e I 012026 - (AISPPMSCVPI_01_2026, AISPPMSCVI_01_2026) (AISPPMSCVPI_02_2026, AISPPMSCVI_02_2026)",2026-04-09T17:46:26.982Z,N/A,Femenino,Juventud (18 - 28 años),Bachiller,Área de la salud,5,5,5,5,5,5,5,5,5,3,5,5,5,,
1v0nC15GpcAkOvN0VZOFwR3QlkEXLh0BPbzE57FI5fR4,"-Satisfacción del Curso virtual - RPMS PI e I 012026 - (AISPPMSCVPI_01_2026, AISPPMSCVI_01_2026) (AISPPMSCVPI_02_2026, AISPPMSCVI_02_2026)",2026-03-25T21:20:42.547Z,N/A,Femenino,Adultez (29 - 59 años),Pregrado,Área de la salud,5,5,5,5,5,5,5,5,5,5,5,5,5,,
1v0nC15GpcAkOvN0VZOFwR3QlkEXLh0BPbzE57FI5fR4,"-Satisfacción del Curso virtual - RPMS PI e I 012026 - (AISPPMSCVPI_01_2026, AISPPMSCVI_01_2026) (AISPPMSCVPI_02_2026, AISPPMSCVI_02_2026)",2026-01-13T21:26:29.294Z,N/A,Femenino,Adolescencia (12 - 17 años),Postgrado,Área de la salud,5,5,5,5,5,5,5,5,5,5,5,5,5,,
1v0nC15GpcAkOvN0VZOFwR3QlkEXLh0BPbzE57FI5fR4,"-Satisfacción del Curso virtual - RPMS PI e I 012026 - (AISPPMSCVPI_01_2026, AISPPMSCVI_01_2026) (AISPPMSCVPI_02_2026, AISPPMSCVI_02_2026)",2025-12-12T01:08:55.258Z,N/A,Femenino,Juventud (18 - 28 años),Postgrado,Área de la salud,4,4,5,5,5,5,5,5,4,4,5,5,5,,
1v0nC15GpcAkOvN0VZOFwR3QlkEXLh0BPbzE57FI5fR4,"-Satisfacción del Curso virtual - RPMS PI e I 012026 - (AISPPMSCVPI_01_2026, AISPPMSCVI_01_2026) (AISPPMSCVPI_02_2026, AISPPMSCVI_02_2026)",2025-12-12T02:54:20.183Z,N/A,Femenino,Adultez (29 - 59 años),Postgrado,Área de la salud,5,5,5,5,5,5,5,5,5,5,5,5,5,,
1v0nC15GpcAkOvN0VZOFwR3QlkEXLh0BPbzE57FI5fR4,"-Satisfacción del Curso virtual - RPMS PI e I 012026 - (AISPPMSCVPI_01_2026, AISPPMSCVI_01_2026) (AISPPMSCVPI_02_2026, AISPPMSCVI_02_2026)",2026-01-15T16:11:58.895Z,N/A,Femenino,Adultez (29 - 59 años),Pregrado,Área de la salud,5,5,5,5,5,5,5,5,5,5,4,5,5,,
1v0nC15GpcAkOvN0VZOFwR3QlkEXLh0BPbzE57FI5fR4,"-Satisfacción del Curso virtual - RPMS PI e I 012026 - (AISPPMSCVPI_01_2026, AISPPMSCVI_01_2026) (AISPPMSCVPI_02_2026, AISPPMSCVI_02_2026)",2026-01-07T04:19:07.350Z,N/A,Femenino,Adolescencia (12 - 17 años),Pregrado,Área de la salud,5,5,5,5,4,5,5,5,3,3,5,5,5,,
1v0nC15GpcAkOvN0VZOFwR3QlkEXLh0BPbzE57FI5fR4,"-Satisfacción del Curso virtual - RPMS PI e I 012026 - (AISPPMSCVPI_01_2026, AISPPMSCVI_01_2026) (AISPPMSCVPI_02_2026, AISPPMSCVI_02_2026)",2026-01-22T13:41:41.638Z,COMUNA 2,Masculino,Adultez (29 - 59 años),Postgrado,Área de la salud,5,5,5,5,5,5,5,5,5,5,5,5,5,,
1v0nC15GpcAkOvN0VZOFwR3QlkEXLh0BPbzE57FI5fR4,"-Satisfacción del Curso virtual - RPMS PI e I 012026 - (AISPPMSCVPI_01_2026, AISPPMSCVI_01_2026) (AISPPMSCVPI_02_2026, AISPPMSCVI_02_2026)",2026-01-14T20:58:02.079Z,N/A,Femenino,Juventud (18 - 28 años),Bachiller,Área de la salud,4,5,5,4,5,5,5,5,5,5,5,5,5,,
1v0nC15GpcAkOvN0VZOFwR3QlkEXLh0BPbzE57FI5fR4,"-Satisfacción del Curso virtual - RPMS PI e I 012026 - (AISPPMSCVPI_01_2026, AISPPMSCVI_01_2026) (AISPPMSCVPI_02_2026, AISPPMSCVI_02_2026)",2025-12-06T16:23:07.685Z,COMUNA 2,Femenino,Adultez (29 - 59 años),Bachiller,Área de la salud,4,4,4,4,4,4,4,4,4,4,4,4,4,,
1v0nC15GpcAkOvN0VZOFwR3QlkEXLh0BPbzE57FI5fR4,"-Satisfacción del Curso virtual - RPMS PI e I 012026 - (AISPPMSCVPI_01_2026, AISPPMSCVI_01_2026) (AISPPMSCVPI_02_2026, AISPPMSCVI_02_2026)",2025-12-19T03:51:28.680Z,N/A,Femenino,Adultez (29 - 59 años),Pregrado,Área de la salud,4,4,4,4,4,5,5,4,4,3,4,4,5,,
1v0nC15GpcAkOvN0VZOFwR3QlkEXLh0BPbzE57FI5fR4,"-Satisfacción del Curso virtual - RPMS PI e I 012026 - (AISPPMSCVPI_01_2026, AISPPMSCVI_01_2026) (AISPPMSCVPI_02_2026, AISPPMSCVI_02_2026)",2026-04-08T22:18:29.694Z,N/A,Femenino,Adultez (29 - 59 años),Pregrado,Área de la salud,4,4,4,4,3,4,5,5,4,5,4,5,5,,
1v0nC15GpcAkOvN0VZOFwR3QlkEXLh0BPbzE57FI5fR4,"-Satisfacción del Curso virtual - RPMS PI e I 012026 - (AISPPMSCVPI_01_2026, AISPPMSCVI_01_2026) (AISPPMSCVPI_02_2026, AISPPMSCVI_02_2026)",2026-04-11T01:12:17.318Z,COMUNA 16,Femenino,Juventud (18 - 28 años),Pregrado,Área de la salud,4,4,4,4,4,4,4,4,4,4,4,4,4,,
1v0nC15GpcAkOvN0VZOFwR3QlkEXLh0BPbzE57FI5fR4,"-Satisfacción del Curso virtual - RPMS PI e I 012026 - (AISPPMSCVPI_01_2026, AISPPMSCVI_01_2026) (AISPPMSCVPI_02_2026, AISPPMSCVI_02_2026)",2025-12-18T18:44:13.185Z,N/A,Femenino,Adultez (29 - 59 años),Pregrado,Área de la salud,5,5,5,5,5,5,5,5,5,5,5,5,5,,
1v0nC15GpcAkOvN0VZOFwR3QlkEXLh0BPbzE57FI5fR4,"-Satisfacción del Curso virtual - RPMS PI e I 012026 - (AISPPMSCVPI_01_2026, AISPPMSCVI_01_2026) (AISPPMSCVPI_02_2026, AISPPMSCVI_02_2026)",2026-01-09T04:03:36.415Z,COMUNA 4,Masculino,Adultez (29 - 59 años),Postgrado,Área de la salud,4,4,4,4,4,4,4,4,4,3,4,4,4,,
1v0nC15GpcAkOvN0VZOFwR3QlkEXLh0BPbzE57FI5fR4,"-Satisfacción del Curso virtual - RPMS PI e I 012026 - (AISPPMSCVPI_01_2026, AISPPMSCVI_01_2026) (AISPPMSCVPI_02_2026, AISPPMSCVI_02_2026)",2026-01-22T22:42:58.759Z,N/A,Femenino,Juventud (18 - 28 años),Pregrado,Área de la salud,5,5,4,4,4,3,3,3,3,3,3,3,3,,
1v0nC15GpcAkOvN0VZOFwR3QlkEXLh0BPbzE57FI5fR4,"-Satisfacción del Curso virtual - RPMS PI e I 012026 - (AISPPMSCVPI_01_2026, AISPPMSCVI_01_2026) (AISPPMSCVPI_02_2026, AISPPMSCVI_02_2026)",2025-12-25T23:04:36.196Z,N/A,Femenino,Adultez (29 - 59 años),Pregrado,Área de la salud,5,5,5,4,5,4,4,5,5,4,4,4,5,,
1v0nC15GpcAkOvN0VZOFwR3QlkEXLh0BPbzE57FI5fR4,"-Satisfacción del Curso virtual - RPMS PI e I 012026 - (AISPPMSCVPI_01_2026, AISPPMSCVI_01_2026) (AISPPMSCVPI_02_2026, AISPPMSCVI_02_2026)",2025-12-08T22:11:09.160Z,COMUNA 17,Femenino,Juventud (18 - 28 años),Pregrado,Área de la salud,5,5,5,5,5,5,5,5,5,5,5,5,5,,
1v0nC15GpcAkOvN0VZOFwR3QlkEXLh0BPbzE57FI5fR4,"-Satisfacción del Curso virtual - RPMS PI e I 012026 - (AISPPMSCVPI_01_2026, AISPPMSCVI_01_2026) (AISPPMSCVPI_02_2026, AISPPMSCVI_02_2026)",2025-12-10T12:55:14.576Z,N/A,Femenino,Adultez (29 - 59 años),Pregrado,Área de la salud,5,5,5,5,5,5,5,5,5,5,5,5,5,,
1v0nC15GpcAkOvN0VZOFwR3QlkEXLh0BPbzE57FI5fR4,"-Satisfacción del Curso virtual - RPMS PI e I 012026 - (AISPPMSCVPI_01_2026, AISPPMSCVI_01_2026) (AISPPMSCVPI_02_2026, AISPPMSCVI_02_2026)",2025-12-21T21:51:00.013Z,N/A,Masculino,Adultez (29 - 59 años),Pregrado,Área de la salud,5,5,5,5,5,5,5,5,2,3,1,5,5,,
1v0nC15GpcAkOvN0VZOFwR3QlkEXLh0BPbzE57FI5fR4,"-Satisfacción del Curso virtual - RPMS PI e I 012026 - (AISPPMSCVPI_01_2026, AISPPMSCVI_01_2026) (AISPPMSCVPI_02_2026, AISPPMSCVI_02_2026)",2026-03-11T14:48:50.539Z,COMUNA 1,Femenino,Adultez (29 - 59 años),Pregrado,Área de la salud,5,5,5,5,5,5,5,5,5,5,5,5,5,,
1v0nC15GpcAkOvN0VZOFwR3QlkEXLh0BPbzE57FI5fR4,"-Satisfacción del Curso virtual - RPMS PI e I 012026 - (AISPPMSCVPI_01_2026, AISPPMSCVI_01_2026) (AISPPMSCVPI_02_2026, AISPPMSCVI_02_2026)",2026-01-14T01:58:48.808Z,N/A,Femenino,Adultez (29 - 59 años),Postgrado,Área de la salud,5,5,5,5,5,5,5,5,5,5,5,5,5,,
1v0nC15GpcAkOvN0VZOFwR3QlkEXLh0BPbzE57FI5fR4,"-Satisfacción del Curso virtual - RPMS PI e I 012026 - (AISPPMSCVPI_01_2026, AISPPMSCVI_01_2026) (AISPPMSCVPI_02_2026, AISPPMSCVI_02_2026)",2025-12-08T14:16:09.506Z,N/A,Femenino,Adultez (29 - 59 años),Pregrado,Área de la salud,5,5,5,5,4,5,5,3,3,3,5,5,5,,
1v0nC15GpcAkOvN0VZOFwR3QlkEXLh0BPbzE57FI5fR4,"-Satisfacción del Curso virtual - RPMS PI e I 012026 - (AISPPMSCVPI_01_2026, AISPPMSCVI_01_2026) (AISPPMSCVPI_02_2026, AISPPMSCVI_02_2026)",2025-12-18T02:31:38.456Z,N/A,Femenino,Juventud (18 - 28 años),Bachiller,Área de la salud,5,5,5,5,5,5,5,5,5,5,5,5,5,,
1v0nC15GpcAkOvN0VZOFwR3QlkEXLh0BPbzE57FI5fR4,"-Satisfacción del Curso virtual - RPMS PI e I 012026 - (AISPPMSCVPI_01_2026, AISPPMSCVI_01_2026) (AISPPMSCVPI_02_2026, AISPPMSCVI_02_2026)",2025-12-21T19:23:03.886Z,N/A,Femenino,Adultez (29 - 59 años),Bachiller,Área de la salud,1,1,1,1,1,1,1,3,3,2,1,1,1,,
1v0nC15GpcAkOvN0VZOFwR3QlkEXLh0BPbzE57FI5fR4,"-Satisfacción del Curso virtual - RPMS PI e I 012026 - (AISPPMSCVPI_01_2026, AISPPMSCVI_01_2026) (AISPPMSCVPI_02_2026, AISPPMSCVI_02_2026)",2026-01-01T22:09:46.527Z,COMUNA 17,Femenino,Adultez (29 - 59 años),Postgrado,Área de la salud,5,5,5,5,5,5,5,5,1,1,5,5,5,,
1v0nC15GpcAkOvN0VZOFwR3QlkEXLh0BPbzE57FI5fR4,"-Satisfacción del Curso virtual - RPMS PI e I 012026 - (AISPPMSCVPI_01_2026, AISPPMSCVI_01_2026) (AISPPMSCVPI_02_2026, AISPPMSCVI_02_2026)",2026-04-03T18:31:01.300Z,COMUNA 18,Femenino,Adultez (29 - 59 años),Postgrado,Área de la salud,4,4,4,4,4,4,4,4,3,3,4,4,4,,
1v0nC15GpcAkOvN0VZOFwR3QlkEXLh0BPbzE57FI5fR4,"-Satisfacción del Curso virtual - RPMS PI e I 012026 - (AISPPMSCVPI_01_2026, AISPPMSCVI_01_2026) (AISPPMSCVPI_02_2026, AISPPMSCVI_02_2026)",2025-12-12T21:25:04.898Z,N/A,Femenino,Juventud (18 - 28 años),Postgrado,Área de la salud,5,5,5,5,5,5,5,5,5,5,5,5,5,,
1v0nC15GpcAkOvN0VZOFwR3QlkEXLh0BPbzE57FI5fR4,"-Satisfacción del Curso virtual - RPMS PI e I 012026 - (AISPPMSCVPI_01_2026, AISPPMSCVI_01_2026) (AISPPMSCVPI_02_2026, AISPPMSCVI_02_2026)",2025-12-26T06:05:26.062Z,N/A,Masculino,Adultez (29 - 59 años),Pregrado,Área de la salud,5,5,5,5,5,5,5,5,5,5,5,5,5,,
1v0nC15GpcAkOvN0VZOFwR3QlkEXLh0BPbzE57FI5fR4,"-Satisfacción del Curso virtual - RPMS PI e I 012026 - (AISPPMSCVPI_01_2026, AISPPMSCVI_01_2026) (AISPPMSCVPI_02_2026, AISPPMSCVI_02_2026)",2026-01-30T01:39:37.288Z,N/A,Femenino,Juventud (18 - 28 años),Pregrado,Área de la salud,4,4,4,4,4,4,4,4,4,4,4,4,4,,
1v0nC15GpcAkOvN0VZOFwR3QlkEXLh0BPbzE57FI5fR4,"-Satisfacción del Curso virtual - RPMS PI e I 012026 - (AISPPMSCVPI_01_2026, AISPPMSCVI_01_2026) (AISPPMSCVPI_02_2026, AISPPMSCVI_02_2026)",2026-01-07T18:57:30.368Z,C. DE LA BUITRERA,Femenino,Adultez (29 - 59 años),Pregrado,Área de la salud,4,4,4,4,4,4,4,4,4,4,4,4,4,,
1v0nC15GpcAkOvN0VZOFwR3QlkEXLh0BPbzE57FI5fR4,"-Satisfacción del Curso virtual - RPMS PI e I 012026 - (AISPPMSCVPI_01_2026, AISPPMSCVI_01_2026) (AISPPMSCVPI_02_2026, AISPPMSCVI_02_2026)",2025-12-10T20:19:55.008Z,N/A,Femenino,Juventud (18 - 28 años),Bachiller,Área de la salud,1,1,1,1,1,1,1,1,1,1,1,1,1,,
1v0nC15GpcAkOvN0VZOFwR3QlkEXLh0BPbzE57FI5fR4,"-Satisfacción del Curso virtual - RPMS PI e I 012026 - (AISPPMSCVPI_01_2026, AISPPMSCVI_01_2026) (AISPPMSCVPI_02_2026, AISPPMSCVI_02_2026)",2026-04-11T02:43:28.330Z,COMUNA 12,Femenino,Adultez (29 - 59 años),Pregrado,Área de la salud,4,4,4,4,4,4,4,4,4,4,4,4,4,,
1v0nC15GpcAkOvN0VZOFwR3QlkEXLh0BPbzE57FI5fR4,"-Satisfacción del Curso virtual - RPMS PI e I 012026 - (AISPPMSCVPI_01_2026, AISPPMSCVI_01_2026) (AISPPMSCVPI_02_2026, AISPPMSCVI_02_2026)",2026-04-08T15:36:42.666Z,N/A,Femenino,Adultez (29 - 59 años),Pregrado,Área de la salud,5,5,5,5,5,5,5,5,5,5,5,5,5,,
1v0nC15GpcAkOvN0VZOFwR3QlkEXLh0BPbzE57FI5fR4,"-Satisfacción del Curso virtual - RPMS PI e I 012026 - (AISPPMSCVPI_01_2026, AISPPMSCVI_01_2026) (AISPPMSCVPI_02_2026, AISPPMSCVI_02_2026)",2025-12-07T00:04:20.883Z,N/A,Femenino,Adultez (29 - 59 años),Pregrado,Área de la salud,5,5,5,5,5,5,5,5,5,5,5,5,5,,
1v0nC15GpcAkOvN0VZOFwR3QlkEXLh0BPbzE57FI5fR4,"-Satisfacción del Curso virtual - RPMS PI e I 012026 - (AISPPMSCVPI_01_2026, AISPPMSCVI_01_2026) (AISPPMSCVPI_02_2026, AISPPMSCVI_02_2026)",2025-12-18T02:41:48.379Z,N/A,Femenino,Adultez (29 - 59 años),Pregrado,Otro,4,5,4,5,5,5,4,4,4,3,4,4,4,,
1v0nC15GpcAkOvN0VZOFwR3QlkEXLh0BPbzE57FI5fR4,"-Satisfacción del Curso virtual - RPMS PI e I 012026 - (AISPPMSCVPI_01_2026, AISPPMSCVI_01_2026) (AISPPMSCVPI_02_2026, AISPPMSCVI_02_2026)",2025-12-06T22:04:33.960Z,N/A,Femenino,Adultez (29 - 59 años),Ninguna,Área de la salud,1,1,1,2,1,1,1,1,5,1,3,2,1,,
1v0nC15GpcAkOvN0VZOFwR3QlkEXLh0BPbzE57FI5fR4,"-Satisfacción del Curso virtual - RPMS PI e I 012026 - (AISPPMSCVPI_01_2026, AISPPMSCVI_01_2026) (AISPPMSCVPI_02_2026, AISPPMSCVI_02_2026)",2025-12-22T18:47:42.419Z,N/A,Femenino,Adultez (29 - 59 años),Pregrado,Área de la salud,5,5,5,5,5,5,5,5,5,5,5,5,5,,
1v0nC15GpcAkOvN0VZOFwR3QlkEXLh0BPbzE57FI5fR4,"-Satisfacción del Curso virtual - RPMS PI e I 012026 - (AISPPMSCVPI_01_2026, AISPPMSCVI_01_2026) (AISPPMSCVPI_02_2026, AISPPMSCVI_02_2026)",2025-12-19T01:54:09.381Z,COMUNA 1,Femenino,Adultez (29 - 59 años),Pregrado,Área de la salud,5,4,4,4,4,5,5,5,5,5,5,5,5,,
1v0nC15GpcAkOvN0VZOFwR3QlkEXLh0BPbzE57FI5fR4,"-Satisfacción del Curso virtual - RPMS PI e I 012026 - (AISPPMSCVPI_01_2026, AISPPMSCVI_01_2026) (AISPPMSCVPI_02_2026, AISPPMSCVI_02_2026)",2025-12-15T02:10:42.596Z,N/A,Femenino,Adultez (29 - 59 años),Pregrado,Área de la salud,4,4,5,4,4,3,4,4,5,4,4,3,4,,
1v0nC15GpcAkOvN0VZOFwR3QlkEXLh0BPbzE57FI5fR4,"-Satisfacción del Curso virtual - RPMS PI e I 012026 - (AISPPMSCVPI_01_2026, AISPPMSCVI_01_2026) (AISPPMSCVPI_02_2026, AISPPMSCVI_02_2026)",2025-12-12T16:14:21.484Z,N/A,Femenino,Adultez (29 - 59 años),Postgrado,Área de la salud,5,5,5,5,5,5,5,5,5,5,5,5,5,,
1v0nC15GpcAkOvN0VZOFwR3QlkEXLh0BPbzE57FI5fR4,"-Satisfacción del Curso virtual - RPMS PI e I 012026 - (AISPPMSCVPI_01_2026, AISPPMSCVI_01_2026) (AISPPMSCVPI_02_2026, AISPPMSCVI_02_2026)",2026-01-13T21:33:03.934Z,N/A,Femenino,Juventud (18 - 28 años),Pregrado,Área de la salud,5,5,5,5,5,5,5,5,5,5,5,5,5,,
1v0nC15GpcAkOvN0VZOFwR3QlkEXLh0BPbzE57FI5fR4,"-Satisfacción del Curso virtual - RPMS PI e I 012026 - (AISPPMSCVPI_01_2026, AISPPMSCVI_01_2026) (AISPPMSCVPI_02_2026, AISPPMSCVI_02_2026)",2025-12-06T22:30:35.401Z,N/A,Femenino,Adultez (29 - 59 años),Pregrado,Área de la salud,5,5,5,5,5,5,5,5,4,4,4,5,5,,
1v0nC15GpcAkOvN0VZOFwR3QlkEXLh0BPbzE57FI5fR4,"-Satisfacción del Curso virtual - RPMS PI e I 012026 - (AISPPMSCVPI_01_2026, AISPPMSCVI_01_2026) (AISPPMSCVPI_02_2026, AISPPMSCVI_02_2026)",2025-12-06T19:30:10.121Z,N/A,Femenino,Adolescencia (12 - 17 años),Pregrado,Área de la salud,5,5,5,5,5,5,5,5,5,5,5,5,5,,
1v0nC15GpcAkOvN0VZOFwR3QlkEXLh0BPbzE57FI5fR4,"-Satisfacción del Curso virtual - RPMS PI e I 012026 - (AISPPMSCVPI_01_2026, AISPPMSCVI_01_2026) (AISPPMSCVPI_02_2026, AISPPMSCVI_02_2026)",2025-12-22T17:22:16.892Z,N/A,Femenino,Adultez (29 - 59 años),Pregrado,Área de la salud,5,5,5,5,5,5,5,5,5,5,5,5,5,,
1v0nC15GpcAkOvN0VZOFwR3QlkEXLh0BPbzE57FI5fR4,"-Satisfacción del Curso virtual - RPMS PI e I 012026 - (AISPPMSCVPI_01_2026, AISPPMSCVI_01_2026) (AISPPMSCVPI_02_2026, AISPPMSCVI_02_2026)",2025-12-31T14:58:46.881Z,COMUNA 5,Femenino,Adultez (29 - 59 años),Postgrado,Área de la salud,3,3,3,3,3,3,3,3,3,3,3,3,3,,
1v0nC15GpcAkOvN0VZOFwR3QlkEXLh0BPbzE57FI5fR4,"-Satisfacción del Curso virtual - RPMS PI e I 012026 - (AISPPMSCVPI_01_2026, AISPPMSCVI_01_2026) (AISPPMSCVPI_02_2026, AISPPMSCVI_02_2026)",2026-04-10T20:54:09.503Z,N/A,Femenino,Adultez (29 - 59 años),Pregrado,Área de la salud,4,4,4,4,4,4,4,4,4,4,4,4,4,,
1v0nC15GpcAkOvN0VZOFwR3QlkEXLh0BPbzE57FI5fR4,"-Satisfacción del Curso virtual - RPMS PI e I 012026 - (AISPPMSCVPI_01_2026, AISPPMSCVI_01_2026) (AISPPMSCVPI_02_2026, AISPPMSCVI_02_2026)",2025-12-18T21:04:51.332Z,COMUNA 8,Femenino,Juventud (18 - 28 años),Pregrado,Área de la salud,5,5,5,5,5,5,5,5,5,5,5,5,5,,
1v0nC15GpcAkOvN0VZOFwR3QlkEXLh0BPbzE57FI5fR4,"-Satisfacción del Curso virtual - RPMS PI e I 012026 - (AISPPMSCVPI_01_2026, AISPPMSCVI_01_2026) (AISPPMSCVPI_02_2026, AISPPMSCVI_02_2026)",2025-12-22T13:11:48.403Z,COMUNA 1,Femenino,Juventud (18 - 28 años),Bachiller,Área de la salud,5,5,5,5,5,5,5,5,5,5,5,5,5,,
1v0nC15GpcAkOvN0VZOFwR3QlkEXLh0BPbzE57FI5fR4,"-Satisfacción del Curso virtual - RPMS PI e I 012026 - (AISPPMSCVPI_01_2026, AISPPMSCVI_01_2026) (AISPPMSCVPI_02_2026, AISPPMSCVI_02_2026)",2026-01-27T02:16:30.591Z,N/A,Masculino,Adultez (29 - 59 años),Pregrado,Área de la salud,5,5,5,5,5,5,5,5,5,5,5,5,5,,
1v0nC15GpcAkOvN0VZOFwR3QlkEXLh0BPbzE57FI5fR4,"-Satisfacción del Curso virtual - RPMS PI e I 012026 - (AISPPMSCVPI_01_2026, AISPPMSCVI_01_2026) (AISPPMSCVPI_02_2026, AISPPMSCVI_02_2026)",2026-01-31T04:35:23.792Z,N/A,Masculino,Adultez (29 - 59 años),Postgrado,Área de la salud,4,4,4,4,4,4,4,4,4,4,4,4,4,,
1v0nC15GpcAkOvN0VZOFwR3QlkEXLh0BPbzE57FI5fR4,"-Satisfacción del Curso virtual - RPMS PI e I 012026 - (AISPPMSCVPI_01_2026, AISPPMSCVI_01_2026) (AISPPMSCVPI_02_2026, AISPPMSCVI_02_2026)",2026-01-16T16:37:17.941Z,N/A,Femenino,Adultez (29 - 59 años),Pregrado,Área de la salud,4,4,4,4,4,4,4,4,4,4,4,4,4,,
1v0nC15GpcAkOvN0VZOFwR3QlkEXLh0BPbzE57FI5fR4,"-Satisfacción del Curso virtual - RPMS PI e I 012026 - (AISPPMSCVPI_01_2026, AISPPMSCVI_01_2026) (AISPPMSCVPI_02_2026, AISPPMSCVI_02_2026)",2025-12-16T16:01:43.159Z,N/A,Femenino,Adultez (29 - 59 años),Bachiller,Área de la salud,5,5,5,5,4,5,4,5,4,4,4,4,4,,
1v0nC15GpcAkOvN0VZOFwR3QlkEXLh0BPbzE57FI5fR4,"-Satisfacción del Curso virtual - RPMS PI e I 012026 - (AISPPMSCVPI_01_2026, AISPPMSCVI_01_2026) (AISPPMSCVPI_02_2026, AISPPMSCVI_02_2026)",2026-01-08T02:05:34.305Z,N/A,Femenino,Juventud (18 - 28 años),Pregrado,Área de la salud,4,4,4,4,4,4,4,4,4,4,4,4,4,,
1v0nC15GpcAkOvN0VZOFwR3QlkEXLh0BPbzE57FI5fR4,"-Satisfacción del Curso virtual - RPMS PI e I 012026 - (AISPPMSCVPI_01_2026, AISPPMSCVI_01_2026) (AISPPMSCVPI_02_2026, AISPPMSCVI_02_2026)",2026-04-09T02:16:07.456Z,N/A,Femenino,Adultez (29 - 59 años),Postgrado,Área de la salud,5,5,5,5,5,5,5,5,5,5,5,5,5,,
1v0nC15GpcAkOvN0VZOFwR3QlkEXLh0BPbzE57FI5fR4,"-Satisfacción del Curso virtual - RPMS PI e I 012026 - (AISPPMSCVPI_01_2026, AISPPMSCVI_01_2026) (AISPPMSCVPI_02_2026, AISPPMSCVI_02_2026)",2025-12-12T02:42:55.537Z,N/A,Femenino,Juventud (18 - 28 años),Pregrado,Área de la salud,4,4,4,4,4,3,4,4,4,4,4,4,4,,
1v0nC15GpcAkOvN0VZOFwR3QlkEXLh0BPbzE57FI5fR4,"-Satisfacción del Curso virtual - RPMS PI e I 012026 - (AISPPMSCVPI_01_2026, AISPPMSCVI_01_2026) (AISPPMSCVPI_02_2026, AISPPMSCVI_02_2026)",2026-01-01T17:34:55.986Z,N/A,Femenino,Juventud (18 - 28 años),Pregrado,Área de la salud,4,4,4,4,4,4,4,4,4,4,4,4,4,,
1v0nC15GpcAkOvN0VZOFwR3QlkEXLh0BPbzE57FI5fR4,"-Satisfacción del Curso virtual - RPMS PI e I 012026 - (AISPPMSCVPI_01_2026, AISPPMSCVI_01_2026) (AISPPMSCVPI_02_2026, AISPPMSCVI_02_2026)",2026-03-10T03:00:21.860Z,N/A,Femenino,Adultez (29 - 59 años),Pregrado,Área de la salud,5,5,5,5,5,5,5,5,5,5,5,5,5,,
1v0nC15GpcAkOvN0VZOFwR3QlkEXLh0BPbzE57FI5fR4,"-Satisfacción del Curso virtual - RPMS PI e I 012026 - (AISPPMSCVPI_01_2026, AISPPMSCVI_01_2026) (AISPPMSCVPI_02_2026, AISPPMSCVI_02_2026)",2026-03-13T22:52:47.718Z,N/A,Femenino,Adultez (29 - 59 años),Bachiller,Área de la salud,5,5,5,5,5,5,5,5,5,5,5,5,5,,
1v0nC15GpcAkOvN0VZOFwR3QlkEXLh0BPbzE57FI5fR4,"-Satisfacción del Curso virtual - RPMS PI e I 012026 - (AISPPMSCVPI_01_2026, AISPPMSCVI_01_2026) (AISPPMSCVPI_02_2026, AISPPMSCVI_02_2026)",2025-12-13T16:26:05.360Z,N/A,Femenino,Adultez (29 - 59 años),Pregrado,Área de la salud,4,4,4,4,5,5,4,2,2,2,2,3,4,,
1v0nC15GpcAkOvN0VZOFwR3QlkEXLh0BPbzE57FI5fR4,"-Satisfacción del Curso virtual - RPMS PI e I 012026 - (AISPPMSCVPI_01_2026, AISPPMSCVI_01_2026) (AISPPMSCVPI_02_2026, AISPPMSCVI_02_2026)",2026-01-14T14:47:11.125Z,COMUNA 13,Femenino,Adultez (29 - 59 años),Pregrado,Área de la salud,5,5,5,5,5,5,5,5,5,5,5,5,5,,
1v0nC15GpcAkOvN0VZOFwR3QlkEXLh0BPbzE57FI5fR4,"-Satisfacción del Curso virtual - RPMS PI e I 012026 - (AISPPMSCVPI_01_2026, AISPPMSCVI_01_2026) (AISPPMSCVPI_02_2026, AISPPMSCVI_02_2026)",2026-04-10T22:01:11.363Z,COMUNA 21,Femenino,Adultez (29 - 59 años),Pregrado,Área de la salud,4,4,4,4,4,4,4,4,4,4,4,4,4,,
1v0nC15GpcAkOvN0VZOFwR3QlkEXLh0BPbzE57FI5fR4,"-Satisfacción del Curso virtual - RPMS PI e I 012026 - (AISPPMSCVPI_01_2026, AISPPMSCVI_01_2026) (AISPPMSCVPI_02_2026, AISPPMSCVI_02_2026)",2026-04-11T02:25:33.925Z,COMUNA 1,Femenino,Adolescencia (12 - 17 años),Ninguna,Área de la salud,5,5,5,5,5,4,3,5,5,5,5,5,5,,
1v0nC15GpcAkOvN0VZOFwR3QlkEXLh0BPbzE57FI5fR4,"-Satisfacción del Curso virtual - RPMS PI e I 012026 - (AISPPMSCVPI_01_2026, AISPPMSCVI_01_2026) (AISPPMSCVPI_02_2026, AISPPMSCVI_02_2026)",2025-12-12T13:35:24.222Z,N/A,Femenino,Adultez (29 - 59 años),Bachiller,Área de la salud,5,5,5,5,5,5,5,5,5,5,5,5,5,,
1v0nC15GpcAkOvN0VZOFwR3QlkEXLh0BPbzE57FI5fR4,"-Satisfacción del Curso virtual - RPMS PI e I 012026 - (AISPPMSCVPI_01_2026, AISPPMSCVI_01_2026) (AISPPMSCVPI_02_2026, AISPPMSCVI_02_2026)",2026-04-09T13:38:02.020Z,C. DE LA BUITRERA,Femenino,Adultez (29 - 59 años),Pregrado,Área de la salud,5,5,5,5,5,5,5,5,5,5,5,5,5,,
1v0nC15GpcAkOvN0VZOFwR3QlkEXLh0BPbzE57FI5fR4,"-Satisfacción del Curso virtual - RPMS PI e I 012026 - (AISPPMSCVPI_01_2026, AISPPMSCVI_01_2026) (AISPPMSCVPI_02_2026, AISPPMSCVI_02_2026)",2026-01-14T21:11:03.262Z,COMUNA 6,Femenino,Adultez (29 - 59 años),Postgrado,Área de la salud,5,5,5,5,5,5,5,5,5,5,5,5,5,,
1v0nC15GpcAkOvN0VZOFwR3QlkEXLh0BPbzE57FI5fR4,"-Satisfacción del Curso virtual - RPMS PI e I 012026 - (AISPPMSCVPI_01_2026, AISPPMSCVI_01_2026) (AISPPMSCVPI_02_2026, AISPPMSCVI_02_2026)",2026-04-09T17:01:09.643Z,N/A,Femenino,Adultez (29 - 59 años),Pregrado,Área de la salud,4,4,5,4,5,5,5,5,5,5,4,4,5,,
1v0nC15GpcAkOvN0VZOFwR3QlkEXLh0BPbzE57FI5fR4,"-Satisfacción del Curso virtual - RPMS PI e I 012026 - (AISPPMSCVPI_01_2026, AISPPMSCVI_01_2026) (AISPPMSCVPI_02_2026, AISPPMSCVI_02_2026)",2026-04-07T23:17:40.448Z,COMUNA 8,Femenino,Adultez (29 - 59 años),Postgrado,Área de la salud,5,5,5,5,5,5,5,5,5,5,5,5,5,,
1v0nC15GpcAkOvN0VZOFwR3QlkEXLh0BPbzE57FI5fR4,"-Satisfacción del Curso virtual - RPMS PI e I 012026 - (AISPPMSCVPI_01_2026, AISPPMSCVI_01_2026) (AISPPMSCVPI_02_2026, AISPPMSCVI_02_2026)",2025-12-17T16:21:30.568Z,N/A,Femenino,Adolescencia (12 - 17 años),Bachiller,Área de la salud,5,5,5,4,5,5,5,5,5,5,5,5,5,,
1v0nC15GpcAkOvN0VZOFwR3QlkEXLh0BPbzE57FI5fR4,"-Satisfacción del Curso virtual - RPMS PI e I 012026 - (AISPPMSCVPI_01_2026, AISPPMSCVI_01_2026) (AISPPMSCVPI_02_2026, AISPPMSCVI_02_2026)",2026-01-18T00:44:23.445Z,COMUNA 4,Femenino,Juventud (18 - 28 años),Postgrado,Área de la salud,5,5,5,5,5,5,5,5,5,5,5,5,5,,
1v0nC15GpcAkOvN0VZOFwR3QlkEXLh0BPbzE57FI5fR4,"-Satisfacción del Curso virtual - RPMS PI e I 012026 - (AISPPMSCVPI_01_2026, AISPPMSCVI_01_2026) (AISPPMSCVPI_02_2026, AISPPMSCVI_02_2026)",2025-12-26T15:52:00.240Z,N/A,Femenino,Adultez (29 - 59 años),Pregrado,Área de la salud,4,4,4,4,4,4,4,4,4,4,4,4,4,,
1v0nC15GpcAkOvN0VZOFwR3QlkEXLh0BPbzE57FI5fR4,"-Satisfacción del Curso virtual - RPMS PI e I 012026 - (AISPPMSCVPI_01_2026, AISPPMSCVI_01_2026) (AISPPMSCVPI_02_2026, AISPPMSCVI_02_2026)",2025-12-22T02:50:51.666Z,N/A,Masculino,Adultez (29 - 59 años),Pregrado,Área de la salud,5,5,5,5,5,5,5,5,5,5,5,5,5,,
1v0nC15GpcAkOvN0VZOFwR3QlkEXLh0BPbzE57FI5fR4,"-Satisfacción del Curso virtual - RPMS PI e I 012026 - (AISPPMSCVPI_01_2026, AISPPMSCVI_01_2026) (AISPPMSCVPI_02_2026, AISPPMSCVI_02_2026)",2025-12-11T17:13:17.628Z,COMUNA 16,Femenino,Juventud (18 - 28 años),Pregrado,Área de la salud,4,4,4,4,4,4,4,4,4,4,4,4,4,,
1v0nC15GpcAkOvN0VZOFwR3QlkEXLh0BPbzE57FI5fR4,"-Satisfacción del Curso virtual - RPMS PI e I 012026 - (AISPPMSCVPI_01_2026, AISPPMSCVI_01_2026) (AISPPMSCVPI_02_2026, AISPPMSCVI_02_2026)",2025-12-16T17:33:32.853Z,N/A,Femenino,Adultez (29 - 59 años),Pregrado,Área de la salud,5,5,5,5,5,5,5,5,5,5,5,5,5,,
1v0nC15GpcAkOvN0VZOFwR3QlkEXLh0BPbzE57FI5fR4,"-Satisfacción del Curso virtual - RPMS PI e I 012026 - (AISPPMSCVPI_01_2026, AISPPMSCVI_01_2026) (AISPPMSCVPI_02_2026, AISPPMSCVI_02_2026)",2025-12-13T04:44:49.427Z,N/A,Femenino,Adultez (29 - 59 años),Bachiller,Área de la salud,5,5,5,5,5,5,5,5,5,5,5,5,5,,
1v0nC15GpcAkOvN0VZOFwR3QlkEXLh0BPbzE57FI5fR4,"-Satisfacción del Curso virtual - RPMS PI e I 012026 - (AISPPMSCVPI_01_2026, AISPPMSCVI_01_2026) (AISPPMSCVPI_02_2026, AISPPMSCVI_02_2026)",2026-04-09T15:58:26.950Z,N/A,Masculino,Juventud (18 - 28 años),Pregrado,Otro,5,5,5,5,5,5,5,5,5,5,5,5,5,,
1v0nC15GpcAkOvN0VZOFwR3QlkEXLh0BPbzE57FI5fR4,"-Satisfacción del Curso virtual - RPMS PI e I 012026 - (AISPPMSCVPI_01_2026, AISPPMSCVI_01_2026) (AISPPMSCVPI_02_2026, AISPPMSCVI_02_2026)",2026-01-14T00:44:39.540Z,COMUNA 1,Femenino,Adultez (29 - 59 años),Pregrado,Área de la salud,5,5,5,5,5,5,5,5,5,5,5,5,5,,
1v0nC15GpcAkOvN0VZOFwR3QlkEXLh0BPbzE57FI5fR4,"-Satisfacción del Curso virtual - RPMS PI e I 012026 - (AISPPMSCVPI_01_2026, AISPPMSCVI_01_2026) (AISPPMSCVPI_02_2026, AISPPMSCVI_02_2026)",2026-01-31T02:39:40.191Z,N/A,Femenino,Adultez (29 - 59 años),Postgrado,Área de la salud,5,5,5,5,5,5,5,5,5,5,5,5,5,,
1v0nC15GpcAkOvN0VZOFwR3QlkEXLh0BPbzE57FI5fR4,"-Satisfacción del Curso virtual - RPMS PI e I 012026 - (AISPPMSCVPI_01_2026, AISPPMSCVI_01_2026) (AISPPMSCVPI_02_2026, AISPPMSCVI_02_2026)",2025-12-12T23:13:49.113Z,N/A,Femenino,Juventud (18 - 28 años),Pregrado,Área de la salud,5,5,5,5,5,5,5,5,5,5,5,5,5,,
1v0nC15GpcAkOvN0VZOFwR3QlkEXLh0BPbzE57FI5fR4,"-Satisfacción del Curso virtual - RPMS PI e I 012026 - (AISPPMSCVPI_01_2026, AISPPMSCVI_01_2026) (AISPPMSCVPI_02_2026, AISPPMSCVI_02_2026)",2026-04-10T02:10:43.287Z,COMUNA 19,Femenino,Adultez (29 - 59 años),Postgrado,Área de la salud,5,5,5,5,5,5,5,5,5,5,5,5,5,,
1v0nC15GpcAkOvN0VZOFwR3QlkEXLh0BPbzE57FI5fR4,"-Satisfacción del Curso virtual - RPMS PI e I 012026 - (AISPPMSCVPI_01_2026, AISPPMSCVI_01_2026) (AISPPMSCVPI_02_2026, AISPPMSCVI_02_2026)",2026-03-12T22:49:13.157Z,COMUNA 18,Femenino,Adultez (29 - 59 años),Bachiller,Área de la salud,4,4,4,4,4,4,4,4,4,4,4,4,4,,
1v0nC15GpcAkOvN0VZOFwR3QlkEXLh0BPbzE57FI5fR4,"-Satisfacción del Curso virtual - RPMS PI e I 012026 - (AISPPMSCVPI_01_2026, AISPPMSCVI_01_2026) (AISPPMSCVPI_02_2026, AISPPMSCVI_02_2026)",2026-03-11T02:05:13.090Z,N/A,Masculino,Adultez (29 - 59 años),Pregrado,Área de la salud,5,5,5,5,5,5,5,5,5,5,5,5,5,,
1v0nC15GpcAkOvN0VZOFwR3QlkEXLh0BPbzE57FI5fR4,"-Satisfacción del Curso virtual - RPMS PI e I 012026 - (AISPPMSCVPI_01_2026, AISPPMSCVI_01_2026) (AISPPMSCVPI_02_2026, AISPPMSCVI_02_2026)",2025-12-06T18:29:19.032Z,N/A,Femenino,Adolescencia (12 - 17 años),Pregrado,Área de la salud,5,5,5,5,5,5,5,5,5,5,5,5,5,,
1v0nC15GpcAkOvN0VZOFwR3QlkEXLh0BPbzE57FI5fR4,"-Satisfacción del Curso virtual - RPMS PI e I 012026 - (AISPPMSCVPI_01_2026, AISPPMSCVI_01_2026) (AISPPMSCVPI_02_2026, AISPPMSCVI_02_2026)",2026-01-02T22:32:01.628Z,N/A,Femenino,Adultez (29 - 59 años),Postgrado,Área de la salud,5,5,5,4,5,5,5,5,4,4,5,5,5,,
1v0nC15GpcAkOvN0VZOFwR3QlkEXLh0BPbzE57FI5fR4,"-Satisfacción del Curso virtual - RPMS PI e I 012026 - (AISPPMSCVPI_01_2026, AISPPMSCVI_01_2026) (AISPPMSCVPI_02_2026, AISPPMSCVI_02_2026)",2026-03-18T16:42:15.465Z,N/A,Femenino,Adolescencia (12 - 17 años),Pregrado,Área de la salud,4,4,4,4,4,4,4,4,4,4,4,4,4,,
1v0nC15GpcAkOvN0VZOFwR3QlkEXLh0BPbzE57FI5fR4,"-Satisfacción del Curso virtual - RPMS PI e I 012026 - (AISPPMSCVPI_01_2026, AISPPMSCVI_01_2026) (AISPPMSCVPI_02_2026, AISPPMSCVI_02_2026)",2026-04-09T17:16:59.241Z,N/A,Femenino,Adultez (29 - 59 años),Postgrado,Área de la salud,1,1,1,1,1,1,1,1,1,1,1,1,1,,
1v0nC15GpcAkOvN0VZOFwR3QlkEXLh0BPbzE57FI5fR4,"-Satisfacción del Curso virtual - RPMS PI e I 012026 - (AISPPMSCVPI_01_2026, AISPPMSCVI_01_2026) (AISPPMSCVPI_02_2026, AISPPMSCVI_02_2026)",2026-03-17T20:10:24.691Z,N/A,Femenino,Adultez (29 - 59 años),Bachiller,Área de la salud,4,5,5,5,4,5,4,4,1,1,4,4,5,,
1v0nC15GpcAkOvN0VZOFwR3QlkEXLh0BPbzE57FI5fR4,"-Satisfacción del Curso virtual - RPMS PI e I 012026 - (AISPPMSCVPI_01_2026, AISPPMSCVI_01_2026) (AISPPMSCVPI_02_2026, AISPPMSCVI_02_2026)",2026-01-15T02:02:56.553Z,COMUNA 8,Masculino,Juventud (18 - 28 años),Pregrado,Área de la salud,5,5,5,5,5,5,5,5,5,2,5,5,5,,
1v0nC15GpcAkOvN0VZOFwR3QlkEXLh0BPbzE57FI5fR4,"-Satisfacción del Curso virtual - RPMS PI e I 012026 - (AISPPMSCVPI_01_2026, AISPPMSCVI_01_2026) (AISPPMSCVPI_02_2026, AISPPMSCVI_02_2026)",2026-04-11T04:23:01.796Z,N/A,Femenino,Adolescencia (12 - 17 años),Pregrado,Otro,5,5,5,5,5,5,5,5,5,5,5,5,5,,
1v0nC15GpcAkOvN0VZOFwR3QlkEXLh0BPbzE57FI5fR4,"-Satisfacción del Curso virtual - RPMS PI e I 012026 - (AISPPMSCVPI_01_2026, AISPPMSCVI_01_2026) (AISPPMSCVPI_02_2026, AISPPMSCVI_02_2026)",2025-12-20T00:02:17.954Z,N/A,Femenino,Juventud (18 - 28 años),Bachiller,Área de la salud,5,5,5,5,5,4,5,5,5,5,5,4,5,,
1v0nC15GpcAkOvN0VZOFwR3QlkEXLh0BPbzE57FI5fR4,"-Satisfacción del Curso virtual - RPMS PI e I 012026 - (AISPPMSCVPI_01_2026, AISPPMSCVI_01_2026) (AISPPMSCVPI_02_2026, AISPPMSCVI_02_2026)",2026-04-08T16:49:38.174Z,COMUNA 16,Femenino,Adultez (29 - 59 años),Postgrado,Área de la salud,5,5,5,5,5,5,5,5,5,5,5,5,5,,
1v0nC15GpcAkOvN0VZOFwR3QlkEXLh0BPbzE57FI5fR4,"-Satisfacción del Curso virtual - RPMS PI e I 012026 - (AISPPMSCVPI_01_2026, AISPPMSCVI_01_2026) (AISPPMSCVPI_02_2026, AISPPMSCVI_02_2026)",2026-01-28T02:44:59.765Z,N/A,Masculino,Vejez (60 años o más),Postgrado,Área de la salud,5,5,5,5,5,5,5,5,5,5,5,5,5,,
1v0nC15GpcAkOvN0VZOFwR3QlkEXLh0BPbzE57FI5fR4,"-Satisfacción del Curso virtual - RPMS PI e I 012026 - (AISPPMSCVPI_01_2026, AISPPMSCVI_01_2026) (AISPPMSCVPI_02_2026, AISPPMSCVI_02_2026)",2025-12-15T13:23:34.828Z,N/A,Femenino,Adultez (29 - 59 años),Pregrado,Área de la salud,3,3,3,2,2,3,3,3,3,3,3,3,3,,
1v0nC15GpcAkOvN0VZOFwR3QlkEXLh0BPbzE57FI5fR4,"-Satisfacción del Curso virtual - RPMS PI e I 012026 - (AISPPMSCVPI_01_2026, AISPPMSCVI_01_2026) (AISPPMSCVPI_02_2026, AISPPMSCVI_02_2026)",2025-12-09T13:11:21.720Z,N/A,Femenino,Juventud (18 - 28 años),Pregrado,Área de la salud,5,5,5,5,5,5,5,5,5,5,5,5,5,,
1v0nC15GpcAkOvN0VZOFwR3QlkEXLh0BPbzE57FI5fR4,"-Satisfacción del Curso virtual - RPMS PI e I 012026 - (AISPPMSCVPI_01_2026, AISPPMSCVI_01_2026) (AISPPMSCVPI_02_2026, AISPPMSCVI_02_2026)",2025-12-11T21:36:03.265Z,N/A,Femenino,Adultez (29 - 59 años),Bachiller,Área de la salud,5,5,5,5,5,5,5,5,5,5,5,5,5,,
1v0nC15GpcAkOvN0VZOFwR3QlkEXLh0BPbzE57FI5fR4,"-Satisfacción del Curso virtual - RPMS PI e I 012026 - (AISPPMSCVPI_01_2026, AISPPMSCVI_01_2026) (AISPPMSCVPI_02_2026, AISPPMSCVI_02_2026)",2026-01-05T21:12:21.613Z,N/A,Femenino,Adultez (29 - 59 años),Bachiller,Área de la salud,5,5,5,5,5,5,5,5,5,5,5,5,5,,
1v0nC15GpcAkOvN0VZOFwR3QlkEXLh0BPbzE57FI5fR4,"-Satisfacción del Curso virtual - RPMS PI e I 012026 - (AISPPMSCVPI_01_2026, AISPPMSCVI_01_2026) (AISPPMSCVPI_02_2026, AISPPMSCVI_02_2026)",2025-12-11T22:40:22.529Z,N/A,Femenino,Adultez (29 - 59 años),Postgrado,Área de la salud,5,5,5,5,5,5,5,4,4,4,4,4,4,,
1v0nC15GpcAkOvN0VZOFwR3QlkEXLh0BPbzE57FI5fR4,"-Satisfacción del Curso virtual - RPMS PI e I 012026 - (AISPPMSCVPI_01_2026, AISPPMSCVI_01_2026) (AISPPMSCVPI_02_2026, AISPPMSCVI_02_2026)",2025-12-22T14:34:24.020Z,N/A,Femenino,Adultez (29 - 59 años),Pregrado,Área de la salud,5,5,5,4,4,4,4,4,5,4,4,4,4,,
1v0nC15GpcAkOvN0VZOFwR3QlkEXLh0BPbzE57FI5fR4,"-Satisfacción del Curso virtual - RPMS PI e I 012026 - (AISPPMSCVPI_01_2026, AISPPMSCVI_01_2026) (AISPPMSCVPI_02_2026, AISPPMSCVI_02_2026)",2026-03-11T14:09:47.067Z,COMUNA 4,Femenino,Adultez (29 - 59 años),Postgrado,Área de la salud,1,1,1,1,1,1,1,1,1,1,1,1,1,,
1v0nC15GpcAkOvN0VZOFwR3QlkEXLh0BPbzE57FI5fR4,"-Satisfacción del Curso virtual - RPMS PI e I 012026 - (AISPPMSCVPI_01_2026, AISPPMSCVI_01_2026) (AISPPMSCVPI_02_2026, AISPPMSCVI_02_2026)",2025-12-10T01:52:47.186Z,COMUNA 7,Femenino,Adultez (29 - 59 años),Pregrado,Área de la salud,4,4,4,4,4,4,4,4,4,4,4,4,4,,
1v0nC15GpcAkOvN0VZOFwR3QlkEXLh0BPbzE57FI5fR4,"-Satisfacción del Curso virtual - RPMS PI e I 012026 - (AISPPMSCVPI_01_2026, AISPPMSCVI_01_2026) (AISPPMSCVPI_02_2026, AISPPMSCVI_02_2026)",2025-12-08T17:12:54.949Z,COMUNA 21,Femenino,Adultez (29 - 59 años),Pregrado,Área de la salud,5,5,5,5,5,5,5,5,5,5,5,5,5,,
1v0nC15GpcAkOvN0VZOFwR3QlkEXLh0BPbzE57FI5fR4,"-Satisfacción del Curso virtual - RPMS PI e I 012026 - (AISPPMSCVPI_01_2026, AISPPMSCVI_01_2026) (AISPPMSCVPI_02_2026, AISPPMSCVI_02_2026)",2025-12-18T00:26:14.915Z,N/A,Femenino,Adultez (29 - 59 años),Pregrado,Área de la salud,4,4,4,4,4,4,4,4,4,4,4,4,4,,
1v0nC15GpcAkOvN0VZOFwR3QlkEXLh0BPbzE57FI5fR4,"-Satisfacción del Curso virtual - RPMS PI e I 012026 - (AISPPMSCVPI_01_2026, AISPPMSCVI_01_2026) (AISPPMSCVPI_02_2026, AISPPMSCVI_02_2026)",2026-03-14T19:49:49.450Z,N/A,Femenino,Adultez (29 - 59 años),Pregrado,Área de la salud,5,5,5,5,5,5,5,5,5,5,5,5,5,,
1v0nC15GpcAkOvN0VZOFwR3QlkEXLh0BPbzE57FI5fR4,"-Satisfacción del Curso virtual - RPMS PI e I 012026 - (AISPPMSCVPI_01_2026, AISPPMSCVI_01_2026) (AISPPMSCVPI_02_2026, AISPPMSCVI_02_2026)",2025-12-19T20:32:29.586Z,N/A,Femenino,Juventud (18 - 28 años),Pregrado,Área de la salud,1,1,1,1,1,1,1,1,1,1,1,1,1,,
1v0nC15GpcAkOvN0VZOFwR3QlkEXLh0BPbzE57FI5fR4,"-Satisfacción del Curso virtual - RPMS PI e I 012026 - (AISPPMSCVPI_01_2026, AISPPMSCVI_01_2026) (AISPPMSCVPI_02_2026, AISPPMSCVI_02_2026)",2025-12-16T19:23:08.935Z,N/A,Femenino,Juventud (18 - 28 años),Postgrado,Área de la salud,4,4,4,4,4,4,4,4,4,1,4,4,4,,
1v0nC15GpcAkOvN0VZOFwR3QlkEXLh0BPbzE57FI5fR4,"-Satisfacción del Curso virtual - RPMS PI e I 012026 - (AISPPMSCVPI_01_2026, AISPPMSCVI_01_2026) (AISPPMSCVPI_02_2026, AISPPMSCVI_02_2026)",2026-04-09T03:34:16.190Z,COMUNA 18,Masculino,Adultez (29 - 59 años),Pregrado,Área de la salud,4,4,4,5,4,4,4,4,4,5,5,5,5,,
1v0nC15GpcAkOvN0VZOFwR3QlkEXLh0BPbzE57FI5fR4,"-Satisfacción del Curso virtual - RPMS PI e I 012026 - (AISPPMSCVPI_01_2026, AISPPMSCVI_01_2026) (AISPPMSCVPI_02_2026, AISPPMSCVI_02_2026)",2026-04-01T16:48:32.908Z,COMUNA 10,Femenino,Adultez (29 - 59 años),Postgrado,Área de la salud,5,5,5,5,5,5,5,5,5,5,5,5,5,,
1v0nC15GpcAkOvN0VZOFwR3QlkEXLh0BPbzE57FI5fR4,"-Satisfacción del Curso virtual - RPMS PI e I 012026 - (AISPPMSCVPI_01_2026, AISPPMSCVI_01_2026) (AISPPMSCVPI_02_2026, AISPPMSCVI_02_2026)",2026-04-09T15:16:07.977Z,N/A,Femenino,Adultez (29 - 59 años),Pregrado,Área de la salud,5,5,5,5,5,5,5,5,5,5,5,5,5,,
1v0nC15GpcAkOvN0VZOFwR3QlkEXLh0BPbzE57FI5fR4,"-Satisfacción del Curso virtual - RPMS PI e I 012026 - (AISPPMSCVPI_01_2026, AISPPMSCVI_01_2026) (AISPPMSCVPI_02_2026, AISPPMSCVI_02_2026)",2025-12-08T16:27:17.353Z,N/A,Femenino,Adultez (29 - 59 años),Bachiller,Área de la salud,5,5,5,5,5,5,5,5,5,5,5,5,5,,
1v0nC15GpcAkOvN0VZOFwR3QlkEXLh0BPbzE57FI5fR4,"-Satisfacción del Curso virtual - RPMS PI e I 012026 - (AISPPMSCVPI_01_2026, AISPPMSCVI_01_2026) (AISPPMSCVPI_02_2026, AISPPMSCVI_02_2026)",2026-02-03T14:32:19.868Z,N/A,Femenino,Adultez (29 - 59 años),Pregrado,Área de la salud,3,3,3,3,3,3,3,3,3,3,3,3,3,,
1v0nC15GpcAkOvN0VZOFwR3QlkEXLh0BPbzE57FI5fR4,"-Satisfacción del Curso virtual - RPMS PI e I 012026 - (AISPPMSCVPI_01_2026, AISPPMSCVI_01_2026) (AISPPMSCVPI_02_2026, AISPPMSCVI_02_2026)",2026-01-14T15:07:08.284Z,C. DE MONTEBELLO,Femenino,Adultez (29 - 59 años),Postgrado,Área de la salud,5,5,5,5,5,5,5,5,5,5,5,5,5,,
1v0nC15GpcAkOvN0VZOFwR3QlkEXLh0BPbzE57FI5fR4,"-Satisfacción del Curso virtual - RPMS PI e I 012026 - (AISPPMSCVPI_01_2026, AISPPMSCVI_01_2026) (AISPPMSCVPI_02_2026, AISPPMSCVI_02_2026)",2025-12-24T17:08:58.560Z,N/A,Femenino,Adultez (29 - 59 años),Pregrado,Otro,4,4,4,4,4,4,4,4,4,4,4,4,4,,
1v0nC15GpcAkOvN0VZOFwR3QlkEXLh0BPbzE57FI5fR4,"-Satisfacción del Curso virtual - RPMS PI e I 012026 - (AISPPMSCVPI_01_2026, AISPPMSCVI_01_2026) (AISPPMSCVPI_02_2026, AISPPMSCVI_02_2026)",2025-12-09T15:38:24.477Z,N/A,Masculino,Juventud (18 - 28 años),Bachiller,Área de la salud,5,5,5,4,5,4,3,4,5,5,5,5,5,,
1v0nC15GpcAkOvN0VZOFwR3QlkEXLh0BPbzE57FI5fR4,"-Satisfacción del Curso virtual - RPMS PI e I 012026 - (AISPPMSCVPI_01_2026, AISPPMSCVI_01_2026) (AISPPMSCVPI_02_2026, AISPPMSCVI_02_2026)",2026-04-08T04:07:22.941Z,N/A,Femenino,Juventud (18 - 28 años),Pregrado,Área de la salud,5,5,5,5,5,5,5,5,1,3,5,5,5,,
1v0nC15GpcAkOvN0VZOFwR3QlkEXLh0BPbzE57FI5fR4,"-Satisfacción del Curso virtual - RPMS PI e I 012026 - (AISPPMSCVPI_01_2026, AISPPMSCVI_01_2026) (AISPPMSCVPI_02_2026, AISPPMSCVI_02_2026)",2026-04-10T17:27:07.898Z,COMUNA 1,Femenino,Adultez (29 - 59 años),Ninguna,Área de la salud,2,3,1,3,5,4,1,3,1,1,1,1,1,,
1v0nC15GpcAkOvN0VZOFwR3QlkEXLh0BPbzE57FI5fR4,"-Satisfacción del Curso virtual - RPMS PI e I 012026 - (AISPPMSCVPI_01_2026, AISPPMSCVI_01_2026) (AISPPMSCVPI_02_2026, AISPPMSCVI_02_2026)",2025-12-10T14:20:10.768Z,COMUNA 1,Femenino,Adultez (29 - 59 años),Pregrado,Área de la salud,5,5,5,5,5,5,5,5,5,5,5,5,5,,
1v0nC15GpcAkOvN0VZOFwR3QlkEXLh0BPbzE57FI5fR4,"-Satisfacción del Curso virtual - RPMS PI e I 012026 - (AISPPMSCVPI_01_2026, AISPPMSCVI_01_2026) (AISPPMSCVPI_02_2026, AISPPMSCVI_02_2026)",2025-12-07T16:56:14.512Z,N/A,Femenino,Adultez (29 - 59 años),Ninguna,Área de la salud,5,5,5,5,5,5,5,5,5,5,5,5,5,,
1v0nC15GpcAkOvN0VZOFwR3QlkEXLh0BPbzE57FI5fR4,"-Satisfacción del Curso virtual - RPMS PI e I 012026 - (AISPPMSCVPI_01_2026, AISPPMSCVI_01_2026) (AISPPMSCVPI_02_2026, AISPPMSCVI_02_2026)",2026-01-15T19:20:08.997Z,N/A,Femenino,Adultez (29 - 59 años),Pregrado,Área de la salud,4,4,4,4,4,4,4,4,4,4,4,4,4,,
1v0nC15GpcAkOvN0VZOFwR3QlkEXLh0BPbzE57FI5fR4,"-Satisfacción del Curso virtual - RPMS PI e I 012026 - (AISPPMSCVPI_01_2026, AISPPMSCVI_01_2026) (AISPPMSCVPI_02_2026, AISPPMSCVI_02_2026)",2025-12-25T14:22:27.731Z,N/A,Femenino,Juventud (18 - 28 años),Pregrado,Área de la salud,5,5,5,5,5,5,5,5,5,5,5,5,5,,
1v0nC15GpcAkOvN0VZOFwR3QlkEXLh0BPbzE57FI5fR4,"-Satisfacción del Curso virtual - RPMS PI e I 012026 - (AISPPMSCVPI_01_2026, AISPPMSCVI_01_2026) (AISPPMSCVPI_02_2026, AISPPMSCVI_02_2026)",2026-01-08T16:58:00.934Z,N/A,Femenino,Juventud (18 - 28 años),Bachiller,Área de la salud,4,4,4,4,4,4,4,4,4,4,4,4,4,,
1v0nC15GpcAkOvN0VZOFwR3QlkEXLh0BPbzE57FI5fR4,"-Satisfacción del Curso virtual - RPMS PI e I 012026 - (AISPPMSCVPI_01_2026, AISPPMSCVI_01_2026) (AISPPMSCVPI_02_2026, AISPPMSCVI_02_2026)",2026-04-08T03:32:36.762Z,N/A,Femenino,Juventud (18 - 28 años),Bachiller,Área de la salud,5,5,5,5,5,5,5,5,5,5,5,5,5,,
1v0nC15GpcAkOvN0VZOFwR3QlkEXLh0BPbzE57FI5fR4,"-Satisfacción del Curso virtual - RPMS PI e I 012026 - (AISPPMSCVPI_01_2026, AISPPMSCVI_01_2026) (AISPPMSCVPI_02_2026, AISPPMSCVI_02_2026)",2026-04-09T02:39:40.194Z,N/A,Femenino,Juventud (18 - 28 años),Pregrado,Área de la salud,5,5,5,5,5,5,5,5,5,5,5,5,5,,
1v0nC15GpcAkOvN0VZOFwR3QlkEXLh0BPbzE57FI5fR4,"-Satisfacción del Curso virtual - RPMS PI e I 012026 - (AISPPMSCVPI_01_2026, AISPPMSCVI_01_2026) (AISPPMSCVPI_02_2026, AISPPMSCVI_02_2026)",2025-12-11T16:57:50.333Z,N/A,Femenino,Adultez (29 - 59 años),Postgrado,Área de la salud,5,5,5,5,5,5,5,5,5,5,5,5,5,,
1v0nC15GpcAkOvN0VZOFwR3QlkEXLh0BPbzE57FI5fR4,"-Satisfacción del Curso virtual - RPMS PI e I 012026 - (AISPPMSCVPI_01_2026, AISPPMSCVI_01_2026) (AISPPMSCVPI_02_2026, AISPPMSCVI_02_2026)",2025-12-06T15:48:04.043Z,COMUNA 2,Femenino,Juventud (18 - 28 años),Bachiller,Área de la salud,5,5,5,5,5,5,5,5,5,5,5,5,5,,
1v0nC15GpcAkOvN0VZOFwR3QlkEXLh0BPbzE57FI5fR4,"-Satisfacción del Curso virtual - RPMS PI e I 012026 - (AISPPMSCVPI_01_2026, AISPPMSCVI_01_2026) (AISPPMSCVPI_02_2026, AISPPMSCVI_02_2026)",2026-01-29T19:41:08.807Z,N/A,Femenino,Adultez (29 - 59 años),Pregrado,Área de la salud,5,5,5,5,5,5,5,5,5,5,5,5,5,,
1v0nC15GpcAkOvN0VZOFwR3QlkEXLh0BPbzE57FI5fR4,"-Satisfacción del Curso virtual - RPMS PI e I 012026 - (AISPPMSCVPI_01_2026, AISPPMSCVI_01_2026) (AISPPMSCVPI_02_2026, AISPPMSCVI_02_2026)",2025-12-22T22:17:42.126Z,COMUNA 9,Femenino,Juventud (18 - 28 años),Pregrado,Área de la salud,5,5,5,5,5,5,5,5,5,5,5,4,4,,
1v0nC15GpcAkOvN0VZOFwR3QlkEXLh0BPbzE57FI5fR4,"-Satisfacción del Curso virtual - RPMS PI e I 012026 - (AISPPMSCVPI_01_2026, AISPPMSCVI_01_2026) (AISPPMSCVPI_02_2026, AISPPMSCVI_02_2026)",2025-12-13T16:37:08.978Z,N/A,Femenino,Adultez (29 - 59 años),Pregrado,Área de la salud,4,4,4,4,4,5,3,4,2,2,3,4,4,,
1v0nC15GpcAkOvN0VZOFwR3QlkEXLh0BPbzE57FI5fR4,"-Satisfacción del Curso virtual - RPMS PI e I 012026 - (AISPPMSCVPI_01_2026, AISPPMSCVI_01_2026) (AISPPMSCVPI_02_2026, AISPPMSCVI_02_2026)",2026-01-30T03:08:43.939Z,N/A,Femenino,Adultez (29 - 59 años),Pregrado,Área de la salud,5,5,5,5,5,5,5,5,5,5,5,5,5,,
1v0nC15GpcAkOvN0VZOFwR3QlkEXLh0BPbzE57FI5fR4,"-Satisfacción del Curso virtual - RPMS PI e I 012026 - (AISPPMSCVPI_01_2026, AISPPMSCVI_01_2026) (AISPPMSCVPI_02_2026, AISPPMSCVI_02_2026)",2025-12-17T16:22:46.084Z,N/A,Femenino,Adultez (29 - 59 años),Pregrado,Área de la salud,3,3,3,3,3,3,3,3,3,3,3,3,3,,
1v0nC15GpcAkOvN0VZOFwR3QlkEXLh0BPbzE57FI5fR4,"-Satisfacción del Curso virtual - RPMS PI e I 012026 - (AISPPMSCVPI_01_2026, AISPPMSCVI_01_2026) (AISPPMSCVPI_02_2026, AISPPMSCVI_02_2026)",2025-12-16T02:09:04.879Z,N/A,Femenino,Juventud (18 - 28 años),Pregrado,Área de la salud,4,4,4,4,4,4,4,4,4,4,4,4,4,,
1v0nC15GpcAkOvN0VZOFwR3QlkEXLh0BPbzE57FI5fR4,"-Satisfacción del Curso virtual - RPMS PI e I 012026 - (AISPPMSCVPI_01_2026, AISPPMSCVI_01_2026) (AISPPMSCVPI_02_2026, AISPPMSCVI_02_2026)",2025-12-19T05:02:58.652Z,N/A,Femenino,Adultez (29 - 59 años),Pregrado,Área de la salud,5,4,4,5,5,5,4,4,4,4,4,4,4,,
1v0nC15GpcAkOvN0VZOFwR3QlkEXLh0BPbzE57FI5fR4,"-Satisfacción del Curso virtual - RPMS PI e I 012026 - (AISPPMSCVPI_01_2026, AISPPMSCVI_01_2026) (AISPPMSCVPI_02_2026, AISPPMSCVI_02_2026)",2026-01-14T20:07:39.412Z,COMUNA 1,Femenino,Adultez (29 - 59 años),Postgrado,Área de la salud,5,5,5,5,5,5,5,5,5,5,5,5,5,,
1v0nC15GpcAkOvN0VZOFwR3QlkEXLh0BPbzE57FI5fR4,"-Satisfacción del Curso virtual - RPMS PI e I 012026 - (AISPPMSCVPI_01_2026, AISPPMSCVI_01_2026) (AISPPMSCVPI_02_2026, AISPPMSCVI_02_2026)",2026-03-29T01:18:13.600Z,N/A,Femenino,Adultez (29 - 59 años),Postgrado,Área de la salud,5,5,5,5,5,5,5,5,5,5,5,5,5,,
1v0nC15GpcAkOvN0VZOFwR3QlkEXLh0BPbzE57FI5fR4,"-Satisfacción del Curso virtual - RPMS PI e I 012026 - (AISPPMSCVPI_01_2026, AISPPMSCVI_01_2026) (AISPPMSCVPI_02_2026, AISPPMSCVI_02_2026)",2026-01-09T01:00:48.507Z,N/A,Femenino,Adultez (29 - 59 años),Bachiller,Área de la salud,5,5,5,5,5,5,4,4,5,5,4,4,5,,
1v0nC15GpcAkOvN0VZOFwR3QlkEXLh0BPbzE57FI5fR4,"-Satisfacción del Curso virtual - RPMS PI e I 012026 - (AISPPMSCVPI_01_2026, AISPPMSCVI_01_2026) (AISPPMSCVPI_02_2026, AISPPMSCVI_02_2026)",2025-12-10T15:46:22.339Z,COMUNA 1,Femenino,Juventud (18 - 28 años),Pregrado,Área de la salud,5,5,5,5,5,5,5,5,5,5,5,5,5,,
1v0nC15GpcAkOvN0VZOFwR3QlkEXLh0BPbzE57FI5fR4,"-Satisfacción del Curso virtual - RPMS PI e I 012026 - (AISPPMSCVPI_01_2026, AISPPMSCVI_01_2026) (AISPPMSCVPI_02_2026, AISPPMSCVI_02_2026)",2026-01-07T03:35:04.625Z,COMUNA 9,Femenino,Juventud (18 - 28 años),Bachiller,Área de la salud,4,4,5,4,4,5,5,5,5,5,5,4,5,,
1v0nC15GpcAkOvN0VZOFwR3QlkEXLh0BPbzE57FI5fR4,"-Satisfacción del Curso virtual - RPMS PI e I 012026 - (AISPPMSCVPI_01_2026, AISPPMSCVI_01_2026) (AISPPMSCVPI_02_2026, AISPPMSCVI_02_2026)",2025-12-10T15:56:54.712Z,COMUNA 1,Femenino,Adultez (29 - 59 años),Pregrado,Área de la salud,5,5,5,4,5,5,5,5,5,5,4,5,5,,
1v0nC15GpcAkOvN0VZOFwR3QlkEXLh0BPbzE57FI5fR4,"-Satisfacción del Curso virtual - RPMS PI e I 012026 - (AISPPMSCVPI_01_2026, AISPPMSCVI_01_2026) (AISPPMSCVPI_02_2026, AISPPMSCVI_02_2026)",2025-12-13T14:43:20.674Z,N/A,Femenino,Juventud (18 - 28 años),Pregrado,Área de la salud,4,4,4,4,4,4,4,4,4,3,4,4,4,,
1v0nC15GpcAkOvN0VZOFwR3QlkEXLh0BPbzE57FI5fR4,"-Satisfacción del Curso virtual - RPMS PI e I 012026 - (AISPPMSCVPI_01_2026, AISPPMSCVI_01_2026) (AISPPMSCVPI_02_2026, AISPPMSCVI_02_2026)",2026-01-19T20:30:49.595Z,COMUNA 1,Femenino,Adultez (29 - 59 años),Postgrado,Área de la salud,5,5,5,5,5,5,5,5,5,5,5,5,5,,
1v0nC15GpcAkOvN0VZOFwR3QlkEXLh0BPbzE57FI5fR4,"-Satisfacción del Curso virtual - RPMS PI e I 012026 - (AISPPMSCVPI_01_2026, AISPPMSCVI_01_2026) (AISPPMSCVPI_02_2026, AISPPMSCVI_02_2026)",2026-04-09T22:25:59.551Z,N/A,Femenino,Adultez (29 - 59 años),Pregrado,Área de la salud,4,4,4,4,4,4,4,4,4,4,4,4,4,,
1v0nC15GpcAkOvN0VZOFwR3QlkEXLh0BPbzE57FI5fR4,"-Satisfacción del Curso virtual - RPMS PI e I 012026 - (AISPPMSCVPI_01_2026, AISPPMSCVI_01_2026) (AISPPMSCVPI_02_2026, AISPPMSCVI_02_2026)",2025-12-10T09:05:46.257Z,COMUNA 7,Femenino,Adultez (29 - 59 años),Postgrado,Área de la salud,4,5,5,5,5,5,5,5,5,5,5,5,5,,
1v0nC15GpcAkOvN0VZOFwR3QlkEXLh0BPbzE57FI5fR4,"-Satisfacción del Curso virtual - RPMS PI e I 012026 - (AISPPMSCVPI_01_2026, AISPPMSCVI_01_2026) (AISPPMSCVPI_02_2026, AISPPMSCVI_02_2026)",2025-12-16T03:00:32.427Z,N/A,Femenino,Adultez (29 - 59 años),Bachiller,Área de la salud,5,5,5,5,5,5,5,5,5,5,5,5,5,,
1v0nC15GpcAkOvN0VZOFwR3QlkEXLh0BPbzE57FI5fR4,"-Satisfacción del Curso virtual - RPMS PI e I 012026 - (AISPPMSCVPI_01_2026, AISPPMSCVI_01_2026) (AISPPMSCVPI_02_2026, AISPPMSCVI_02_2026)",2025-12-10T21:42:53.696Z,N/A,Femenino,Juventud (18 - 28 años),Pregrado,Área de la salud,5,5,5,5,5,5,5,5,5,5,5,5,5,,
1v0nC15GpcAkOvN0VZOFwR3QlkEXLh0BPbzE57FI5fR4,"-Satisfacción del Curso virtual - RPMS PI e I 012026 - (AISPPMSCVPI_01_2026, AISPPMSCVI_01_2026) (AISPPMSCVPI_02_2026, AISPPMSCVI_02_2026)",2026-01-13T23:22:14.777Z,N/A,Femenino,Juventud (18 - 28 años),Pregrado,Área de la salud,5,5,4,4,5,5,4,4,4,4,4,5,5,,
1v0nC15GpcAkOvN0VZOFwR3QlkEXLh0BPbzE57FI5fR4,"-Satisfacción del Curso virtual - RPMS PI e I 012026 - (AISPPMSCVPI_01_2026, AISPPMSCVI_01_2026) (AISPPMSCVPI_02_2026, AISPPMSCVI_02_2026)",2025-12-12T04:11:19.628Z,N/A,Femenino,Juventud (18 - 28 años),Pregrado,Área de la salud,5,5,5,5,5,5,5,5,5,5,5,5,5,,
1v0nC15GpcAkOvN0VZOFwR3QlkEXLh0BPbzE57FI5fR4,"-Satisfacción del Curso virtual - RPMS PI e I 012026 - (AISPPMSCVPI_01_2026, AISPPMSCVI_01_2026) (AISPPMSCVPI_02_2026, AISPPMSCVI_02_2026)",2025-12-21T23:41:49.038Z,N/A,Femenino,Adultez (29 - 59 años),Postgrado,Área de la salud,5,5,5,5,5,5,5,5,5,5,5,5,5,,
1v0nC15GpcAkOvN0VZOFwR3QlkEXLh0BPbzE57FI5fR4,"-Satisfacción del Curso virtual - RPMS PI e I 012026 - (AISPPMSCVPI_01_2026, AISPPMSCVI_01_2026) (AISPPMSCVPI_02_2026, AISPPMSCVI_02_2026)",2025-12-30T19:08:46.232Z,N/A,Femenino,Juventud (18 - 28 años),Pregrado,Área de la salud,5,5,5,5,5,5,5,5,5,5,5,5,5,,
1v0nC15GpcAkOvN0VZOFwR3QlkEXLh0BPbzE57FI5fR4,"-Satisfacción del Curso virtual - RPMS PI e I 012026 - (AISPPMSCVPI_01_2026, AISPPMSCVI_01_2026) (AISPPMSCVPI_02_2026, AISPPMSCVI_02_2026)",2025-12-29T13:43:32.111Z,N/A,Femenino,Juventud (18 - 28 años),Pregrado,Área de la salud,5,5,5,5,5,5,5,5,5,5,5,5,5,,
1v0nC15GpcAkOvN0VZOFwR3QlkEXLh0BPbzE57FI5fR4,"-Satisfacción del Curso virtual - RPMS PI e I 012026 - (AISPPMSCVPI_01_2026, AISPPMSCVI_01_2026) (AISPPMSCVPI_02_2026, AISPPMSCVI_02_2026)",2026-01-02T20:43:56.610Z,N/A,Femenino,Juventud (18 - 28 años),Pregrado,Área de la salud,4,4,4,4,4,4,4,4,4,4,4,4,4,,
1v0nC15GpcAkOvN0VZOFwR3QlkEXLh0BPbzE57FI5fR4,"-Satisfacción del Curso virtual - RPMS PI e I 012026 - (AISPPMSCVPI_01_2026, AISPPMSCVI_01_2026) (AISPPMSCVPI_02_2026, AISPPMSCVI_02_2026)",2025-12-30T16:44:12.147Z,COMUNA 19,Femenino,Adultez (29 - 59 años),Postgrado,Área de la salud,5,5,5,5,4,5,5,5,4,4,5,5,5,,
1v0nC15GpcAkOvN0VZOFwR3QlkEXLh0BPbzE57FI5fR4,"-Satisfacción del Curso virtual - RPMS PI e I 012026 - (AISPPMSCVPI_01_2026, AISPPMSCVI_01_2026) (AISPPMSCVPI_02_2026, AISPPMSCVI_02_2026)",2026-01-09T16:02:06.312Z,COMUNA 21,Femenino,Adultez (29 - 59 años),Bachiller,Área de la salud,3,4,4,4,4,4,4,4,4,4,4,4,4,,
1v0nC15GpcAkOvN0VZOFwR3QlkEXLh0BPbzE57FI5fR4,"-Satisfacción del Curso virtual - RPMS PI e I 012026 - (AISPPMSCVPI_01_2026, AISPPMSCVI_01_2026) (AISPPMSCVPI_02_2026, AISPPMSCVI_02_2026)",2026-01-28T03:49:24.815Z,N/A,Femenino,Juventud (18 - 28 años),Pregrado,Área de la salud,5,4,5,5,5,5,5,5,5,5,5,5,5,,
1v0nC15GpcAkOvN0VZOFwR3QlkEXLh0BPbzE57FI5fR4,"-Satisfacción del Curso virtual - RPMS PI e I 012026 - (AISPPMSCVPI_01_2026, AISPPMSCVI_01_2026) (AISPPMSCVPI_02_2026, AISPPMSCVI_02_2026)",2025-12-11T21:41:37.443Z,N/A,Femenino,Adultez (29 - 59 años),Bachiller,Área de la salud,5,5,5,5,5,5,5,5,5,5,5,5,5,,
1v0nC15GpcAkOvN0VZOFwR3QlkEXLh0BPbzE57FI5fR4,"-Satisfacción del Curso virtual - RPMS PI e I 012026 - (AISPPMSCVPI_01_2026, AISPPMSCVI_01_2026) (AISPPMSCVPI_02_2026, AISPPMSCVI_02_2026)",2026-01-16T16:07:37.390Z,N/A,Femenino,Adultez (29 - 59 años),Postgrado,Área de la salud,5,5,5,5,5,5,5,5,3,3,5,5,5,,
1v0nC15GpcAkOvN0VZOFwR3QlkEXLh0BPbzE57FI5fR4,"-Satisfacción del Curso virtual - RPMS PI e I 012026 - (AISPPMSCVPI_01_2026, AISPPMSCVI_01_2026) (AISPPMSCVPI_02_2026, AISPPMSCVI_02_2026)",2025-12-12T03:13:34.263Z,N/A,Femenino,Juventud (18 - 28 años),Pregrado,Área de la salud,5,5,5,5,5,5,5,5,5,5,5,5,5,,
1v0nC15GpcAkOvN0VZOFwR3QlkEXLh0BPbzE57FI5fR4,"-Satisfacción del Curso virtual - RPMS PI e I 012026 - (AISPPMSCVPI_01_2026, AISPPMSCVI_01_2026) (AISPPMSCVPI_02_2026, AISPPMSCVI_02_2026)",2026-04-10T14:42:19.235Z,COMUNA 9,Masculino,Adultez (29 - 59 años),Pregrado,Área de la salud,5,5,5,5,5,5,5,4,4,4,5,5,5,,
1v0nC15GpcAkOvN0VZOFwR3QlkEXLh0BPbzE57FI5fR4,"-Satisfacción del Curso virtual - RPMS PI e I 012026 - (AISPPMSCVPI_01_2026, AISPPMSCVI_01_2026) (AISPPMSCVPI_02_2026, AISPPMSCVI_02_2026)",2025-12-18T16:25:53.007Z,COMUNA 4,Femenino,Juventud (18 - 28 años),Postgrado,Área de la salud,5,5,5,5,5,5,5,5,5,5,5,5,5,,
1v0nC15GpcAkOvN0VZOFwR3QlkEXLh0BPbzE57FI5fR4,"-Satisfacción del Curso virtual - RPMS PI e I 012026 - (AISPPMSCVPI_01_2026, AISPPMSCVI_01_2026) (AISPPMSCVPI_02_2026, AISPPMSCVI_02_2026)",2026-03-10T14:22:54.522Z,N/A,Femenino,Adultez (29 - 59 años),Pregrado,Área de la salud,5,5,5,5,5,5,5,5,5,5,5,5,5,,
1v0nC15GpcAkOvN0VZOFwR3QlkEXLh0BPbzE57FI5fR4,"-Satisfacción del Curso virtual - RPMS PI e I 012026 - (AISPPMSCVPI_01_2026, AISPPMSCVI_01_2026) (AISPPMSCVPI_02_2026, AISPPMSCVI_02_2026)",2026-01-05T19:15:00.635Z,N/A,Masculino,Adultez (29 - 59 años),Pregrado,Área de la salud,3,4,4,4,4,4,4,4,3,4,3,4,4,,
1v0nC15GpcAkOvN0VZOFwR3QlkEXLh0BPbzE57FI5fR4,"-Satisfacción del Curso virtual - RPMS PI e I 012026 - (AISPPMSCVPI_01_2026, AISPPMSCVI_01_2026) (AISPPMSCVPI_02_2026, AISPPMSCVI_02_2026)",2025-12-12T04:22:33.259Z,N/A,Femenino,Adultez (29 - 59 años),Ninguna,Área de la salud,1,1,1,1,1,1,1,1,1,1,1,1,1,,
1v0nC15GpcAkOvN0VZOFwR3QlkEXLh0BPbzE57FI5fR4,"-Satisfacción del Curso virtual - RPMS PI e I 012026 - (AISPPMSCVPI_01_2026, AISPPMSCVI_01_2026) (AISPPMSCVPI_02_2026, AISPPMSCVI_02_2026)",2025-12-08T18:33:12.673Z,COMUNA 7,Masculino,Juventud (18 - 28 años),Postgrado,Área de la salud,4,4,4,4,4,4,4,4,4,4,4,4,4,,
1v0nC15GpcAkOvN0VZOFwR3QlkEXLh0BPbzE57FI5fR4,"-Satisfacción del Curso virtual - RPMS PI e I 012026 - (AISPPMSCVPI_01_2026, AISPPMSCVI_01_2026) (AISPPMSCVPI_02_2026, AISPPMSCVI_02_2026)",2025-12-15T19:01:34.926Z,N/A,Femenino,Adultez (29 - 59 años),Pregrado,Área de la salud,4,4,4,4,4,4,4,4,4,4,4,4,4,,
1v0nC15GpcAkOvN0VZOFwR3QlkEXLh0BPbzE57FI5fR4,"-Satisfacción del Curso virtual - RPMS PI e I 012026 - (AISPPMSCVPI_01_2026, AISPPMSCVI_01_2026) (AISPPMSCVPI_02_2026, AISPPMSCVI_02_2026)",2025-12-12T00:59:00.155Z,N/A,Femenino,Adultez (29 - 59 años),Pregrado,Área de la salud,5,5,5,5,5,5,5,5,5,5,5,5,5,,
1v0nC15GpcAkOvN0VZOFwR3QlkEXLh0BPbzE57FI5fR4,"-Satisfacción del Curso virtual - RPMS PI e I 012026 - (AISPPMSCVPI_01_2026, AISPPMSCVI_01_2026) (AISPPMSCVPI_02_2026, AISPPMSCVI_02_2026)",2025-12-22T14:20:02.762Z,N/A,Femenino,Adolescencia (12 - 17 años),Pregrado,Área de la salud,5,5,5,5,5,5,5,5,5,5,5,5,5,,
1v0nC15GpcAkOvN0VZOFwR3QlkEXLh0BPbzE57FI5fR4,"-Satisfacción del Curso virtual - RPMS PI e I 012026 - (AISPPMSCVPI_01_2026, AISPPMSCVI_01_2026) (AISPPMSCVPI_02_2026, AISPPMSCVI_02_2026)",2026-03-13T16:39:20.153Z,N/A,Femenino,Adultez (29 - 59 años),Pregrado,Área de la salud,4,4,4,4,4,4,4,4,5,4,5,5,4,,
1v0nC15GpcAkOvN0VZOFwR3QlkEXLh0BPbzE57FI5fR4,"-Satisfacción del Curso virtual - RPMS PI e I 012026 - (AISPPMSCVPI_01_2026, AISPPMSCVI_01_2026) (AISPPMSCVPI_02_2026, AISPPMSCVI_02_2026)",2026-01-06T00:13:44.259Z,N/A,Femenino,Juventud (18 - 28 años),Bachiller,Área de la salud,5,5,5,5,5,5,5,5,5,5,5,5,5,,
1v0nC15GpcAkOvN0VZOFwR3QlkEXLh0BPbzE57FI5fR4,"-Satisfacción del Curso virtual - RPMS PI e I 012026 - (AISPPMSCVPI_01_2026, AISPPMSCVI_01_2026) (AISPPMSCVPI_02_2026, AISPPMSCVI_02_2026)",2026-01-09T04:14:49.139Z,N/A,Femenino,Juventud (18 - 28 años),Pregrado,Estudiante,5,5,5,5,5,5,5,5,5,5,5,5,5,,
1v0nC15GpcAkOvN0VZOFwR3QlkEXLh0BPbzE57FI5fR4,"-Satisfacción del Curso virtual - RPMS PI e I 012026 - (AISPPMSCVPI_01_2026, AISPPMSCVI_01_2026) (AISPPMSCVPI_02_2026, AISPPMSCVI_02_2026)",2025-12-25T05:51:14.891Z,N/A,Masculino,Adultez (29 - 59 años),Postgrado,Área de la salud,4,5,5,5,4,5,5,4,3,3,5,4,5,,
1v0nC15GpcAkOvN0VZOFwR3QlkEXLh0BPbzE57FI5fR4,"-Satisfacción del Curso virtual - RPMS PI e I 012026 - (AISPPMSCVPI_01_2026, AISPPMSCVI_01_2026) (AISPPMSCVPI_02_2026, AISPPMSCVI_02_2026)",2025-12-06T15:43:37.350Z,COMUNA 2,Femenino,Juventud (18 - 28 años),Pregrado,Área de la salud,5,5,5,5,5,5,5,5,5,5,5,5,5,,
1v0nC15GpcAkOvN0VZOFwR3QlkEXLh0BPbzE57FI5fR4,"-Satisfacción del Curso virtual - RPMS PI e I 012026 - (AISPPMSCVPI_01_2026, AISPPMSCVI_01_2026) (AISPPMSCVPI_02_2026, AISPPMSCVI_02_2026)",2025-12-10T13:07:49.780Z,COMUNA 2,Femenino,Adultez (29 - 59 años),Postgrado,Área de la salud,5,5,5,5,5,5,5,5,5,5,5,5,5,,
1v0nC15GpcAkOvN0VZOFwR3QlkEXLh0BPbzE57FI5fR4,"-Satisfacción del Curso virtual - RPMS PI e I 012026 - (AISPPMSCVPI_01_2026, AISPPMSCVI_01_2026) (AISPPMSCVPI_02_2026, AISPPMSCVI_02_2026)",2025-12-10T02:43:16.468Z,N/A,Femenino,Adultez (29 - 59 años),Pregrado,Área de la salud,5,5,5,5,5,5,4,5,4,4,5,5,5,,
1v0nC15GpcAkOvN0VZOFwR3QlkEXLh0BPbzE57FI5fR4,"-Satisfacción del Curso virtual - RPMS PI e I 012026 - (AISPPMSCVPI_01_2026, AISPPMSCVI_01_2026) (AISPPMSCVPI_02_2026, AISPPMSCVI_02_2026)",2025-12-18T20:59:53.751Z,COMUNA 8,Femenino,Juventud (18 - 28 años),Pregrado,Área de la salud,4,4,4,4,4,4,4,4,4,4,4,4,4,,
1v0nC15GpcAkOvN0VZOFwR3QlkEXLh0BPbzE57FI5fR4,"-Satisfacción del Curso virtual - RPMS PI e I 012026 - (AISPPMSCVPI_01_2026, AISPPMSCVI_01_2026) (AISPPMSCVPI_02_2026, AISPPMSCVI_02_2026)",2026-01-12T23:44:30.858Z,N/A,Femenino,Adultez (29 - 59 años),Pregrado,Área de la salud,5,5,5,5,5,5,5,5,5,5,5,5,5,,
1v0nC15GpcAkOvN0VZOFwR3QlkEXLh0BPbzE57FI5fR4,"-Satisfacción del Curso virtual - RPMS PI e I 012026 - (AISPPMSCVPI_01_2026, AISPPMSCVI_01_2026) (AISPPMSCVPI_02_2026, AISPPMSCVI_02_2026)",2025-12-24T17:44:02.661Z,N/A,Femenino,Adultez (29 - 59 años),Pregrado,Área de la salud,1,1,1,1,1,1,1,1,1,1,1,1,1,,
1v0nC15GpcAkOvN0VZOFwR3QlkEXLh0BPbzE57FI5fR4,"-Satisfacción del Curso virtual - RPMS PI e I 012026 - (AISPPMSCVPI_01_2026, AISPPMSCVI_01_2026) (AISPPMSCVPI_02_2026, AISPPMSCVI_02_2026)",2025-12-12T15:20:15.472Z,N/A,Femenino,Adultez (29 - 59 años),Pregrado,Área de la salud,5,5,5,5,5,5,5,5,5,5,5,5,5,,
1v0nC15GpcAkOvN0VZOFwR3QlkEXLh0BPbzE57FI5fR4,"-Satisfacción del Curso virtual - RPMS PI e I 012026 - (AISPPMSCVPI_01_2026, AISPPMSCVI_01_2026) (AISPPMSCVPI_02_2026, AISPPMSCVI_02_2026)",2025-12-11T13:36:32.684Z,N/A,Femenino,Adultez (29 - 59 años),Bachiller,Área de la salud,5,5,5,5,5,5,5,5,5,5,5,5,5,,
1v0nC15GpcAkOvN0VZOFwR3QlkEXLh0BPbzE57FI5fR4,"-Satisfacción del Curso virtual - RPMS PI e I 012026 - (AISPPMSCVPI_01_2026, AISPPMSCVI_01_2026) (AISPPMSCVPI_02_2026, AISPPMSCVI_02_2026)",2025-12-08T22:16:57.913Z,COMUNA 1,Femenino,Adolescencia (12 - 17 años),Pregrado,Área de la salud,5,5,5,5,5,5,5,5,5,5,5,5,5,,
1v0nC15GpcAkOvN0VZOFwR3QlkEXLh0BPbzE57FI5fR4,"-Satisfacción del Curso virtual - RPMS PI e I 012026 - (AISPPMSCVPI_01_2026, AISPPMSCVI_01_2026) (AISPPMSCVPI_02_2026, AISPPMSCVI_02_2026)",2026-01-04T00:07:26.498Z,COMUNA 8,Femenino,Juventud (18 - 28 años),Pregrado,Área de la salud,5,5,5,5,5,5,5,5,5,5,5,5,5,,
1v0nC15GpcAkOvN0VZOFwR3QlkEXLh0BPbzE57FI5fR4,"-Satisfacción del Curso virtual - RPMS PI e I 012026 - (AISPPMSCVPI_01_2026, AISPPMSCVI_01_2026) (AISPPMSCVPI_02_2026, AISPPMSCVI_02_2026)",2025-12-29T01:04:55.435Z,COMUNA 17,Femenino,Adultez (29 - 59 años),Pregrado,Área de la salud,5,5,5,5,5,5,5,5,5,5,5,5,5,,
1v0nC15GpcAkOvN0VZOFwR3QlkEXLh0BPbzE57FI5fR4,"-Satisfacción del Curso virtual - RPMS PI e I 012026 - (AISPPMSCVPI_01_2026, AISPPMSCVI_01_2026) (AISPPMSCVPI_02_2026, AISPPMSCVI_02_2026)",2025-12-09T17:13:57.237Z,N/A,Femenino,Adultez (29 - 59 años),Bachiller,Área de la salud,4,4,4,4,4,4,4,4,4,4,4,4,4,,
1v0nC15GpcAkOvN0VZOFwR3QlkEXLh0BPbzE57FI5fR4,"-Satisfacción del Curso virtual - RPMS PI e I 012026 - (AISPPMSCVPI_01_2026, AISPPMSCVI_01_2026) (AISPPMSCVPI_02_2026, AISPPMSCVI_02_2026)",2025-12-15T16:24:27.229Z,N/A,Femenino,Adolescencia (12 - 17 años),Pregrado,Área de la salud,4,4,4,4,4,4,4,4,4,4,4,4,4,,
1v0nC15GpcAkOvN0VZOFwR3QlkEXLh0BPbzE57FI5fR4,"-Satisfacción del Curso virtual - RPMS PI e I 012026 - (AISPPMSCVPI_01_2026, AISPPMSCVI_01_2026) (AISPPMSCVPI_02_2026, AISPPMSCVI_02_2026)",2026-04-09T02:38:43.955Z,N/A,Femenino,Juventud (18 - 28 años),Pregrado,Área de la salud,5,5,5,5,5,5,5,5,5,5,5,5,5,,
1v0nC15GpcAkOvN0VZOFwR3QlkEXLh0BPbzE57FI5fR4,"-Satisfacción del Curso virtual - RPMS PI e I 012026 - (AISPPMSCVPI_01_2026, AISPPMSCVI_01_2026) (AISPPMSCVPI_02_2026, AISPPMSCVI_02_2026)",2025-12-08T16:26:33.273Z,N/A,Femenino,Adultez (29 - 59 años),Pregrado,Área de la salud,5,5,5,5,5,5,5,5,5,5,5,5,5,,
1v0nC15GpcAkOvN0VZOFwR3QlkEXLh0BPbzE57FI5fR4,"-Satisfacción del Curso virtual - RPMS PI e I 012026 - (AISPPMSCVPI_01_2026, AISPPMSCVI_01_2026) (AISPPMSCVPI_02_2026, AISPPMSCVI_02_2026)",2025-12-08T22:29:16.530Z,N/A,Femenino,Adultez (29 - 59 años),Pregrado,Área de la salud,5,5,5,4,4,5,5,5,4,4,4,5,5,,
1v0nC15GpcAkOvN0VZOFwR3QlkEXLh0BPbzE57FI5fR4,"-Satisfacción del Curso virtual - RPMS PI e I 012026 - (AISPPMSCVPI_01_2026, AISPPMSCVI_01_2026) (AISPPMSCVPI_02_2026, AISPPMSCVI_02_2026)",2025-12-15T15:27:52.497Z,C. DE PANCE,Femenino,Adultez (29 - 59 años),Pregrado,Área de la salud,4,4,4,4,4,4,4,4,4,4,4,4,4,,
1v0nC15GpcAkOvN0VZOFwR3QlkEXLh0BPbzE57FI5fR4,"-Satisfacción del Curso virtual - RPMS PI e I 012026 - (AISPPMSCVPI_01_2026, AISPPMSCVI_01_2026) (AISPPMSCVPI_02_2026, AISPPMSCVI_02_2026)",2025-12-08T16:02:20.741Z,COMUNA 1,Femenino,Juventud (18 - 28 años),Pregrado,Área de la salud,1,1,1,1,1,1,1,1,1,1,1,1,1,,
1v0nC15GpcAkOvN0VZOFwR3QlkEXLh0BPbzE57FI5fR4,"-Satisfacción del Curso virtual - RPMS PI e I 012026 - (AISPPMSCVPI_01_2026, AISPPMSCVI_01_2026) (AISPPMSCVPI_02_2026, AISPPMSCVI_02_2026)",2026-01-16T15:51:10.445Z,COMUNA 1,Femenino,Adultez (29 - 59 años),Bachiller,Área de la salud,5,5,5,5,5,5,5,5,5,5,5,5,5,,
1v0nC15GpcAkOvN0VZOFwR3QlkEXLh0BPbzE57FI5fR4,"-Satisfacción del Curso virtual - RPMS PI e I 012026 - (AISPPMSCVPI_01_2026, AISPPMSCVI_01_2026) (AISPPMSCVPI_02_2026, AISPPMSCVI_02_2026)",2026-04-10T04:16:09.694Z,COMUNA 10,Femenino,Juventud (18 - 28 años),Pregrado,Área de la salud,5,5,5,5,5,5,5,5,5,5,5,5,5,,
1v0nC15GpcAkOvN0VZOFwR3QlkEXLh0BPbzE57FI5fR4,"-Satisfacción del Curso virtual - RPMS PI e I 012026 - (AISPPMSCVPI_01_2026, AISPPMSCVI_01_2026) (AISPPMSCVPI_02_2026, AISPPMSCVI_02_2026)",2026-03-19T19:26:57.920Z,COMUNA 16,Femenino,Adolescencia (12 - 17 años),Pregrado,Área de la salud,5,5,5,5,5,5,5,5,4,4,5,5,5,,
1v0nC15GpcAkOvN0VZOFwR3QlkEXLh0BPbzE57FI5fR4,"-Satisfacción del Curso virtual - RPMS PI e I 012026 - (AISPPMSCVPI_01_2026, AISPPMSCVI_01_2026) (AISPPMSCVPI_02_2026, AISPPMSCVI_02_2026)",2026-03-31T01:21:21.570Z,N/A,Femenino,Adultez (29 - 59 años),Pregrado,Área de la salud,4,5,4,5,5,5,5,4,3,3,4,5,5,,
1v0nC15GpcAkOvN0VZOFwR3QlkEXLh0BPbzE57FI5fR4,"-Satisfacción del Curso virtual - RPMS PI e I 012026 - (AISPPMSCVPI_01_2026, AISPPMSCVI_01_2026) (AISPPMSCVPI_02_2026, AISPPMSCVI_02_2026)",2025-12-09T16:55:14.043Z,N/A,Femenino,Adultez (29 - 59 años),Bachiller,Área de la salud,5,5,5,5,5,5,4,4,5,5,5,5,4,,
1v0nC15GpcAkOvN0VZOFwR3QlkEXLh0BPbzE57FI5fR4,"-Satisfacción del Curso virtual - RPMS PI e I 012026 - (AISPPMSCVPI_01_2026, AISPPMSCVI_01_2026) (AISPPMSCVPI_02_2026, AISPPMSCVI_02_2026)",2026-03-13T22:32:58.260Z,N/A,Femenino,Adolescencia (12 - 17 años),Bachiller,Área de la salud,5,5,5,5,5,5,5,5,5,5,5,5,5,,
1v0nC15GpcAkOvN0VZOFwR3QlkEXLh0BPbzE57FI5fR4,"-Satisfacción del Curso virtual - RPMS PI e I 012026 - (AISPPMSCVPI_01_2026, AISPPMSCVI_01_2026) (AISPPMSCVPI_02_2026, AISPPMSCVI_02_2026)",2025-12-12T01:51:56.771Z,N/A,Femenino,Juventud (18 - 28 años),Pregrado,Área de la salud,5,5,5,5,5,5,5,5,5,5,5,5,5,,
1v0nC15GpcAkOvN0VZOFwR3QlkEXLh0BPbzE57FI5fR4,"-Satisfacción del Curso virtual - RPMS PI e I 012026 - (AISPPMSCVPI_01_2026, AISPPMSCVI_01_2026) (AISPPMSCVPI_02_2026, AISPPMSCVI_02_2026)",2025-12-11T20:26:59.526Z,N/A,Femenino,Adultez (29 - 59 años),Bachiller,Área de la salud,4,4,5,5,4,4,5,5,5,3,5,5,5,,
1v0nC15GpcAkOvN0VZOFwR3QlkEXLh0BPbzE57FI5fR4,"-Satisfacción del Curso virtual - RPMS PI e I 012026 - (AISPPMSCVPI_01_2026, AISPPMSCVI_01_2026) (AISPPMSCVPI_02_2026, AISPPMSCVI_02_2026)",2026-03-29T16:17:01.996Z,N/A,Femenino,Adultez (29 - 59 años),Pregrado,Área de la salud,5,5,5,5,5,5,5,5,5,5,5,5,5,,
1v0nC15GpcAkOvN0VZOFwR3QlkEXLh0BPbzE57FI5fR4,"-Satisfacción del Curso virtual - RPMS PI e I 012026 - (AISPPMSCVPI_01_2026, AISPPMSCVI_01_2026) (AISPPMSCVPI_02_2026, AISPPMSCVI_02_2026)",2025-12-31T13:29:05.697Z,COMUNA 2,Femenino,Adultez (29 - 59 años),Pregrado,Área de la salud,5,5,5,5,5,5,5,5,5,5,5,5,5,,
1v0nC15GpcAkOvN0VZOFwR3QlkEXLh0BPbzE57FI5fR4,"-Satisfacción del Curso virtual - RPMS PI e I 012026 - (AISPPMSCVPI_01_2026, AISPPMSCVI_01_2026) (AISPPMSCVPI_02_2026, AISPPMSCVI_02_2026)",2026-01-05T19:04:06.620Z,N/A,Femenino,Juventud (18 - 28 años),Postgrado,Área de la salud,5,5,5,5,5,5,5,5,5,5,5,5,5,,
1v0nC15GpcAkOvN0VZOFwR3QlkEXLh0BPbzE57FI5fR4,"-Satisfacción del Curso virtual - RPMS PI e I 012026 - (AISPPMSCVPI_01_2026, AISPPMSCVI_01_2026) (AISPPMSCVPI_02_2026, AISPPMSCVI_02_2026)",2026-03-25T23:09:59.398Z,N/A,Femenino,Adultez (29 - 59 años),Postgrado,Área de la salud,5,5,5,5,5,5,5,5,5,5,5,5,5,,
1v0nC15GpcAkOvN0VZOFwR3QlkEXLh0BPbzE57FI5fR4,"-Satisfacción del Curso virtual - RPMS PI e I 012026 - (AISPPMSCVPI_01_2026, AISPPMSCVI_01_2026) (AISPPMSCVPI_02_2026, AISPPMSCVI_02_2026)",2025-12-23T17:33:48.711Z,N/A,Femenino,Juventud (18 - 28 años),Pregrado,Área de la salud,4,5,5,5,5,5,5,5,5,5,5,5,5,,
1v0nC15GpcAkOvN0VZOFwR3QlkEXLh0BPbzE57FI5fR4,"-Satisfacción del Curso virtual - RPMS PI e I 012026 - (AISPPMSCVPI_01_2026, AISPPMSCVI_01_2026) (AISPPMSCVPI_02_2026, AISPPMSCVI_02_2026)",2026-04-10T04:44:41.639Z,COMUNA 14,Femenino,Adultez (29 - 59 años),Pregrado,Área de la salud,5,5,5,5,5,5,5,5,5,5,5,5,5,,
1v0nC15GpcAkOvN0VZOFwR3QlkEXLh0BPbzE57FI5fR4,"-Satisfacción del Curso virtual - RPMS PI e I 012026 - (AISPPMSCVPI_01_2026, AISPPMSCVI_01_2026) (AISPPMSCVPI_02_2026, AISPPMSCVI_02_2026)",2025-12-10T01:07:18.186Z,COMUNA 1,Femenino,Adultez (29 - 59 años),Postgrado,Área de la salud,5,5,5,5,5,5,5,5,5,5,5,5,5,,
1v0nC15GpcAkOvN0VZOFwR3QlkEXLh0BPbzE57FI5fR4,"-Satisfacción del Curso virtual - RPMS PI e I 012026 - (AISPPMSCVPI_01_2026, AISPPMSCVI_01_2026) (AISPPMSCVPI_02_2026, AISPPMSCVI_02_2026)",2025-12-12T01:12:10.372Z,N/A,Masculino,Juventud (18 - 28 años),Pregrado,Área de la salud,4,4,4,4,4,4,4,4,4,4,4,4,4,,
1v0nC15GpcAkOvN0VZOFwR3QlkEXLh0BPbzE57FI5fR4,"-Satisfacción del Curso virtual - RPMS PI e I 012026 - (AISPPMSCVPI_01_2026, AISPPMSCVI_01_2026) (AISPPMSCVPI_02_2026, AISPPMSCVI_02_2026)",2026-01-29T20:34:05.951Z,COMUNA 9,Femenino,Adultez (29 - 59 años),Pregrado,Área de la salud,5,5,5,5,5,5,5,5,5,5,5,5,5,,
1v0nC15GpcAkOvN0VZOFwR3QlkEXLh0BPbzE57FI5fR4,"-Satisfacción del Curso virtual - RPMS PI e I 012026 - (AISPPMSCVPI_01_2026, AISPPMSCVI_01_2026) (AISPPMSCVPI_02_2026, AISPPMSCVI_02_2026)",2026-01-08T23:38:00.994Z,COMUNA 21,Femenino,Adultez (29 - 59 años),Bachiller,Área de la salud,5,5,5,5,4,5,5,5,5,5,5,5,5,,
1v0nC15GpcAkOvN0VZOFwR3QlkEXLh0BPbzE57FI5fR4,"-Satisfacción del Curso virtual - RPMS PI e I 012026 - (AISPPMSCVPI_01_2026, AISPPMSCVI_01_2026) (AISPPMSCVPI_02_2026, AISPPMSCVI_02_2026)",2025-12-13T22:56:07.443Z,N/A,Femenino,Juventud (18 - 28 años),Ninguna,Área de la salud,5,5,5,5,5,5,5,5,5,5,5,5,5,,
1v0nC15GpcAkOvN0VZOFwR3QlkEXLh0BPbzE57FI5fR4,"-Satisfacción del Curso virtual - RPMS PI e I 012026 - (AISPPMSCVPI_01_2026, AISPPMSCVI_01_2026) (AISPPMSCVPI_02_2026, AISPPMSCVI_02_2026)",2026-03-21T12:45:10.505Z,N/A,Femenino,Juventud (18 - 28 años),Pregrado,Área de la salud,3,4,4,5,4,5,5,4,5,3,4,4,3,,
1v0nC15GpcAkOvN0VZOFwR3QlkEXLh0BPbzE57FI5fR4,"-Satisfacción del Curso virtual - RPMS PI e I 012026 - (AISPPMSCVPI_01_2026, AISPPMSCVI_01_2026) (AISPPMSCVPI_02_2026, AISPPMSCVI_02_2026)",2025-12-12T17:49:59.200Z,N/A,Masculino,Adultez (29 - 59 años),Pregrado,Área de la salud,5,5,5,5,5,5,5,5,5,5,5,5,5,,
1v0nC15GpcAkOvN0VZOFwR3QlkEXLh0BPbzE57FI5fR4,"-Satisfacción del Curso virtual - RPMS PI e I 012026 - (AISPPMSCVPI_01_2026, AISPPMSCVI_01_2026) (AISPPMSCVPI_02_2026, AISPPMSCVI_02_2026)",2025-12-18T21:26:29.370Z,N/A,Femenino,Adultez (29 - 59 años),Bachiller,Área de la salud,5,5,5,5,5,5,5,5,5,5,5,5,5,,
1v0nC15GpcAkOvN0VZOFwR3QlkEXLh0BPbzE57FI5fR4,"-Satisfacción del Curso virtual - RPMS PI e I 012026 - (AISPPMSCVPI_01_2026, AISPPMSCVI_01_2026) (AISPPMSCVPI_02_2026, AISPPMSCVI_02_2026)",2026-01-06T16:05:56.937Z,N/A,Masculino,Adultez (29 - 59 años),Pregrado,Área de la salud,5,5,5,5,5,5,5,5,5,5,5,5,5,,
1v0nC15GpcAkOvN0VZOFwR3QlkEXLh0BPbzE57FI5fR4,"-Satisfacción del Curso virtual - RPMS PI e I 012026 - (AISPPMSCVPI_01_2026, AISPPMSCVI_01_2026) (AISPPMSCVPI_02_2026, AISPPMSCVI_02_2026)",2026-01-14T01:55:11.314Z,N/A,Femenino,Adultez (29 - 59 años),Bachiller,Área de la salud,4,4,4,4,4,4,4,4,4,4,4,4,4,,
1v0nC15GpcAkOvN0VZOFwR3QlkEXLh0BPbzE57FI5fR4,"-Satisfacción del Curso virtual - RPMS PI e I 012026 - (AISPPMSCVPI_01_2026, AISPPMSCVI_01_2026) (AISPPMSCVPI_02_2026, AISPPMSCVI_02_2026)",2026-04-09T04:36:46.303Z,COMUNA 13,Femenino,Adultez (29 - 59 años),Bachiller,Área de la salud,4,4,4,4,4,4,4,4,4,3,4,5,4,,
1v0nC15GpcAkOvN0VZOFwR3QlkEXLh0BPbzE57FI5fR4,"-Satisfacción del Curso virtual - RPMS PI e I 012026 - (AISPPMSCVPI_01_2026, AISPPMSCVI_01_2026) (AISPPMSCVPI_02_2026, AISPPMSCVI_02_2026)",2025-12-13T21:19:16.894Z,N/A,Intersexual,Adultez (29 - 59 años),Bachiller,Área de la salud,5,5,5,5,5,5,5,5,5,5,5,5,5,,
1v0nC15GpcAkOvN0VZOFwR3QlkEXLh0BPbzE57FI5fR4,"-Satisfacción del Curso virtual - RPMS PI e I 012026 - (AISPPMSCVPI_01_2026, AISPPMSCVI_01_2026) (AISPPMSCVPI_02_2026, AISPPMSCVI_02_2026)",2026-03-19T18:53:47.545Z,N/A,Femenino,Adultez (29 - 59 años),Bachiller,Área de la salud,5,5,5,4,5,5,4,4,4,4,4,5,5,,
1v0nC15GpcAkOvN0VZOFwR3QlkEXLh0BPbzE57FI5fR4,"-Satisfacción del Curso virtual - RPMS PI e I 012026 - (AISPPMSCVPI_01_2026, AISPPMSCVI_01_2026) (AISPPMSCVPI_02_2026, AISPPMSCVI_02_2026)",2026-01-04T02:29:01.979Z,COMUNA 2,Femenino,Adultez (29 - 59 años),Pregrado,Área de la salud,5,4,5,5,5,5,5,5,5,5,5,5,5,,
1v0nC15GpcAkOvN0VZOFwR3QlkEXLh0BPbzE57FI5fR4,"-Satisfacción del Curso virtual - RPMS PI e I 012026 - (AISPPMSCVPI_01_2026, AISPPMSCVI_01_2026) (AISPPMSCVPI_02_2026, AISPPMSCVI_02_2026)",2025-12-11T02:52:35.125Z,N/A,Femenino,Adultez (29 - 59 años),Postgrado,Área de la salud,5,5,5,4,5,5,5,5,3,3,4,5,4,,
1v0nC15GpcAkOvN0VZOFwR3QlkEXLh0BPbzE57FI5fR4,"-Satisfacción del Curso virtual - RPMS PI e I 012026 - (AISPPMSCVPI_01_2026, AISPPMSCVI_01_2026) (AISPPMSCVPI_02_2026, AISPPMSCVI_02_2026)",2025-12-24T18:40:13.430Z,N/A,Femenino,Adultez (29 - 59 años),Postgrado,Área de la salud,4,4,4,4,4,4,4,4,4,4,4,4,4,,
1v0nC15GpcAkOvN0VZOFwR3QlkEXLh0BPbzE57FI5fR4,"-Satisfacción del Curso virtual - RPMS PI e I 012026 - (AISPPMSCVPI_01_2026, AISPPMSCVI_01_2026) (AISPPMSCVPI_02_2026, AISPPMSCVI_02_2026)",2026-03-11T04:43:25.315Z,N/A,Femenino,Adultez (29 - 59 años),Bachiller,Área de la salud,5,5,5,5,5,5,5,5,5,5,5,5,5,,
1v0nC15GpcAkOvN0VZOFwR3QlkEXLh0BPbzE57FI5fR4,"-Satisfacción del Curso virtual - RPMS PI e I 012026 - (AISPPMSCVPI_01_2026, AISPPMSCVI_01_2026) (AISPPMSCVPI_02_2026, AISPPMSCVI_02_2026)",2026-01-08T21:32:18.450Z,N/A,Femenino,Juventud (18 - 28 años),Bachiller,Área de la salud,4,4,4,4,4,4,4,4,4,4,4,4,4,,
1v0nC15GpcAkOvN0VZOFwR3QlkEXLh0BPbzE57FI5fR4,"-Satisfacción del Curso virtual - RPMS PI e I 012026 - (AISPPMSCVPI_01_2026, AISPPMSCVI_01_2026) (AISPPMSCVPI_02_2026, AISPPMSCVI_02_2026)",2025-12-12T05:08:45.673Z,N/A,Masculino,Adultez (29 - 59 años),Pregrado,Área de la salud,5,5,5,5,4,5,4,5,5,5,4,5,5,,
1v0nC15GpcAkOvN0VZOFwR3QlkEXLh0BPbzE57FI5fR4,"-Satisfacción del Curso virtual - RPMS PI e I 012026 - (AISPPMSCVPI_01_2026, AISPPMSCVI_01_2026) (AISPPMSCVPI_02_2026, AISPPMSCVI_02_2026)",2026-01-28T22:00:04.962Z,COMUNA 5,Femenino,Adolescencia (12 - 17 años),Pregrado,Área de la salud,4,4,4,4,4,4,4,4,4,4,4,4,4,,
1v0nC15GpcAkOvN0VZOFwR3QlkEXLh0BPbzE57FI5fR4,"-Satisfacción del Curso virtual - RPMS PI e I 012026 - (AISPPMSCVPI_01_2026, AISPPMSCVI_01_2026) (AISPPMSCVPI_02_2026, AISPPMSCVI_02_2026)",2025-12-26T02:19:49.093Z,N/A,Masculino,Adolescencia (12 - 17 años),Postgrado,Área de la salud,5,5,5,5,5,5,5,5,5,5,5,5,5,,
1v0nC15GpcAkOvN0VZOFwR3QlkEXLh0BPbzE57FI5fR4,"-Satisfacción del Curso virtual - RPMS PI e I 012026 - (AISPPMSCVPI_01_2026, AISPPMSCVI_01_2026) (AISPPMSCVPI_02_2026, AISPPMSCVI_02_2026)",2026-04-10T01:23:20.097Z,N/A,Femenino,Adultez (29 - 59 años),Bachiller,Área de la salud,5,5,5,5,5,5,5,5,5,5,5,5,5,,
1v0nC15GpcAkOvN0VZOFwR3QlkEXLh0BPbzE57FI5fR4,"-Satisfacción del Curso virtual - RPMS PI e I 012026 - (AISPPMSCVPI_01_2026, AISPPMSCVI_01_2026) (AISPPMSCVPI_02_2026, AISPPMSCVI_02_2026)",2025-12-17T19:17:57.590Z,N/A,Femenino,Juventud (18 - 28 años),Pregrado,Área de la salud,5,5,5,5,5,5,5,5,5,5,5,5,5,,
1v0nC15GpcAkOvN0VZOFwR3QlkEXLh0BPbzE57FI5fR4,"-Satisfacción del Curso virtual - RPMS PI e I 012026 - (AISPPMSCVPI_01_2026, AISPPMSCVI_01_2026) (AISPPMSCVPI_02_2026, AISPPMSCVI_02_2026)",2025-12-20T00:30:49.647Z,N/A,Femenino,Adultez (29 - 59 años),Bachiller,Área de la salud,5,5,5,5,5,5,5,5,5,5,5,5,5,,
1v0nC15GpcAkOvN0VZOFwR3QlkEXLh0BPbzE57FI5fR4,"-Satisfacción del Curso virtual - RPMS PI e I 012026 - (AISPPMSCVPI_01_2026, AISPPMSCVI_01_2026) (AISPPMSCVPI_02_2026, AISPPMSCVI_02_2026)",2026-01-16T21:55:40.729Z,N/A,Femenino,Adultez (29 - 59 años),Pregrado,Área de la salud,5,5,5,5,5,5,5,5,5,5,5,5,5,,
1v0nC15GpcAkOvN0VZOFwR3QlkEXLh0BPbzE57FI5fR4,"-Satisfacción del Curso virtual - RPMS PI e I 012026 - (AISPPMSCVPI_01_2026, AISPPMSCVI_01_2026) (AISPPMSCVPI_02_2026, AISPPMSCVI_02_2026)",2026-01-16T23:53:35.384Z,N/A,Femenino,Juventud (18 - 28 años),Pregrado,Área de la salud,5,5,5,5,5,5,5,5,5,5,5,5,5,,
1v0nC15GpcAkOvN0VZOFwR3QlkEXLh0BPbzE57FI5fR4,"-Satisfacción del Curso virtual - RPMS PI e I 012026 - (AISPPMSCVPI_01_2026, AISPPMSCVI_01_2026) (AISPPMSCVPI_02_2026, AISPPMSCVI_02_2026)",2025-12-07T02:30:07.806Z,N/A,Masculino,Adultez (29 - 59 años),Pregrado,Área de la salud,4,4,5,4,5,4,3,4,3,2,4,4,4,,
1v0nC15GpcAkOvN0VZOFwR3QlkEXLh0BPbzE57FI5fR4,"-Satisfacción del Curso virtual - RPMS PI e I 012026 - (AISPPMSCVPI_01_2026, AISPPMSCVI_01_2026) (AISPPMSCVPI_02_2026, AISPPMSCVI_02_2026)",2026-01-27T16:14:38.167Z,N/A,Femenino,Juventud (18 - 28 años),Pregrado,Área de la salud,5,5,5,5,5,5,5,5,5,5,5,5,5,,
1v0nC15GpcAkOvN0VZOFwR3QlkEXLh0BPbzE57FI5fR4,"-Satisfacción del Curso virtual - RPMS PI e I 012026 - (AISPPMSCVPI_01_2026, AISPPMSCVI_01_2026) (AISPPMSCVPI_02_2026, AISPPMSCVI_02_2026)",2026-01-05T12:54:32.221Z,N/A,Femenino,Adultez (29 - 59 años),Pregrado,Área de la salud,5,5,5,5,4,5,5,5,5,3,5,5,4,,
1v0nC15GpcAkOvN0VZOFwR3QlkEXLh0BPbzE57FI5fR4,"-Satisfacción del Curso virtual - RPMS PI e I 012026 - (AISPPMSCVPI_01_2026, AISPPMSCVI_01_2026) (AISPPMSCVPI_02_2026, AISPPMSCVI_02_2026)",2026-01-07T20:31:39.970Z,COMUNA 16,Femenino,Adultez (29 - 59 años),Postgrado,Área de la salud,5,5,5,5,5,5,5,5,5,5,5,5,5,,
1v0nC15GpcAkOvN0VZOFwR3QlkEXLh0BPbzE57FI5fR4,"-Satisfacción del Curso virtual - RPMS PI e I 012026 - (AISPPMSCVPI_01_2026, AISPPMSCVI_01_2026) (AISPPMSCVPI_02_2026, AISPPMSCVI_02_2026)",2025-12-29T22:55:59.779Z,COMUNA 6,Femenino,Juventud (18 - 28 años),Pregrado,Área de la salud,5,5,5,5,5,5,5,5,5,5,5,5,5,,
1v0nC15GpcAkOvN0VZOFwR3QlkEXLh0BPbzE57FI5fR4,"-Satisfacción del Curso virtual - RPMS PI e I 012026 - (AISPPMSCVPI_01_2026, AISPPMSCVI_01_2026) (AISPPMSCVPI_02_2026, AISPPMSCVI_02_2026)",2025-12-10T19:43:04.185Z,N/A,Femenino,Adultez (29 - 59 años),Postgrado,Área de la salud,5,5,5,4,5,5,5,5,5,5,5,5,5,,
1v0nC15GpcAkOvN0VZOFwR3QlkEXLh0BPbzE57FI5fR4,"-Satisfacción del Curso virtual - RPMS PI e I 012026 - (AISPPMSCVPI_01_2026, AISPPMSCVI_01_2026) (AISPPMSCVPI_02_2026, AISPPMSCVI_02_2026)",2025-12-12T22:43:04.787Z,N/A,Femenino,Adultez (29 - 59 años),Bachiller,Área de la salud,4,4,5,4,5,5,5,5,4,4,5,5,5,,
1v0nC15GpcAkOvN0VZOFwR3QlkEXLh0BPbzE57FI5fR4,"-Satisfacción del Curso virtual - RPMS PI e I 012026 - (AISPPMSCVPI_01_2026, AISPPMSCVI_01_2026) (AISPPMSCVPI_02_2026, AISPPMSCVI_02_2026)",2025-12-10T20:37:10.863Z,N/A,Femenino,Adultez (29 - 59 años),Bachiller,Área de la salud,5,5,5,5,5,5,5,5,5,5,5,5,5,,
1v0nC15GpcAkOvN0VZOFwR3QlkEXLh0BPbzE57FI5fR4,"-Satisfacción del Curso virtual - RPMS PI e I 012026 - (AISPPMSCVPI_01_2026, AISPPMSCVI_01_2026) (AISPPMSCVPI_02_2026, AISPPMSCVI_02_2026)",2025-12-20T15:07:17.152Z,COMUNA 2,Femenino,Juventud (18 - 28 años),Pregrado,Área de la salud,3,3,3,3,3,3,3,3,3,3,3,3,3,,
1v0nC15GpcAkOvN0VZOFwR3QlkEXLh0BPbzE57FI5fR4,"-Satisfacción del Curso virtual - RPMS PI e I 012026 - (AISPPMSCVPI_01_2026, AISPPMSCVI_01_2026) (AISPPMSCVPI_02_2026, AISPPMSCVI_02_2026)",2026-01-08T03:28:02.287Z,COMUNA 7,Femenino,Adultez (29 - 59 años),Pregrado,Área de la salud,5,5,5,5,5,5,5,5,5,5,5,5,5,,
1v0nC15GpcAkOvN0VZOFwR3QlkEXLh0BPbzE57FI5fR4,"-Satisfacción del Curso virtual - RPMS PI e I 012026 - (AISPPMSCVPI_01_2026, AISPPMSCVI_01_2026) (AISPPMSCVPI_02_2026, AISPPMSCVI_02_2026)",2025-12-15T17:11:49.429Z,N/A,Femenino,Adultez (29 - 59 años),Bachiller,Área de la salud,1,1,1,1,1,1,1,1,1,1,1,1,1,,
1v0nC15GpcAkOvN0VZOFwR3QlkEXLh0BPbzE57FI5fR4,"-Satisfacción del Curso virtual - RPMS PI e I 012026 - (AISPPMSCVPI_01_2026, AISPPMSCVI_01_2026) (AISPPMSCVPI_02_2026, AISPPMSCVI_02_2026)",2026-04-09T23:23:45.482Z,N/A,Femenino,Adultez (29 - 59 años),Pregrado,Área de la salud,5,5,5,5,5,5,5,5,5,5,5,5,5,,
1v0nC15GpcAkOvN0VZOFwR3QlkEXLh0BPbzE57FI5fR4,"-Satisfacción del Curso virtual - RPMS PI e I 012026 - (AISPPMSCVPI_01_2026, AISPPMSCVI_01_2026) (AISPPMSCVPI_02_2026, AISPPMSCVI_02_2026)",2026-01-15T03:15:09.873Z,N/A,Femenino,Adultez (29 - 59 años),Pregrado,Área de la salud,5,5,5,5,5,5,5,5,5,5,5,5,5,,
1v0nC15GpcAkOvN0VZOFwR3QlkEXLh0BPbzE57FI5fR4,"-Satisfacción del Curso virtual - RPMS PI e I 012026 - (AISPPMSCVPI_01_2026, AISPPMSCVI_01_2026) (AISPPMSCVPI_02_2026, AISPPMSCVI_02_2026)",2026-04-09T03:09:32.624Z,N/A,Masculino,Juventud (18 - 28 años),Bachiller,Área de la salud,5,5,5,5,5,5,5,5,5,5,5,5,5,,
1v0nC15GpcAkOvN0VZOFwR3QlkEXLh0BPbzE57FI5fR4,"-Satisfacción del Curso virtual - RPMS PI e I 012026 - (AISPPMSCVPI_01_2026, AISPPMSCVI_01_2026) (AISPPMSCVPI_02_2026, AISPPMSCVI_02_2026)",2025-12-12T01:53:50.845Z,N/A,Femenino,Adultez (29 - 59 años),Pregrado,Área de la salud,5,4,4,4,5,4,3,4,3,3,4,4,4,,
1v0nC15GpcAkOvN0VZOFwR3QlkEXLh0BPbzE57FI5fR4,"-Satisfacción del Curso virtual - RPMS PI e I 012026 - (AISPPMSCVPI_01_2026, AISPPMSCVI_01_2026) (AISPPMSCVPI_02_2026, AISPPMSCVI_02_2026)",2025-12-15T01:12:31.145Z,COMUNA 5,Femenino,Adultez (29 - 59 años),Pregrado,Área de la salud,4,4,4,4,4,4,4,4,4,4,4,4,4,,
1v0nC15GpcAkOvN0VZOFwR3QlkEXLh0BPbzE57FI5fR4,"-Satisfacción del Curso virtual - RPMS PI e I 012026 - (AISPPMSCVPI_01_2026, AISPPMSCVI_01_2026) (AISPPMSCVPI_02_2026, AISPPMSCVI_02_2026)",2025-12-10T21:34:14.114Z,N/A,Femenino,Juventud (18 - 28 años),Pregrado,Área de la salud,4,4,4,4,4,4,4,4,4,4,4,4,4,,
1v0nC15GpcAkOvN0VZOFwR3QlkEXLh0BPbzE57FI5fR4,"-Satisfacción del Curso virtual - RPMS PI e I 012026 - (AISPPMSCVPI_01_2026, AISPPMSCVI_01_2026) (AISPPMSCVPI_02_2026, AISPPMSCVI_02_2026)",2025-12-13T15:32:37.134Z,N/A,Femenino,Adultez (29 - 59 años),Pregrado,Área de la salud,5,5,5,5,5,5,5,5,4,4,5,5,5,,
1v0nC15GpcAkOvN0VZOFwR3QlkEXLh0BPbzE57FI5fR4,"-Satisfacción del Curso virtual - RPMS PI e I 012026 - (AISPPMSCVPI_01_2026, AISPPMSCVI_01_2026) (AISPPMSCVPI_02_2026, AISPPMSCVI_02_2026)",2025-12-11T22:52:24.073Z,N/A,Femenino,Adultez (29 - 59 años),Pregrado,Área de la salud,4,4,4,4,4,4,4,4,4,4,4,4,4,,
1v0nC15GpcAkOvN0VZOFwR3QlkEXLh0BPbzE57FI5fR4,"-Satisfacción del Curso virtual - RPMS PI e I 012026 - (AISPPMSCVPI_01_2026, AISPPMSCVI_01_2026) (AISPPMSCVPI_02_2026, AISPPMSCVI_02_2026)",2026-04-10T20:23:26.004Z,N/A,Femenino,Adultez (29 - 59 años),Ninguna,Área de la salud,4,4,4,4,4,3,4,5,4,4,4,4,4,,
1v0nC15GpcAkOvN0VZOFwR3QlkEXLh0BPbzE57FI5fR4,"-Satisfacción del Curso virtual - RPMS PI e I 012026 - (AISPPMSCVPI_01_2026, AISPPMSCVI_01_2026) (AISPPMSCVPI_02_2026, AISPPMSCVI_02_2026)",2026-03-28T15:59:13.078Z,N/A,Femenino,Adultez (29 - 59 años),Bachiller,Área de la salud,5,5,5,5,5,5,5,5,3,2,4,5,5,,
1v0nC15GpcAkOvN0VZOFwR3QlkEXLh0BPbzE57FI5fR4,"-Satisfacción del Curso virtual - RPMS PI e I 012026 - (AISPPMSCVPI_01_2026, AISPPMSCVI_01_2026) (AISPPMSCVPI_02_2026, AISPPMSCVI_02_2026)",2025-12-10T16:35:59.054Z,N/A,Femenino,Juventud (18 - 28 años),Pregrado,Área de la salud,5,5,5,5,5,5,5,5,5,5,5,5,5,,
1v0nC15GpcAkOvN0VZOFwR3QlkEXLh0BPbzE57FI5fR4,"-Satisfacción del Curso virtual - RPMS PI e I 012026 - (AISPPMSCVPI_01_2026, AISPPMSCVI_01_2026) (AISPPMSCVPI_02_2026, AISPPMSCVI_02_2026)",2026-04-07T16:51:43.520Z,N/A,Femenino,Juventud (18 - 28 años),Pregrado,Área de la salud,5,5,5,5,5,5,5,5,5,5,5,5,5,,
1v0nC15GpcAkOvN0VZOFwR3QlkEXLh0BPbzE57FI5fR4,"-Satisfacción del Curso virtual - RPMS PI e I 012026 - (AISPPMSCVPI_01_2026, AISPPMSCVI_01_2026) (AISPPMSCVPI_02_2026, AISPPMSCVI_02_2026)",2025-12-30T15:42:45.660Z,N/A,Femenino,Juventud (18 - 28 años),Pregrado,Área de la salud,4,5,4,4,5,5,4,4,4,5,4,4,4,,
1v0nC15GpcAkOvN0VZOFwR3QlkEXLh0BPbzE57FI5fR4,"-Satisfacción del Curso virtual - RPMS PI e I 012026 - (AISPPMSCVPI_01_2026, AISPPMSCVI_01_2026) (AISPPMSCVPI_02_2026, AISPPMSCVI_02_2026)",2026-01-03T19:51:04.632Z,N/A,Femenino,Adultez (29 - 59 años),Bachiller,Área de la salud,5,5,5,5,5,5,5,5,5,5,5,5,5,,
1v0nC15GpcAkOvN0VZOFwR3QlkEXLh0BPbzE57FI5fR4,"-Satisfacción del Curso virtual - RPMS PI e I 012026 - (AISPPMSCVPI_01_2026, AISPPMSCVI_01_2026) (AISPPMSCVPI_02_2026, AISPPMSCVI_02_2026)",2025-12-29T01:24:15.731Z,COMUNA 10,Femenino,Juventud (18 - 28 años),Pregrado,Área de la salud,4,4,4,5,4,5,4,5,5,4,5,4,5,,
1v0nC15GpcAkOvN0VZOFwR3QlkEXLh0BPbzE57FI5fR4,"-Satisfacción del Curso virtual - RPMS PI e I 012026 - (AISPPMSCVPI_01_2026, AISPPMSCVI_01_2026) (AISPPMSCVPI_02_2026, AISPPMSCVI_02_2026)",2026-01-30T04:54:14.740Z,N/A,Femenino,Adultez (29 - 59 años),Postgrado,Área de la salud,5,5,5,5,5,5,5,5,5,5,5,5,5,,
1v0nC15GpcAkOvN0VZOFwR3QlkEXLh0BPbzE57FI5fR4,"-Satisfacción del Curso virtual - RPMS PI e I 012026 - (AISPPMSCVPI_01_2026, AISPPMSCVI_01_2026) (AISPPMSCVPI_02_2026, AISPPMSCVI_02_2026)",2025-12-12T01:00:37.494Z,N/A,Femenino,Adultez (29 - 59 años),Pregrado,Área de la salud,5,5,5,5,5,5,5,5,5,5,5,5,5,,
1v0nC15GpcAkOvN0VZOFwR3QlkEXLh0BPbzE57FI5fR4,"-Satisfacción del Curso virtual - RPMS PI e I 012026 - (AISPPMSCVPI_01_2026, AISPPMSCVI_01_2026) (AISPPMSCVPI_02_2026, AISPPMSCVI_02_2026)",2026-04-10T13:05:06.868Z,COMUNA 18,Femenino,Juventud (18 - 28 años),Bachiller,Área de la salud,5,5,5,5,5,5,5,5,5,5,5,5,5,,
1v0nC15GpcAkOvN0VZOFwR3QlkEXLh0BPbzE57FI5fR4,"-Satisfacción del Curso virtual - RPMS PI e I 012026 - (AISPPMSCVPI_01_2026, AISPPMSCVI_01_2026) (AISPPMSCVPI_02_2026, AISPPMSCVI_02_2026)",2026-03-13T22:45:59.371Z,N/A,Femenino,Adultez (29 - 59 años),Pregrado,Área de la salud,5,5,5,5,4,5,5,5,4,4,4,4,4,,
1v0nC15GpcAkOvN0VZOFwR3QlkEXLh0BPbzE57FI5fR4,"-Satisfacción del Curso virtual - RPMS PI e I 012026 - (AISPPMSCVPI_01_2026, AISPPMSCVI_01_2026) (AISPPMSCVPI_02_2026, AISPPMSCVI_02_2026)",2025-12-19T10:20:09.027Z,N/A,Femenino,Adultez (29 - 59 años),Bachiller,Área de la salud,5,5,5,5,5,5,5,5,5,5,5,5,5,,
1v0nC15GpcAkOvN0VZOFwR3QlkEXLh0BPbzE57FI5fR4,"-Satisfacción del Curso virtual - RPMS PI e I 012026 - (AISPPMSCVPI_01_2026, AISPPMSCVI_01_2026) (AISPPMSCVPI_02_2026, AISPPMSCVI_02_2026)",2025-12-16T06:20:05.915Z,N/A,Femenino,Adultez (29 - 59 años),Postgrado,Área de la salud,5,5,5,5,5,5,5,5,5,5,5,5,5,,
1v0nC15GpcAkOvN0VZOFwR3QlkEXLh0BPbzE57FI5fR4,"-Satisfacción del Curso virtual - RPMS PI e I 012026 - (AISPPMSCVPI_01_2026, AISPPMSCVI_01_2026) (AISPPMSCVPI_02_2026, AISPPMSCVI_02_2026)",2026-04-08T23:37:16.497Z,N/A,Femenino,Adultez (29 - 59 años),Postgrado,Área de la salud,4,4,5,5,5,4,4,4,4,4,4,4,4,,
1v0nC15GpcAkOvN0VZOFwR3QlkEXLh0BPbzE57FI5fR4,"-Satisfacción del Curso virtual - RPMS PI e I 012026 - (AISPPMSCVPI_01_2026, AISPPMSCVI_01_2026) (AISPPMSCVPI_02_2026, AISPPMSCVI_02_2026)",2025-12-14T22:54:21.315Z,N/A,Femenino,Juventud (18 - 28 años),Pregrado,Área de la salud,5,5,5,5,5,5,5,5,5,1,4,5,5,,
1v0nC15GpcAkOvN0VZOFwR3QlkEXLh0BPbzE57FI5fR4,"-Satisfacción del Curso virtual - RPMS PI e I 012026 - (AISPPMSCVPI_01_2026, AISPPMSCVI_01_2026) (AISPPMSCVPI_02_2026, AISPPMSCVI_02_2026)",2026-03-11T21:35:10.319Z,COMUNA 1,Femenino,Adultez (29 - 59 años),Pregrado,Área de la salud,5,5,5,5,5,5,5,5,5,5,5,5,5,,
1v0nC15GpcAkOvN0VZOFwR3QlkEXLh0BPbzE57FI5fR4,"-Satisfacción del Curso virtual - RPMS PI e I 012026 - (AISPPMSCVPI_01_2026, AISPPMSCVI_01_2026) (AISPPMSCVPI_02_2026, AISPPMSCVI_02_2026)",2025-12-12T18:49:58.383Z,N/A,Femenino,Adultez (29 - 59 años),Bachiller,Área de la salud,5,5,5,5,5,5,5,5,5,5,5,5,5,,
1v0nC15GpcAkOvN0VZOFwR3QlkEXLh0BPbzE57FI5fR4,"-Satisfacción del Curso virtual - RPMS PI e I 012026 - (AISPPMSCVPI_01_2026, AISPPMSCVI_01_2026) (AISPPMSCVPI_02_2026, AISPPMSCVI_02_2026)",2025-12-15T13:20:52.408Z,N/A,Femenino,Adultez (29 - 59 años),Pregrado,Área de la salud,5,5,4,5,5,5,5,5,5,4,5,5,5,,
1v0nC15GpcAkOvN0VZOFwR3QlkEXLh0BPbzE57FI5fR4,"-Satisfacción del Curso virtual - RPMS PI e I 012026 - (AISPPMSCVPI_01_2026, AISPPMSCVI_01_2026) (AISPPMSCVPI_02_2026, AISPPMSCVI_02_2026)",2025-12-15T16:00:51.553Z,N/A,Femenino,Adultez (29 - 59 años),Postgrado,Área de la salud,5,5,5,5,5,5,5,5,5,5,5,5,5,,
1v0nC15GpcAkOvN0VZOFwR3QlkEXLh0BPbzE57FI5fR4,"-Satisfacción del Curso virtual - RPMS PI e I 012026 - (AISPPMSCVPI_01_2026, AISPPMSCVI_01_2026) (AISPPMSCVPI_02_2026, AISPPMSCVI_02_2026)",2026-01-14T02:54:37.473Z,N/A,Femenino,Adultez (29 - 59 años),Postgrado,Área de la salud,5,5,5,5,5,5,5,5,5,5,5,5,5,,
1v0nC15GpcAkOvN0VZOFwR3QlkEXLh0BPbzE57FI5fR4,"-Satisfacción del Curso virtual - RPMS PI e I 012026 - (AISPPMSCVPI_01_2026, AISPPMSCVI_01_2026) (AISPPMSCVPI_02_2026, AISPPMSCVI_02_2026)",2026-01-08T03:04:40.563Z,N/A,Femenino,Adultez (29 - 59 años),Pregrado,Área de la salud,4,4,4,4,4,4,4,4,4,4,4,4,4,,
1v0nC15GpcAkOvN0VZOFwR3QlkEXLh0BPbzE57FI5fR4,"-Satisfacción del Curso virtual - RPMS PI e I 012026 - (AISPPMSCVPI_01_2026, AISPPMSCVI_01_2026) (AISPPMSCVPI_02_2026, AISPPMSCVI_02_2026)",2026-01-26T21:16:46.152Z,N/A,Femenino,Juventud (18 - 28 años),Pregrado,Área de la salud,5,5,5,5,5,5,5,5,5,5,5,5,5,,
1v0nC15GpcAkOvN0VZOFwR3QlkEXLh0BPbzE57FI5fR4,"-Satisfacción del Curso virtual - RPMS PI e I 012026 - (AISPPMSCVPI_01_2026, AISPPMSCVI_01_2026) (AISPPMSCVPI_02_2026, AISPPMSCVI_02_2026)",2025-12-08T17:57:31.704Z,N/A,Masculino,Adultez (29 - 59 años),Bachiller,Área de la salud,5,5,5,5,5,5,5,5,5,5,5,5,5,,
1v0nC15GpcAkOvN0VZOFwR3QlkEXLh0BPbzE57FI5fR4,"-Satisfacción del Curso virtual - RPMS PI e I 012026 - (AISPPMSCVPI_01_2026, AISPPMSCVI_01_2026) (AISPPMSCVPI_02_2026, AISPPMSCVI_02_2026)",2026-01-14T17:39:43.995Z,N/A,Masculino,Adultez (29 - 59 años),Postgrado,Otro,5,5,5,4,5,5,5,5,5,3,5,5,4,,
1v0nC15GpcAkOvN0VZOFwR3QlkEXLh0BPbzE57FI5fR4,"-Satisfacción del Curso virtual - RPMS PI e I 012026 - (AISPPMSCVPI_01_2026, AISPPMSCVI_01_2026) (AISPPMSCVPI_02_2026, AISPPMSCVI_02_2026)",2025-12-29T17:01:45.270Z,COMUNA 14,Femenino,Adultez (29 - 59 años),Postgrado,Área de la salud,5,5,5,5,5,5,5,5,5,5,5,5,5,,
1v0nC15GpcAkOvN0VZOFwR3QlkEXLh0BPbzE57FI5fR4,"-Satisfacción del Curso virtual - RPMS PI e I 012026 - (AISPPMSCVPI_01_2026, AISPPMSCVI_01_2026) (AISPPMSCVPI_02_2026, AISPPMSCVI_02_2026)",2025-12-10T21:42:37.381Z,N/A,Femenino,Juventud (18 - 28 años),Pregrado,Área de la salud,5,5,5,5,5,5,5,5,5,5,5,5,5,,
1v0nC15GpcAkOvN0VZOFwR3QlkEXLh0BPbzE57FI5fR4,"-Satisfacción del Curso virtual - RPMS PI e I 012026 - (AISPPMSCVPI_01_2026, AISPPMSCVI_01_2026) (AISPPMSCVPI_02_2026, AISPPMSCVI_02_2026)",2025-12-07T03:47:01.452Z,N/A,Femenino,Adultez (29 - 59 años),Bachiller,Área de la salud,5,5,5,5,5,5,5,5,5,5,5,5,5,,
1v0nC15GpcAkOvN0VZOFwR3QlkEXLh0BPbzE57FI5fR4,"-Satisfacción del Curso virtual - RPMS PI e I 012026 - (AISPPMSCVPI_01_2026, AISPPMSCVI_01_2026) (AISPPMSCVPI_02_2026, AISPPMSCVI_02_2026)",2026-04-08T21:47:01.972Z,COMUNA 7,Masculino,Juventud (18 - 28 años),Pregrado,Área de la salud,5,5,5,5,5,5,5,5,5,5,5,5,5,,
1v0nC15GpcAkOvN0VZOFwR3QlkEXLh0BPbzE57FI5fR4,"-Satisfacción del Curso virtual - RPMS PI e I 012026 - (AISPPMSCVPI_01_2026, AISPPMSCVI_01_2026) (AISPPMSCVPI_02_2026, AISPPMSCVI_02_2026)",2026-01-03T01:59:20.707Z,N/A,Femenino,Juventud (18 - 28 años),Pregrado,Área de la salud,5,5,5,5,5,5,5,5,5,5,5,5,5,,
1v0nC15GpcAkOvN0VZOFwR3QlkEXLh0BPbzE57FI5fR4,"-Satisfacción del Curso virtual - RPMS PI e I 012026 - (AISPPMSCVPI_01_2026, AISPPMSCVI_01_2026) (AISPPMSCVPI_02_2026, AISPPMSCVI_02_2026)",2025-12-12T19:57:05.203Z,N/A,Femenino,Vejez (60 años o más),Postgrado,Área de la salud,5,5,5,5,5,5,5,5,5,5,5,5,5,,
1v0nC15GpcAkOvN0VZOFwR3QlkEXLh0BPbzE57FI5fR4,"-Satisfacción del Curso virtual - RPMS PI e I 012026 - (AISPPMSCVPI_01_2026, AISPPMSCVI_01_2026) (AISPPMSCVPI_02_2026, AISPPMSCVI_02_2026)",2026-04-11T01:34:40.376Z,C. DE EL HORMIGUERO,Masculino,Juventud (18 - 28 años),Pregrado,Área de la salud,5,5,5,5,5,5,5,5,5,5,5,5,5,,
1v0nC15GpcAkOvN0VZOFwR3QlkEXLh0BPbzE57FI5fR4,"-Satisfacción del Curso virtual - RPMS PI e I 012026 - (AISPPMSCVPI_01_2026, AISPPMSCVI_01_2026) (AISPPMSCVPI_02_2026, AISPPMSCVI_02_2026)",2025-12-09T14:38:41.174Z,N/A,Femenino,Juventud (18 - 28 años),Bachiller,Área de la salud,5,4,4,4,5,4,5,5,5,4,5,5,5,,
1v0nC15GpcAkOvN0VZOFwR3QlkEXLh0BPbzE57FI5fR4,"-Satisfacción del Curso virtual - RPMS PI e I 012026 - (AISPPMSCVPI_01_2026, AISPPMSCVI_01_2026) (AISPPMSCVPI_02_2026, AISPPMSCVI_02_2026)",2026-01-02T23:30:54.648Z,COMUNA 17,Femenino,Vejez (60 años o más),Postgrado,Área de la salud,5,4,5,5,5,4,4,5,3,3,4,4,4,,
1v0nC15GpcAkOvN0VZOFwR3QlkEXLh0BPbzE57FI5fR4,"-Satisfacción del Curso virtual - RPMS PI e I 012026 - (AISPPMSCVPI_01_2026, AISPPMSCVI_01_2026) (AISPPMSCVPI_02_2026, AISPPMSCVI_02_2026)",2026-01-13T21:47:37.624Z,N/A,Femenino,Juventud (18 - 28 años),Pregrado,Área de la salud,5,5,5,5,4,5,4,4,5,5,5,4,5,,
1v0nC15GpcAkOvN0VZOFwR3QlkEXLh0BPbzE57FI5fR4,"-Satisfacción del Curso virtual - RPMS PI e I 012026 - (AISPPMSCVPI_01_2026, AISPPMSCVI_01_2026) (AISPPMSCVPI_02_2026, AISPPMSCVI_02_2026)",2025-12-12T21:06:56.940Z,N/A,Femenino,Juventud (18 - 28 años),Pregrado,Área de la salud,5,5,5,5,5,5,5,5,5,5,5,5,5,,
1v0nC15GpcAkOvN0VZOFwR3QlkEXLh0BPbzE57FI5fR4,"-Satisfacción del Curso virtual - RPMS PI e I 012026 - (AISPPMSCVPI_01_2026, AISPPMSCVI_01_2026) (AISPPMSCVPI_02_2026, AISPPMSCVI_02_2026)",2025-12-10T22:27:33.589Z,N/A,Femenino,Juventud (18 - 28 años),Bachiller,Área de la salud,5,5,5,5,5,5,5,5,5,5,5,5,5,,
1v0nC15GpcAkOvN0VZOFwR3QlkEXLh0BPbzE57FI5fR4,"-Satisfacción del Curso virtual - RPMS PI e I 012026 - (AISPPMSCVPI_01_2026, AISPPMSCVI_01_2026) (AISPPMSCVPI_02_2026, AISPPMSCVI_02_2026)",2026-01-06T03:36:19.499Z,N/A,Femenino,Juventud (18 - 28 años),Pregrado,Área de la salud,5,5,5,5,5,5,5,5,5,5,5,5,5,,
1v0nC15GpcAkOvN0VZOFwR3QlkEXLh0BPbzE57FI5fR4,"-Satisfacción del Curso virtual - RPMS PI e I 012026 - (AISPPMSCVPI_01_2026, AISPPMSCVI_01_2026) (AISPPMSCVPI_02_2026, AISPPMSCVI_02_2026)",2026-01-15T20:02:28.561Z,N/A,Femenino,Adultez (29 - 59 años),Pregrado,Área de la salud,5,5,5,5,5,5,5,5,5,5,5,5,5,,
1v0nC15GpcAkOvN0VZOFwR3QlkEXLh0BPbzE57FI5fR4,"-Satisfacción del Curso virtual - RPMS PI e I 012026 - (AISPPMSCVPI_01_2026, AISPPMSCVI_01_2026) (AISPPMSCVPI_02_2026, AISPPMSCVI_02_2026)",2025-12-09T02:14:47.690Z,N/A,Femenino,Juventud (18 - 28 años),Bachiller,Área de la salud,4,4,4,4,4,4,4,4,4,4,4,4,4,,
1v0nC15GpcAkOvN0VZOFwR3QlkEXLh0BPbzE57FI5fR4,"-Satisfacción del Curso virtual - RPMS PI e I 012026 - (AISPPMSCVPI_01_2026, AISPPMSCVI_01_2026) (AISPPMSCVPI_02_2026, AISPPMSCVI_02_2026)",2026-01-07T20:54:01.540Z,N/A,Femenino,Juventud (18 - 28 años),Pregrado,Área de la salud,4,4,4,4,4,4,4,4,4,4,4,4,4,,
1v0nC15GpcAkOvN0VZOFwR3QlkEXLh0BPbzE57FI5fR4,"-Satisfacción del Curso virtual - RPMS PI e I 012026 - (AISPPMSCVPI_01_2026, AISPPMSCVI_01_2026) (AISPPMSCVPI_02_2026, AISPPMSCVI_02_2026)",2025-12-22T19:50:12.582Z,COMUNA 5,Femenino,Adultez (29 - 59 años),Postgrado,Área de la salud,4,4,4,3,4,4,3,3,3,2,3,4,3,,
1v0nC15GpcAkOvN0VZOFwR3QlkEXLh0BPbzE57FI5fR4,"-Satisfacción del Curso virtual - RPMS PI e I 012026 - (AISPPMSCVPI_01_2026, AISPPMSCVI_01_2026) (AISPPMSCVPI_02_2026, AISPPMSCVI_02_2026)",2026-04-10T23:50:14.202Z,COMUNA 15,Femenino,Adultez (29 - 59 años),Pregrado,Área de la salud,5,5,5,5,5,5,5,5,5,5,5,5,5,,
1v0nC15GpcAkOvN0VZOFwR3QlkEXLh0BPbzE57FI5fR4,"-Satisfacción del Curso virtual - RPMS PI e I 012026 - (AISPPMSCVPI_01_2026, AISPPMSCVI_01_2026) (AISPPMSCVPI_02_2026, AISPPMSCVI_02_2026)",2025-12-12T15:49:11.653Z,COMUNA 3,Femenino,Adultez (29 - 59 años),Pregrado,Área de la salud,5,5,5,5,5,5,5,5,5,5,5,5,5,,
1v0nC15GpcAkOvN0VZOFwR3QlkEXLh0BPbzE57FI5fR4,"-Satisfacción del Curso virtual - RPMS PI e I 012026 - (AISPPMSCVPI_01_2026, AISPPMSCVI_01_2026) (AISPPMSCVPI_02_2026, AISPPMSCVI_02_2026)",2026-03-10T14:22:34.220Z,N/A,Masculino,Juventud (18 - 28 años),Pregrado,Área de la salud,5,5,5,5,5,5,5,5,5,5,5,5,5,,
1v0nC15GpcAkOvN0VZOFwR3QlkEXLh0BPbzE57FI5fR4,"-Satisfacción del Curso virtual - RPMS PI e I 012026 - (AISPPMSCVPI_01_2026, AISPPMSCVI_01_2026) (AISPPMSCVPI_02_2026, AISPPMSCVI_02_2026)",2025-12-17T04:23:58.454Z,N/A,Femenino,Adultez (29 - 59 años),Pregrado,Área de la salud,5,5,5,5,5,5,5,5,5,5,5,5,5,,
1v0nC15GpcAkOvN0VZOFwR3QlkEXLh0BPbzE57FI5fR4,"-Satisfacción del Curso virtual - RPMS PI e I 012026 - (AISPPMSCVPI_01_2026, AISPPMSCVI_01_2026) (AISPPMSCVPI_02_2026, AISPPMSCVI_02_2026)",2026-01-27T01:02:40.380Z,COMUNA 1,Femenino,Adultez (29 - 59 años),Postgrado,Área de la salud,5,5,5,5,5,5,5,5,5,5,5,5,5,,
1v0nC15GpcAkOvN0VZOFwR3QlkEXLh0BPbzE57FI5fR4,"-Satisfacción del Curso virtual - RPMS PI e I 012026 - (AISPPMSCVPI_01_2026, AISPPMSCVI_01_2026) (AISPPMSCVPI_02_2026, AISPPMSCVI_02_2026)",2026-01-30T21:44:19.682Z,N/A,Masculino,Adultez (29 - 59 años),Postgrado,Área de la salud,5,5,5,5,5,5,5,5,5,5,5,5,5,,
1v0nC15GpcAkOvN0VZOFwR3QlkEXLh0BPbzE57FI5fR4,"-Satisfacción del Curso virtual - RPMS PI e I 012026 - (AISPPMSCVPI_01_2026, AISPPMSCVI_01_2026) (AISPPMSCVPI_02_2026, AISPPMSCVI_02_2026)",2025-12-31T16:02:39.604Z,N/A,Femenino,Adultez (29 - 59 años),Pregrado,Área de la salud,5,5,5,5,5,5,5,5,5,5,5,5,5,,
1v0nC15GpcAkOvN0VZOFwR3QlkEXLh0BPbzE57FI5fR4,"-Satisfacción del Curso virtual - RPMS PI e I 012026 - (AISPPMSCVPI_01_2026, AISPPMSCVI_01_2026) (AISPPMSCVPI_02_2026, AISPPMSCVI_02_2026)",2025-12-12T18:51:30.936Z,N/A,Femenino,Adultez (29 - 59 años),Pregrado,Área de la salud,5,5,5,5,5,5,5,5,5,5,5,5,5,,
1v0nC15GpcAkOvN0VZOFwR3QlkEXLh0BPbzE57FI5fR4,"-Satisfacción del Curso virtual - RPMS PI e I 012026 - (AISPPMSCVPI_01_2026, AISPPMSCVI_01_2026) (AISPPMSCVPI_02_2026, AISPPMSCVI_02_2026)",2026-01-14T13:44:19.845Z,COMUNA 16,Femenino,Juventud (18 - 28 años),Pregrado,Área de la salud,5,5,5,5,5,5,5,5,5,5,5,5,5,,
1v0nC15GpcAkOvN0VZOFwR3QlkEXLh0BPbzE57FI5fR4,"-Satisfacción del Curso virtual - RPMS PI e I 012026 - (AISPPMSCVPI_01_2026, AISPPMSCVI_01_2026) (AISPPMSCVPI_02_2026, AISPPMSCVI_02_2026)",2026-04-11T04:56:14.296Z,COMUNA 1,Femenino,Adultez (29 - 59 años),Bachiller,Área de la salud,5,5,5,5,5,5,5,5,5,5,5,5,5,,
1v0nC15GpcAkOvN0VZOFwR3QlkEXLh0BPbzE57FI5fR4,"-Satisfacción del Curso virtual - RPMS PI e I 012026 - (AISPPMSCVPI_01_2026, AISPPMSCVI_01_2026) (AISPPMSCVPI_02_2026, AISPPMSCVI_02_2026)",2025-12-30T18:37:24.194Z,N/A,Femenino,Juventud (18 - 28 años),Pregrado,Área de la salud,4,4,4,4,4,4,4,4,4,4,4,4,4,,
1v0nC15GpcAkOvN0VZOFwR3QlkEXLh0BPbzE57FI5fR4,"-Satisfacción del Curso virtual - RPMS PI e I 012026 - (AISPPMSCVPI_01_2026, AISPPMSCVI_01_2026) (AISPPMSCVPI_02_2026, AISPPMSCVI_02_2026)",2026-01-08T02:09:27.388Z,N/A,Femenino,Juventud (18 - 28 años),Bachiller,Área de la salud,4,4,5,5,5,4,4,4,5,5,3,4,4,,
1v0nC15GpcAkOvN0VZOFwR3QlkEXLh0BPbzE57FI5fR4,"-Satisfacción del Curso virtual - RPMS PI e I 012026 - (AISPPMSCVPI_01_2026, AISPPMSCVI_01_2026) (AISPPMSCVPI_02_2026, AISPPMSCVI_02_2026)",2026-01-07T18:06:33.535Z,COMUNA 17,Masculino,Adultez (29 - 59 años),Pregrado,Área de la salud,5,5,5,4,5,5,4,5,3,4,4,4,4,,
1v0nC15GpcAkOvN0VZOFwR3QlkEXLh0BPbzE57FI5fR4,"-Satisfacción del Curso virtual - RPMS PI e I 012026 - (AISPPMSCVPI_01_2026, AISPPMSCVI_01_2026) (AISPPMSCVPI_02_2026, AISPPMSCVI_02_2026)",2025-12-09T16:56:59.014Z,N/A,Femenino,Adultez (29 - 59 años),Pregrado,Área de la salud,5,5,5,5,5,5,5,5,5,5,5,5,5,,
1v0nC15GpcAkOvN0VZOFwR3QlkEXLh0BPbzE57FI5fR4,"-Satisfacción del Curso virtual - RPMS PI e I 012026 - (AISPPMSCVPI_01_2026, AISPPMSCVI_01_2026) (AISPPMSCVPI_02_2026, AISPPMSCVI_02_2026)",2026-03-18T01:46:05.421Z,N/A,Femenino,Juventud (18 - 28 años),Pregrado,Área de la salud,4,4,4,4,4,4,4,4,4,4,4,4,4,,
1v0nC15GpcAkOvN0VZOFwR3QlkEXLh0BPbzE57FI5fR4,"-Satisfacción del Curso virtual - RPMS PI e I 012026 - (AISPPMSCVPI_01_2026, AISPPMSCVI_01_2026) (AISPPMSCVPI_02_2026, AISPPMSCVI_02_2026)",2025-12-18T13:45:21.560Z,N/A,Masculino,Adultez (29 - 59 años),Bachiller,Área de la salud,5,5,5,5,5,5,5,5,5,5,5,5,5,,
1v0nC15GpcAkOvN0VZOFwR3QlkEXLh0BPbzE57FI5fR4,"-Satisfacción del Curso virtual - RPMS PI e I 012026 - (AISPPMSCVPI_01_2026, AISPPMSCVI_01_2026) (AISPPMSCVPI_02_2026, AISPPMSCVI_02_2026)",2026-03-12T02:08:48.928Z,N/A,Femenino,Adultez (29 - 59 años),Bachiller,Área de la salud,5,5,5,5,5,5,5,5,5,5,5,5,5,,
1v0nC15GpcAkOvN0VZOFwR3QlkEXLh0BPbzE57FI5fR4,"-Satisfacción del Curso virtual - RPMS PI e I 012026 - (AISPPMSCVPI_01_2026, AISPPMSCVI_01_2026) (AISPPMSCVPI_02_2026, AISPPMSCVI_02_2026)",2025-12-10T16:42:21.620Z,COMUNA 17,Masculino,Adultez (29 - 59 años),Pregrado,Área de la salud,5,5,5,5,5,5,5,5,5,5,5,5,5,,
1v0nC15GpcAkOvN0VZOFwR3QlkEXLh0BPbzE57FI5fR4,"-Satisfacción del Curso virtual - RPMS PI e I 012026 - (AISPPMSCVPI_01_2026, AISPPMSCVI_01_2026) (AISPPMSCVPI_02_2026, AISPPMSCVI_02_2026)",2025-12-10T20:24:03.932Z,N/A,Femenino,Juventud (18 - 28 años),Pregrado,Área de la salud,4,4,4,4,4,4,4,4,4,4,4,4,4,,
1v0nC15GpcAkOvN0VZOFwR3QlkEXLh0BPbzE57FI5fR4,"-Satisfacción del Curso virtual - RPMS PI e I 012026 - (AISPPMSCVPI_01_2026, AISPPMSCVI_01_2026) (AISPPMSCVPI_02_2026, AISPPMSCVI_02_2026)",2025-12-06T22:09:23.735Z,N/A,Femenino,Adultez (29 - 59 años),Pregrado,Área de la salud,5,5,5,5,5,5,5,5,5,5,5,5,5,,
1v0nC15GpcAkOvN0VZOFwR3QlkEXLh0BPbzE57FI5fR4,"-Satisfacción del Curso virtual - RPMS PI e I 012026 - (AISPPMSCVPI_01_2026, AISPPMSCVI_01_2026) (AISPPMSCVPI_02_2026, AISPPMSCVI_02_2026)",2026-01-14T01:38:51.350Z,N/A,Femenino,Adultez (29 - 59 años),Pregrado,Área de la salud,5,5,5,5,5,5,5,5,4,4,5,5,5,,
1v0nC15GpcAkOvN0VZOFwR3QlkEXLh0BPbzE57FI5fR4,"-Satisfacción del Curso virtual - RPMS PI e I 012026 - (AISPPMSCVPI_01_2026, AISPPMSCVI_01_2026) (AISPPMSCVPI_02_2026, AISPPMSCVI_02_2026)",2025-12-30T03:36:35.798Z,N/A,Femenino,Adultez (29 - 59 años),Bachiller,Área de la salud,4,4,4,4,4,4,4,4,4,4,4,4,4,,
1v0nC15GpcAkOvN0VZOFwR3QlkEXLh0BPbzE57FI5fR4,"-Satisfacción del Curso virtual - RPMS PI e I 012026 - (AISPPMSCVPI_01_2026, AISPPMSCVI_01_2026) (AISPPMSCVPI_02_2026, AISPPMSCVI_02_2026)",2025-12-30T16:16:47.819Z,COMUNA 16,Femenino,Adultez (29 - 59 años),Pregrado,Área de la salud,3,5,5,5,5,5,5,5,5,3,5,5,5,,
1v0nC15GpcAkOvN0VZOFwR3QlkEXLh0BPbzE57FI5fR4,"-Satisfacción del Curso virtual - RPMS PI e I 012026 - (AISPPMSCVPI_01_2026, AISPPMSCVI_01_2026) (AISPPMSCVPI_02_2026, AISPPMSCVI_02_2026)",2026-01-02T23:40:54.284Z,N/A,Femenino,Adultez (29 - 59 años),Pregrado,Área de la salud,5,5,5,5,4,5,5,5,3,3,5,5,5,,
1v0nC15GpcAkOvN0VZOFwR3QlkEXLh0BPbzE57FI5fR4,"-Satisfacción del Curso virtual - RPMS PI e I 012026 - (AISPPMSCVPI_01_2026, AISPPMSCVI_01_2026) (AISPPMSCVPI_02_2026, AISPPMSCVI_02_2026)",2026-03-30T06:47:23.834Z,N/A,Femenino,Adultez (29 - 59 años),Pregrado,Área de la salud,5,5,5,5,5,5,5,5,4,4,4,5,5,,
1v0nC15GpcAkOvN0VZOFwR3QlkEXLh0BPbzE57FI5fR4,"-Satisfacción del Curso virtual - RPMS PI e I 012026 - (AISPPMSCVPI_01_2026, AISPPMSCVI_01_2026) (AISPPMSCVPI_02_2026, AISPPMSCVI_02_2026)",2025-12-12T13:44:27.237Z,N/A,Femenino,Juventud (18 - 28 años),Bachiller,Área de la salud,5,5,5,5,5,5,5,5,5,5,5,5,5,,
1v0nC15GpcAkOvN0VZOFwR3QlkEXLh0BPbzE57FI5fR4,"-Satisfacción del Curso virtual - RPMS PI e I 012026 - (AISPPMSCVPI_01_2026, AISPPMSCVI_01_2026) (AISPPMSCVPI_02_2026, AISPPMSCVI_02_2026)",2026-01-27T16:19:45.796Z,COMUNA 18,Femenino,Juventud (18 - 28 años),Pregrado,Área de la salud,5,5,5,5,5,5,5,5,5,5,5,5,5,,
1v0nC15GpcAkOvN0VZOFwR3QlkEXLh0BPbzE57FI5fR4,"-Satisfacción del Curso virtual - RPMS PI e I 012026 - (AISPPMSCVPI_01_2026, AISPPMSCVI_01_2026) (AISPPMSCVPI_02_2026, AISPPMSCVI_02_2026)",2025-12-16T15:55:00.027Z,N/A,Femenino,Adultez (29 - 59 años),Bachiller,Área de la salud,5,5,5,5,5,5,5,5,5,5,5,5,5,,
1v0nC15GpcAkOvN0VZOFwR3QlkEXLh0BPbzE57FI5fR4,"-Satisfacción del Curso virtual - RPMS PI e I 012026 - (AISPPMSCVPI_01_2026, AISPPMSCVI_01_2026) (AISPPMSCVPI_02_2026, AISPPMSCVI_02_2026)",2026-04-11T02:12:07.599Z,N/A,Femenino,Adultez (29 - 59 años),Pregrado,Área de la salud,5,5,5,5,5,5,5,5,5,5,5,5,5,,
1v0nC15GpcAkOvN0VZOFwR3QlkEXLh0BPbzE57FI5fR4,"-Satisfacción del Curso virtual - RPMS PI e I 012026 - (AISPPMSCVPI_01_2026, AISPPMSCVI_01_2026) (AISPPMSCVPI_02_2026, AISPPMSCVI_02_2026)",2025-12-11T20:34:12.770Z,N/A,Femenino,Juventud (18 - 28 años),Pregrado,Área de la salud,5,4,4,5,5,4,5,5,5,4,5,4,4,,
1v0nC15GpcAkOvN0VZOFwR3QlkEXLh0BPbzE57FI5fR4,"-Satisfacción del Curso virtual - RPMS PI e I 012026 - (AISPPMSCVPI_01_2026, AISPPMSCVI_01_2026) (AISPPMSCVPI_02_2026, AISPPMSCVI_02_2026)",2025-12-15T16:06:35.301Z,COMUNA 22,Femenino,Adultez (29 - 59 años),Postgrado,Área de la salud,4,4,4,4,4,1,4,4,1,1,4,4,3,,
1v0nC15GpcAkOvN0VZOFwR3QlkEXLh0BPbzE57FI5fR4,"-Satisfacción del Curso virtual - RPMS PI e I 012026 - (AISPPMSCVPI_01_2026, AISPPMSCVI_01_2026) (AISPPMSCVPI_02_2026, AISPPMSCVI_02_2026)",2025-12-08T16:27:23.289Z,N/A,Femenino,Adultez (29 - 59 años),Bachiller,Área de la salud,4,5,5,5,4,5,5,4,4,5,5,5,5,,
1v0nC15GpcAkOvN0VZOFwR3QlkEXLh0BPbzE57FI5fR4,"-Satisfacción del Curso virtual - RPMS PI e I 012026 - (AISPPMSCVPI_01_2026, AISPPMSCVI_01_2026) (AISPPMSCVPI_02_2026, AISPPMSCVI_02_2026)",2026-04-10T17:37:45.422Z,COMUNA 3,Femenino,Juventud (18 - 28 años),Bachiller,Área de la salud,5,5,5,5,5,5,5,5,5,5,5,5,5,,
1v0nC15GpcAkOvN0VZOFwR3QlkEXLh0BPbzE57FI5fR4,"-Satisfacción del Curso virtual - RPMS PI e I 012026 - (AISPPMSCVPI_01_2026, AISPPMSCVI_01_2026) (AISPPMSCVPI_02_2026, AISPPMSCVI_02_2026)",2026-01-13T23:51:46.626Z,N/A,Femenino,Adolescencia (12 - 17 años),Pregrado,Área de la salud,5,5,5,5,5,5,5,5,5,5,5,5,5,,
1v0nC15GpcAkOvN0VZOFwR3QlkEXLh0BPbzE57FI5fR4,"-Satisfacción del Curso virtual - RPMS PI e I 012026 - (AISPPMSCVPI_01_2026, AISPPMSCVI_01_2026) (AISPPMSCVPI_02_2026, AISPPMSCVI_02_2026)",2025-12-12T22:17:23.904Z,COMUNA 4,Femenino,Juventud (18 - 28 años),Bachiller,Área de la salud,5,5,5,5,5,4,5,5,4,5,5,5,5,,
1v0nC15GpcAkOvN0VZOFwR3QlkEXLh0BPbzE57FI5fR4,"-Satisfacción del Curso virtual - RPMS PI e I 012026 - (AISPPMSCVPI_01_2026, AISPPMSCVI_01_2026) (AISPPMSCVPI_02_2026, AISPPMSCVI_02_2026)",2025-12-12T02:52:20.982Z,N/A,Femenino,Adultez (29 - 59 años),Pregrado,Área de la salud,4,4,5,4,4,4,4,4,4,3,4,4,5,,
1v0nC15GpcAkOvN0VZOFwR3QlkEXLh0BPbzE57FI5fR4,"-Satisfacción del Curso virtual - RPMS PI e I 012026 - (AISPPMSCVPI_01_2026, AISPPMSCVI_01_2026) (AISPPMSCVPI_02_2026, AISPPMSCVI_02_2026)",2025-12-22T19:51:44.385Z,COMUNA 16,Masculino,Vejez (60 años o más),Pregrado,Área de la salud,5,5,5,5,5,5,5,5,5,5,5,5,5,,
1v0nC15GpcAkOvN0VZOFwR3QlkEXLh0BPbzE57FI5fR4,"-Satisfacción del Curso virtual - RPMS PI e I 012026 - (AISPPMSCVPI_01_2026, AISPPMSCVI_01_2026) (AISPPMSCVPI_02_2026, AISPPMSCVI_02_2026)",2026-04-08T15:27:17.857Z,COMUNA 19,Femenino,Adultez (29 - 59 años),Pregrado,Área de la salud,5,5,5,5,5,5,5,5,5,5,5,5,5,,
1v0nC15GpcAkOvN0VZOFwR3QlkEXLh0BPbzE57FI5fR4,"-Satisfacción del Curso virtual - RPMS PI e I 012026 - (AISPPMSCVPI_01_2026, AISPPMSCVI_01_2026) (AISPPMSCVPI_02_2026, AISPPMSCVI_02_2026)",2026-03-15T23:28:59.979Z,N/A,Femenino,Adultez (29 - 59 años),Postgrado,Área de la salud,5,5,5,5,5,5,5,4,1,1,5,5,5,,
1v0nC15GpcAkOvN0VZOFwR3QlkEXLh0BPbzE57FI5fR4,"-Satisfacción del Curso virtual - RPMS PI e I 012026 - (AISPPMSCVPI_01_2026, AISPPMSCVI_01_2026) (AISPPMSCVPI_02_2026, AISPPMSCVI_02_2026)",2025-12-12T00:18:54.101Z,N/A,Femenino,Adultez (29 - 59 años),Postgrado,Área de la salud,5,5,5,5,5,5,5,5,5,5,5,5,5,,
1v0nC15GpcAkOvN0VZOFwR3QlkEXLh0BPbzE57FI5fR4,"-Satisfacción del Curso virtual - RPMS PI e I 012026 - (AISPPMSCVPI_01_2026, AISPPMSCVI_01_2026) (AISPPMSCVPI_02_2026, AISPPMSCVI_02_2026)",2025-12-23T13:53:18.292Z,COMUNA 6,Femenino,Juventud (18 - 28 años),Pregrado,Área de la salud,4,4,4,4,4,4,4,4,4,4,4,4,4,,
1v0nC15GpcAkOvN0VZOFwR3QlkEXLh0BPbzE57FI5fR4,"-Satisfacción del Curso virtual - RPMS PI e I 012026 - (AISPPMSCVPI_01_2026, AISPPMSCVI_01_2026) (AISPPMSCVPI_02_2026, AISPPMSCVI_02_2026)",2026-04-10T21:23:18.976Z,COMUNA 14,Femenino,Adultez (29 - 59 años),Bachiller,Área de la salud,5,5,5,5,5,5,5,5,5,5,5,5,5,,
1v0nC15GpcAkOvN0VZOFwR3QlkEXLh0BPbzE57FI5fR4,"-Satisfacción del Curso virtual - RPMS PI e I 012026 - (AISPPMSCVPI_01_2026, AISPPMSCVI_01_2026) (AISPPMSCVPI_02_2026, AISPPMSCVI_02_2026)",2026-03-09T22:25:20.360Z,N/A,Femenino,Adolescencia (12 - 17 años),Postgrado,Área de la salud,5,5,5,5,5,5,5,5,5,5,5,5,5,,
1v0nC15GpcAkOvN0VZOFwR3QlkEXLh0BPbzE57FI5fR4,"-Satisfacción del Curso virtual - RPMS PI e I 012026 - (AISPPMSCVPI_01_2026, AISPPMSCVI_01_2026) (AISPPMSCVPI_02_2026, AISPPMSCVI_02_2026)",2025-12-11T21:40:57.561Z,N/A,Femenino,Adultez (29 - 59 años),Bachiller,Área de la salud,5,5,5,5,5,5,5,5,5,5,5,5,5,,
1v0nC15GpcAkOvN0VZOFwR3QlkEXLh0BPbzE57FI5fR4,"-Satisfacción del Curso virtual - RPMS PI e I 012026 - (AISPPMSCVPI_01_2026, AISPPMSCVI_01_2026) (AISPPMSCVPI_02_2026, AISPPMSCVI_02_2026)",2026-04-11T01:11:14.656Z,COMUNA 20,Femenino,Adultez (29 - 59 años),Postgrado,Área de la salud,4,4,4,4,4,4,4,4,4,4,4,4,4,,
1v0nC15GpcAkOvN0VZOFwR3QlkEXLh0BPbzE57FI5fR4,"-Satisfacción del Curso virtual - RPMS PI e I 012026 - (AISPPMSCVPI_01_2026, AISPPMSCVI_01_2026) (AISPPMSCVPI_02_2026, AISPPMSCVI_02_2026)",2025-12-06T15:49:46.405Z,COMUNA 1,Femenino,Adultez (29 - 59 años),Pregrado,Área de la salud,5,5,5,5,5,5,5,5,5,5,5,5,5,,
1v0nC15GpcAkOvN0VZOFwR3QlkEXLh0BPbzE57FI5fR4,"-Satisfacción del Curso virtual - RPMS PI e I 012026 - (AISPPMSCVPI_01_2026, AISPPMSCVI_01_2026) (AISPPMSCVPI_02_2026, AISPPMSCVI_02_2026)",2026-01-28T15:20:02.818Z,COMUNA 11,Femenino,Adultez (29 - 59 años),Bachiller,Área de la salud,5,5,5,5,5,5,5,5,5,5,5,5,5,,
1v0nC15GpcAkOvN0VZOFwR3QlkEXLh0BPbzE57FI5fR4,"-Satisfacción del Curso virtual - RPMS PI e I 012026 - (AISPPMSCVPI_01_2026, AISPPMSCVI_01_2026) (AISPPMSCVPI_02_2026, AISPPMSCVI_02_2026)",2025-12-13T00:14:10.579Z,N/A,Femenino,Adultez (29 - 59 años),Pregrado,Área de la salud,5,5,5,5,5,5,4,5,4,3,4,5,5,,
1v0nC15GpcAkOvN0VZOFwR3QlkEXLh0BPbzE57FI5fR4,"-Satisfacción del Curso virtual - RPMS PI e I 012026 - (AISPPMSCVPI_01_2026, AISPPMSCVI_01_2026) (AISPPMSCVPI_02_2026, AISPPMSCVI_02_2026)",2025-12-10T00:41:32.497Z,N/A,Femenino,Juventud (18 - 28 años),Pregrado,Área de la salud,5,5,5,5,5,5,5,5,5,5,5,5,5,,
1v0nC15GpcAkOvN0VZOFwR3QlkEXLh0BPbzE57FI5fR4,"-Satisfacción del Curso virtual - RPMS PI e I 012026 - (AISPPMSCVPI_01_2026, AISPPMSCVI_01_2026) (AISPPMSCVPI_02_2026, AISPPMSCVI_02_2026)",2026-03-14T18:57:24.338Z,COMUNA 7,Femenino,Adultez (29 - 59 años),Pregrado,Área de la salud,5,5,5,5,5,5,5,5,3,3,5,5,5,,
1v0nC15GpcAkOvN0VZOFwR3QlkEXLh0BPbzE57FI5fR4,"-Satisfacción del Curso virtual - RPMS PI e I 012026 - (AISPPMSCVPI_01_2026, AISPPMSCVI_01_2026) (AISPPMSCVPI_02_2026, AISPPMSCVI_02_2026)",2026-03-07T23:48:04.167Z,COMUNA 10,Femenino,Adultez (29 - 59 años),Pregrado,Área de la salud,5,5,5,5,5,5,5,5,5,5,5,5,5,,
1v0nC15GpcAkOvN0VZOFwR3QlkEXLh0BPbzE57FI5fR4,"-Satisfacción del Curso virtual - RPMS PI e I 012026 - (AISPPMSCVPI_01_2026, AISPPMSCVI_01_2026) (AISPPMSCVPI_02_2026, AISPPMSCVI_02_2026)",2026-04-09T01:25:50.193Z,N/A,Femenino,Juventud (18 - 28 años),Pregrado,Área de la salud,5,5,5,5,5,5,5,5,5,5,5,5,5,,
1v0nC15GpcAkOvN0VZOFwR3QlkEXLh0BPbzE57FI5fR4,"-Satisfacción del Curso virtual - RPMS PI e I 012026 - (AISPPMSCVPI_01_2026, AISPPMSCVI_01_2026) (AISPPMSCVPI_02_2026, AISPPMSCVI_02_2026)",2025-12-15T14:55:16.846Z,N/A,Femenino,Adultez (29 - 59 años),Pregrado,Área de la salud,4,5,4,4,3,5,4,4,3,5,5,5,5,,
1v0nC15GpcAkOvN0VZOFwR3QlkEXLh0BPbzE57FI5fR4,"-Satisfacción del Curso virtual - RPMS PI e I 012026 - (AISPPMSCVPI_01_2026, AISPPMSCVI_01_2026) (AISPPMSCVPI_02_2026, AISPPMSCVI_02_2026)",2025-12-29T15:37:10.311Z,N/A,Femenino,Adolescencia (12 - 17 años),Bachiller,Área de la salud,5,5,5,5,5,5,5,5,5,5,5,5,5,,
1v0nC15GpcAkOvN0VZOFwR3QlkEXLh0BPbzE57FI5fR4,"-Satisfacción del Curso virtual - RPMS PI e I 012026 - (AISPPMSCVPI_01_2026, AISPPMSCVI_01_2026) (AISPPMSCVPI_02_2026, AISPPMSCVI_02_2026)",2026-01-05T23:06:48.647Z,N/A,Femenino,Juventud (18 - 28 años),Pregrado,Área de la salud,5,5,5,5,5,5,5,5,5,5,5,5,5,,
1v0nC15GpcAkOvN0VZOFwR3QlkEXLh0BPbzE57FI5fR4,"-Satisfacción del Curso virtual - RPMS PI e I 012026 - (AISPPMSCVPI_01_2026, AISPPMSCVI_01_2026) (AISPPMSCVPI_02_2026, AISPPMSCVI_02_2026)",2025-12-09T16:54:55.141Z,COMUNA 1,Femenino,Adultez (29 - 59 años),Bachiller,Área de la salud,4,4,4,4,4,4,4,4,4,4,4,4,4,,
1v0nC15GpcAkOvN0VZOFwR3QlkEXLh0BPbzE57FI5fR4,"-Satisfacción del Curso virtual - RPMS PI e I 012026 - (AISPPMSCVPI_01_2026, AISPPMSCVI_01_2026) (AISPPMSCVPI_02_2026, AISPPMSCVI_02_2026)",2026-04-09T13:58:15.335Z,N/A,Femenino,Adolescencia (12 - 17 años),Pregrado,Área de la salud,5,5,5,5,5,5,5,5,5,5,5,5,5,,
1v0nC15GpcAkOvN0VZOFwR3QlkEXLh0BPbzE57FI5fR4,"-Satisfacción del Curso virtual - RPMS PI e I 012026 - (AISPPMSCVPI_01_2026, AISPPMSCVI_01_2026) (AISPPMSCVPI_02_2026, AISPPMSCVI_02_2026)",2025-12-22T20:32:16.615Z,N/A,Femenino,Adultez (29 - 59 años),Pregrado,Área de la salud,4,3,3,3,3,3,2,3,2,2,3,2,3,,
1v0nC15GpcAkOvN0VZOFwR3QlkEXLh0BPbzE57FI5fR4,"-Satisfacción del Curso virtual - RPMS PI e I 012026 - (AISPPMSCVPI_01_2026, AISPPMSCVI_01_2026) (AISPPMSCVPI_02_2026, AISPPMSCVI_02_2026)",2025-12-19T18:29:58.126Z,COMUNA 21,Femenino,Juventud (18 - 28 años),Pregrado,Área de la salud,3,3,3,3,3,3,3,2,3,3,3,3,3,,
1v0nC15GpcAkOvN0VZOFwR3QlkEXLh0BPbzE57FI5fR4,"-Satisfacción del Curso virtual - RPMS PI e I 012026 - (AISPPMSCVPI_01_2026, AISPPMSCVI_01_2026) (AISPPMSCVPI_02_2026, AISPPMSCVI_02_2026)",2026-03-16T17:28:16.978Z,COMUNA 11,Masculino,Juventud (18 - 28 años),Bachiller,Área de la salud,5,5,5,5,5,5,5,5,5,5,5,5,5,,
1v0nC15GpcAkOvN0VZOFwR3QlkEXLh0BPbzE57FI5fR4,"-Satisfacción del Curso virtual - RPMS PI e I 012026 - (AISPPMSCVPI_01_2026, AISPPMSCVI_01_2026) (AISPPMSCVPI_02_2026, AISPPMSCVI_02_2026)",2026-04-10T04:06:27.513Z,N/A,Femenino,Adultez (29 - 59 años),Postgrado,Otro,5,5,5,5,5,5,5,5,5,4,5,5,5,,
1v0nC15GpcAkOvN0VZOFwR3QlkEXLh0BPbzE57FI5fR4,"-Satisfacción del Curso virtual - RPMS PI e I 012026 - (AISPPMSCVPI_01_2026, AISPPMSCVI_01_2026) (AISPPMSCVPI_02_2026, AISPPMSCVI_02_2026)",2026-04-10T02:17:12.495Z,N/A,Masculino,Juventud (18 - 28 años),Pregrado,Área de la salud,5,5,5,5,5,5,5,5,5,5,5,5,5,,
1v0nC15GpcAkOvN0VZOFwR3QlkEXLh0BPbzE57FI5fR4,"-Satisfacción del Curso virtual - RPMS PI e I 012026 - (AISPPMSCVPI_01_2026, AISPPMSCVI_01_2026) (AISPPMSCVPI_02_2026, AISPPMSCVI_02_2026)",2025-12-14T12:53:07.899Z,COMUNA 2,Masculino,Adultez (29 - 59 años),Postgrado,Área de la salud,4,4,4,4,4,4,4,4,4,3,4,4,4,,
1v0nC15GpcAkOvN0VZOFwR3QlkEXLh0BPbzE57FI5fR4,"-Satisfacción del Curso virtual - RPMS PI e I 012026 - (AISPPMSCVPI_01_2026, AISPPMSCVI_01_2026) (AISPPMSCVPI_02_2026, AISPPMSCVI_02_2026)",2025-12-16T00:46:29.964Z,COMUNA 19,Femenino,Adultez (29 - 59 años),Pregrado,Área de la salud,5,5,5,5,5,5,5,5,5,5,5,5,5,,
1v0nC15GpcAkOvN0VZOFwR3QlkEXLh0BPbzE57FI5fR4,"-Satisfacción del Curso virtual - RPMS PI e I 012026 - (AISPPMSCVPI_01_2026, AISPPMSCVI_01_2026) (AISPPMSCVPI_02_2026, AISPPMSCVI_02_2026)",2026-01-14T21:09:02.331Z,N/A,Femenino,Juventud (18 - 28 años),Pregrado,Área de la salud,4,4,4,4,4,4,4,4,4,4,4,4,4,,
1v0nC15GpcAkOvN0VZOFwR3QlkEXLh0BPbzE57FI5fR4,"-Satisfacción del Curso virtual - RPMS PI e I 012026 - (AISPPMSCVPI_01_2026, AISPPMSCVI_01_2026) (AISPPMSCVPI_02_2026, AISPPMSCVI_02_2026)",2025-12-16T19:07:40.536Z,N/A,Femenino,Adolescencia (12 - 17 años),Postgrado,Área de la salud,5,5,5,5,5,5,5,5,5,5,5,5,5,,
1v0nC15GpcAkOvN0VZOFwR3QlkEXLh0BPbzE57FI5fR4,"-Satisfacción del Curso virtual - RPMS PI e I 012026 - (AISPPMSCVPI_01_2026, AISPPMSCVI_01_2026) (AISPPMSCVPI_02_2026, AISPPMSCVI_02_2026)",2025-12-09T13:29:06.741Z,C. DE GOLONDRINAS,Femenino,Adolescencia (12 - 17 años),Pregrado,Área de la salud,5,5,5,5,5,5,5,5,5,5,5,5,5,,
1v0nC15GpcAkOvN0VZOFwR3QlkEXLh0BPbzE57FI5fR4,"-Satisfacción del Curso virtual - RPMS PI e I 012026 - (AISPPMSCVPI_01_2026, AISPPMSCVI_01_2026) (AISPPMSCVPI_02_2026, AISPPMSCVI_02_2026)",2026-03-26T00:37:39.634Z,N/A,Femenino,Adultez (29 - 59 años),Postgrado,Área de la salud,5,5,5,5,5,5,5,5,5,5,5,5,5,,
1v0nC15GpcAkOvN0VZOFwR3QlkEXLh0BPbzE57FI5fR4,"-Satisfacción del Curso virtual - RPMS PI e I 012026 - (AISPPMSCVPI_01_2026, AISPPMSCVI_01_2026) (AISPPMSCVPI_02_2026, AISPPMSCVI_02_2026)",2025-12-18T15:18:36.058Z,N/A,Masculino,Adultez (29 - 59 años),Pregrado,Área de la salud,5,5,5,5,5,5,5,5,5,5,5,5,5,,
1v0nC15GpcAkOvN0VZOFwR3QlkEXLh0BPbzE57FI5fR4,"-Satisfacción del Curso virtual - RPMS PI e I 012026 - (AISPPMSCVPI_01_2026, AISPPMSCVI_01_2026) (AISPPMSCVPI_02_2026, AISPPMSCVI_02_2026)",2026-01-06T20:01:58.484Z,N/A,Femenino,Adultez (29 - 59 años),Postgrado,Área de la salud,5,5,5,5,5,5,5,4,4,4,4,5,5,,
1v0nC15GpcAkOvN0VZOFwR3QlkEXLh0BPbzE57FI5fR4,"-Satisfacción del Curso virtual - RPMS PI e I 012026 - (AISPPMSCVPI_01_2026, AISPPMSCVI_01_2026) (AISPPMSCVPI_02_2026, AISPPMSCVI_02_2026)",2026-01-27T21:09:34.845Z,N/A,Masculino,Adultez (29 - 59 años),Postgrado,Área de la salud,4,4,4,4,4,4,4,4,4,4,4,4,4,,
1v0nC15GpcAkOvN0VZOFwR3QlkEXLh0BPbzE57FI5fR4,"-Satisfacción del Curso virtual - RPMS PI e I 012026 - (AISPPMSCVPI_01_2026, AISPPMSCVI_01_2026) (AISPPMSCVPI_02_2026, AISPPMSCVI_02_2026)",2026-03-13T23:01:33.047Z,N/A,Femenino,Juventud (18 - 28 años),Bachiller,Área de la salud,4,4,4,5,4,5,5,5,5,4,4,4,4,,
1v0nC15GpcAkOvN0VZOFwR3QlkEXLh0BPbzE57FI5fR4,"-Satisfacción del Curso virtual - RPMS PI e I 012026 - (AISPPMSCVPI_01_2026, AISPPMSCVI_01_2026) (AISPPMSCVPI_02_2026, AISPPMSCVI_02_2026)",2026-01-05T22:47:42.955Z,N/A,Femenino,Juventud (18 - 28 años),Pregrado,Área de la salud,5,5,5,5,5,5,5,5,5,5,5,5,5,,
1v0nC15GpcAkOvN0VZOFwR3QlkEXLh0BPbzE57FI5fR4,"-Satisfacción del Curso virtual - RPMS PI e I 012026 - (AISPPMSCVPI_01_2026, AISPPMSCVI_01_2026) (AISPPMSCVPI_02_2026, AISPPMSCVI_02_2026)",2026-01-06T19:47:01.308Z,N/A,Femenino,Adultez (29 - 59 años),Bachiller,Área de la salud,5,5,5,5,5,5,5,5,5,5,5,5,5,,
1v0nC15GpcAkOvN0VZOFwR3QlkEXLh0BPbzE57FI5fR4,"-Satisfacción del Curso virtual - RPMS PI e I 012026 - (AISPPMSCVPI_01_2026, AISPPMSCVI_01_2026) (AISPPMSCVPI_02_2026, AISPPMSCVI_02_2026)",2026-04-10T03:19:02.883Z,N/A,Femenino,Juventud (18 - 28 años),Pregrado,Área de la salud,5,5,5,5,5,5,5,5,5,5,5,5,5,,
1v0nC15GpcAkOvN0VZOFwR3QlkEXLh0BPbzE57FI5fR4,"-Satisfacción del Curso virtual - RPMS PI e I 012026 - (AISPPMSCVPI_01_2026, AISPPMSCVI_01_2026) (AISPPMSCVPI_02_2026, AISPPMSCVI_02_2026)",2026-01-16T15:54:11.069Z,COMUNA 1,Femenino,Adultez (29 - 59 años),Pregrado,Área de la salud,5,5,5,5,5,5,5,5,5,5,5,5,5,,
1v0nC15GpcAkOvN0VZOFwR3QlkEXLh0BPbzE57FI5fR4,"-Satisfacción del Curso virtual - RPMS PI e I 012026 - (AISPPMSCVPI_01_2026, AISPPMSCVI_01_2026) (AISPPMSCVPI_02_2026, AISPPMSCVI_02_2026)",2026-01-28T16:38:14.799Z,N/A,Femenino,Adolescencia (12 - 17 años),Pregrado,Área de la salud,5,5,5,5,5,5,5,5,5,5,5,5,5,,
1v0nC15GpcAkOvN0VZOFwR3QlkEXLh0BPbzE57FI5fR4,"-Satisfacción del Curso virtual - RPMS PI e I 012026 - (AISPPMSCVPI_01_2026, AISPPMSCVI_01_2026) (AISPPMSCVPI_02_2026, AISPPMSCVI_02_2026)",2025-12-21T23:38:44.143Z,N/A,Femenino,Adultez (29 - 59 años),Pregrado,Área de la salud,5,5,5,5,5,5,5,5,4,5,5,5,5,,
1v0nC15GpcAkOvN0VZOFwR3QlkEXLh0BPbzE57FI5fR4,"-Satisfacción del Curso virtual - RPMS PI e I 012026 - (AISPPMSCVPI_01_2026, AISPPMSCVI_01_2026) (AISPPMSCVPI_02_2026, AISPPMSCVI_02_2026)",2026-01-16T03:54:54.424Z,N/A,Femenino,Adultez (29 - 59 años),Postgrado,Área de la salud,5,5,5,5,5,5,5,5,5,5,5,5,5,,
1v0nC15GpcAkOvN0VZOFwR3QlkEXLh0BPbzE57FI5fR4,"-Satisfacción del Curso virtual - RPMS PI e I 012026 - (AISPPMSCVPI_01_2026, AISPPMSCVI_01_2026) (AISPPMSCVPI_02_2026, AISPPMSCVI_02_2026)",2026-04-06T21:01:09.644Z,N/A,Femenino,Adultez (29 - 59 años),Pregrado,Área de la salud,1,1,1,1,1,1,1,1,1,1,1,1,1,,
1v0nC15GpcAkOvN0VZOFwR3QlkEXLh0BPbzE57FI5fR4,"-Satisfacción del Curso virtual - RPMS PI e I 012026 - (AISPPMSCVPI_01_2026, AISPPMSCVI_01_2026) (AISPPMSCVPI_02_2026, AISPPMSCVI_02_2026)",2025-12-24T15:38:28.571Z,COMUNA 7,Femenino,Juventud (18 - 28 años),Pregrado,Área de la salud,5,5,5,5,5,5,5,5,5,5,5,5,5,,
1v0nC15GpcAkOvN0VZOFwR3QlkEXLh0BPbzE57FI5fR4,"-Satisfacción del Curso virtual - RPMS PI e I 012026 - (AISPPMSCVPI_01_2026, AISPPMSCVI_01_2026) (AISPPMSCVPI_02_2026, AISPPMSCVI_02_2026)",2026-01-14T01:03:34.844Z,N/A,Masculino,Juventud (18 - 28 años),Pregrado,Área de la salud,5,5,5,5,5,5,5,5,5,5,5,5,5,,
1v0nC15GpcAkOvN0VZOFwR3QlkEXLh0BPbzE57FI5fR4,"-Satisfacción del Curso virtual - RPMS PI e I 012026 - (AISPPMSCVPI_01_2026, AISPPMSCVI_01_2026) (AISPPMSCVPI_02_2026, AISPPMSCVI_02_2026)",2026-01-14T02:32:57.950Z,N/A,Femenino,Juventud (18 - 28 años),Pregrado,Área de la salud,5,5,5,5,5,5,5,5,5,5,5,5,5,,
1v0nC15GpcAkOvN0VZOFwR3QlkEXLh0BPbzE57FI5fR4,"-Satisfacción del Curso virtual - RPMS PI e I 012026 - (AISPPMSCVPI_01_2026, AISPPMSCVI_01_2026) (AISPPMSCVPI_02_2026, AISPPMSCVI_02_2026)",2025-12-26T15:49:02.820Z,N/A,Femenino,Juventud (18 - 28 años),Postgrado,Área de la salud,5,5,5,5,5,5,5,5,5,5,5,5,5,,
1v0nC15GpcAkOvN0VZOFwR3QlkEXLh0BPbzE57FI5fR4,"-Satisfacción del Curso virtual - RPMS PI e I 012026 - (AISPPMSCVPI_01_2026, AISPPMSCVI_01_2026) (AISPPMSCVPI_02_2026, AISPPMSCVI_02_2026)",2025-12-17T20:28:34.981Z,N/A,Masculino,Adultez (29 - 59 años),Postgrado,Área de la salud,5,5,5,5,5,5,5,5,5,5,5,5,5,,
1v0nC15GpcAkOvN0VZOFwR3QlkEXLh0BPbzE57FI5fR4,"-Satisfacción del Curso virtual - RPMS PI e I 012026 - (AISPPMSCVPI_01_2026, AISPPMSCVI_01_2026) (AISPPMSCVPI_02_2026, AISPPMSCVI_02_2026)",2026-03-21T02:15:51.253Z,N/A,Femenino,Adultez (29 - 59 años),Pregrado,Área de la salud,4,4,4,4,4,4,4,4,4,4,4,4,4,,
1v0nC15GpcAkOvN0VZOFwR3QlkEXLh0BPbzE57FI5fR4,"-Satisfacción del Curso virtual - RPMS PI e I 012026 - (AISPPMSCVPI_01_2026, AISPPMSCVI_01_2026) (AISPPMSCVPI_02_2026, AISPPMSCVI_02_2026)",2026-04-11T04:22:17.963Z,N/A,Femenino,Adultez (29 - 59 años),Pregrado,Área de la salud,5,5,5,5,5,5,5,5,5,4,4,5,5,,
1v0nC15GpcAkOvN0VZOFwR3QlkEXLh0BPbzE57FI5fR4,"-Satisfacción del Curso virtual - RPMS PI e I 012026 - (AISPPMSCVPI_01_2026, AISPPMSCVI_01_2026) (AISPPMSCVPI_02_2026, AISPPMSCVI_02_2026)",2025-12-15T13:19:57.804Z,N/A,Femenino,Adultez (29 - 59 años),Bachiller,Área de la salud,5,5,5,5,5,5,5,5,5,5,5,5,5,,
1v0nC15GpcAkOvN0VZOFwR3QlkEXLh0BPbzE57FI5fR4,"-Satisfacción del Curso virtual - RPMS PI e I 012026 - (AISPPMSCVPI_01_2026, AISPPMSCVI_01_2026) (AISPPMSCVPI_02_2026, AISPPMSCVI_02_2026)",2026-03-11T15:36:23.374Z,N/A,Femenino,Adultez (29 - 59 años),Pregrado,Área de la salud,4,4,4,4,4,5,4,4,4,4,4,4,4,,
1v0nC15GpcAkOvN0VZOFwR3QlkEXLh0BPbzE57FI5fR4,"-Satisfacción del Curso virtual - RPMS PI e I 012026 - (AISPPMSCVPI_01_2026, AISPPMSCVI_01_2026) (AISPPMSCVPI_02_2026, AISPPMSCVI_02_2026)",2026-01-15T20:07:19.468Z,N/A,Femenino,Adultez (29 - 59 años),Postgrado,Área de la salud,5,5,5,5,5,5,5,5,5,4,5,5,5,,
1v0nC15GpcAkOvN0VZOFwR3QlkEXLh0BPbzE57FI5fR4,"-Satisfacción del Curso virtual - RPMS PI e I 012026 - (AISPPMSCVPI_01_2026, AISPPMSCVI_01_2026) (AISPPMSCVPI_02_2026, AISPPMSCVI_02_2026)",2026-01-08T01:32:37.999Z,COMUNA 17,Femenino,Adultez (29 - 59 años),Pregrado,Área de la salud,5,5,5,5,5,5,5,5,5,5,5,5,5,,
1v0nC15GpcAkOvN0VZOFwR3QlkEXLh0BPbzE57FI5fR4,"-Satisfacción del Curso virtual - RPMS PI e I 012026 - (AISPPMSCVPI_01_2026, AISPPMSCVI_01_2026) (AISPPMSCVPI_02_2026, AISPPMSCVI_02_2026)",2025-12-15T03:07:33.606Z,N/A,Femenino,Adultez (29 - 59 años),Pregrado,Área de la salud,5,5,5,5,4,4,4,4,4,4,4,4,4,,
1v0nC15GpcAkOvN0VZOFwR3QlkEXLh0BPbzE57FI5fR4,"-Satisfacción del Curso virtual - RPMS PI e I 012026 - (AISPPMSCVPI_01_2026, AISPPMSCVI_01_2026) (AISPPMSCVPI_02_2026, AISPPMSCVI_02_2026)",2025-12-29T15:19:37.258Z,COMUNA 3,Femenino,Juventud (18 - 28 años),Pregrado,Área de la salud,5,5,5,5,5,5,5,5,5,5,5,5,5,,
1v0nC15GpcAkOvN0VZOFwR3QlkEXLh0BPbzE57FI5fR4,"-Satisfacción del Curso virtual - RPMS PI e I 012026 - (AISPPMSCVPI_01_2026, AISPPMSCVI_01_2026) (AISPPMSCVPI_02_2026, AISPPMSCVI_02_2026)",2025-12-22T14:41:01.662Z,N/A,Femenino,Adultez (29 - 59 años),Pregrado,Área de la salud,5,5,5,5,5,5,5,5,5,5,5,5,5,,
1v0nC15GpcAkOvN0VZOFwR3QlkEXLh0BPbzE57FI5fR4,"-Satisfacción del Curso virtual - RPMS PI e I 012026 - (AISPPMSCVPI_01_2026, AISPPMSCVI_01_2026) (AISPPMSCVPI_02_2026, AISPPMSCVI_02_2026)",2026-04-09T04:18:23.161Z,N/A,Femenino,Adultez (29 - 59 años),Postgrado,Área de la salud,5,5,5,5,5,5,5,5,5,5,5,5,5,,
1v0nC15GpcAkOvN0VZOFwR3QlkEXLh0BPbzE57FI5fR4,"-Satisfacción del Curso virtual - RPMS PI e I 012026 - (AISPPMSCVPI_01_2026, AISPPMSCVI_01_2026) (AISPPMSCVPI_02_2026, AISPPMSCVI_02_2026)",2026-04-10T23:46:38.942Z,N/A,Masculino,Adultez (29 - 59 años),Pregrado,Área de la salud,5,5,5,5,5,5,5,5,5,5,5,5,5,,
1v0nC15GpcAkOvN0VZOFwR3QlkEXLh0BPbzE57FI5fR4,"-Satisfacción del Curso virtual - RPMS PI e I 012026 - (AISPPMSCVPI_01_2026, AISPPMSCVI_01_2026) (AISPPMSCVPI_02_2026, AISPPMSCVI_02_2026)",2025-12-29T20:12:13.848Z,N/A,Femenino,Adultez (29 - 59 años),Postgrado,Área de la salud,4,4,5,5,3,5,4,4,4,4,4,4,4,,
1v0nC15GpcAkOvN0VZOFwR3QlkEXLh0BPbzE57FI5fR4,"-Satisfacción del Curso virtual - RPMS PI e I 012026 - (AISPPMSCVPI_01_2026, AISPPMSCVI_01_2026) (AISPPMSCVPI_02_2026, AISPPMSCVI_02_2026)",2026-04-10T21:20:45.867Z,COMUNA 8,Femenino,Juventud (18 - 28 años),Pregrado,Área de la salud,5,5,5,3,4,5,3,4,3,4,4,4,4,,
1v0nC15GpcAkOvN0VZOFwR3QlkEXLh0BPbzE57FI5fR4,"-Satisfacción del Curso virtual - RPMS PI e I 012026 - (AISPPMSCVPI_01_2026, AISPPMSCVI_01_2026) (AISPPMSCVPI_02_2026, AISPPMSCVI_02_2026)",2025-12-11T14:58:20.346Z,N/A,Femenino,Juventud (18 - 28 años),Pregrado,Área de la salud,5,5,5,5,5,5,5,5,5,5,5,5,5,,
1v0nC15GpcAkOvN0VZOFwR3QlkEXLh0BPbzE57FI5fR4,"-Satisfacción del Curso virtual - RPMS PI e I 012026 - (AISPPMSCVPI_01_2026, AISPPMSCVI_01_2026) (AISPPMSCVPI_02_2026, AISPPMSCVI_02_2026)",2026-04-11T01:40:16.502Z,COMUNA 12,Femenino,Juventud (18 - 28 años),Pregrado,Área de la salud,5,5,5,5,5,5,5,5,5,5,5,5,5,,
1v0nC15GpcAkOvN0VZOFwR3QlkEXLh0BPbzE57FI5fR4,"-Satisfacción del Curso virtual - RPMS PI e I 012026 - (AISPPMSCVPI_01_2026, AISPPMSCVI_01_2026) (AISPPMSCVPI_02_2026, AISPPMSCVI_02_2026)",2025-12-11T15:05:04.314Z,N/A,Masculino,Adolescencia (12 - 17 años),Postgrado,Área de la salud,5,5,5,5,5,5,5,5,5,5,5,5,5,,
1v0nC15GpcAkOvN0VZOFwR3QlkEXLh0BPbzE57FI5fR4,"-Satisfacción del Curso virtual - RPMS PI e I 012026 - (AISPPMSCVPI_01_2026, AISPPMSCVI_01_2026) (AISPPMSCVPI_02_2026, AISPPMSCVI_02_2026)",2026-03-29T01:29:58.160Z,N/A,Femenino,Adultez (29 - 59 años),Pregrado,Área de la salud,4,4,4,4,4,4,4,4,4,4,4,4,4,,
1qJvRFder96s1e8UWY1AyyJ6thKeVv8calOLG9lpgK_0,-Satisfacción del Curso virtual - Cáncer de mama 2026 - (ACM_02_2026),2026-05-26T13:18:31.135Z,COMUNA 17,Femenino,Adultez (29 - 59 años),Pregrado,Área de la salud,5,5,5,5,5,5,5,5,5,5,5,5,5,,
1qJvRFder96s1e8UWY1AyyJ6thKeVv8calOLG9lpgK_0,-Satisfacción del Curso virtual - Cáncer de mama 2026 - (ACM_02_2026),2026-05-29T19:56:00.076Z,COMUNA 17,Femenino,Adultez (29 - 59 años),Pregrado,Área de la salud,5,5,5,5,5,5,5,5,5,5,5,5,5,,
1qJvRFder96s1e8UWY1AyyJ6thKeVv8calOLG9lpgK_0,-Satisfacción del Curso virtual - Cáncer de mama 2026 - (ACM_02_2026),2026-05-20T17:15:52.771Z,N/A,Femenino,Adultez (29 - 59 años),Bachiller,Área de la salud,5,5,5,5,5,5,5,5,4,4,5,5,5,,
1qJvRFder96s1e8UWY1AyyJ6thKeVv8calOLG9lpgK_0,-Satisfacción del Curso virtual - Cáncer de mama 2026 - (ACM_02_2026),2026-06-05T20:17:27.730Z,COMUNA 17,Masculino,Adultez (29 - 59 años),Pregrado,Estudiante,5,5,5,5,5,5,5,5,5,5,5,5,5,,
1qJvRFder96s1e8UWY1AyyJ6thKeVv8calOLG9lpgK_0,-Satisfacción del Curso virtual - Cáncer de mama 2026 - (ACM_02_2026),2026-06-22T17:19:40.288Z,COMUNA 19,Femenino,Juventud (18 - 28 años),Bachiller,Área de la salud,5,5,5,5,5,5,5,5,5,5,5,5,5,,
1qJvRFder96s1e8UWY1AyyJ6thKeVv8calOLG9lpgK_0,-Satisfacción del Curso virtual - Cáncer de mama 2026 - (ACM_02_2026),2026-06-05T20:14:20.871Z,COMUNA 17,Femenino,Adultez (29 - 59 años),Pregrado,Área de la salud,5,5,5,5,4,5,5,5,5,5,5,5,5,,
1qJvRFder96s1e8UWY1AyyJ6thKeVv8calOLG9lpgK_0,-Satisfacción del Curso virtual - Cáncer de mama 2026 - (ACM_02_2026),2026-05-16T16:31:40.288Z,COMUNA 17,Femenino,Adultez (29 - 59 años),Postgrado,Área de la salud,5,5,5,5,5,5,5,5,5,5,5,5,5,,
1qJvRFder96s1e8UWY1AyyJ6thKeVv8calOLG9lpgK_0,-Satisfacción del Curso virtual - Cáncer de mama 2026 - (ACM_02_2026),2026-05-13T22:12:35.510Z,COMUNA 3,Femenino,Vejez (60 años o más),Bachiller,Área de la salud,5,5,5,5,5,5,5,5,5,5,5,5,5,,
1qJvRFder96s1e8UWY1AyyJ6thKeVv8calOLG9lpgK_0,-Satisfacción del Curso virtual - Cáncer de mama 2026 - (ACM_02_2026),2026-05-20T16:11:28.676Z,COMUNA 17,Masculino,Adultez (29 - 59 años),Postgrado,Área de la salud,5,5,5,5,3,5,5,5,3,3,5,5,5,,
1qJvRFder96s1e8UWY1AyyJ6thKeVv8calOLG9lpgK_0,-Satisfacción del Curso virtual - Cáncer de mama 2026 - (ACM_02_2026),2026-06-18T07:49:55.876Z,COMUNA 19,Masculino,Adultez (29 - 59 años),Pregrado,Área de la salud,5,5,5,5,5,5,5,5,5,5,5,5,5,,
1TMb_crQZVhFfjP9hb6MMkkd0cW9xy8oVb6GaDYgmDOY,-Satisfacción del Curso virtual - DESNUTRICIÓN INFANTIL 1°C 2025 - (ADAM5_2025),2025-04-27T03:10:26.566Z,,Masculino,Vejez (60 años o más),Pregrado,Área de la salud,5,4,4,4,4,4,4,4,4,4,4,4,4,COMUNA 5,
1TMb_crQZVhFfjP9hb6MMkkd0cW9xy8oVb6GaDYgmDOY,-Satisfacción del Curso virtual - DESNUTRICIÓN INFANTIL 1°C 2025 - (ADAM5_2025),2025-04-26T19:50:02.292Z,,Femenino,Adultez (29 - 59 años),Postgrado,Área de la salud,4,4,5,5,4,5,4,4,4,2,5,5,5,COMUNA 19,
1TMb_crQZVhFfjP9hb6MMkkd0cW9xy8oVb6GaDYgmDOY,-Satisfacción del Curso virtual - DESNUTRICIÓN INFANTIL 1°C 2025 - (ADAM5_2025),2025-03-18T07:40:37.144Z,,Masculino,Adultez (29 - 59 años),Postgrado,Área de la salud,5,5,5,5,5,5,5,5,5,5,5,5,5,COMUNA 19,
1TMb_crQZVhFfjP9hb6MMkkd0cW9xy8oVb6GaDYgmDOY,-Satisfacción del Curso virtual - DESNUTRICIÓN INFANTIL 1°C 2025 - (ADAM5_2025),2025-04-30T20:24:53.075Z,,Femenino,Adultez (29 - 59 años),Postgrado,Área de la salud,5,5,5,5,5,5,5,5,5,5,5,5,5,COMUNA 4,
1TMb_crQZVhFfjP9hb6MMkkd0cW9xy8oVb6GaDYgmDOY,-Satisfacción del Curso virtual - DESNUTRICIÓN INFANTIL 1°C 2025 - (ADAM5_2025),2025-04-09T14:44:31.371Z,,Masculino,Adultez (29 - 59 años),Postgrado,Área de la salud,5,5,5,5,5,5,5,5,5,5,5,5,5,COMUNA 19,
1TMb_crQZVhFfjP9hb6MMkkd0cW9xy8oVb6GaDYgmDOY,-Satisfacción del Curso virtual - DESNUTRICIÓN INFANTIL 1°C 2025 - (ADAM5_2025),2025-04-25T14:38:05.419Z,,Femenino,Adultez (29 - 59 años),Pregrado,Área de la salud,5,5,5,5,5,5,5,5,5,5,5,5,5,COMUNA 15,
1TMb_crQZVhFfjP9hb6MMkkd0cW9xy8oVb6GaDYgmDOY,-Satisfacción del Curso virtual - DESNUTRICIÓN INFANTIL 1°C 2025 - (ADAM5_2025),2025-04-21T21:52:12.826Z,,Femenino,Adultez (29 - 59 años),Pregrado,Área de la salud,5,5,4,4,5,5,4,4,2,3,4,4,4,COMUNA 6,
1TMb_crQZVhFfjP9hb6MMkkd0cW9xy8oVb6GaDYgmDOY,-Satisfacción del Curso virtual - DESNUTRICIÓN INFANTIL 1°C 2025 - (ADAM5_2025),2025-03-06T05:20:22.485Z,,Femenino,Adultez (29 - 59 años),Pregrado,Área de la salud,5,5,5,5,5,5,5,5,5,5,5,5,5,COMUNA 13,
1TMb_crQZVhFfjP9hb6MMkkd0cW9xy8oVb6GaDYgmDOY,-Satisfacción del Curso virtual - DESNUTRICIÓN INFANTIL 1°C 2025 - (ADAM5_2025),2025-05-02T18:08:45.366Z,,Femenino,Adultez (29 - 59 años),Postgrado,Área de la salud,3,3,4,4,1,3,2,3,3,3,3,3,3,COMUNA 2,
1TMb_crQZVhFfjP9hb6MMkkd0cW9xy8oVb6GaDYgmDOY,-Satisfacción del Curso virtual - DESNUTRICIÓN INFANTIL 1°C 2025 - (ADAM5_2025),2025-04-23T21:13:49.850Z,,Femenino,Adolescencia (12 - 17 años),Postgrado,Área de la salud,5,5,5,5,5,5,5,5,5,5,5,5,5,COMUNA 19,
1TMb_crQZVhFfjP9hb6MMkkd0cW9xy8oVb6GaDYgmDOY,-Satisfacción del Curso virtual - DESNUTRICIÓN INFANTIL 1°C 2025 - (ADAM5_2025),2025-04-26T19:43:17.314Z,,Masculino,Adultez (29 - 59 años),Pregrado,Área de la salud,5,5,5,5,5,5,5,5,5,5,5,5,5,COMUNA 22,
1TMb_crQZVhFfjP9hb6MMkkd0cW9xy8oVb6GaDYgmDOY,-Satisfacción del Curso virtual - DESNUTRICIÓN INFANTIL 1°C 2025 - (ADAM5_2025),2025-04-27T21:30:20.317Z,,Femenino,Adultez (29 - 59 años),Pregrado,Área de la salud,5,5,5,5,5,5,5,5,5,4,5,5,5,COMUNA 19,
1TMb_crQZVhFfjP9hb6MMkkd0cW9xy8oVb6GaDYgmDOY,-Satisfacción del Curso virtual - DESNUTRICIÓN INFANTIL 1°C 2025 - (ADAM5_2025),2025-05-09T02:04:18.029Z,,Femenino,Adultez (29 - 59 años),Postgrado,Área de la salud,5,5,5,5,5,5,5,5,5,5,5,5,5,COMUNA 22,
1TMb_crQZVhFfjP9hb6MMkkd0cW9xy8oVb6GaDYgmDOY,-Satisfacción del Curso virtual - DESNUTRICIÓN INFANTIL 1°C 2025 - (ADAM5_2025),2025-04-29T00:25:43.604Z,,Femenino,Adultez (29 - 59 años),Postgrado,Área de la salud,5,5,5,5,5,5,5,5,5,5,5,5,5,COMUNA 19,
1TMb_crQZVhFfjP9hb6MMkkd0cW9xy8oVb6GaDYgmDOY,-Satisfacción del Curso virtual - DESNUTRICIÓN INFANTIL 1°C 2025 - (ADAM5_2025),2025-04-30T16:12:41.766Z,,Femenino,Adultez (29 - 59 años),Pregrado,Área de la salud,5,5,5,5,5,5,5,5,5,5,5,5,5,COMUNA 3,
1TMb_crQZVhFfjP9hb6MMkkd0cW9xy8oVb6GaDYgmDOY,-Satisfacción del Curso virtual - DESNUTRICIÓN INFANTIL 1°C 2025 - (ADAM5_2025),2025-03-12T19:24:38.315Z,,Femenino,Adultez (29 - 59 años),Postgrado,Área de la salud,5,5,5,5,5,5,5,5,5,5,5,5,5,COMUNA 4,
1TMb_crQZVhFfjP9hb6MMkkd0cW9xy8oVb6GaDYgmDOY,-Satisfacción del Curso virtual - DESNUTRICIÓN INFANTIL 1°C 2025 - (ADAM5_2025),2025-04-26T12:18:20.242Z,,Femenino,Adultez (29 - 59 años),Pregrado,Área de la salud,4,4,4,4,4,4,4,4,4,4,4,4,4,COMUNA 15,
1TMb_crQZVhFfjP9hb6MMkkd0cW9xy8oVb6GaDYgmDOY,-Satisfacción del Curso virtual - DESNUTRICIÓN INFANTIL 1°C 2025 - (ADAM5_2025),2025-05-03T18:33:38.309Z,,Femenino,Juventud (18 - 28 años),Pregrado,Área de la salud,5,5,5,5,5,5,5,5,5,5,5,5,5,COMUNA 11,
1TMb_crQZVhFfjP9hb6MMkkd0cW9xy8oVb6GaDYgmDOY,-Satisfacción del Curso virtual - DESNUTRICIÓN INFANTIL 1°C 2025 - (ADAM5_2025),2025-05-03T22:54:47.979Z,,Femenino,Adultez (29 - 59 años),Postgrado,Área de la salud,5,5,5,5,4,5,5,5,4,4,5,5,5,COMUNA 1,
1TMb_crQZVhFfjP9hb6MMkkd0cW9xy8oVb6GaDYgmDOY,-Satisfacción del Curso virtual - DESNUTRICIÓN INFANTIL 1°C 2025 - (ADAM5_2025),2025-04-30T01:55:00.455Z,,Masculino,Adultez (29 - 59 años),Pregrado,Área de la salud,5,5,5,5,5,5,5,5,5,5,5,5,5,COMUNA 14,
1TMb_crQZVhFfjP9hb6MMkkd0cW9xy8oVb6GaDYgmDOY,-Satisfacción del Curso virtual - DESNUTRICIÓN INFANTIL 1°C 2025 - (ADAM5_2025),2025-04-22T00:15:15.590Z,,Femenino,Juventud (18 - 28 años),Pregrado,Área de la salud,5,5,5,5,5,5,5,5,5,5,5,5,5,COMUNA 1,
1TMb_crQZVhFfjP9hb6MMkkd0cW9xy8oVb6GaDYgmDOY,-Satisfacción del Curso virtual - DESNUTRICIÓN INFANTIL 1°C 2025 - (ADAM5_2025),2025-05-05T04:46:25.856Z,,Masculino,Adultez (29 - 59 años),Pregrado,Área de la salud,3,2,2,2,1,1,2,2,1,1,1,2,1,COMUNA 17,
1TMb_crQZVhFfjP9hb6MMkkd0cW9xy8oVb6GaDYgmDOY,-Satisfacción del Curso virtual - DESNUTRICIÓN INFANTIL 1°C 2025 - (ADAM5_2025),2025-04-30T20:07:57.652Z,,Femenino,Adultez (29 - 59 años),Postgrado,Área de la salud,5,5,5,5,5,5,5,5,5,5,5,5,5,COMUNA 15,
1TMb_crQZVhFfjP9hb6MMkkd0cW9xy8oVb6GaDYgmDOY,-Satisfacción del Curso virtual - DESNUTRICIÓN INFANTIL 1°C 2025 - (ADAM5_2025),2025-03-22T23:09:17.421Z,,Femenino,Adultez (29 - 59 años),Pregrado,Área de la salud,5,5,5,5,5,5,5,5,5,5,5,5,5,COMUNA 12,
1TMb_crQZVhFfjP9hb6MMkkd0cW9xy8oVb6GaDYgmDOY,-Satisfacción del Curso virtual - DESNUTRICIÓN INFANTIL 1°C 2025 - (ADAM5_2025),2025-03-14T20:56:36.077Z,,Femenino,Juventud (18 - 28 años),Pregrado,Área de la salud,5,5,5,5,5,5,5,5,5,5,5,5,5,COMUNA 8,
1TMb_crQZVhFfjP9hb6MMkkd0cW9xy8oVb6GaDYgmDOY,-Satisfacción del Curso virtual - DESNUTRICIÓN INFANTIL 1°C 2025 - (ADAM5_2025),2025-04-27T17:51:50.231Z,,Masculino,Vejez (60 años o más),Pregrado,Área de la salud,5,5,5,5,5,5,5,5,5,5,5,5,5,COMUNA 17,
1TMb_crQZVhFfjP9hb6MMkkd0cW9xy8oVb6GaDYgmDOY,-Satisfacción del Curso virtual - DESNUTRICIÓN INFANTIL 1°C 2025 - (ADAM5_2025),2025-05-24T16:46:16.350Z,,Femenino,Adultez (29 - 59 años),Pregrado,Área de la salud,5,5,5,5,5,5,5,5,3,3,5,5,5,C. DE PANCE,
1TMb_crQZVhFfjP9hb6MMkkd0cW9xy8oVb6GaDYgmDOY,-Satisfacción del Curso virtual - DESNUTRICIÓN INFANTIL 1°C 2025 - (ADAM5_2025),2025-04-28T17:03:57.973Z,,Femenino,Juventud (18 - 28 años),Pregrado,Área de la salud,5,5,5,5,5,5,5,5,5,5,5,5,5,COMUNA 1,
1TMb_crQZVhFfjP9hb6MMkkd0cW9xy8oVb6GaDYgmDOY,-Satisfacción del Curso virtual - DESNUTRICIÓN INFANTIL 1°C 2025 - (ADAM5_2025),2025-03-12T19:25:56.087Z,,Femenino,Adultez (29 - 59 años),Pregrado,Área de la salud,5,5,5,5,5,5,5,5,5,5,5,5,5,COMUNA 4,
1TMb_crQZVhFfjP9hb6MMkkd0cW9xy8oVb6GaDYgmDOY,-Satisfacción del Curso virtual - DESNUTRICIÓN INFANTIL 1°C 2025 - (ADAM5_2025),2025-04-30T15:51:08.624Z,,Femenino,Juventud (18 - 28 años),Postgrado,Área de la salud,4,4,4,4,4,4,4,4,4,4,4,4,4,COMUNA 17,
1TMb_crQZVhFfjP9hb6MMkkd0cW9xy8oVb6GaDYgmDOY,-Satisfacción del Curso virtual - DESNUTRICIÓN INFANTIL 1°C 2025 - (ADAM5_2025),2025-04-22T22:07:22.764Z,,Femenino,Adultez (29 - 59 años),Postgrado,Área de la salud,4,4,4,4,4,4,4,4,4,4,4,4,4,COMUNA 1,
1TMb_crQZVhFfjP9hb6MMkkd0cW9xy8oVb6GaDYgmDOY,-Satisfacción del Curso virtual - DESNUTRICIÓN INFANTIL 1°C 2025 - (ADAM5_2025),2025-04-22T16:42:57.712Z,,Femenino,Adultez (29 - 59 años),Pregrado,Área de la salud,4,4,4,4,4,4,4,4,4,4,4,4,4,COMUNA 2,
1TMb_crQZVhFfjP9hb6MMkkd0cW9xy8oVb6GaDYgmDOY,-Satisfacción del Curso virtual - DESNUTRICIÓN INFANTIL 1°C 2025 - (ADAM5_2025),2025-04-23T14:30:07.409Z,,Femenino,Juventud (18 - 28 años),Pregrado,Área de la salud,4,4,4,4,4,4,4,4,4,4,4,4,4,COMUNA 22,
1TMb_crQZVhFfjP9hb6MMkkd0cW9xy8oVb6GaDYgmDOY,-Satisfacción del Curso virtual - DESNUTRICIÓN INFANTIL 1°C 2025 - (ADAM5_2025),2025-04-23T04:25:42.706Z,,Masculino,Adultez (29 - 59 años),Pregrado,Área de la salud,5,5,5,5,4,5,4,4,3,3,4,4,5,COMUNA 2,
1TMb_crQZVhFfjP9hb6MMkkd0cW9xy8oVb6GaDYgmDOY,-Satisfacción del Curso virtual - DESNUTRICIÓN INFANTIL 1°C 2025 - (ADAM5_2025),2025-08-22T16:02:07.415Z,,Femenino,Juventud (18 - 28 años),Pregrado,Área de la salud,4,4,4,4,4,4,4,4,4,4,4,4,4,COMUNA 5,
1TMb_crQZVhFfjP9hb6MMkkd0cW9xy8oVb6GaDYgmDOY,-Satisfacción del Curso virtual - DESNUTRICIÓN INFANTIL 1°C 2025 - (ADAM5_2025),2025-05-01T17:16:04.057Z,,Femenino,Adultez (29 - 59 años),Bachiller,Área de la salud,5,5,5,5,5,5,5,5,5,5,5,5,5,COMUNA 18,
1TMb_crQZVhFfjP9hb6MMkkd0cW9xy8oVb6GaDYgmDOY,-Satisfacción del Curso virtual - DESNUTRICIÓN INFANTIL 1°C 2025 - (ADAM5_2025),2025-04-23T12:41:39.254Z,,Femenino,Adultez (29 - 59 años),Postgrado,Área de la salud,5,5,5,5,5,5,5,5,5,5,5,5,5,COMUNA 4,
1TMb_crQZVhFfjP9hb6MMkkd0cW9xy8oVb6GaDYgmDOY,-Satisfacción del Curso virtual - DESNUTRICIÓN INFANTIL 1°C 2025 - (ADAM5_2025),2025-04-28T19:30:42.700Z,,Femenino,Adultez (29 - 59 años),Pregrado,Área de la salud,5,5,5,5,5,5,5,5,5,5,5,5,5,COMUNA 18,
1TMb_crQZVhFfjP9hb6MMkkd0cW9xy8oVb6GaDYgmDOY,-Satisfacción del Curso virtual - DESNUTRICIÓN INFANTIL 1°C 2025 - (ADAM5_2025),2025-04-30T16:54:10.835Z,,Femenino,Adultez (29 - 59 años),Postgrado,Área de la salud,4,4,4,4,4,4,4,4,4,4,4,4,4,COMUNA 17,
1TMb_crQZVhFfjP9hb6MMkkd0cW9xy8oVb6GaDYgmDOY,-Satisfacción del Curso virtual - DESNUTRICIÓN INFANTIL 1°C 2025 - (ADAM5_2025),2025-05-04T14:52:07.809Z,,Femenino,Adultez (29 - 59 años),Pregrado,Área de la salud,4,4,4,4,4,4,4,4,4,4,4,4,4,COMUNA 19,
1TMb_crQZVhFfjP9hb6MMkkd0cW9xy8oVb6GaDYgmDOY,-Satisfacción del Curso virtual - DESNUTRICIÓN INFANTIL 1°C 2025 - (ADAM5_2025),2025-04-30T16:06:56.564Z,,Femenino,Adultez (29 - 59 años),Bachiller,Área de la salud,5,5,5,5,5,5,5,5,5,5,5,5,5,COMUNA 13,
1TMb_crQZVhFfjP9hb6MMkkd0cW9xy8oVb6GaDYgmDOY,-Satisfacción del Curso virtual - DESNUTRICIÓN INFANTIL 1°C 2025 - (ADAM5_2025),2025-03-14T07:55:07.583Z,,Femenino,Juventud (18 - 28 años),Pregrado,Área de la salud,5,5,5,5,5,5,5,5,5,5,5,5,5,COMUNA 9,
1TMb_crQZVhFfjP9hb6MMkkd0cW9xy8oVb6GaDYgmDOY,-Satisfacción del Curso virtual - DESNUTRICIÓN INFANTIL 1°C 2025 - (ADAM5_2025),2025-05-03T04:47:50.537Z,,Femenino,Adultez (29 - 59 años),Pregrado,Área de la salud,5,5,5,5,5,5,5,5,5,5,5,5,5,C. DE VILLACARMELO,
1TMb_crQZVhFfjP9hb6MMkkd0cW9xy8oVb6GaDYgmDOY,-Satisfacción del Curso virtual - DESNUTRICIÓN INFANTIL 1°C 2025 - (ADAM5_2025),2025-04-28T16:20:41.642Z,,Femenino,Adultez (29 - 59 años),Bachiller,Área de la salud,5,5,5,5,5,5,5,5,5,4,4,5,5,COMUNA 15,
1TMb_crQZVhFfjP9hb6MMkkd0cW9xy8oVb6GaDYgmDOY,-Satisfacción del Curso virtual - DESNUTRICIÓN INFANTIL 1°C 2025 - (ADAM5_2025),2025-04-22T23:49:03.639Z,,Femenino,Adultez (29 - 59 años),Pregrado,Área de la salud,1,1,1,1,1,1,1,1,1,1,1,1,1,COMUNA 1,
1TMb_crQZVhFfjP9hb6MMkkd0cW9xy8oVb6GaDYgmDOY,-Satisfacción del Curso virtual - DESNUTRICIÓN INFANTIL 1°C 2025 - (ADAM5_2025),2025-04-01T16:36:10.249Z,,Masculino,Juventud (18 - 28 años),Pregrado,Área de la salud,5,5,5,5,5,5,4,5,5,5,5,5,5,COMUNA 14,
1uprLFF249_cd7iDdYk1kd-PTAfVmw4ijkYCMq-1FiA0,-Satisfacción del Curso virtual - SALUD ORAL RPMS 1°C 2025 - (ASBTPMS_2025),2025-07-16T21:17:57.759Z,,Femenino,Juventud (18 - 28 años),Bachiller,Área de la salud,5,5,5,5,5,5,5,5,5,5,5,5,5,COMUNA 21,
1uprLFF249_cd7iDdYk1kd-PTAfVmw4ijkYCMq-1FiA0,-Satisfacción del Curso virtual - SALUD ORAL RPMS 1°C 2025 - (ASBTPMS_2025),2025-07-09T12:43:00.742Z,,Femenino,Adolescencia (12 - 17 años),Pregrado,Área de la salud,5,5,5,5,5,5,5,5,5,3,5,5,5,COMUNA 12,
1uprLFF249_cd7iDdYk1kd-PTAfVmw4ijkYCMq-1FiA0,-Satisfacción del Curso virtual - SALUD ORAL RPMS 1°C 2025 - (ASBTPMS_2025),2025-07-16T00:11:09.529Z,,Femenino,Adultez (29 - 59 años),Postgrado,Área de la salud,5,5,5,5,5,5,5,5,5,5,5,5,5,COMUNA 6,
1uprLFF249_cd7iDdYk1kd-PTAfVmw4ijkYCMq-1FiA0,-Satisfacción del Curso virtual - SALUD ORAL RPMS 1°C 2025 - (ASBTPMS_2025),2025-07-22T14:02:48.714Z,,Femenino,Vejez (60 años o más),Pregrado,Área de la salud,5,5,5,5,5,5,5,5,5,5,5,5,5,COMUNA 17,
1uprLFF249_cd7iDdYk1kd-PTAfVmw4ijkYCMq-1FiA0,-Satisfacción del Curso virtual - SALUD ORAL RPMS 1°C 2025 - (ASBTPMS_2025),2025-07-11T03:12:43.592Z,,Masculino,Adultez (29 - 59 años),Postgrado,Área de la salud,5,5,5,5,5,5,5,5,5,5,5,5,5,COMUNA 22,
1uprLFF249_cd7iDdYk1kd-PTAfVmw4ijkYCMq-1FiA0,-Satisfacción del Curso virtual - SALUD ORAL RPMS 1°C 2025 - (ASBTPMS_2025),2025-07-25T21:57:00.453Z,,Femenino,Adultez (29 - 59 años),Postgrado,Área de la salud,5,5,5,5,4,5,4,5,4,4,5,5,5,COMUNA 22,
1uprLFF249_cd7iDdYk1kd-PTAfVmw4ijkYCMq-1FiA0,-Satisfacción del Curso virtual - SALUD ORAL RPMS 1°C 2025 - (ASBTPMS_2025),2025-07-22T14:09:15.343Z,,Femenino,Adultez (29 - 59 años),Postgrado,Área de la salud,5,5,5,5,5,5,5,5,5,5,5,5,5,COMUNA 10,
1uprLFF249_cd7iDdYk1kd-PTAfVmw4ijkYCMq-1FiA0,-Satisfacción del Curso virtual - SALUD ORAL RPMS 1°C 2025 - (ASBTPMS_2025),2025-07-22T14:06:24.050Z,,Femenino,Vejez (60 años o más),Pregrado,Área de la salud,5,5,5,5,5,5,5,5,5,5,5,5,5,COMUNA 17,
1uprLFF249_cd7iDdYk1kd-PTAfVmw4ijkYCMq-1FiA0,-Satisfacción del Curso virtual - SALUD ORAL RPMS 1°C 2025 - (ASBTPMS_2025),2025-07-05T18:45:17.992Z,,Femenino,Juventud (18 - 28 años),Pregrado,Área de la salud,5,5,5,5,5,5,5,5,5,5,5,5,5,COMUNA 5,
1uprLFF249_cd7iDdYk1kd-PTAfVmw4ijkYCMq-1FiA0,-Satisfacción del Curso virtual - SALUD ORAL RPMS 1°C 2025 - (ASBTPMS_2025),2025-07-14T17:47:21.529Z,,Masculino,Adultez (29 - 59 años),Pregrado,Área de la salud,5,5,5,5,5,5,5,5,5,5,5,5,5,COMUNA 17,
1uprLFF249_cd7iDdYk1kd-PTAfVmw4ijkYCMq-1FiA0,-Satisfacción del Curso virtual - SALUD ORAL RPMS 1°C 2025 - (ASBTPMS_2025),2025-07-16T18:43:44.824Z,,Femenino,Adultez (29 - 59 años),Bachiller,Área de la salud,5,5,5,5,5,5,5,5,5,5,5,5,5,COMUNA 17,
1uprLFF249_cd7iDdYk1kd-PTAfVmw4ijkYCMq-1FiA0,-Satisfacción del Curso virtual - SALUD ORAL RPMS 1°C 2025 - (ASBTPMS_2025),2025-07-11T01:01:11.858Z,,Femenino,Juventud (18 - 28 años),Pregrado,Área de la salud,5,5,5,5,5,5,5,5,5,5,5,5,5,COMUNA 11,
1uprLFF249_cd7iDdYk1kd-PTAfVmw4ijkYCMq-1FiA0,-Satisfacción del Curso virtual - SALUD ORAL RPMS 1°C 2025 - (ASBTPMS_2025),2025-07-09T17:39:23Z,,Femenino,Adultez (29 - 59 años),Pregrado,Área de la salud,5,5,5,5,5,5,5,5,5,5,5,5,5,COMUNA 7,
1uprLFF249_cd7iDdYk1kd-PTAfVmw4ijkYCMq-1FiA0,-Satisfacción del Curso virtual - SALUD ORAL RPMS 1°C 2025 - (ASBTPMS_2025),2025-07-09T17:14:13.814Z,,Femenino,Adultez (29 - 59 años),Pregrado,Área de la salud,4,4,4,4,4,4,4,4,4,4,4,4,4,COMUNA 9,
1uprLFF249_cd7iDdYk1kd-PTAfVmw4ijkYCMq-1FiA0,-Satisfacción del Curso virtual - SALUD ORAL RPMS 1°C 2025 - (ASBTPMS_2025),2025-07-10T21:40:22.354Z,,Femenino,Adultez (29 - 59 años),Pregrado,Área de la salud,5,5,5,5,4,5,5,5,4,4,5,5,5,C. DE PANCE,
1uprLFF249_cd7iDdYk1kd-PTAfVmw4ijkYCMq-1FiA0,-Satisfacción del Curso virtual - SALUD ORAL RPMS 1°C 2025 - (ASBTPMS_2025),2025-07-22T14:02:43.866Z,,Femenino,Vejez (60 años o más),Postgrado,Área de la salud,5,5,5,5,5,5,5,5,5,5,5,5,5,COMUNA 17,
1uprLFF249_cd7iDdYk1kd-PTAfVmw4ijkYCMq-1FiA0,-Satisfacción del Curso virtual - SALUD ORAL RPMS 1°C 2025 - (ASBTPMS_2025),2025-07-16T14:55:33.712Z,,Masculino,Juventud (18 - 28 años),Pregrado,Área de la salud,5,5,5,5,5,5,5,5,5,5,5,5,5,COMUNA 14,
1uprLFF249_cd7iDdYk1kd-PTAfVmw4ijkYCMq-1FiA0,-Satisfacción del Curso virtual - SALUD ORAL RPMS 1°C 2025 - (ASBTPMS_2025),2025-07-21T21:13:30.706Z,,Femenino,Juventud (18 - 28 años),Bachiller,Área de la salud,4,4,4,4,4,4,4,4,4,4,4,4,4,COMUNA 2,
1uprLFF249_cd7iDdYk1kd-PTAfVmw4ijkYCMq-1FiA0,-Satisfacción del Curso virtual - SALUD ORAL RPMS 1°C 2025 - (ASBTPMS_2025),2025-07-31T22:53:52.045Z,,Femenino,Adultez (29 - 59 años),Pregrado,Área de la salud,5,5,5,5,5,5,5,5,5,5,5,5,5,COMUNA 16,
1uprLFF249_cd7iDdYk1kd-PTAfVmw4ijkYCMq-1FiA0,-Satisfacción del Curso virtual - SALUD ORAL RPMS 1°C 2025 - (ASBTPMS_2025),2025-07-09T13:29:50.600Z,,Femenino,Adultez (29 - 59 años),Bachiller,Área de la salud,4,5,4,5,4,5,4,5,4,5,4,5,5,COMUNA 11,
1uprLFF249_cd7iDdYk1kd-PTAfVmw4ijkYCMq-1FiA0,-Satisfacción del Curso virtual - SALUD ORAL RPMS 1°C 2025 - (ASBTPMS_2025),2025-07-10T02:32:43.068Z,,Femenino,Adultez (29 - 59 años),Pregrado,Área de la salud,5,5,5,5,5,5,5,5,5,3,4,5,5,COMUNA 17,
1uprLFF249_cd7iDdYk1kd-PTAfVmw4ijkYCMq-1FiA0,-Satisfacción del Curso virtual - SALUD ORAL RPMS 1°C 2025 - (ASBTPMS_2025),2025-07-16T02:37:16.252Z,,Masculino,Adultez (29 - 59 años),Pregrado,Área de la salud,5,5,5,5,5,5,5,4,5,5,5,5,5,COMUNA 17,
1uprLFF249_cd7iDdYk1kd-PTAfVmw4ijkYCMq-1FiA0,-Satisfacción del Curso virtual - SALUD ORAL RPMS 1°C 2025 - (ASBTPMS_2025),2025-07-17T16:12:41.764Z,,Femenino,Juventud (18 - 28 años),Pregrado,Área de la salud,5,5,5,5,5,5,5,5,5,5,5,5,5,COMUNA 1,
1uprLFF249_cd7iDdYk1kd-PTAfVmw4ijkYCMq-1FiA0,-Satisfacción del Curso virtual - SALUD ORAL RPMS 1°C 2025 - (ASBTPMS_2025),2025-07-06T17:45:28.103Z,,Femenino,Adultez (29 - 59 años),Bachiller,Área de la salud,5,5,5,5,5,5,5,4,4,4,5,5,5,COMUNA 20,
1uprLFF249_cd7iDdYk1kd-PTAfVmw4ijkYCMq-1FiA0,-Satisfacción del Curso virtual - SALUD ORAL RPMS 1°C 2025 - (ASBTPMS_2025),2025-07-14T15:46:24.112Z,,Femenino,Vejez (60 años o más),Pregrado,Área de la salud,4,4,4,4,4,4,4,4,4,4,4,4,4,COMUNA 6,
1uprLFF249_cd7iDdYk1kd-PTAfVmw4ijkYCMq-1FiA0,-Satisfacción del Curso virtual - SALUD ORAL RPMS 1°C 2025 - (ASBTPMS_2025),2025-07-11T20:25:12.445Z,,Masculino,Vejez (60 años o más),Pregrado,Área de la salud,5,5,5,5,5,5,5,5,4,5,5,5,5,COMUNA 7,
1uprLFF249_cd7iDdYk1kd-PTAfVmw4ijkYCMq-1FiA0,-Satisfacción del Curso virtual - SALUD ORAL RPMS 1°C 2025 - (ASBTPMS_2025),2025-07-16T02:30:03.144Z,,Femenino,Vejez (60 años o más),Pregrado,Área de la salud,5,5,5,5,5,5,5,5,5,5,5,5,5,COMUNA 22,
1uprLFF249_cd7iDdYk1kd-PTAfVmw4ijkYCMq-1FiA0,-Satisfacción del Curso virtual - SALUD ORAL RPMS 1°C 2025 - (ASBTPMS_2025),2025-07-16T13:32:08.155Z,,Masculino,Juventud (18 - 28 años),Pregrado,Área de la salud,5,5,5,5,5,5,5,5,5,5,5,5,5,COMUNA 5,
1uprLFF249_cd7iDdYk1kd-PTAfVmw4ijkYCMq-1FiA0,-Satisfacción del Curso virtual - SALUD ORAL RPMS 1°C 2025 - (ASBTPMS_2025),2025-07-07T19:07:18.107Z,,Femenino,Adultez (29 - 59 años),Pregrado,Área de la salud,5,5,5,5,5,5,5,5,5,5,5,5,5,COMUNA 3,
1uprLFF249_cd7iDdYk1kd-PTAfVmw4ijkYCMq-1FiA0,-Satisfacción del Curso virtual - SALUD ORAL RPMS 1°C 2025 - (ASBTPMS_2025),2025-07-31T20:09:21.811Z,,Femenino,Adolescencia (12 - 17 años),Pregrado,Área de la salud,4,4,4,4,4,4,4,4,4,4,4,4,4,C. DE LA CASTILLA,
1uprLFF249_cd7iDdYk1kd-PTAfVmw4ijkYCMq-1FiA0,-Satisfacción del Curso virtual - SALUD ORAL RPMS 1°C 2025 - (ASBTPMS_2025),2025-07-22T14:02:42.533Z,,Masculino,Adultez (29 - 59 años),Postgrado,Área de la salud,5,5,5,5,5,5,5,5,5,5,5,5,5,COMUNA 17,
1uprLFF249_cd7iDdYk1kd-PTAfVmw4ijkYCMq-1FiA0,-Satisfacción del Curso virtual - SALUD ORAL RPMS 1°C 2025 - (ASBTPMS_2025),2025-07-03T20:24:54.357Z,,Femenino,Adultez (29 - 59 años),Bachiller,Área de la salud,5,5,5,5,5,5,5,5,5,5,5,5,5,COMUNA 15,
1uprLFF249_cd7iDdYk1kd-PTAfVmw4ijkYCMq-1FiA0,-Satisfacción del Curso virtual - SALUD ORAL RPMS 1°C 2025 - (ASBTPMS_2025),2025-07-10T15:24:54.949Z,,Femenino,Juventud (18 - 28 años),Pregrado,Área de la salud,4,4,4,5,4,4,4,4,4,4,4,4,4,COMUNA 15,
1uprLFF249_cd7iDdYk1kd-PTAfVmw4ijkYCMq-1FiA0,-Satisfacción del Curso virtual - SALUD ORAL RPMS 1°C 2025 - (ASBTPMS_2025),2025-07-12T23:36:07.984Z,,Femenino,Adultez (29 - 59 años),Bachiller,Área de la salud,4,4,5,4,4,5,5,4,4,4,4,5,5,COMUNA 17,
1uprLFF249_cd7iDdYk1kd-PTAfVmw4ijkYCMq-1FiA0,-Satisfacción del Curso virtual - SALUD ORAL RPMS 1°C 2025 - (ASBTPMS_2025),2025-07-08T01:04:19.202Z,,Femenino,Adultez (29 - 59 años),Postgrado,Área de la salud,5,5,5,5,5,5,5,5,5,5,5,5,5,COMUNA 2,
1uprLFF249_cd7iDdYk1kd-PTAfVmw4ijkYCMq-1FiA0,-Satisfacción del Curso virtual - SALUD ORAL RPMS 1°C 2025 - (ASBTPMS_2025),2025-07-08T17:58:45.881Z,,Femenino,Adultez (29 - 59 años),Pregrado,Área de la salud,4,4,4,4,4,4,4,4,4,4,4,4,4,COMUNA 2,
1uprLFF249_cd7iDdYk1kd-PTAfVmw4ijkYCMq-1FiA0,-Satisfacción del Curso virtual - SALUD ORAL RPMS 1°C 2025 - (ASBTPMS_2025),2025-07-17T17:13:17.183Z,,Femenino,Adolescencia (12 - 17 años),Pregrado,Área de la salud,4,4,4,4,4,4,4,4,4,4,4,5,5,COMUNA 7,
1uprLFF249_cd7iDdYk1kd-PTAfVmw4ijkYCMq-1FiA0,-Satisfacción del Curso virtual - SALUD ORAL RPMS 1°C 2025 - (ASBTPMS_2025),2025-07-07T18:39:16.213Z,,Masculino,Adultez (29 - 59 años),Pregrado,Área de la salud,5,5,5,5,5,5,5,5,5,5,4,4,4,COMUNA 3,
1uprLFF249_cd7iDdYk1kd-PTAfVmw4ijkYCMq-1FiA0,-Satisfacción del Curso virtual - SALUD ORAL RPMS 1°C 2025 - (ASBTPMS_2025),2025-07-20T23:45:04.846Z,,Femenino,Adultez (29 - 59 años),Postgrado,Área de la salud,5,5,5,5,5,5,5,5,1,1,5,5,5,COMUNA 2,
1uprLFF249_cd7iDdYk1kd-PTAfVmw4ijkYCMq-1FiA0,-Satisfacción del Curso virtual - SALUD ORAL RPMS 1°C 2025 - (ASBTPMS_2025),2025-07-16T21:49:20.991Z,,Femenino,Juventud (18 - 28 años),Pregrado,Área de la salud,4,5,5,4,3,5,5,5,4,3,5,4,3,COMUNA 1,
1uprLFF249_cd7iDdYk1kd-PTAfVmw4ijkYCMq-1FiA0,-Satisfacción del Curso virtual - SALUD ORAL RPMS 1°C 2025 - (ASBTPMS_2025),2025-07-22T14:07:39.184Z,,Femenino,Adultez (29 - 59 años),Pregrado,Área de la salud,5,5,5,5,5,5,5,5,5,5,5,5,5,COMUNA 6,
1uprLFF249_cd7iDdYk1kd-PTAfVmw4ijkYCMq-1FiA0,-Satisfacción del Curso virtual - SALUD ORAL RPMS 1°C 2025 - (ASBTPMS_2025),2025-07-22T14:02:37.001Z,,Femenino,Adultez (29 - 59 años),Postgrado,Área de la salud,5,5,5,5,5,5,5,5,5,5,5,5,5,COMUNA 13,
1uprLFF249_cd7iDdYk1kd-PTAfVmw4ijkYCMq-1FiA0,-Satisfacción del Curso virtual - SALUD ORAL RPMS 1°C 2025 - (ASBTPMS_2025),2025-07-22T02:19:14.693Z,,Femenino,Adultez (29 - 59 años),Pregrado,Área de la salud,4,4,4,4,4,4,4,4,4,4,4,4,4,COMUNA 5,
1uprLFF249_cd7iDdYk1kd-PTAfVmw4ijkYCMq-1FiA0,-Satisfacción del Curso virtual - SALUD ORAL RPMS 1°C 2025 - (ASBTPMS_2025),2025-07-22T14:02:55.314Z,,Masculino,Adultez (29 - 59 años),Postgrado,Área de la salud,5,5,5,5,5,5,5,5,5,5,5,5,5,COMUNA 19,
1uprLFF249_cd7iDdYk1kd-PTAfVmw4ijkYCMq-1FiA0,-Satisfacción del Curso virtual - SALUD ORAL RPMS 1°C 2025 - (ASBTPMS_2025),2025-07-08T22:11:46.474Z,,Masculino,Adultez (29 - 59 años),Pregrado,Área de la salud,5,5,5,4,4,5,4,4,4,4,4,4,4,COMUNA 2,
1uprLFF249_cd7iDdYk1kd-PTAfVmw4ijkYCMq-1FiA0,-Satisfacción del Curso virtual - SALUD ORAL RPMS 1°C 2025 - (ASBTPMS_2025),2025-07-19T06:37:59.216Z,,Femenino,Adultez (29 - 59 años),Pregrado,Área de la salud,5,5,5,5,5,5,5,5,3,3,4,5,5,COMUNA 22,
1uprLFF249_cd7iDdYk1kd-PTAfVmw4ijkYCMq-1FiA0,-Satisfacción del Curso virtual - SALUD ORAL RPMS 1°C 2025 - (ASBTPMS_2025),2025-07-31T15:23:12.277Z,,Femenino,Juventud (18 - 28 años),Postgrado,Área de la salud,5,5,5,5,5,5,5,5,5,5,5,5,5,COMUNA 5,
1uprLFF249_cd7iDdYk1kd-PTAfVmw4ijkYCMq-1FiA0,-Satisfacción del Curso virtual - SALUD ORAL RPMS 1°C 2025 - (ASBTPMS_2025),2025-07-17T15:24:36.254Z,,Femenino,Juventud (18 - 28 años),Bachiller,Área de la salud,4,4,3,4,4,4,4,4,5,3,4,4,4,COMUNA 11,
1uprLFF249_cd7iDdYk1kd-PTAfVmw4ijkYCMq-1FiA0,-Satisfacción del Curso virtual - SALUD ORAL RPMS 1°C 2025 - (ASBTPMS_2025),2025-07-16T22:17:55.917Z,,Femenino,Adultez (29 - 59 años),Pregrado,Área de la salud,5,5,5,4,5,5,5,5,5,5,5,5,5,COMUNA 21,
1uprLFF249_cd7iDdYk1kd-PTAfVmw4ijkYCMq-1FiA0,-Satisfacción del Curso virtual - SALUD ORAL RPMS 1°C 2025 - (ASBTPMS_2025),2025-07-07T15:07:45.134Z,,Femenino,Adultez (29 - 59 años),Pregrado,Área de la salud,4,4,4,4,4,4,4,4,4,4,4,4,4,COMUNA 3,
1uprLFF249_cd7iDdYk1kd-PTAfVmw4ijkYCMq-1FiA0,-Satisfacción del Curso virtual - SALUD ORAL RPMS 1°C 2025 - (ASBTPMS_2025),2025-07-16T16:00:43.916Z,,Femenino,Adultez (29 - 59 años),Postgrado,Área de la salud,4,4,3,4,3,4,4,3,2,2,2,3,3,COMUNA 17,
1uprLFF249_cd7iDdYk1kd-PTAfVmw4ijkYCMq-1FiA0,-Satisfacción del Curso virtual - SALUD ORAL RPMS 1°C 2025 - (ASBTPMS_2025),2025-07-16T05:25:58.545Z,,Masculino,Adultez (29 - 59 años),Pregrado,Área de la salud,1,1,1,1,1,1,1,1,1,1,1,1,1,COMUNA 2,
1uprLFF249_cd7iDdYk1kd-PTAfVmw4ijkYCMq-1FiA0,-Satisfacción del Curso virtual - SALUD ORAL RPMS 1°C 2025 - (ASBTPMS_2025),2025-07-23T15:10:47.282Z,,Femenino,Adultez (29 - 59 años),Bachiller,Área de la salud,4,5,5,4,4,4,5,4,4,4,4,4,4,COMUNA 17,
1uprLFF249_cd7iDdYk1kd-PTAfVmw4ijkYCMq-1FiA0,-Satisfacción del Curso virtual - SALUD ORAL RPMS 1°C 2025 - (ASBTPMS_2025),2025-07-17T03:11:29.020Z,,Femenino,Adultez (29 - 59 años),Pregrado,Área de la salud,5,5,5,5,5,5,5,5,5,5,5,5,5,COMUNA 20,
1uprLFF249_cd7iDdYk1kd-PTAfVmw4ijkYCMq-1FiA0,-Satisfacción del Curso virtual - SALUD ORAL RPMS 1°C 2025 - (ASBTPMS_2025),2025-07-15T04:36:08.062Z,,Femenino,Adultez (29 - 59 años),Bachiller,Área de la salud,4,5,5,5,5,4,5,5,4,4,4,5,4,COMUNA 6,
1uprLFF249_cd7iDdYk1kd-PTAfVmw4ijkYCMq-1FiA0,-Satisfacción del Curso virtual - SALUD ORAL RPMS 1°C 2025 - (ASBTPMS_2025),2025-07-09T14:32:23.733Z,,Femenino,Adultez (29 - 59 años),Pregrado,Área de la salud,5,5,5,5,5,4,4,4,4,4,4,4,4,COMUNA 8,
1uprLFF249_cd7iDdYk1kd-PTAfVmw4ijkYCMq-1FiA0,-Satisfacción del Curso virtual - SALUD ORAL RPMS 1°C 2025 - (ASBTPMS_2025),2025-07-27T18:31:57.978Z,,Femenino,Adultez (29 - 59 años),Pregrado,Área de la salud,5,5,5,5,5,5,5,5,5,5,5,5,5,COMUNA 6,
1uprLFF249_cd7iDdYk1kd-PTAfVmw4ijkYCMq-1FiA0,-Satisfacción del Curso virtual - SALUD ORAL RPMS 1°C 2025 - (ASBTPMS_2025),2025-07-04T04:51:02.866Z,,Femenino,Adultez (29 - 59 años),Pregrado,Área de la salud,5,5,5,5,5,5,5,5,5,5,5,5,5,COMUNA 17,
1uprLFF249_cd7iDdYk1kd-PTAfVmw4ijkYCMq-1FiA0,-Satisfacción del Curso virtual - SALUD ORAL RPMS 1°C 2025 - (ASBTPMS_2025),2025-07-17T01:24:48.400Z,,Femenino,Adultez (29 - 59 años),Pregrado,Área de la salud,5,5,5,5,5,5,5,5,5,5,5,5,5,COMUNA 17,
1uprLFF249_cd7iDdYk1kd-PTAfVmw4ijkYCMq-1FiA0,-Satisfacción del Curso virtual - SALUD ORAL RPMS 1°C 2025 - (ASBTPMS_2025),2025-07-06T21:08:36.549Z,,Masculino,Adultez (29 - 59 años),Postgrado,Área de la salud,4,4,4,4,4,4,4,4,4,4,4,4,4,COMUNA 1,
1uprLFF249_cd7iDdYk1kd-PTAfVmw4ijkYCMq-1FiA0,-Satisfacción del Curso virtual - SALUD ORAL RPMS 1°C 2025 - (ASBTPMS_2025),2025-07-17T00:36:12.772Z,,Femenino,Adultez (29 - 59 años),Pregrado,Área de la salud,2,2,2,2,1,2,2,1,1,1,1,2,1,COMUNA 17,
1Y9EBk3bZfhryciO21AlqlzLcKIGNSzTzvq0ByY9Ulf0,-Satisfacción del Curso virtual - SALUD ORAL RMP 1°C 2025 - (ASBRMP_2025),2025-07-05T16:47:34.282Z,,Femenino,Adultez (29 - 59 años),Pregrado,Área de la salud,5,5,5,5,5,5,5,5,5,4,5,5,5,COMUNA 18,
1Y9EBk3bZfhryciO21AlqlzLcKIGNSzTzvq0ByY9Ulf0,-Satisfacción del Curso virtual - SALUD ORAL RMP 1°C 2025 - (ASBRMP_2025),2025-07-14T14:39:38.838Z,,Femenino,Vejez (60 años o más),Pregrado,Área de la salud,4,4,4,4,4,4,4,4,4,4,4,4,4,COMUNA 6,
1Y9EBk3bZfhryciO21AlqlzLcKIGNSzTzvq0ByY9Ulf0,-Satisfacción del Curso virtual - SALUD ORAL RMP 1°C 2025 - (ASBRMP_2025),2025-07-09T13:48:29.102Z,,Femenino,Adultez (29 - 59 años),Pregrado,Área de la salud,5,5,5,4,5,4,5,5,3,3,5,5,5,COMUNA 12,
1Y9EBk3bZfhryciO21AlqlzLcKIGNSzTzvq0ByY9Ulf0,-Satisfacción del Curso virtual - SALUD ORAL RMP 1°C 2025 - (ASBRMP_2025),2025-07-22T03:41:17.004Z,,Femenino,Adultez (29 - 59 años),Pregrado,Área de la salud,4,4,4,4,4,4,4,4,4,4,4,4,4,COMUNA 5,
1Y9EBk3bZfhryciO21AlqlzLcKIGNSzTzvq0ByY9Ulf0,-Satisfacción del Curso virtual - SALUD ORAL RMP 1°C 2025 - (ASBRMP_2025),2025-07-15T14:46:04.826Z,,Masculino,Adultez (29 - 59 años),Pregrado,Área de la salud,5,5,5,5,5,5,5,5,5,5,5,5,5,COMUNA 17,
1Y9EBk3bZfhryciO21AlqlzLcKIGNSzTzvq0ByY9Ulf0,-Satisfacción del Curso virtual - SALUD ORAL RMP 1°C 2025 - (ASBRMP_2025),2025-07-06T16:09:46.797Z,,Femenino,Adultez (29 - 59 años),Bachiller,Área de la salud,5,5,5,5,5,5,5,5,4,4,4,5,5,COMUNA 20,
1Y9EBk3bZfhryciO21AlqlzLcKIGNSzTzvq0ByY9Ulf0,-Satisfacción del Curso virtual - SALUD ORAL RMP 1°C 2025 - (ASBRMP_2025),2025-07-11T01:26:04.584Z,,Femenino,Juventud (18 - 28 años),Pregrado,Área de la salud,5,5,5,5,5,5,5,5,5,5,5,5,5,COMUNA 11,
1Y9EBk3bZfhryciO21AlqlzLcKIGNSzTzvq0ByY9Ulf0,-Satisfacción del Curso virtual - SALUD ORAL RMP 1°C 2025 - (ASBRMP_2025),2025-07-21T20:36:57.419Z,,Femenino,Juventud (18 - 28 años),Bachiller,Área de la salud,4,4,4,4,4,4,4,4,4,4,4,4,4,COMUNA 2,
1Y9EBk3bZfhryciO21AlqlzLcKIGNSzTzvq0ByY9Ulf0,-Satisfacción del Curso virtual - SALUD ORAL RMP 1°C 2025 - (ASBRMP_2025),2025-07-15T22:27:03.634Z,,Femenino,Adultez (29 - 59 años),Pregrado,Área de la salud,5,5,5,5,5,5,5,5,5,4,5,5,5,C. DE PANCE,
1Y9EBk3bZfhryciO21AlqlzLcKIGNSzTzvq0ByY9Ulf0,-Satisfacción del Curso virtual - SALUD ORAL RMP 1°C 2025 - (ASBRMP_2025),2025-07-07T20:07:38.772Z,,Masculino,Adultez (29 - 59 años),Pregrado,Área de la salud,4,4,5,4,3,4,4,4,5,4,4,4,4,COMUNA 4,
1Y9EBk3bZfhryciO21AlqlzLcKIGNSzTzvq0ByY9Ulf0,-Satisfacción del Curso virtual - SALUD ORAL RMP 1°C 2025 - (ASBRMP_2025),2025-07-16T03:27:14.141Z,,Femenino,Vejez (60 años o más),Pregrado,Área de la salud,5,5,5,5,5,5,5,5,5,5,5,5,5,COMUNA 22,
1Y9EBk3bZfhryciO21AlqlzLcKIGNSzTzvq0ByY9Ulf0,-Satisfacción del Curso virtual - SALUD ORAL RMP 1°C 2025 - (ASBRMP_2025),2025-07-09T17:51:14.063Z,,Femenino,Adultez (29 - 59 años),Pregrado,Área de la salud,4,4,4,4,4,4,4,4,4,4,4,4,4,COMUNA 9,
1Y9EBk3bZfhryciO21AlqlzLcKIGNSzTzvq0ByY9Ulf0,-Satisfacción del Curso virtual - SALUD ORAL RMP 1°C 2025 - (ASBRMP_2025),2025-07-31T20:34:19.443Z,,Femenino,Adultez (29 - 59 años),Pregrado,Área de la salud,4,4,4,4,4,4,4,4,4,4,4,4,4,C. DE LA CASTILLA,
1Y9EBk3bZfhryciO21AlqlzLcKIGNSzTzvq0ByY9Ulf0,-Satisfacción del Curso virtual - SALUD ORAL RMP 1°C 2025 - (ASBRMP_2025),2025-07-13T00:03:49.928Z,,Femenino,Adultez (29 - 59 años),Bachiller,Área de la salud,4,4,4,4,4,5,5,4,4,4,4,4,4,COMUNA 17,
1Y9EBk3bZfhryciO21AlqlzLcKIGNSzTzvq0ByY9Ulf0,-Satisfacción del Curso virtual - SALUD ORAL RMP 1°C 2025 - (ASBRMP_2025),2025-07-07T15:30:35.405Z,,Femenino,Adultez (29 - 59 años),Pregrado,Área de la salud,4,4,4,4,4,4,4,4,4,4,4,4,4,COMUNA 3,
1Y9EBk3bZfhryciO21AlqlzLcKIGNSzTzvq0ByY9Ulf0,-Satisfacción del Curso virtual - SALUD ORAL RMP 1°C 2025 - (ASBRMP_2025),2025-07-04T05:25:43.776Z,,Femenino,Adultez (29 - 59 años),Pregrado,Área de la salud,5,5,5,5,5,5,5,5,5,5,5,5,5,COMUNA 17,
1Y9EBk3bZfhryciO21AlqlzLcKIGNSzTzvq0ByY9Ulf0,-Satisfacción del Curso virtual - SALUD ORAL RMP 1°C 2025 - (ASBRMP_2025),2025-07-11T03:30:17.920Z,,Masculino,Adultez (29 - 59 años),Postgrado,Área de la salud,5,5,5,5,5,5,5,5,5,5,5,5,5,COMUNA 22,
1Y9EBk3bZfhryciO21AlqlzLcKIGNSzTzvq0ByY9Ulf0,-Satisfacción del Curso virtual - SALUD ORAL RMP 1°C 2025 - (ASBRMP_2025),2025-07-17T18:50:55.957Z,,Femenino,Adultez (29 - 59 años),Pregrado,Área de la salud,4,4,4,4,4,4,4,4,4,4,4,4,4,COMUNA 7,
1Y9EBk3bZfhryciO21AlqlzLcKIGNSzTzvq0ByY9Ulf0,-Satisfacción del Curso virtual - SALUD ORAL RMP 1°C 2025 - (ASBRMP_2025),2025-07-17T16:00:11.406Z,,Femenino,Juventud (18 - 28 años),Bachiller,Área de la salud,5,5,5,5,5,5,5,5,5,5,5,5,5,COMUNA 11,
1Y9EBk3bZfhryciO21AlqlzLcKIGNSzTzvq0ByY9Ulf0,-Satisfacción del Curso virtual - SALUD ORAL RMP 1°C 2025 - (ASBRMP_2025),2025-07-08T02:56:25.764Z,,Femenino,Adultez (29 - 59 años),Postgrado,Área de la salud,5,5,5,5,5,5,5,5,5,5,5,5,5,COMUNA 2,
1Y9EBk3bZfhryciO21AlqlzLcKIGNSzTzvq0ByY9Ulf0,-Satisfacción del Curso virtual - SALUD ORAL RMP 1°C 2025 - (ASBRMP_2025),2025-07-16T13:49:41.232Z,,Masculino,Juventud (18 - 28 años),Pregrado,Área de la salud,5,5,5,5,5,5,5,5,5,5,5,5,5,COMUNA 5,
1Y9EBk3bZfhryciO21AlqlzLcKIGNSzTzvq0ByY9Ulf0,-Satisfacción del Curso virtual - SALUD ORAL RMP 1°C 2025 - (ASBRMP_2025),2025-07-03T20:59:08.918Z,,Femenino,Adultez (29 - 59 años),Bachiller,Área de la salud,5,5,5,5,5,5,5,5,5,5,5,5,5,COMUNA 15,
1Y9EBk3bZfhryciO21AlqlzLcKIGNSzTzvq0ByY9Ulf0,-Satisfacción del Curso virtual - SALUD ORAL RMP 1°C 2025 - (ASBRMP_2025),2025-07-21T00:57:26.909Z,,Femenino,Adultez (29 - 59 años),Postgrado,Área de la salud,5,5,5,5,5,5,3,3,1,1,5,5,5,COMUNA 2,
1Y9EBk3bZfhryciO21AlqlzLcKIGNSzTzvq0ByY9Ulf0,-Satisfacción del Curso virtual - SALUD ORAL RMP 1°C 2025 - (ASBRMP_2025),2025-07-21T21:03:51.834Z,,Femenino,Juventud (18 - 28 años),Bachiller,Área de la salud,4,4,4,4,4,4,4,4,4,4,4,4,4,COMUNA 21,
1Y9EBk3bZfhryciO21AlqlzLcKIGNSzTzvq0ByY9Ulf0,-Satisfacción del Curso virtual - SALUD ORAL RMP 1°C 2025 - (ASBRMP_2025),2025-07-09T19:56:28.442Z,,Femenino,Adultez (29 - 59 años),Pregrado,Área de la salud,5,5,5,5,5,5,5,5,5,5,5,5,5,COMUNA 7,
1Y9EBk3bZfhryciO21AlqlzLcKIGNSzTzvq0ByY9Ulf0,-Satisfacción del Curso virtual - SALUD ORAL RMP 1°C 2025 - (ASBRMP_2025),2025-07-21T03:36:55.166Z,,Femenino,Juventud (18 - 28 años),Bachiller,Área de la salud,5,5,5,5,5,5,5,5,5,5,5,5,5,COMUNA 2,
1Y9EBk3bZfhryciO21AlqlzLcKIGNSzTzvq0ByY9Ulf0,-Satisfacción del Curso virtual - SALUD ORAL RMP 1°C 2025 - (ASBRMP_2025),2025-07-08T00:25:25.139Z,,Masculino,Adultez (29 - 59 años),Pregrado,Área de la salud,5,5,4,4,4,5,4,4,4,4,4,4,4,COMUNA 2,
1Y9EBk3bZfhryciO21AlqlzLcKIGNSzTzvq0ByY9Ulf0,-Satisfacción del Curso virtual - SALUD ORAL RMP 1°C 2025 - (ASBRMP_2025),2025-07-27T18:57:59.496Z,,Femenino,Adultez (29 - 59 años),Pregrado,Área de la salud,5,5,5,5,5,5,5,5,5,5,5,5,5,COMUNA 6,
1Y9EBk3bZfhryciO21AlqlzLcKIGNSzTzvq0ByY9Ulf0,-Satisfacción del Curso virtual - SALUD ORAL RMP 1°C 2025 - (ASBRMP_2025),2025-07-24T20:43:14.323Z,,Femenino,Juventud (18 - 28 años),Pregrado,Área de la salud,5,5,5,5,5,5,5,5,5,5,5,5,5,COMUNA 7,
1Y9EBk3bZfhryciO21AlqlzLcKIGNSzTzvq0ByY9Ulf0,-Satisfacción del Curso virtual - SALUD ORAL RMP 1°C 2025 - (ASBRMP_2025),2025-07-07T19:36:27.801Z,,Femenino,Adultez (29 - 59 años),Pregrado,Área de la salud,5,5,5,5,5,5,5,5,5,5,5,5,5,COMUNA 3,
1Y9EBk3bZfhryciO21AlqlzLcKIGNSzTzvq0ByY9Ulf0,-Satisfacción del Curso virtual - SALUD ORAL RMP 1°C 2025 - (ASBRMP_2025),2025-07-15T23:49:18.481Z,,Masculino,Vejez (60 años o más),Pregrado,Área de la salud,5,5,5,5,5,5,5,4,3,4,4,5,5,COMUNA 17,
1Y9EBk3bZfhryciO21AlqlzLcKIGNSzTzvq0ByY9Ulf0,-Satisfacción del Curso virtual - SALUD ORAL RMP 1°C 2025 - (ASBRMP_2025),2025-07-16T19:19:48.734Z,,Femenino,Juventud (18 - 28 años),Bachiller,Área de la salud,4,4,4,4,4,4,4,4,4,4,4,4,4,COMUNA 14,
1Y9EBk3bZfhryciO21AlqlzLcKIGNSzTzvq0ByY9Ulf0,-Satisfacción del Curso virtual - SALUD ORAL RMP 1°C 2025 - (ASBRMP_2025),2025-07-15T21:32:40.084Z,,Femenino,Adultez (29 - 59 años),Pregrado,Área de la salud,5,5,5,5,5,5,5,5,5,5,5,5,5,COMUNA 17,
1Y9EBk3bZfhryciO21AlqlzLcKIGNSzTzvq0ByY9Ulf0,-Satisfacción del Curso virtual - SALUD ORAL RMP 1°C 2025 - (ASBRMP_2025),2025-07-17T16:33:55.113Z,,Femenino,Adultez (29 - 59 años),Pregrado,Área de la salud,5,5,5,5,5,5,5,5,5,5,5,5,5,COMUNA 17,
1Y9EBk3bZfhryciO21AlqlzLcKIGNSzTzvq0ByY9Ulf0,-Satisfacción del Curso virtual - SALUD ORAL RMP 1°C 2025 - (ASBRMP_2025),2025-07-16T03:42:22.083Z,,Masculino,Adultez (29 - 59 años),Pregrado,Área de la salud,5,5,5,5,5,5,5,5,5,5,5,5,5,COMUNA 17,
1Y9EBk3bZfhryciO21AlqlzLcKIGNSzTzvq0ByY9Ulf0,-Satisfacción del Curso virtual - SALUD ORAL RMP 1°C 2025 - (ASBRMP_2025),2025-07-19T06:30:03.066Z,,Femenino,Adultez (29 - 59 años),Pregrado,Área de la salud,5,5,5,5,5,5,5,5,3,3,4,5,5,COMUNA 22,
1Y9EBk3bZfhryciO21AlqlzLcKIGNSzTzvq0ByY9Ulf0,-Satisfacción del Curso virtual - SALUD ORAL RMP 1°C 2025 - (ASBRMP_2025),2025-07-16T15:36:09.602Z,,Masculino,Juventud (18 - 28 años),Pregrado,Área de la salud,5,5,5,5,5,5,5,5,5,5,5,5,5,COMUNA 14,
1Y9EBk3bZfhryciO21AlqlzLcKIGNSzTzvq0ByY9Ulf0,-Satisfacción del Curso virtual - SALUD ORAL RMP 1°C 2025 - (ASBRMP_2025),2025-07-05T19:31:28.092Z,,Femenino,Juventud (18 - 28 años),Pregrado,Área de la salud,5,5,5,5,5,5,5,5,5,5,5,5,5,COMUNA 5,
1Y9EBk3bZfhryciO21AlqlzLcKIGNSzTzvq0ByY9Ulf0,-Satisfacción del Curso virtual - SALUD ORAL RMP 1°C 2025 - (ASBRMP_2025),2025-07-13T17:43:08.024Z,,Femenino,Adultez (29 - 59 años),Pregrado,Área de la salud,5,5,5,5,5,5,5,5,5,5,5,5,5,COMUNA 17,
1Y9EBk3bZfhryciO21AlqlzLcKIGNSzTzvq0ByY9Ulf0,-Satisfacción del Curso virtual - SALUD ORAL RMP 1°C 2025 - (ASBRMP_2025),2025-07-31T16:33:49.455Z,,Femenino,Juventud (18 - 28 años),Postgrado,Área de la salud,5,5,5,5,4,5,5,5,5,5,5,5,5,COMUNA 5,
1Y9EBk3bZfhryciO21AlqlzLcKIGNSzTzvq0ByY9Ulf0,-Satisfacción del Curso virtual - SALUD ORAL RMP 1°C 2025 - (ASBRMP_2025),2025-07-23T04:20:06.876Z,,Femenino,Adultez (29 - 59 años),Pregrado,Área de la salud,4,3,4,3,1,5,3,3,3,2,2,3,2,COMUNA 19,
1Y9EBk3bZfhryciO21AlqlzLcKIGNSzTzvq0ByY9Ulf0,-Satisfacción del Curso virtual - SALUD ORAL RMP 1°C 2025 - (ASBRMP_2025),2025-07-31T21:00:07.683Z,,Masculino,Adultez (29 - 59 años),Postgrado,Área de la salud,5,5,5,5,5,5,5,5,5,5,5,5,5,COMUNA 17,
1Y9EBk3bZfhryciO21AlqlzLcKIGNSzTzvq0ByY9Ulf0,-Satisfacción del Curso virtual - SALUD ORAL RMP 1°C 2025 - (ASBRMP_2025),2025-07-16T22:58:07.505Z,,Femenino,Adultez (29 - 59 años),Pregrado,Área de la salud,5,5,5,5,5,5,5,5,5,5,5,5,5,COMUNA 21,
1Y9EBk3bZfhryciO21AlqlzLcKIGNSzTzvq0ByY9Ulf0,-Satisfacción del Curso virtual - SALUD ORAL RMP 1°C 2025 - (ASBRMP_2025),2025-07-17T22:03:51.529Z,,Femenino,Adultez (29 - 59 años),Pregrado,Área de la salud,5,5,5,5,5,5,5,5,5,5,5,5,5,COMUNA 20,
1eTxaJShqeigMeagqMno96jTDvPb8y_w_IQxNvQlLjXY,-Satisfacción del Curso virtual - AIEPI 2025 - (DAC_2025) (DAC_01_2026),2025-10-27T23:54:44.715Z,,Femenino,Adultez (29 - 59 años),Postgrado,Área de la salud,4,4,4,4,4,4,4,4,4,4,4,4,5,COMUNA 19,
1eTxaJShqeigMeagqMno96jTDvPb8y_w_IQxNvQlLjXY,-Satisfacción del Curso virtual - AIEPI 2025 - (DAC_2025) (DAC_01_2026),2026-01-15T01:38:35.436Z,,Femenino,Adultez (29 - 59 años),Pregrado,Área de la salud,1,1,1,1,1,1,1,1,1,1,1,1,1,COMUNA 1,
1eTxaJShqeigMeagqMno96jTDvPb8y_w_IQxNvQlLjXY,-Satisfacción del Curso virtual - AIEPI 2025 - (DAC_2025) (DAC_01_2026),2025-03-24T14:11:18.517Z,,Femenino,Adultez (29 - 59 años),Pregrado,Área de la salud,5,5,5,5,5,5,4,5,5,5,4,4,4,COMUNA 1,
1eTxaJShqeigMeagqMno96jTDvPb8y_w_IQxNvQlLjXY,-Satisfacción del Curso virtual - AIEPI 2025 - (DAC_2025) (DAC_01_2026),2025-05-01T14:23:36.953Z,,Femenino,Juventud (18 - 28 años),Pregrado,Área de la salud,5,5,5,5,5,5,5,5,5,5,5,5,5,COMUNA 11,
1eTxaJShqeigMeagqMno96jTDvPb8y_w_IQxNvQlLjXY,-Satisfacción del Curso virtual - AIEPI 2025 - (DAC_2025) (DAC_01_2026),2025-03-30T16:26:04.874Z,,Masculino,Juventud (18 - 28 años),Pregrado,Estudiante,4,4,4,4,4,4,4,4,4,4,4,4,4,COMUNA 11,
1eTxaJShqeigMeagqMno96jTDvPb8y_w_IQxNvQlLjXY,-Satisfacción del Curso virtual - AIEPI 2025 - (DAC_2025) (DAC_01_2026),2025-04-09T02:08:36.577Z,,Femenino,Adultez (29 - 59 años),Postgrado,Área de la salud,5,5,5,5,5,5,5,5,5,5,5,5,5,COMUNA 22,
1eTxaJShqeigMeagqMno96jTDvPb8y_w_IQxNvQlLjXY,-Satisfacción del Curso virtual - AIEPI 2025 - (DAC_2025) (DAC_01_2026),2026-03-16T01:38:20.431Z,,Femenino,Adultez (29 - 59 años),Postgrado,Área de la salud,4,5,4,5,5,5,4,5,5,5,5,5,5,COMUNA 7,
1eTxaJShqeigMeagqMno96jTDvPb8y_w_IQxNvQlLjXY,-Satisfacción del Curso virtual - AIEPI 2025 - (DAC_2025) (DAC_01_2026),2025-03-29T15:09:47.061Z,,Femenino,Vejez (60 años o más),Postgrado,Área de la salud,5,5,5,5,5,5,5,5,5,5,5,5,5,COMUNA 22,
1eTxaJShqeigMeagqMno96jTDvPb8y_w_IQxNvQlLjXY,-Satisfacción del Curso virtual - AIEPI 2025 - (DAC_2025) (DAC_01_2026),2025-03-23T02:08:47.393Z,,Femenino,Adultez (29 - 59 años),Pregrado,Área de la salud,5,5,5,5,5,5,5,5,5,5,5,5,5,COMUNA 1,
1eTxaJShqeigMeagqMno96jTDvPb8y_w_IQxNvQlLjXY,-Satisfacción del Curso virtual - AIEPI 2025 - (DAC_2025) (DAC_01_2026),2025-11-09T23:35:44.734Z,,Femenino,Adultez (29 - 59 años),Postgrado,Área de la salud,3,3,3,3,2,3,1,1,1,3,4,1,3,COMUNA 2,
1eTxaJShqeigMeagqMno96jTDvPb8y_w_IQxNvQlLjXY,-Satisfacción del Curso virtual - AIEPI 2025 - (DAC_2025) (DAC_01_2026),2025-11-30T19:55:22.088Z,,Femenino,Adultez (29 - 59 años),Pregrado,Área de la salud,4,5,5,5,4,5,5,5,4,4,5,5,5,COMUNA 13,
1eTxaJShqeigMeagqMno96jTDvPb8y_w_IQxNvQlLjXY,-Satisfacción del Curso virtual - AIEPI 2025 - (DAC_2025) (DAC_01_2026),2025-12-18T01:35:42.273Z,,Femenino,Adultez (29 - 59 años),Pregrado,Área de la salud,5,5,5,5,5,5,5,5,5,5,5,5,5,COMUNA 5,
1eTxaJShqeigMeagqMno96jTDvPb8y_w_IQxNvQlLjXY,-Satisfacción del Curso virtual - AIEPI 2025 - (DAC_2025) (DAC_01_2026),2025-03-24T03:52:45.780Z,,Femenino,Juventud (18 - 28 años),Pregrado,Área de la salud,5,5,5,5,5,5,5,5,5,5,5,5,5,COMUNA 17,
1eTxaJShqeigMeagqMno96jTDvPb8y_w_IQxNvQlLjXY,-Satisfacción del Curso virtual - AIEPI 2025 - (DAC_2025) (DAC_01_2026),2025-04-01T23:47:43.237Z,,Femenino,Adultez (29 - 59 años),Postgrado,Área de la salud,5,5,4,5,5,4,5,5,5,3,5,5,5,C. DE PANCE,
1eTxaJShqeigMeagqMno96jTDvPb8y_w_IQxNvQlLjXY,-Satisfacción del Curso virtual - AIEPI 2025 - (DAC_2025) (DAC_01_2026),2025-11-17T15:06:57.945Z,,Masculino,Adultez (29 - 59 años),Pregrado,Área de la salud,5,5,5,5,5,5,5,5,5,5,5,5,5,COMUNA 1,
1eTxaJShqeigMeagqMno96jTDvPb8y_w_IQxNvQlLjXY,-Satisfacción del Curso virtual - AIEPI 2025 - (DAC_2025) (DAC_01_2026),2025-03-26T03:28:53.333Z,,Masculino,Adultez (29 - 59 años),Pregrado,Área de la salud,5,5,5,5,5,5,5,5,5,5,5,5,5,COMUNA 1,
1eTxaJShqeigMeagqMno96jTDvPb8y_w_IQxNvQlLjXY,-Satisfacción del Curso virtual - AIEPI 2025 - (DAC_2025) (DAC_01_2026),2025-12-31T18:44:26.852Z,,Femenino,Adultez (29 - 59 años),Postgrado,Área de la salud,5,5,5,5,4,5,5,5,5,5,5,5,5,COMUNA 2,
1eTxaJShqeigMeagqMno96jTDvPb8y_w_IQxNvQlLjXY,-Satisfacción del Curso virtual - AIEPI 2025 - (DAC_2025) (DAC_01_2026),2025-11-10T13:45:27.502Z,,Femenino,Adultez (29 - 59 años),Postgrado,Área de la salud,5,5,5,5,5,5,5,5,5,5,5,5,5,COMUNA 17,
1eTxaJShqeigMeagqMno96jTDvPb8y_w_IQxNvQlLjXY,-Satisfacción del Curso virtual - AIEPI 2025 - (DAC_2025) (DAC_01_2026),2025-10-30T15:44:28.103Z,,Masculino,Adultez (29 - 59 años),Pregrado,Área de la salud,5,5,5,5,5,5,5,5,5,5,5,5,5,COMUNA 2,
1eTxaJShqeigMeagqMno96jTDvPb8y_w_IQxNvQlLjXY,-Satisfacción del Curso virtual - AIEPI 2025 - (DAC_2025) (DAC_01_2026),2025-10-13T04:22:26.355Z,,Femenino,Juventud (18 - 28 años),Postgrado,Área de la salud,5,5,5,5,5,5,5,5,5,5,5,5,5,COMUNA 1,
1eTxaJShqeigMeagqMno96jTDvPb8y_w_IQxNvQlLjXY,-Satisfacción del Curso virtual - AIEPI 2025 - (DAC_2025) (DAC_01_2026),2025-03-24T03:10:55.349Z,,Femenino,Adultez (29 - 59 años),Postgrado,Área de la salud,5,5,5,5,5,5,5,5,5,5,5,5,5,COMUNA 17,
1eTxaJShqeigMeagqMno96jTDvPb8y_w_IQxNvQlLjXY,-Satisfacción del Curso virtual - AIEPI 2025 - (DAC_2025) (DAC_01_2026),2025-02-18T03:49:43.172Z,,Masculino,Adultez (29 - 59 años),Pregrado,Área de la salud,5,5,5,5,5,5,5,5,5,5,5,5,5,COMUNA 14,
1eTxaJShqeigMeagqMno96jTDvPb8y_w_IQxNvQlLjXY,-Satisfacción del Curso virtual - AIEPI 2025 - (DAC_2025) (DAC_01_2026),2025-02-21T11:45:37.230Z,,Masculino,Adultez (29 - 59 años),Postgrado,Área de la salud,5,5,5,5,5,5,5,5,5,5,5,5,5,COMUNA 9,
1eTxaJShqeigMeagqMno96jTDvPb8y_w_IQxNvQlLjXY,-Satisfacción del Curso virtual - AIEPI 2025 - (DAC_2025) (DAC_01_2026),2025-11-08T23:32:14.079Z,,Femenino,Adultez (29 - 59 años),Pregrado,Área de la salud,5,5,5,5,5,5,5,5,5,5,4,5,5,COMUNA 2,
1eTxaJShqeigMeagqMno96jTDvPb8y_w_IQxNvQlLjXY,-Satisfacción del Curso virtual - AIEPI 2025 - (DAC_2025) (DAC_01_2026),2025-04-28T00:47:15.227Z,,Femenino,Adultez (29 - 59 años),Pregrado,Estudiante,5,5,5,5,5,5,5,5,4,5,5,5,5,COMUNA 17,
1eTxaJShqeigMeagqMno96jTDvPb8y_w_IQxNvQlLjXY,-Satisfacción del Curso virtual - AIEPI 2025 - (DAC_2025) (DAC_01_2026),2025-04-30T21:42:31.015Z,,Femenino,Adultez (29 - 59 años),Pregrado,Área de la salud,5,5,5,5,5,5,5,5,5,5,5,5,5,COMUNA 1,
1eTxaJShqeigMeagqMno96jTDvPb8y_w_IQxNvQlLjXY,-Satisfacción del Curso virtual - AIEPI 2025 - (DAC_2025) (DAC_01_2026),2025-12-09T02:02:59.351Z,,Masculino,Adultez (29 - 59 años),Pregrado,Área de la salud,5,5,5,5,5,5,5,5,5,5,5,5,5,COMUNA 2,
1eTxaJShqeigMeagqMno96jTDvPb8y_w_IQxNvQlLjXY,-Satisfacción del Curso virtual - AIEPI 2025 - (DAC_2025) (DAC_01_2026),2025-05-01T03:48:48.222Z,,Masculino,Juventud (18 - 28 años),Pregrado,Área de la salud,5,5,5,5,5,5,5,5,5,5,5,5,5,COMUNA 6,
1eTxaJShqeigMeagqMno96jTDvPb8y_w_IQxNvQlLjXY,-Satisfacción del Curso virtual - AIEPI 2025 - (DAC_2025) (DAC_01_2026),2025-04-26T18:34:39.138Z,,Masculino,Adultez (29 - 59 años),Pregrado,Área de la salud,5,5,5,5,5,5,5,5,5,5,5,5,5,COMUNA 13,
1eTxaJShqeigMeagqMno96jTDvPb8y_w_IQxNvQlLjXY,-Satisfacción del Curso virtual - AIEPI 2025 - (DAC_2025) (DAC_01_2026),2025-04-30T23:47:22.657Z,,Femenino,Adultez (29 - 59 años),Postgrado,Área de la salud,5,5,5,5,5,5,5,5,5,5,5,5,5,COMUNA 7,
1eTxaJShqeigMeagqMno96jTDvPb8y_w_IQxNvQlLjXY,-Satisfacción del Curso virtual - AIEPI 2025 - (DAC_2025) (DAC_01_2026),2025-03-23T00:20:27.338Z,,Femenino,Adultez (29 - 59 años),Pregrado,Área de la salud,5,5,5,5,5,5,5,5,5,5,5,5,5,C. DE NAVARRO,
1eTxaJShqeigMeagqMno96jTDvPb8y_w_IQxNvQlLjXY,-Satisfacción del Curso virtual - AIEPI 2025 - (DAC_2025) (DAC_01_2026),2025-04-11T06:06:10.143Z,,Masculino,Juventud (18 - 28 años),Postgrado,Área de la salud,5,5,4,5,5,5,3,5,5,5,5,5,5,COMUNA 19,
1eTxaJShqeigMeagqMno96jTDvPb8y_w_IQxNvQlLjXY,-Satisfacción del Curso virtual - AIEPI 2025 - (DAC_2025) (DAC_01_2026),2026-06-10T13:37:07.228Z,,Masculino,Adultez (29 - 59 años),Postgrado,Área de la salud,5,5,5,5,5,5,5,5,5,4,3,5,4,COMUNA 17,
1eTxaJShqeigMeagqMno96jTDvPb8y_w_IQxNvQlLjXY,-Satisfacción del Curso virtual - AIEPI 2025 - (DAC_2025) (DAC_01_2026),2025-04-26T12:53:42.309Z,,Femenino,Juventud (18 - 28 años),Pregrado,Área de la salud,5,5,5,5,5,5,5,5,5,5,5,5,5,COMUNA 17,
1eTxaJShqeigMeagqMno96jTDvPb8y_w_IQxNvQlLjXY,-Satisfacción del Curso virtual - AIEPI 2025 - (DAC_2025) (DAC_01_2026),2025-11-01T20:16:59.156Z,,Femenino,Adultez (29 - 59 años),Pregrado,Área de la salud,4,4,4,4,4,4,4,4,4,4,4,4,4,COMUNA 1,
1eTxaJShqeigMeagqMno96jTDvPb8y_w_IQxNvQlLjXY,-Satisfacción del Curso virtual - AIEPI 2025 - (DAC_2025) (DAC_01_2026),2025-12-07T02:16:54.402Z,,Femenino,Adultez (29 - 59 años),Postgrado,Área de la salud,5,5,5,5,5,5,5,5,5,5,5,5,5,COMUNA 17,
1eTxaJShqeigMeagqMno96jTDvPb8y_w_IQxNvQlLjXY,-Satisfacción del Curso virtual - AIEPI 2025 - (DAC_2025) (DAC_01_2026),2025-03-31T22:22:31.968Z,,Masculino,Adultez (29 - 59 años),Pregrado,Área de la salud,4,4,4,4,4,4,4,4,4,4,4,4,4,COMUNA 2,
1eTxaJShqeigMeagqMno96jTDvPb8y_w_IQxNvQlLjXY,-Satisfacción del Curso virtual - AIEPI 2025 - (DAC_2025) (DAC_01_2026),2025-12-10T08:15:06.981Z,,Masculino,Adultez (29 - 59 años),Postgrado,Área de la salud,5,5,5,5,5,5,5,5,5,5,5,5,5,COMUNA 17,
1eTxaJShqeigMeagqMno96jTDvPb8y_w_IQxNvQlLjXY,-Satisfacción del Curso virtual - AIEPI 2025 - (DAC_2025) (DAC_01_2026),2026-05-25T13:01:03.225Z,,Femenino,Adultez (29 - 59 años),Postgrado,Área de la salud,5,5,5,4,5,5,5,5,5,5,5,5,5,COMUNA 5,
1eTxaJShqeigMeagqMno96jTDvPb8y_w_IQxNvQlLjXY,-Satisfacción del Curso virtual - AIEPI 2025 - (DAC_2025) (DAC_01_2026),2025-10-16T16:19:59.623Z,,Femenino,Juventud (18 - 28 años),Postgrado,Área de la salud,5,5,5,5,5,5,5,5,5,5,5,5,5,COMUNA 17,
1eTxaJShqeigMeagqMno96jTDvPb8y_w_IQxNvQlLjXY,-Satisfacción del Curso virtual - AIEPI 2025 - (DAC_2025) (DAC_01_2026),2026-03-25T17:38:44.580Z,,Masculino,Adultez (29 - 59 años),Postgrado,Área de la salud,5,4,4,4,5,4,5,4,4,4,4,4,5,COMUNA 1,
1eTxaJShqeigMeagqMno96jTDvPb8y_w_IQxNvQlLjXY,-Satisfacción del Curso virtual - AIEPI 2025 - (DAC_2025) (DAC_01_2026),2025-11-06T00:21:40.509Z,,Masculino,Adultez (29 - 59 años),Postgrado,Área de la salud,5,5,5,5,5,5,5,5,5,5,5,5,5,COMUNA 19,
1eTxaJShqeigMeagqMno96jTDvPb8y_w_IQxNvQlLjXY,-Satisfacción del Curso virtual - AIEPI 2025 - (DAC_2025) (DAC_01_2026),2026-05-24T21:28:44.913Z,,Femenino,Adultez (29 - 59 años),Pregrado,Área de la salud,4,4,4,4,4,4,4,4,4,4,4,4,4,COMUNA 4,
1eTxaJShqeigMeagqMno96jTDvPb8y_w_IQxNvQlLjXY,-Satisfacción del Curso virtual - AIEPI 2025 - (DAC_2025) (DAC_01_2026),2025-04-29T04:30:38.088Z,,Masculino,Adultez (29 - 59 años),Postgrado,Área de la salud,5,5,5,5,5,5,5,5,5,5,5,5,5,COMUNA 1,
1eTxaJShqeigMeagqMno96jTDvPb8y_w_IQxNvQlLjXY,-Satisfacción del Curso virtual - AIEPI 2025 - (DAC_2025) (DAC_01_2026),2025-12-11T21:36:54.852Z,,Masculino,Adultez (29 - 59 años),Postgrado,Área de la salud,5,5,5,5,5,5,5,5,5,5,5,5,5,COMUNA 2,
1eTxaJShqeigMeagqMno96jTDvPb8y_w_IQxNvQlLjXY,-Satisfacción del Curso virtual - AIEPI 2025 - (DAC_2025) (DAC_01_2026),2026-03-31T11:58:34.489Z,,Masculino,Adultez (29 - 59 años),Postgrado,Área de la salud,4,4,4,4,4,4,4,4,4,4,4,4,4,C. DE PANCE,
1eTxaJShqeigMeagqMno96jTDvPb8y_w_IQxNvQlLjXY,-Satisfacción del Curso virtual - AIEPI 2025 - (DAC_2025) (DAC_01_2026),2025-03-26T03:29:03.399Z,,Masculino,Adultez (29 - 59 años),Pregrado,Área de la salud,4,4,4,5,5,5,5,5,4,5,4,5,5,COMUNA 1,
1guZiH_PrAn9Om_IpVs4WNydUVL5F1Nznzed7yP4yu-Q,-Satisfacción del Curso virtual - Proceso de inducción y reinducción 2025 - (PIR_SSPM_2025),2025-12-02T15:34:27.646Z,,Masculino,Adultez (29 - 59 años),Pregrado,Área de la salud,5,5,5,4,5,4,5,5,5,5,4,4,5,COMUNA 12,
1guZiH_PrAn9Om_IpVs4WNydUVL5F1Nznzed7yP4yu-Q,-Satisfacción del Curso virtual - Proceso de inducción y reinducción 2025 - (PIR_SSPM_2025),2025-12-02T05:17:08.419Z,,Femenino,Adultez (29 - 59 años),Postgrado,Área de la salud,5,5,5,5,4,4,5,5,2,2,5,5,5,COMUNA 12,
1guZiH_PrAn9Om_IpVs4WNydUVL5F1Nznzed7yP4yu-Q,-Satisfacción del Curso virtual - Proceso de inducción y reinducción 2025 - (PIR_SSPM_2025),2025-11-16T03:40:51.896Z,,Femenino,Adultez (29 - 59 años),Pregrado,Área de la salud,5,5,5,5,5,5,5,5,5,5,5,5,5,COMUNA 10,
1guZiH_PrAn9Om_IpVs4WNydUVL5F1Nznzed7yP4yu-Q,-Satisfacción del Curso virtual - Proceso de inducción y reinducción 2025 - (PIR_SSPM_2025),2025-11-25T14:57:12.932Z,,Masculino,Adultez (29 - 59 años),Pregrado,Área de la salud,4,4,4,4,4,4,4,4,4,4,4,4,4,COMUNA 22,
1guZiH_PrAn9Om_IpVs4WNydUVL5F1Nznzed7yP4yu-Q,-Satisfacción del Curso virtual - Proceso de inducción y reinducción 2025 - (PIR_SSPM_2025),2025-11-25T19:01:41.493Z,,Femenino,Adultez (29 - 59 años),Pregrado,Área de la salud,5,5,5,5,5,5,5,5,5,5,5,5,5,COMUNA 7,
1guZiH_PrAn9Om_IpVs4WNydUVL5F1Nznzed7yP4yu-Q,-Satisfacción del Curso virtual - Proceso de inducción y reinducción 2025 - (PIR_SSPM_2025),2026-03-06T06:05:42.269Z,,Masculino,Vejez (60 años o más),Postgrado,Área de la salud,5,5,5,4,5,5,4,4,4,4,5,4,5,COMUNA 3,
1guZiH_PrAn9Om_IpVs4WNydUVL5F1Nznzed7yP4yu-Q,-Satisfacción del Curso virtual - Proceso de inducción y reinducción 2025 - (PIR_SSPM_2025),2025-11-27T15:12:37.410Z,,Masculino,Adultez (29 - 59 años),Pregrado,Otro,4,4,4,4,4,4,4,4,4,4,4,4,3,COMUNA 7,
1guZiH_PrAn9Om_IpVs4WNydUVL5F1Nznzed7yP4yu-Q,-Satisfacción del Curso virtual - Proceso de inducción y reinducción 2025 - (PIR_SSPM_2025),2025-12-05T03:05:08.493Z,,Masculino,Adultez (29 - 59 años),Postgrado,Otro,5,5,5,5,5,5,5,5,5,5,5,5,5,COMUNA 10,
1guZiH_PrAn9Om_IpVs4WNydUVL5F1Nznzed7yP4yu-Q,-Satisfacción del Curso virtual - Proceso de inducción y reinducción 2025 - (PIR_SSPM_2025),2025-11-18T14:35:39.603Z,,Masculino,Adultez (29 - 59 años),Postgrado,Otro,5,5,5,5,5,5,5,5,5,5,5,5,5,COMUNA 3,
1guZiH_PrAn9Om_IpVs4WNydUVL5F1Nznzed7yP4yu-Q,-Satisfacción del Curso virtual - Proceso de inducción y reinducción 2025 - (PIR_SSPM_2025),2025-11-24T17:12:21.388Z,,Masculino,Juventud (18 - 28 años),Postgrado,Área de la salud,4,4,4,4,4,5,4,4,5,5,4,4,4,COMUNA 22,
1guZiH_PrAn9Om_IpVs4WNydUVL5F1Nznzed7yP4yu-Q,-Satisfacción del Curso virtual - Proceso de inducción y reinducción 2025 - (PIR_SSPM_2025),2026-06-15T19:36:09.947Z,,Femenino,Adultez (29 - 59 años),Postgrado,Área de la salud,5,5,5,5,5,5,5,5,3,3,5,5,5,COMUNA 17,
1guZiH_PrAn9Om_IpVs4WNydUVL5F1Nznzed7yP4yu-Q,-Satisfacción del Curso virtual - Proceso de inducción y reinducción 2025 - (PIR_SSPM_2025),2025-12-04T18:11:19.152Z,,Femenino,Adultez (29 - 59 años),Postgrado,Área de la salud,4,4,4,4,4,4,4,4,4,4,4,4,4,COMUNA 10,
1guZiH_PrAn9Om_IpVs4WNydUVL5F1Nznzed7yP4yu-Q,-Satisfacción del Curso virtual - Proceso de inducción y reinducción 2025 - (PIR_SSPM_2025),2026-03-06T19:27:13.303Z,,Femenino,Juventud (18 - 28 años),Pregrado,Área de la salud,5,5,4,4,4,4,5,5,4,4,4,4,4,COMUNA 3,
1guZiH_PrAn9Om_IpVs4WNydUVL5F1Nznzed7yP4yu-Q,-Satisfacción del Curso virtual - Proceso de inducción y reinducción 2025 - (PIR_SSPM_2025),2025-12-01T16:56:09.699Z,,Femenino,Juventud (18 - 28 años),Bachiller,Área de la salud,5,5,5,5,5,5,5,5,5,5,5,5,5,COMUNA 16,
1guZiH_PrAn9Om_IpVs4WNydUVL5F1Nznzed7yP4yu-Q,-Satisfacción del Curso virtual - Proceso de inducción y reinducción 2025 - (PIR_SSPM_2025),2025-12-03T20:09:01.110Z,,Masculino,Adultez (29 - 59 años),Pregrado,Área de la salud,5,5,5,5,5,5,5,5,5,5,5,5,5,COMUNA 3,
1guZiH_PrAn9Om_IpVs4WNydUVL5F1Nznzed7yP4yu-Q,-Satisfacción del Curso virtual - Proceso de inducción y reinducción 2025 - (PIR_SSPM_2025),2025-11-17T22:33:42.179Z,,Femenino,Adultez (29 - 59 años),Pregrado,Otro,5,4,4,4,4,5,5,4,4,4,5,4,4,COMUNA 8,
1guZiH_PrAn9Om_IpVs4WNydUVL5F1Nznzed7yP4yu-Q,-Satisfacción del Curso virtual - Proceso de inducción y reinducción 2025 - (PIR_SSPM_2025),2025-12-03T06:16:24.682Z,,Femenino,Adultez (29 - 59 años),Pregrado,Área de la salud,5,5,5,5,5,5,5,5,5,5,5,5,5,COMUNA 6,
1guZiH_PrAn9Om_IpVs4WNydUVL5F1Nznzed7yP4yu-Q,-Satisfacción del Curso virtual - Proceso de inducción y reinducción 2025 - (PIR_SSPM_2025),2025-12-02T16:18:24.607Z,,Femenino,Adultez (29 - 59 años),Postgrado,Otro,5,5,5,5,5,5,5,5,5,5,5,5,5,COMUNA 2,
1guZiH_PrAn9Om_IpVs4WNydUVL5F1Nznzed7yP4yu-Q,-Satisfacción del Curso virtual - Proceso de inducción y reinducción 2025 - (PIR_SSPM_2025),2026-05-01T02:57:33.273Z,,Femenino,Adultez (29 - 59 años),Postgrado,Área de la salud,5,5,5,5,5,5,5,5,5,5,5,5,5,COMUNA 19,
1guZiH_PrAn9Om_IpVs4WNydUVL5F1Nznzed7yP4yu-Q,-Satisfacción del Curso virtual - Proceso de inducción y reinducción 2025 - (PIR_SSPM_2025),2025-12-20T18:54:33.731Z,,Masculino,Adultez (29 - 59 años),Pregrado,Área de la salud,5,5,5,5,5,5,5,5,5,5,5,5,5,COMUNA 5,
1guZiH_PrAn9Om_IpVs4WNydUVL5F1Nznzed7yP4yu-Q,-Satisfacción del Curso virtual - Proceso de inducción y reinducción 2025 - (PIR_SSPM_2025),2026-03-06T14:29:17.704Z,,Masculino,Adultez (29 - 59 años),Pregrado,Otro,4,4,4,5,4,4,4,4,4,4,4,5,5,COMUNA 6,
1guZiH_PrAn9Om_IpVs4WNydUVL5F1Nznzed7yP4yu-Q,-Satisfacción del Curso virtual - Proceso de inducción y reinducción 2025 - (PIR_SSPM_2025),2025-11-27T15:26:09.542Z,,Femenino,Juventud (18 - 28 años),Pregrado,Área de la salud,4,4,4,4,4,4,4,4,4,4,4,4,4,COMUNA 4,
1guZiH_PrAn9Om_IpVs4WNydUVL5F1Nznzed7yP4yu-Q,-Satisfacción del Curso virtual - Proceso de inducción y reinducción 2025 - (PIR_SSPM_2025),2025-11-26T20:56:07.278Z,,Femenino,Adultez (29 - 59 años),Pregrado,Área de la salud,5,5,5,5,5,5,5,5,5,5,5,5,5,COMUNA 22,
1guZiH_PrAn9Om_IpVs4WNydUVL5F1Nznzed7yP4yu-Q,-Satisfacción del Curso virtual - Proceso de inducción y reinducción 2025 - (PIR_SSPM_2025),2025-11-16T12:26:26.507Z,,Masculino,Adultez (29 - 59 años),Postgrado,Otro,5,3,5,3,4,5,1,5,1,1,5,2,3,COMUNA 22,
1guZiH_PrAn9Om_IpVs4WNydUVL5F1Nznzed7yP4yu-Q,-Satisfacción del Curso virtual - Proceso de inducción y reinducción 2025 - (PIR_SSPM_2025),2025-11-19T22:16:26.914Z,,Femenino,Adultez (29 - 59 años),Bachiller,Área de la salud,4,4,4,4,4,4,4,4,4,4,4,4,4,COMUNA 6,
1guZiH_PrAn9Om_IpVs4WNydUVL5F1Nznzed7yP4yu-Q,-Satisfacción del Curso virtual - Proceso de inducción y reinducción 2025 - (PIR_SSPM_2025),2025-11-27T19:31:44.593Z,,Masculino,Adultez (29 - 59 años),Pregrado,Otro,4,4,4,4,5,4,3,4,3,3,3,4,4,COMUNA 3,
1guZiH_PrAn9Om_IpVs4WNydUVL5F1Nznzed7yP4yu-Q,-Satisfacción del Curso virtual - Proceso de inducción y reinducción 2025 - (PIR_SSPM_2025),2025-12-03T17:51:03.636Z,,Femenino,Adultez (29 - 59 años),Postgrado,Área de la salud,4,4,4,4,4,4,4,4,4,4,4,4,4,COMUNA 20,
1guZiH_PrAn9Om_IpVs4WNydUVL5F1Nznzed7yP4yu-Q,-Satisfacción del Curso virtual - Proceso de inducción y reinducción 2025 - (PIR_SSPM_2025),2025-11-20T20:06:10.758Z,,Femenino,Adolescencia (12 - 17 años),Postgrado,Área de la salud,5,5,5,5,5,5,5,5,5,5,5,5,5,COMUNA 5,
1guZiH_PrAn9Om_IpVs4WNydUVL5F1Nznzed7yP4yu-Q,-Satisfacción del Curso virtual - Proceso de inducción y reinducción 2025 - (PIR_SSPM_2025),2025-12-03T14:54:36.061Z,,Femenino,Adultez (29 - 59 años),Pregrado,Área de la salud,5,5,5,5,5,5,5,5,5,5,5,5,5,COMUNA 13,
1guZiH_PrAn9Om_IpVs4WNydUVL5F1Nznzed7yP4yu-Q,-Satisfacción del Curso virtual - Proceso de inducción y reinducción 2025 - (PIR_SSPM_2025),2025-11-20T16:05:23.671Z,,Masculino,Vejez (60 años o más),Pregrado,Área de la salud,4,4,4,4,4,4,4,4,4,4,4,4,4,COMUNA 15,
1guZiH_PrAn9Om_IpVs4WNydUVL5F1Nznzed7yP4yu-Q,-Satisfacción del Curso virtual - Proceso de inducción y reinducción 2025 - (PIR_SSPM_2025),2025-11-19T22:22:10.118Z,,Masculino,Adultez (29 - 59 años),Bachiller,Otro,5,5,5,5,5,5,5,5,5,5,5,5,5,COMUNA 13,
1guZiH_PrAn9Om_IpVs4WNydUVL5F1Nznzed7yP4yu-Q,-Satisfacción del Curso virtual - Proceso de inducción y reinducción 2025 - (PIR_SSPM_2025),2025-12-04T17:03:17.413Z,,Masculino,Vejez (60 años o más),Pregrado,Otro,5,5,5,5,5,5,5,5,5,5,5,5,5,COMUNA 10,
1guZiH_PrAn9Om_IpVs4WNydUVL5F1Nznzed7yP4yu-Q,-Satisfacción del Curso virtual - Proceso de inducción y reinducción 2025 - (PIR_SSPM_2025),2025-11-20T16:48:51.201Z,,Femenino,Juventud (18 - 28 años),Pregrado,Otro,5,5,5,5,5,5,5,5,5,5,5,5,5,COMUNA 19,
1guZiH_PrAn9Om_IpVs4WNydUVL5F1Nznzed7yP4yu-Q,-Satisfacción del Curso virtual - Proceso de inducción y reinducción 2025 - (PIR_SSPM_2025),2025-12-17T14:37:02.667Z,,Femenino,Adultez (29 - 59 años),Postgrado,Área de la salud,4,5,5,5,5,5,5,5,5,4,4,5,5,COMUNA 13,
1guZiH_PrAn9Om_IpVs4WNydUVL5F1Nznzed7yP4yu-Q,-Satisfacción del Curso virtual - Proceso de inducción y reinducción 2025 - (PIR_SSPM_2025),2025-12-06T05:07:17.899Z,,Femenino,Adultez (29 - 59 años),Postgrado,Área de la salud,5,5,5,3,5,5,3,5,3,2,5,5,3,COMUNA 10,
1guZiH_PrAn9Om_IpVs4WNydUVL5F1Nznzed7yP4yu-Q,-Satisfacción del Curso virtual - Proceso de inducción y reinducción 2025 - (PIR_SSPM_2025),2025-11-27T00:17:37.148Z,,Femenino,Juventud (18 - 28 años),Pregrado,Área de la salud,5,5,5,5,5,5,5,5,5,5,5,5,5,COMUNA 3,
1guZiH_PrAn9Om_IpVs4WNydUVL5F1Nznzed7yP4yu-Q,-Satisfacción del Curso virtual - Proceso de inducción y reinducción 2025 - (PIR_SSPM_2025),2025-11-25T20:43:21.174Z,,Femenino,Adultez (29 - 59 años),Postgrado,Otro,5,5,5,5,5,5,5,5,5,5,5,5,5,COMUNA 18,
1guZiH_PrAn9Om_IpVs4WNydUVL5F1Nznzed7yP4yu-Q,-Satisfacción del Curso virtual - Proceso de inducción y reinducción 2025 - (PIR_SSPM_2025),2025-11-18T00:44:23.626Z,,Femenino,Adultez (29 - 59 años),Postgrado,Área de la salud,5,5,5,5,5,5,5,5,5,5,5,5,5,COMUNA 17,
1guZiH_PrAn9Om_IpVs4WNydUVL5F1Nznzed7yP4yu-Q,-Satisfacción del Curso virtual - Proceso de inducción y reinducción 2025 - (PIR_SSPM_2025),2025-12-02T16:25:38.796Z,,Femenino,Vejez (60 años o más),Postgrado,Área de la salud,5,5,5,5,5,5,5,5,5,5,5,5,5,C. DE LA BUITRERA,
1guZiH_PrAn9Om_IpVs4WNydUVL5F1Nznzed7yP4yu-Q,-Satisfacción del Curso virtual - Proceso de inducción y reinducción 2025 - (PIR_SSPM_2025),2025-11-18T20:59:00.933Z,,Masculino,Adultez (29 - 59 años),Postgrado,Otro,5,5,5,3,5,5,5,3,3,3,5,5,5,COMUNA 17,
1guZiH_PrAn9Om_IpVs4WNydUVL5F1Nznzed7yP4yu-Q,-Satisfacción del Curso virtual - Proceso de inducción y reinducción 2025 - (PIR_SSPM_2025),2025-11-24T04:38:31.943Z,,Masculino,Adultez (29 - 59 años),Pregrado,Área de la salud,5,5,5,5,5,5,5,5,5,5,5,5,5,COMUNA 1,
1guZiH_PrAn9Om_IpVs4WNydUVL5F1Nznzed7yP4yu-Q,-Satisfacción del Curso virtual - Proceso de inducción y reinducción 2025 - (PIR_SSPM_2025),2025-11-27T17:48:07.534Z,,Masculino,Adultez (29 - 59 años),Postgrado,Otro,4,4,4,4,4,4,4,5,3,3,5,5,5,COMUNA 13,
1guZiH_PrAn9Om_IpVs4WNydUVL5F1Nznzed7yP4yu-Q,-Satisfacción del Curso virtual - Proceso de inducción y reinducción 2025 - (PIR_SSPM_2025),2025-11-20T14:57:55.899Z,,Femenino,Adultez (29 - 59 años),Pregrado,Área de la salud,3,3,3,3,3,3,3,3,3,3,3,3,3,COMUNA 8,
1guZiH_PrAn9Om_IpVs4WNydUVL5F1Nznzed7yP4yu-Q,-Satisfacción del Curso virtual - Proceso de inducción y reinducción 2025 - (PIR_SSPM_2025),2025-11-20T16:03:23.191Z,,Femenino,Adultez (29 - 59 años),Postgrado,Otro,5,5,5,5,4,5,5,5,4,3,5,5,5,COMUNA 2,
1guZiH_PrAn9Om_IpVs4WNydUVL5F1Nznzed7yP4yu-Q,-Satisfacción del Curso virtual - Proceso de inducción y reinducción 2025 - (PIR_SSPM_2025),2025-11-29T00:21:53.500Z,,Femenino,Adultez (29 - 59 años),Pregrado,Área de la salud,4,5,5,4,5,5,4,4,3,2,5,5,5,COMUNA 17,
1guZiH_PrAn9Om_IpVs4WNydUVL5F1Nznzed7yP4yu-Q,-Satisfacción del Curso virtual - Proceso de inducción y reinducción 2025 - (PIR_SSPM_2025),2025-11-25T01:31:35.701Z,,Femenino,Adultez (29 - 59 años),Bachiller,Otro,5,5,5,5,5,5,5,5,5,4,3,5,5,COMUNA 8,
1guZiH_PrAn9Om_IpVs4WNydUVL5F1Nznzed7yP4yu-Q,-Satisfacción del Curso virtual - Proceso de inducción y reinducción 2025 - (PIR_SSPM_2025),2025-12-08T16:20:31.993Z,,Femenino,Adultez (29 - 59 años),Postgrado,Área de la salud,5,5,5,5,5,5,5,5,5,5,5,5,5,COMUNA 17,
1guZiH_PrAn9Om_IpVs4WNydUVL5F1Nznzed7yP4yu-Q,-Satisfacción del Curso virtual - Proceso de inducción y reinducción 2025 - (PIR_SSPM_2025),2025-11-21T20:25:07.478Z,,Femenino,Adultez (29 - 59 años),Bachiller,Área de la salud,5,5,5,5,5,5,5,5,5,5,5,5,5,COMUNA 2,
1guZiH_PrAn9Om_IpVs4WNydUVL5F1Nznzed7yP4yu-Q,-Satisfacción del Curso virtual - Proceso de inducción y reinducción 2025 - (PIR_SSPM_2025),2025-11-26T17:49:09.823Z,,Femenino,Adultez (29 - 59 años),Pregrado,Área de la salud,5,5,5,5,5,5,3,3,3,3,3,5,5,COMUNA 17,
1guZiH_PrAn9Om_IpVs4WNydUVL5F1Nznzed7yP4yu-Q,-Satisfacción del Curso virtual - Proceso de inducción y reinducción 2025 - (PIR_SSPM_2025),2025-11-20T16:15:53.066Z,,Masculino,Adultez (29 - 59 años),Pregrado,Área de la salud,5,5,5,5,5,5,5,5,5,5,5,5,5,COMUNA 10,
1guZiH_PrAn9Om_IpVs4WNydUVL5F1Nznzed7yP4yu-Q,-Satisfacción del Curso virtual - Proceso de inducción y reinducción 2025 - (PIR_SSPM_2025),2025-11-25T03:42:55.840Z,,Femenino,Adultez (29 - 59 años),Pregrado,Área de la salud,5,5,5,5,5,5,5,5,5,5,5,5,5,COMUNA 8,
1guZiH_PrAn9Om_IpVs4WNydUVL5F1Nznzed7yP4yu-Q,-Satisfacción del Curso virtual - Proceso de inducción y reinducción 2025 - (PIR_SSPM_2025),2026-03-19T03:46:28.717Z,,Femenino,Adultez (29 - 59 años),Pregrado,Área de la salud,5,5,5,5,5,5,5,5,5,5,5,5,5,COMUNA 15,
1guZiH_PrAn9Om_IpVs4WNydUVL5F1Nznzed7yP4yu-Q,-Satisfacción del Curso virtual - Proceso de inducción y reinducción 2025 - (PIR_SSPM_2025),2025-11-27T23:19:57.997Z,,Masculino,Adultez (29 - 59 años),Bachiller,Área de la salud,5,5,5,5,5,5,5,5,5,5,5,5,5,COMUNA 9,
1guZiH_PrAn9Om_IpVs4WNydUVL5F1Nznzed7yP4yu-Q,-Satisfacción del Curso virtual - Proceso de inducción y reinducción 2025 - (PIR_SSPM_2025),2025-11-27T00:48:30.792Z,,Masculino,Adultez (29 - 59 años),Postgrado,Área de la salud,5,4,5,5,4,5,2,5,4,5,5,2,4,COMUNA 17,
1guZiH_PrAn9Om_IpVs4WNydUVL5F1Nznzed7yP4yu-Q,-Satisfacción del Curso virtual - Proceso de inducción y reinducción 2025 - (PIR_SSPM_2025),2025-12-02T21:44:32.891Z,,Femenino,Vejez (60 años o más),Postgrado,Área de la salud,5,5,5,5,5,5,5,5,4,4,4,4,4,COMUNA 6,
1guZiH_PrAn9Om_IpVs4WNydUVL5F1Nznzed7yP4yu-Q,-Satisfacción del Curso virtual - Proceso de inducción y reinducción 2025 - (PIR_SSPM_2025),2025-11-20T22:02:42.923Z,,Femenino,Adultez (29 - 59 años),Pregrado,Otro,4,4,4,4,4,4,5,5,5,4,5,4,4,COMUNA 6,
1guZiH_PrAn9Om_IpVs4WNydUVL5F1Nznzed7yP4yu-Q,-Satisfacción del Curso virtual - Proceso de inducción y reinducción 2025 - (PIR_SSPM_2025),2025-11-29T14:58:00.459Z,,Femenino,Juventud (18 - 28 años),Pregrado,Otro,5,5,5,5,5,5,5,5,5,5,5,5,5,COMUNA 17,
1guZiH_PrAn9Om_IpVs4WNydUVL5F1Nznzed7yP4yu-Q,-Satisfacción del Curso virtual - Proceso de inducción y reinducción 2025 - (PIR_SSPM_2025),2025-11-20T22:45:04.668Z,,Femenino,Vejez (60 años o más),Postgrado,Área de la salud,5,5,5,5,5,5,5,5,5,5,5,5,5,COMUNA 17,
1guZiH_PrAn9Om_IpVs4WNydUVL5F1Nznzed7yP4yu-Q,-Satisfacción del Curso virtual - Proceso de inducción y reinducción 2025 - (PIR_SSPM_2025),2025-12-03T18:35:58.573Z,,Femenino,Adultez (29 - 59 años),Postgrado,Área de la salud,5,5,5,5,4,5,5,5,5,3,5,5,5,COMUNA 22,
1guZiH_PrAn9Om_IpVs4WNydUVL5F1Nznzed7yP4yu-Q,-Satisfacción del Curso virtual - Proceso de inducción y reinducción 2025 - (PIR_SSPM_2025),2025-12-09T18:38:53.790Z,,Femenino,Adultez (29 - 59 años),Bachiller,Área de la salud,5,5,5,5,5,5,5,5,5,5,5,5,5,COMUNA 15,
1guZiH_PrAn9Om_IpVs4WNydUVL5F1Nznzed7yP4yu-Q,-Satisfacción del Curso virtual - Proceso de inducción y reinducción 2025 - (PIR_SSPM_2025),2025-11-29T03:39:46.767Z,,Femenino,Juventud (18 - 28 años),Bachiller,Área de la salud,5,5,5,5,5,5,5,5,5,5,5,5,5,COMUNA 19,
1guZiH_PrAn9Om_IpVs4WNydUVL5F1Nznzed7yP4yu-Q,-Satisfacción del Curso virtual - Proceso de inducción y reinducción 2025 - (PIR_SSPM_2025),2025-12-19T16:04:39.854Z,,Femenino,Adultez (29 - 59 años),Pregrado,Otro,5,5,5,5,5,5,5,5,5,5,5,5,5,COMUNA 6,
1guZiH_PrAn9Om_IpVs4WNydUVL5F1Nznzed7yP4yu-Q,-Satisfacción del Curso virtual - Proceso de inducción y reinducción 2025 - (PIR_SSPM_2025),2025-11-22T04:43:28.977Z,,Femenino,Adultez (29 - 59 años),Bachiller,Área de la salud,4,3,4,4,4,4,4,4,4,4,4,4,4,COMUNA 6,
1guZiH_PrAn9Om_IpVs4WNydUVL5F1Nznzed7yP4yu-Q,-Satisfacción del Curso virtual - Proceso de inducción y reinducción 2025 - (PIR_SSPM_2025),2025-11-27T18:18:05.286Z,,Masculino,Adultez (29 - 59 años),Bachiller,Área de la salud,5,5,5,5,5,5,5,5,5,5,5,5,5,COMUNA 5,
1guZiH_PrAn9Om_IpVs4WNydUVL5F1Nznzed7yP4yu-Q,-Satisfacción del Curso virtual - Proceso de inducción y reinducción 2025 - (PIR_SSPM_2025),2025-11-20T00:54:49.174Z,,Masculino,Adultez (29 - 59 años),Postgrado,Área de la salud,5,5,5,5,5,5,5,5,5,5,5,5,5,COMUNA 2,
1guZiH_PrAn9Om_IpVs4WNydUVL5F1Nznzed7yP4yu-Q,-Satisfacción del Curso virtual - Proceso de inducción y reinducción 2025 - (PIR_SSPM_2025),2025-11-19T19:54:08.518Z,,Femenino,Adultez (29 - 59 años),Bachiller,Área de la salud,5,5,5,5,5,5,5,5,5,5,5,5,5,COMUNA 5,
1guZiH_PrAn9Om_IpVs4WNydUVL5F1Nznzed7yP4yu-Q,-Satisfacción del Curso virtual - Proceso de inducción y reinducción 2025 - (PIR_SSPM_2025),2025-11-21T16:56:36.820Z,,Femenino,Adultez (29 - 59 años),Pregrado,Estudiante,5,5,5,5,5,5,5,5,5,5,5,5,5,COMUNA 8,
1guZiH_PrAn9Om_IpVs4WNydUVL5F1Nznzed7yP4yu-Q,-Satisfacción del Curso virtual - Proceso de inducción y reinducción 2025 - (PIR_SSPM_2025),2025-11-28T17:10:37.309Z,,Masculino,Adultez (29 - 59 años),Postgrado,Área de la salud,4,4,4,4,4,4,4,4,3,2,4,4,4,COMUNA 2,
1guZiH_PrAn9Om_IpVs4WNydUVL5F1Nznzed7yP4yu-Q,-Satisfacción del Curso virtual - Proceso de inducción y reinducción 2025 - (PIR_SSPM_2025),2025-11-20T00:26:48.611Z,,Femenino,Adultez (29 - 59 años),Postgrado,Otro,5,5,5,5,5,4,4,5,4,4,5,5,4,C. DE LOS ANDES,
1guZiH_PrAn9Om_IpVs4WNydUVL5F1Nznzed7yP4yu-Q,-Satisfacción del Curso virtual - Proceso de inducción y reinducción 2025 - (PIR_SSPM_2025),2026-06-03T22:25:00.792Z,,Masculino,Adultez (29 - 59 años),Pregrado,Área de la salud,5,5,5,4,5,5,4,4,4,4,4,5,5,COMUNA 22,
1guZiH_PrAn9Om_IpVs4WNydUVL5F1Nznzed7yP4yu-Q,-Satisfacción del Curso virtual - Proceso de inducción y reinducción 2025 - (PIR_SSPM_2025),2025-11-18T22:46:48.102Z,,Femenino,Adultez (29 - 59 años),Pregrado,Área de la salud,5,5,5,5,5,5,5,5,5,5,5,5,5,COMUNA 9,
1guZiH_PrAn9Om_IpVs4WNydUVL5F1Nznzed7yP4yu-Q,-Satisfacción del Curso virtual - Proceso de inducción y reinducción 2025 - (PIR_SSPM_2025),2026-03-05T19:34:53.554Z,,Masculino,Adultez (29 - 59 años),Pregrado,Área de la salud,5,5,5,5,5,5,5,5,5,5,5,5,5,COMUNA 18,
1guZiH_PrAn9Om_IpVs4WNydUVL5F1Nznzed7yP4yu-Q,-Satisfacción del Curso virtual - Proceso de inducción y reinducción 2025 - (PIR_SSPM_2025),2025-11-19T19:38:51.118Z,,Femenino,Juventud (18 - 28 años),Pregrado,Estudiante,5,5,5,5,5,5,5,5,5,5,5,5,5,COMUNA 2,
1guZiH_PrAn9Om_IpVs4WNydUVL5F1Nznzed7yP4yu-Q,-Satisfacción del Curso virtual - Proceso de inducción y reinducción 2025 - (PIR_SSPM_2025),2025-12-03T02:21:23.257Z,,Femenino,Adultez (29 - 59 años),Pregrado,Área de la salud,5,5,5,5,5,5,5,5,5,5,5,5,5,COMUNA 2,
1guZiH_PrAn9Om_IpVs4WNydUVL5F1Nznzed7yP4yu-Q,-Satisfacción del Curso virtual - Proceso de inducción y reinducción 2025 - (PIR_SSPM_2025),2025-11-18T19:10:15.400Z,,Masculino,Adultez (29 - 59 años),Postgrado,Área de la salud,5,5,5,5,5,5,5,5,5,5,5,5,5,COMUNA 10,
1guZiH_PrAn9Om_IpVs4WNydUVL5F1Nznzed7yP4yu-Q,-Satisfacción del Curso virtual - Proceso de inducción y reinducción 2025 - (PIR_SSPM_2025),2025-12-01T13:37:00.135Z,,Femenino,Adultez (29 - 59 años),Pregrado,Otro,5,5,5,5,5,5,4,5,4,4,5,5,5,COMUNA 17,
1guZiH_PrAn9Om_IpVs4WNydUVL5F1Nznzed7yP4yu-Q,-Satisfacción del Curso virtual - Proceso de inducción y reinducción 2025 - (PIR_SSPM_2025),2025-11-30T18:26:33.665Z,,Masculino,Adultez (29 - 59 años),Pregrado,Área de la salud,4,4,5,5,5,5,5,5,5,5,4,4,5,COMUNA 2,
1guZiH_PrAn9Om_IpVs4WNydUVL5F1Nznzed7yP4yu-Q,-Satisfacción del Curso virtual - Proceso de inducción y reinducción 2025 - (PIR_SSPM_2025),2026-03-13T20:15:38.986Z,,Masculino,Adultez (29 - 59 años),Pregrado,Área de la salud,5,5,4,4,4,4,4,4,4,4,4,4,4,COMUNA 6,
1guZiH_PrAn9Om_IpVs4WNydUVL5F1Nznzed7yP4yu-Q,-Satisfacción del Curso virtual - Proceso de inducción y reinducción 2025 - (PIR_SSPM_2025),2025-11-26T20:24:49.543Z,,Femenino,Adultez (29 - 59 años),Pregrado,Área de la salud,5,5,5,5,5,5,5,5,5,5,5,5,5,COMUNA 5,
1guZiH_PrAn9Om_IpVs4WNydUVL5F1Nznzed7yP4yu-Q,-Satisfacción del Curso virtual - Proceso de inducción y reinducción 2025 - (PIR_SSPM_2025),2025-12-04T12:14:54.604Z,,Femenino,Adultez (29 - 59 años),Postgrado,Área de la salud,5,5,5,5,5,5,5,5,5,5,5,5,5,COMUNA 19,
1guZiH_PrAn9Om_IpVs4WNydUVL5F1Nznzed7yP4yu-Q,-Satisfacción del Curso virtual - Proceso de inducción y reinducción 2025 - (PIR_SSPM_2025),2025-12-19T17:57:00.480Z,,Femenino,Adultez (29 - 59 años),Pregrado,Área de la salud,5,5,4,5,5,4,4,4,4,3,4,5,5,COMUNA 4,
1guZiH_PrAn9Om_IpVs4WNydUVL5F1Nznzed7yP4yu-Q,-Satisfacción del Curso virtual - Proceso de inducción y reinducción 2025 - (PIR_SSPM_2025),2025-11-19T20:14:48.170Z,,Femenino,Adultez (29 - 59 años),Bachiller,Área de la salud,5,5,5,5,5,5,5,5,5,5,5,5,5,COMUNA 13,
1guZiH_PrAn9Om_IpVs4WNydUVL5F1Nznzed7yP4yu-Q,-Satisfacción del Curso virtual - Proceso de inducción y reinducción 2025 - (PIR_SSPM_2025),2025-12-03T17:05:39.490Z,,Masculino,Adultez (29 - 59 años),Pregrado,Área de la salud,5,5,5,5,5,5,5,5,5,5,5,5,5,COMUNA 12,
1guZiH_PrAn9Om_IpVs4WNydUVL5F1Nznzed7yP4yu-Q,-Satisfacción del Curso virtual - Proceso de inducción y reinducción 2025 - (PIR_SSPM_2025),2025-12-06T00:05:33.663Z,,Femenino,Juventud (18 - 28 años),Postgrado,Área de la salud,5,4,4,3,4,4,2,4,2,1,4,3,4,COMUNA 19,
1guZiH_PrAn9Om_IpVs4WNydUVL5F1Nznzed7yP4yu-Q,-Satisfacción del Curso virtual - Proceso de inducción y reinducción 2025 - (PIR_SSPM_2025),2025-12-05T23:49:07.657Z,,Femenino,Adultez (29 - 59 años),Postgrado,Otro,5,5,5,5,5,5,5,5,5,4,5,5,5,COMUNA 1,
1guZiH_PrAn9Om_IpVs4WNydUVL5F1Nznzed7yP4yu-Q,-Satisfacción del Curso virtual - Proceso de inducción y reinducción 2025 - (PIR_SSPM_2025),2025-11-29T14:24:04.186Z,,Femenino,Juventud (18 - 28 años),Pregrado,Área de la salud,5,5,5,5,5,5,5,5,5,5,5,5,5,COMUNA 16,
1guZiH_PrAn9Om_IpVs4WNydUVL5F1Nznzed7yP4yu-Q,-Satisfacción del Curso virtual - Proceso de inducción y reinducción 2025 - (PIR_SSPM_2025),2026-04-18T19:56:41.375Z,,Femenino,Adultez (29 - 59 años),Pregrado,Otro,5,5,5,5,5,5,5,5,5,5,5,5,5,COMUNA 6,
1guZiH_PrAn9Om_IpVs4WNydUVL5F1Nznzed7yP4yu-Q,-Satisfacción del Curso virtual - Proceso de inducción y reinducción 2025 - (PIR_SSPM_2025),2025-11-27T22:34:14.137Z,,Masculino,Adultez (29 - 59 años),Bachiller,Otro,5,5,5,5,5,5,5,5,5,5,5,5,5,COMUNA 15,
1guZiH_PrAn9Om_IpVs4WNydUVL5F1Nznzed7yP4yu-Q,-Satisfacción del Curso virtual - Proceso de inducción y reinducción 2025 - (PIR_SSPM_2025),2025-11-20T20:52:17.240Z,,Masculino,Adultez (29 - 59 años),Bachiller,Área de la salud,5,5,5,5,5,5,5,5,5,5,5,5,5,COMUNA 8,
1guZiH_PrAn9Om_IpVs4WNydUVL5F1Nznzed7yP4yu-Q,-Satisfacción del Curso virtual - Proceso de inducción y reinducción 2025 - (PIR_SSPM_2025),2025-11-28T22:03:51.309Z,,Femenino,Adultez (29 - 59 años),Postgrado,Área de la salud,4,3,3,1,1,2,1,3,3,3,3,3,3,COMUNA 4,
1guZiH_PrAn9Om_IpVs4WNydUVL5F1Nznzed7yP4yu-Q,-Satisfacción del Curso virtual - Proceso de inducción y reinducción 2025 - (PIR_SSPM_2025),2026-03-09T20:29:39.115Z,,Femenino,Adultez (29 - 59 años),Postgrado,Otro,5,5,5,5,5,3,5,5,2,2,5,5,5,COMUNA 22,
1guZiH_PrAn9Om_IpVs4WNydUVL5F1Nznzed7yP4yu-Q,-Satisfacción del Curso virtual - Proceso de inducción y reinducción 2025 - (PIR_SSPM_2025),2025-11-28T00:17:35.435Z,,Masculino,Adultez (29 - 59 años),Bachiller,Otro,5,5,5,5,5,5,5,5,5,5,5,5,5,COMUNA 18,
1guZiH_PrAn9Om_IpVs4WNydUVL5F1Nznzed7yP4yu-Q,-Satisfacción del Curso virtual - Proceso de inducción y reinducción 2025 - (PIR_SSPM_2025),2025-11-16T18:55:53.091Z,,Masculino,Adultez (29 - 59 años),Postgrado,Área de la salud,5,5,5,4,5,5,4,4,5,2,4,5,4,COMUNA 7,
1guZiH_PrAn9Om_IpVs4WNydUVL5F1Nznzed7yP4yu-Q,-Satisfacción del Curso virtual - Proceso de inducción y reinducción 2025 - (PIR_SSPM_2025),2025-11-18T20:28:47.268Z,,Femenino,Adultez (29 - 59 años),Postgrado,Área de la salud,5,5,5,5,5,5,5,5,5,3,5,4,5,COMUNA 19,
1guZiH_PrAn9Om_IpVs4WNydUVL5F1Nznzed7yP4yu-Q,-Satisfacción del Curso virtual - Proceso de inducción y reinducción 2025 - (PIR_SSPM_2025),2025-12-05T18:04:49.384Z,,Femenino,Adultez (29 - 59 años),Postgrado,Otro,5,5,5,5,5,5,5,4,4,3,3,5,5,COMUNA 16,
1guZiH_PrAn9Om_IpVs4WNydUVL5F1Nznzed7yP4yu-Q,-Satisfacción del Curso virtual - Proceso de inducción y reinducción 2025 - (PIR_SSPM_2025),2025-11-27T16:48:36.449Z,,Femenino,Juventud (18 - 28 años),Postgrado,Área de la salud,5,5,5,5,3,3,4,4,4,3,3,4,4,COMUNA 17,
1guZiH_PrAn9Om_IpVs4WNydUVL5F1Nznzed7yP4yu-Q,-Satisfacción del Curso virtual - Proceso de inducción y reinducción 2025 - (PIR_SSPM_2025),2025-12-04T16:16:28.543Z,,Femenino,Vejez (60 años o más),Postgrado,Otro,5,5,5,5,5,3,5,3,3,2,2,5,5,COMUNA 5,
1guZiH_PrAn9Om_IpVs4WNydUVL5F1Nznzed7yP4yu-Q,-Satisfacción del Curso virtual - Proceso de inducción y reinducción 2025 - (PIR_SSPM_2025),2025-12-05T05:14:39.126Z,,Femenino,Juventud (18 - 28 años),Pregrado,Área de la salud,5,5,5,5,5,5,5,5,5,5,5,5,5,COMUNA 12,
1guZiH_PrAn9Om_IpVs4WNydUVL5F1Nznzed7yP4yu-Q,-Satisfacción del Curso virtual - Proceso de inducción y reinducción 2025 - (PIR_SSPM_2025),2025-11-26T18:02:45.586Z,,Femenino,Juventud (18 - 28 años),Bachiller,Área de la salud,5,5,5,5,5,5,5,5,5,5,5,5,5,COMUNA 6,
1guZiH_PrAn9Om_IpVs4WNydUVL5F1Nznzed7yP4yu-Q,-Satisfacción del Curso virtual - Proceso de inducción y reinducción 2025 - (PIR_SSPM_2025),2025-12-04T23:30:56.298Z,,Femenino,Adultez (29 - 59 años),Pregrado,Área de la salud,5,5,5,5,5,5,5,5,5,5,5,5,5,COMUNA 17,
1guZiH_PrAn9Om_IpVs4WNydUVL5F1Nznzed7yP4yu-Q,-Satisfacción del Curso virtual - Proceso de inducción y reinducción 2025 - (PIR_SSPM_2025),2025-11-28T03:19:27.775Z,,Masculino,Adultez (29 - 59 años),Postgrado,Área de la salud,5,5,5,5,5,5,5,5,5,5,5,5,5,COMUNA 17,
1guZiH_PrAn9Om_IpVs4WNydUVL5F1Nznzed7yP4yu-Q,-Satisfacción del Curso virtual - Proceso de inducción y reinducción 2025 - (PIR_SSPM_2025),2025-12-04T05:00:10.185Z,,Femenino,Adultez (29 - 59 años),Postgrado,Otro,5,5,5,5,5,5,5,5,5,5,5,5,5,COMUNA 17,
1guZiH_PrAn9Om_IpVs4WNydUVL5F1Nznzed7yP4yu-Q,-Satisfacción del Curso virtual - Proceso de inducción y reinducción 2025 - (PIR_SSPM_2025),2025-12-04T15:55:48.722Z,,Masculino,Adultez (29 - 59 años),Postgrado,Área de la salud,5,5,5,5,5,5,5,5,5,5,5,5,5,COMUNA 19,
1guZiH_PrAn9Om_IpVs4WNydUVL5F1Nznzed7yP4yu-Q,-Satisfacción del Curso virtual - Proceso de inducción y reinducción 2025 - (PIR_SSPM_2025),2026-02-12T18:30:41.249Z,,Masculino,Adultez (29 - 59 años),Postgrado,Otro,5,3,4,3,3,4,3,2,3,3,5,5,5,COMUNA 5,
1guZiH_PrAn9Om_IpVs4WNydUVL5F1Nznzed7yP4yu-Q,-Satisfacción del Curso virtual - Proceso de inducción y reinducción 2025 - (PIR_SSPM_2025),2025-12-03T03:33:40.766Z,,Femenino,Adultez (29 - 59 años),Postgrado,Área de la salud,4,4,4,4,4,4,4,4,4,4,4,4,4,COMUNA 19,
1guZiH_PrAn9Om_IpVs4WNydUVL5F1Nznzed7yP4yu-Q,-Satisfacción del Curso virtual - Proceso de inducción y reinducción 2025 - (PIR_SSPM_2025),2025-12-10T16:13:03.173Z,,Masculino,Juventud (18 - 28 años),Pregrado,Área de la salud,4,4,4,4,4,4,4,4,4,4,4,4,4,COMUNA 17,
1guZiH_PrAn9Om_IpVs4WNydUVL5F1Nznzed7yP4yu-Q,-Satisfacción del Curso virtual - Proceso de inducción y reinducción 2025 - (PIR_SSPM_2025),2025-11-26T01:32:00.151Z,,Femenino,Adultez (29 - 59 años),Bachiller,Área de la salud,5,5,5,5,5,5,5,5,5,5,5,5,5,COMUNA 6,
1guZiH_PrAn9Om_IpVs4WNydUVL5F1Nznzed7yP4yu-Q,-Satisfacción del Curso virtual - Proceso de inducción y reinducción 2025 - (PIR_SSPM_2025),2025-11-18T23:57:29.518Z,,Masculino,Adultez (29 - 59 años),Pregrado,Área de la salud,5,5,5,5,5,5,5,5,5,3,5,5,5,COMUNA 10,
1guZiH_PrAn9Om_IpVs4WNydUVL5F1Nznzed7yP4yu-Q,-Satisfacción del Curso virtual - Proceso de inducción y reinducción 2025 - (PIR_SSPM_2025),2025-11-26T18:02:29.027Z,,Masculino,Adultez (29 - 59 años),Pregrado,Área de la salud,5,5,5,5,5,5,5,5,5,5,5,5,5,COMUNA 15,
1guZiH_PrAn9Om_IpVs4WNydUVL5F1Nznzed7yP4yu-Q,-Satisfacción del Curso virtual - Proceso de inducción y reinducción 2025 - (PIR_SSPM_2025),2025-11-19T18:54:48.659Z,,Femenino,Adultez (29 - 59 años),Postgrado,Área de la salud,3,3,3,3,3,3,3,3,3,3,3,3,3,COMUNA 21,
1guZiH_PrAn9Om_IpVs4WNydUVL5F1Nznzed7yP4yu-Q,-Satisfacción del Curso virtual - Proceso de inducción y reinducción 2025 - (PIR_SSPM_2025),2025-12-03T20:01:55.861Z,,Masculino,Vejez (60 años o más),Bachiller,Área de la salud,5,5,5,5,5,5,5,5,5,5,5,5,5,COMUNA 17,
1guZiH_PrAn9Om_IpVs4WNydUVL5F1Nznzed7yP4yu-Q,-Satisfacción del Curso virtual - Proceso de inducción y reinducción 2025 - (PIR_SSPM_2025),2025-12-02T21:34:00.622Z,,Masculino,Juventud (18 - 28 años),Pregrado,Otro,5,5,4,4,5,4,4,4,4,5,5,5,4,COMUNA 3,
1guZiH_PrAn9Om_IpVs4WNydUVL5F1Nznzed7yP4yu-Q,-Satisfacción del Curso virtual - Proceso de inducción y reinducción 2025 - (PIR_SSPM_2025),2025-12-01T02:23:54.936Z,,Femenino,Adultez (29 - 59 años),Bachiller,Área de la salud,5,5,5,5,5,5,5,5,5,5,5,5,5,COMUNA 2,
1guZiH_PrAn9Om_IpVs4WNydUVL5F1Nznzed7yP4yu-Q,-Satisfacción del Curso virtual - Proceso de inducción y reinducción 2025 - (PIR_SSPM_2025),2025-11-26T23:44:56.874Z,,Femenino,Adultez (29 - 59 años),Pregrado,Área de la salud,4,5,5,4,5,5,5,5,5,5,5,5,5,COMUNA 17,
1guZiH_PrAn9Om_IpVs4WNydUVL5F1Nznzed7yP4yu-Q,-Satisfacción del Curso virtual - Proceso de inducción y reinducción 2025 - (PIR_SSPM_2025),2026-04-20T22:07:38.042Z,,Femenino,Adultez (29 - 59 años),Postgrado,Área de la salud,5,5,5,5,5,5,5,5,5,5,5,5,5,COMUNA 5,
1guZiH_PrAn9Om_IpVs4WNydUVL5F1Nznzed7yP4yu-Q,-Satisfacción del Curso virtual - Proceso de inducción y reinducción 2025 - (PIR_SSPM_2025),2025-12-03T13:23:42.355Z,,Femenino,Juventud (18 - 28 años),Pregrado,Otro,5,5,5,5,5,5,5,5,5,5,5,5,5,COMUNA 15,
1guZiH_PrAn9Om_IpVs4WNydUVL5F1Nznzed7yP4yu-Q,-Satisfacción del Curso virtual - Proceso de inducción y reinducción 2025 - (PIR_SSPM_2025),2025-11-29T14:29:38.021Z,,Masculino,Juventud (18 - 28 años),Bachiller,Otro,5,5,5,5,5,5,5,5,5,5,5,5,5,COMUNA 18,
1guZiH_PrAn9Om_IpVs4WNydUVL5F1Nznzed7yP4yu-Q,-Satisfacción del Curso virtual - Proceso de inducción y reinducción 2025 - (PIR_SSPM_2025),2025-11-20T02:53:25.550Z,,Femenino,Adultez (29 - 59 años),Pregrado,Área de la salud,4,4,4,4,4,4,4,4,5,4,4,4,4,COMUNA 19,
1guZiH_PrAn9Om_IpVs4WNydUVL5F1Nznzed7yP4yu-Q,-Satisfacción del Curso virtual - Proceso de inducción y reinducción 2025 - (PIR_SSPM_2025),2026-03-06T20:16:39.399Z,,Femenino,Vejez (60 años o más),Pregrado,Otro,5,5,5,5,5,5,5,5,5,5,5,5,5,COMUNA 6,
1guZiH_PrAn9Om_IpVs4WNydUVL5F1Nznzed7yP4yu-Q,-Satisfacción del Curso virtual - Proceso de inducción y reinducción 2025 - (PIR_SSPM_2025),2025-11-27T23:51:44.708Z,,Femenino,Adultez (29 - 59 años),Pregrado,Área de la salud,5,5,5,5,4,5,4,4,5,5,5,4,5,COMUNA 17,
1guZiH_PrAn9Om_IpVs4WNydUVL5F1Nznzed7yP4yu-Q,-Satisfacción del Curso virtual - Proceso de inducción y reinducción 2025 - (PIR_SSPM_2025),2025-11-16T17:07:31.405Z,,Femenino,Adultez (29 - 59 años),Postgrado,Área de la salud,4,5,5,4,5,5,4,4,3,3,4,5,5,COMUNA 17,
1guZiH_PrAn9Om_IpVs4WNydUVL5F1Nznzed7yP4yu-Q,-Satisfacción del Curso virtual - Proceso de inducción y reinducción 2025 - (PIR_SSPM_2025),2025-12-04T18:47:18.014Z,,Femenino,Adultez (29 - 59 años),Pregrado,Área de la salud,5,5,5,5,5,5,5,5,5,5,5,5,5,COMUNA 7,
1guZiH_PrAn9Om_IpVs4WNydUVL5F1Nznzed7yP4yu-Q,-Satisfacción del Curso virtual - Proceso de inducción y reinducción 2025 - (PIR_SSPM_2025),2025-11-23T04:02:48.695Z,,Femenino,Adultez (29 - 59 años),Pregrado,Área de la salud,5,5,5,5,5,5,5,5,5,5,5,5,5,COMUNA 11,
1guZiH_PrAn9Om_IpVs4WNydUVL5F1Nznzed7yP4yu-Q,-Satisfacción del Curso virtual - Proceso de inducción y reinducción 2025 - (PIR_SSPM_2025),2025-12-02T22:11:58.014Z,,Femenino,Adultez (29 - 59 años),Postgrado,Área de la salud,4,4,4,4,4,4,4,4,4,4,4,4,4,COMUNA 17,
1guZiH_PrAn9Om_IpVs4WNydUVL5F1Nznzed7yP4yu-Q,-Satisfacción del Curso virtual - Proceso de inducción y reinducción 2025 - (PIR_SSPM_2025),2025-12-01T22:49:25.887Z,,Femenino,Juventud (18 - 28 años),Pregrado,Otro,5,5,5,4,5,5,5,5,5,4,5,5,5,COMUNA 5,
1guZiH_PrAn9Om_IpVs4WNydUVL5F1Nznzed7yP4yu-Q,-Satisfacción del Curso virtual - Proceso de inducción y reinducción 2025 - (PIR_SSPM_2025),2025-11-21T20:47:48.839Z,,Femenino,Juventud (18 - 28 años),Bachiller,Área de la salud,5,5,5,5,5,4,5,4,4,4,4,4,4,COMUNA 4,
1guZiH_PrAn9Om_IpVs4WNydUVL5F1Nznzed7yP4yu-Q,-Satisfacción del Curso virtual - Proceso de inducción y reinducción 2025 - (PIR_SSPM_2025),2025-12-13T02:23:55.386Z,,Masculino,Vejez (60 años o más),Postgrado,Área de la salud,5,5,5,5,5,5,5,5,5,5,5,5,5,COMUNA 22,
1guZiH_PrAn9Om_IpVs4WNydUVL5F1Nznzed7yP4yu-Q,-Satisfacción del Curso virtual - Proceso de inducción y reinducción 2025 - (PIR_SSPM_2025),2025-11-19T21:09:58.260Z,,Femenino,Adultez (29 - 59 años),Pregrado,Área de la salud,5,5,5,5,5,5,5,4,5,4,4,5,5,COMUNA 1,
1guZiH_PrAn9Om_IpVs4WNydUVL5F1Nznzed7yP4yu-Q,-Satisfacción del Curso virtual - Proceso de inducción y reinducción 2025 - (PIR_SSPM_2025),2025-11-27T02:19:16.337Z,,Masculino,Vejez (60 años o más),Postgrado,Otro,5,5,5,5,5,5,5,5,5,5,5,5,5,COMUNA 17,
1guZiH_PrAn9Om_IpVs4WNydUVL5F1Nznzed7yP4yu-Q,-Satisfacción del Curso virtual - Proceso de inducción y reinducción 2025 - (PIR_SSPM_2025),2025-11-29T23:45:03.483Z,,Masculino,Adultez (29 - 59 años),Pregrado,Otro,5,4,4,4,5,5,3,4,2,2,4,4,4,COMUNA 3,
1guZiH_PrAn9Om_IpVs4WNydUVL5F1Nznzed7yP4yu-Q,-Satisfacción del Curso virtual - Proceso de inducción y reinducción 2025 - (PIR_SSPM_2025),2025-11-29T14:04:33.134Z,,Femenino,Adultez (29 - 59 años),Bachiller,Área de la salud,5,5,5,4,5,5,4,4,4,4,5,4,4,COMUNA 15,
1guZiH_PrAn9Om_IpVs4WNydUVL5F1Nznzed7yP4yu-Q,-Satisfacción del Curso virtual - Proceso de inducción y reinducción 2025 - (PIR_SSPM_2025),2025-11-26T20:16:09.564Z,,Masculino,Juventud (18 - 28 años),Pregrado,Otro,5,5,5,5,5,5,5,5,5,5,5,5,5,COMUNA 13,
1guZiH_PrAn9Om_IpVs4WNydUVL5F1Nznzed7yP4yu-Q,-Satisfacción del Curso virtual - Proceso de inducción y reinducción 2025 - (PIR_SSPM_2025),2025-11-21T18:34:54.669Z,,Femenino,Juventud (18 - 28 años),Pregrado,Área de la salud,5,5,5,5,5,5,5,5,5,5,5,5,5,COMUNA 8,
1guZiH_PrAn9Om_IpVs4WNydUVL5F1Nznzed7yP4yu-Q,-Satisfacción del Curso virtual - Proceso de inducción y reinducción 2025 - (PIR_SSPM_2025),2025-12-05T03:40:33.429Z,,Masculino,Juventud (18 - 28 años),Pregrado,Área de la salud,5,5,5,5,5,5,5,5,5,5,5,5,5,COMUNA 4,
1guZiH_PrAn9Om_IpVs4WNydUVL5F1Nznzed7yP4yu-Q,-Satisfacción del Curso virtual - Proceso de inducción y reinducción 2025 - (PIR_SSPM_2025),2026-05-12T23:16:15.293Z,,Masculino,Adultez (29 - 59 años),Pregrado,Área de la salud,4,5,4,5,4,4,4,5,5,4,4,5,5,COMUNA 17,
1guZiH_PrAn9Om_IpVs4WNydUVL5F1Nznzed7yP4yu-Q,-Satisfacción del Curso virtual - Proceso de inducción y reinducción 2025 - (PIR_SSPM_2025),2025-11-20T21:16:17.528Z,,Femenino,Adultez (29 - 59 años),Postgrado,Área de la salud,4,4,4,4,4,4,4,4,4,4,4,4,4,COMUNA 22,
1guZiH_PrAn9Om_IpVs4WNydUVL5F1Nznzed7yP4yu-Q,-Satisfacción del Curso virtual - Proceso de inducción y reinducción 2025 - (PIR_SSPM_2025),2025-12-03T00:03:12.968Z,,Femenino,Adultez (29 - 59 años),Pregrado,Área de la salud,5,5,5,5,5,5,5,5,5,5,5,5,5,COMUNA 3,
1guZiH_PrAn9Om_IpVs4WNydUVL5F1Nznzed7yP4yu-Q,-Satisfacción del Curso virtual - Proceso de inducción y reinducción 2025 - (PIR_SSPM_2025),2025-12-02T15:28:28.918Z,,Femenino,Adultez (29 - 59 años),Postgrado,Área de la salud,5,5,5,5,5,5,5,3,3,4,3,5,4,COMUNA 20,
1guZiH_PrAn9Om_IpVs4WNydUVL5F1Nznzed7yP4yu-Q,-Satisfacción del Curso virtual - Proceso de inducción y reinducción 2025 - (PIR_SSPM_2025),2025-11-16T16:15:53.429Z,,Masculino,Vejez (60 años o más),Postgrado,Área de la salud,4,5,4,4,3,4,4,4,1,1,5,5,5,COMUNA 19,
1guZiH_PrAn9Om_IpVs4WNydUVL5F1Nznzed7yP4yu-Q,-Satisfacción del Curso virtual - Proceso de inducción y reinducción 2025 - (PIR_SSPM_2025),2025-11-28T12:17:31.543Z,,Femenino,Adultez (29 - 59 años),Postgrado,Área de la salud,5,5,5,5,5,5,5,5,5,5,5,5,5,COMUNA 7,
1guZiH_PrAn9Om_IpVs4WNydUVL5F1Nznzed7yP4yu-Q,-Satisfacción del Curso virtual - Proceso de inducción y reinducción 2025 - (PIR_SSPM_2025),2025-12-06T02:34:21.054Z,,Masculino,Adultez (29 - 59 años),Postgrado,Área de la salud,5,5,5,5,5,5,5,5,5,5,5,5,5,COMUNA 2,
1guZiH_PrAn9Om_IpVs4WNydUVL5F1Nznzed7yP4yu-Q,-Satisfacción del Curso virtual - Proceso de inducción y reinducción 2025 - (PIR_SSPM_2025),2026-05-19T17:24:31.642Z,,Femenino,Adultez (29 - 59 años),Pregrado,Área de la salud,5,5,5,5,5,5,5,5,5,5,5,5,5,COMUNA 17,
1guZiH_PrAn9Om_IpVs4WNydUVL5F1Nznzed7yP4yu-Q,-Satisfacción del Curso virtual - Proceso de inducción y reinducción 2025 - (PIR_SSPM_2025),2025-11-19T17:09:07.350Z,,Femenino,Adultez (29 - 59 años),Postgrado,Área de la salud,5,5,5,5,5,5,5,5,5,5,5,5,5,COMUNA 17,
1guZiH_PrAn9Om_IpVs4WNydUVL5F1Nznzed7yP4yu-Q,-Satisfacción del Curso virtual - Proceso de inducción y reinducción 2025 - (PIR_SSPM_2025),2026-03-06T16:02:45.785Z,,Femenino,Adultez (29 - 59 años),Pregrado,Otro,4,4,4,4,5,5,4,4,3,4,4,4,4,COMUNA 22,
1guZiH_PrAn9Om_IpVs4WNydUVL5F1Nznzed7yP4yu-Q,-Satisfacción del Curso virtual - Proceso de inducción y reinducción 2025 - (PIR_SSPM_2025),2025-11-28T18:27:42.570Z,,Femenino,Juventud (18 - 28 años),Bachiller,Área de la salud,5,5,5,5,5,5,5,5,5,5,5,5,5,COMUNA 16,
1guZiH_PrAn9Om_IpVs4WNydUVL5F1Nznzed7yP4yu-Q,-Satisfacción del Curso virtual - Proceso de inducción y reinducción 2025 - (PIR_SSPM_2025),2025-11-18T02:53:37.374Z,,Femenino,Adultez (29 - 59 años),Pregrado,Área de la salud,5,5,5,5,5,5,5,5,5,5,5,5,5,COMUNA 17,
1guZiH_PrAn9Om_IpVs4WNydUVL5F1Nznzed7yP4yu-Q,-Satisfacción del Curso virtual - Proceso de inducción y reinducción 2025 - (PIR_SSPM_2025),2025-11-26T01:52:13.510Z,,Femenino,Vejez (60 años o más),Postgrado,Área de la salud,5,5,5,5,5,5,5,5,5,5,5,5,5,COMUNA 12,
1guZiH_PrAn9Om_IpVs4WNydUVL5F1Nznzed7yP4yu-Q,-Satisfacción del Curso virtual - Proceso de inducción y reinducción 2025 - (PIR_SSPM_2025),2025-11-27T15:49:42.803Z,,Masculino,Juventud (18 - 28 años),Postgrado,Otro,5,5,5,5,5,5,5,5,5,5,5,5,5,COMUNA 5,
1guZiH_PrAn9Om_IpVs4WNydUVL5F1Nznzed7yP4yu-Q,-Satisfacción del Curso virtual - Proceso de inducción y reinducción 2025 - (PIR_SSPM_2025),2026-02-24T14:30:29.904Z,,Femenino,Adultez (29 - 59 años),Postgrado,Área de la salud,5,5,5,5,5,5,4,4,4,3,4,4,4,COMUNA 17,
1guZiH_PrAn9Om_IpVs4WNydUVL5F1Nznzed7yP4yu-Q,-Satisfacción del Curso virtual - Proceso de inducción y reinducción 2025 - (PIR_SSPM_2025),2025-11-30T00:51:05.594Z,,Femenino,Adultez (29 - 59 años),Bachiller,Otro,5,5,5,5,5,5,5,5,5,5,5,5,5,COMUNA 1,
1guZiH_PrAn9Om_IpVs4WNydUVL5F1Nznzed7yP4yu-Q,-Satisfacción del Curso virtual - Proceso de inducción y reinducción 2025 - (PIR_SSPM_2025),2026-03-08T20:37:53.047Z,,Femenino,Adultez (29 - 59 años),Pregrado,Área de la salud,5,5,5,5,5,5,5,5,4,5,5,5,5,COMUNA 22,
1guZiH_PrAn9Om_IpVs4WNydUVL5F1Nznzed7yP4yu-Q,-Satisfacción del Curso virtual - Proceso de inducción y reinducción 2025 - (PIR_SSPM_2025),2025-12-06T04:40:11.603Z,,Masculino,Adultez (29 - 59 años),Pregrado,Otro,5,5,5,5,5,5,5,5,3,2,5,5,5,COMUNA 16,
1guZiH_PrAn9Om_IpVs4WNydUVL5F1Nznzed7yP4yu-Q,-Satisfacción del Curso virtual - Proceso de inducción y reinducción 2025 - (PIR_SSPM_2025),2025-12-05T05:43:12.312Z,,Masculino,Adultez (29 - 59 años),Pregrado,Área de la salud,5,5,5,5,5,5,5,5,5,5,5,3,5,COMUNA 5,
1guZiH_PrAn9Om_IpVs4WNydUVL5F1Nznzed7yP4yu-Q,-Satisfacción del Curso virtual - Proceso de inducción y reinducción 2025 - (PIR_SSPM_2025),2025-12-08T19:44:02.222Z,,Femenino,Juventud (18 - 28 años),Pregrado,Área de la salud,5,5,5,4,5,5,4,5,5,5,5,5,5,COMUNA 5,
1guZiH_PrAn9Om_IpVs4WNydUVL5F1Nznzed7yP4yu-Q,-Satisfacción del Curso virtual - Proceso de inducción y reinducción 2025 - (PIR_SSPM_2025),2025-12-03T21:52:55.914Z,,Masculino,Juventud (18 - 28 años),Bachiller,Otro,5,5,4,5,5,5,5,5,5,5,5,5,5,COMUNA 15,
1guZiH_PrAn9Om_IpVs4WNydUVL5F1Nznzed7yP4yu-Q,-Satisfacción del Curso virtual - Proceso de inducción y reinducción 2025 - (PIR_SSPM_2025),2026-03-07T04:10:31.539Z,,Masculino,Adultez (29 - 59 años),Pregrado,Área de la salud,5,5,5,5,5,5,5,5,5,5,5,5,5,COMUNA 19,
1guZiH_PrAn9Om_IpVs4WNydUVL5F1Nznzed7yP4yu-Q,-Satisfacción del Curso virtual - Proceso de inducción y reinducción 2025 - (PIR_SSPM_2025),2025-11-21T17:18:44.233Z,,Femenino,Adultez (29 - 59 años),Pregrado,Área de la salud,1,1,1,1,1,1,1,1,1,1,1,1,1,COMUNA 5,
1guZiH_PrAn9Om_IpVs4WNydUVL5F1Nznzed7yP4yu-Q,-Satisfacción del Curso virtual - Proceso de inducción y reinducción 2025 - (PIR_SSPM_2025),2025-11-19T19:29:44.042Z,,Masculino,Adultez (29 - 59 años),Pregrado,Área de la salud,5,5,5,5,5,5,5,5,5,5,5,5,5,COMUNA 16,
1guZiH_PrAn9Om_IpVs4WNydUVL5F1Nznzed7yP4yu-Q,-Satisfacción del Curso virtual - Proceso de inducción y reinducción 2025 - (PIR_SSPM_2025),2025-11-20T03:36:32.716Z,,Femenino,Adultez (29 - 59 años),Bachiller,Otro,5,5,5,5,5,5,5,5,5,5,5,5,5,COMUNA 17,
1guZiH_PrAn9Om_IpVs4WNydUVL5F1Nznzed7yP4yu-Q,-Satisfacción del Curso virtual - Proceso de inducción y reinducción 2025 - (PIR_SSPM_2025),2025-11-28T14:03:50.860Z,,Masculino,Vejez (60 años o más),Bachiller,Área de la salud,3,4,4,4,4,5,4,4,2,2,3,3,3,COMUNA 2,
1guZiH_PrAn9Om_IpVs4WNydUVL5F1Nznzed7yP4yu-Q,-Satisfacción del Curso virtual - Proceso de inducción y reinducción 2025 - (PIR_SSPM_2025),2025-12-01T14:26:09.101Z,,Masculino,Adultez (29 - 59 años),Postgrado,Área de la salud,5,5,5,5,5,5,5,5,5,5,5,5,5,COMUNA 4,
1guZiH_PrAn9Om_IpVs4WNydUVL5F1Nznzed7yP4yu-Q,-Satisfacción del Curso virtual - Proceso de inducción y reinducción 2025 - (PIR_SSPM_2025),2025-11-29T02:53:37.611Z,,Masculino,Adultez (29 - 59 años),Bachiller,Área de la salud,5,5,5,5,5,5,5,5,5,5,5,5,5,COMUNA 14,
1guZiH_PrAn9Om_IpVs4WNydUVL5F1Nznzed7yP4yu-Q,-Satisfacción del Curso virtual - Proceso de inducción y reinducción 2025 - (PIR_SSPM_2025),2025-11-28T21:39:02.302Z,,Masculino,Adultez (29 - 59 años),Pregrado,Otro,5,5,5,5,5,5,5,5,5,5,4,5,5,COMUNA 8,
1guZiH_PrAn9Om_IpVs4WNydUVL5F1Nznzed7yP4yu-Q,-Satisfacción del Curso virtual - Proceso de inducción y reinducción 2025 - (PIR_SSPM_2025),2025-11-28T00:48:28.537Z,,Masculino,Adultez (29 - 59 años),Bachiller,Área de la salud,1,1,1,1,1,1,1,1,1,1,1,1,1,COMUNA 7,
1guZiH_PrAn9Om_IpVs4WNydUVL5F1Nznzed7yP4yu-Q,-Satisfacción del Curso virtual - Proceso de inducción y reinducción 2025 - (PIR_SSPM_2025),2025-11-21T18:58:01.941Z,,Femenino,Adultez (29 - 59 años),Bachiller,Área de la salud,5,5,5,5,5,5,5,5,5,5,5,5,5,COMUNA 5,
1guZiH_PrAn9Om_IpVs4WNydUVL5F1Nznzed7yP4yu-Q,-Satisfacción del Curso virtual - Proceso de inducción y reinducción 2025 - (PIR_SSPM_2025),2025-11-23T21:19:34.771Z,,Femenino,Adultez (29 - 59 años),Pregrado,Área de la salud,5,5,5,5,5,5,5,5,5,5,5,5,5,COMUNA 6,
1guZiH_PrAn9Om_IpVs4WNydUVL5F1Nznzed7yP4yu-Q,-Satisfacción del Curso virtual - Proceso de inducción y reinducción 2025 - (PIR_SSPM_2025),2025-11-29T02:27:15.840Z,,Femenino,Adultez (29 - 59 años),Bachiller,Otro,5,5,5,5,5,5,5,5,5,5,5,5,5,COMUNA 13,
1guZiH_PrAn9Om_IpVs4WNydUVL5F1Nznzed7yP4yu-Q,-Satisfacción del Curso virtual - Proceso de inducción y reinducción 2025 - (PIR_SSPM_2025),2025-11-20T23:15:41.398Z,,Masculino,Vejez (60 años o más),Bachiller,Otro,5,5,5,5,5,5,5,5,5,5,5,5,5,COMUNA 17,
1guZiH_PrAn9Om_IpVs4WNydUVL5F1Nznzed7yP4yu-Q,-Satisfacción del Curso virtual - Proceso de inducción y reinducción 2025 - (PIR_SSPM_2025),2025-11-26T15:44:20.764Z,,Masculino,Adultez (29 - 59 años),Pregrado,Otro,4,4,4,4,4,4,4,4,4,4,4,4,4,COMUNA 17,
1guZiH_PrAn9Om_IpVs4WNydUVL5F1Nznzed7yP4yu-Q,-Satisfacción del Curso virtual - Proceso de inducción y reinducción 2025 - (PIR_SSPM_2025),2025-11-18T16:51:52.843Z,,Femenino,Juventud (18 - 28 años),Postgrado,Otro,5,5,5,5,5,5,5,5,5,5,5,5,5,COMUNA 6,
1guZiH_PrAn9Om_IpVs4WNydUVL5F1Nznzed7yP4yu-Q,-Satisfacción del Curso virtual - Proceso de inducción y reinducción 2025 - (PIR_SSPM_2025),2025-12-02T16:40:02.690Z,,Masculino,Vejez (60 años o más),Postgrado,Área de la salud,4,4,3,4,4,4,4,4,2,2,4,4,3,COMUNA 4,
1guZiH_PrAn9Om_IpVs4WNydUVL5F1Nznzed7yP4yu-Q,-Satisfacción del Curso virtual - Proceso de inducción y reinducción 2025 - (PIR_SSPM_2025),2025-12-03T21:34:58.362Z,,Femenino,Adultez (29 - 59 años),Postgrado,Área de la salud,4,4,4,4,4,4,4,4,3,3,5,4,4,COMUNA 20,
1guZiH_PrAn9Om_IpVs4WNydUVL5F1Nznzed7yP4yu-Q,-Satisfacción del Curso virtual - Proceso de inducción y reinducción 2025 - (PIR_SSPM_2025),2025-11-23T23:51:17.721Z,,Femenino,Adultez (29 - 59 años),Postgrado,Área de la salud,5,5,5,5,5,5,5,5,5,5,5,5,5,COMUNA 17,
1guZiH_PrAn9Om_IpVs4WNydUVL5F1Nznzed7yP4yu-Q,-Satisfacción del Curso virtual - Proceso de inducción y reinducción 2025 - (PIR_SSPM_2025),2025-11-29T20:07:54.831Z,,Masculino,Adultez (29 - 59 años),Postgrado,Área de la salud,5,5,5,5,5,5,5,5,5,4,5,5,5,COMUNA 2,
1guZiH_PrAn9Om_IpVs4WNydUVL5F1Nznzed7yP4yu-Q,-Satisfacción del Curso virtual - Proceso de inducción y reinducción 2025 - (PIR_SSPM_2025),2025-11-24T23:32:37.703Z,,Masculino,Vejez (60 años o más),Bachiller,Otro,5,5,5,5,5,5,5,5,5,5,5,5,5,COMUNA 19,
1guZiH_PrAn9Om_IpVs4WNydUVL5F1Nznzed7yP4yu-Q,-Satisfacción del Curso virtual - Proceso de inducción y reinducción 2025 - (PIR_SSPM_2025),2025-11-24T02:28:53.988Z,,Femenino,Juventud (18 - 28 años),Pregrado,Área de la salud,5,5,5,5,5,5,5,5,5,5,5,5,5,COMUNA 10,
1guZiH_PrAn9Om_IpVs4WNydUVL5F1Nznzed7yP4yu-Q,-Satisfacción del Curso virtual - Proceso de inducción y reinducción 2025 - (PIR_SSPM_2025),2025-11-28T04:50:25.275Z,,Femenino,Juventud (18 - 28 años),Pregrado,Área de la salud,4,4,4,4,4,3,1,1,1,1,3,3,3,COMUNA 5,
1guZiH_PrAn9Om_IpVs4WNydUVL5F1Nznzed7yP4yu-Q,-Satisfacción del Curso virtual - Proceso de inducción y reinducción 2025 - (PIR_SSPM_2025),2025-11-21T00:10:34.282Z,,Femenino,Adultez (29 - 59 años),Bachiller,Área de la salud,5,5,5,5,5,5,5,5,5,5,5,5,5,COMUNA 18,
1guZiH_PrAn9Om_IpVs4WNydUVL5F1Nznzed7yP4yu-Q,-Satisfacción del Curso virtual - Proceso de inducción y reinducción 2025 - (PIR_SSPM_2025),2025-11-28T21:30:13.003Z,,Femenino,Adultez (29 - 59 años),Pregrado,Área de la salud,4,4,4,4,4,5,5,4,4,4,4,4,4,COMUNA 19,
1guZiH_PrAn9Om_IpVs4WNydUVL5F1Nznzed7yP4yu-Q,-Satisfacción del Curso virtual - Proceso de inducción y reinducción 2025 - (PIR_SSPM_2025),2025-12-01T16:05:30.624Z,,Femenino,Vejez (60 años o más),Postgrado,Área de la salud,5,4,4,4,5,5,4,4,4,1,4,4,4,COMUNA 16,
1guZiH_PrAn9Om_IpVs4WNydUVL5F1Nznzed7yP4yu-Q,-Satisfacción del Curso virtual - Proceso de inducción y reinducción 2025 - (PIR_SSPM_2025),2025-12-04T18:19:51.559Z,,Femenino,Juventud (18 - 28 años),Bachiller,Otro,5,5,5,5,5,5,5,5,5,5,5,5,5,COMUNA 6,
1guZiH_PrAn9Om_IpVs4WNydUVL5F1Nznzed7yP4yu-Q,-Satisfacción del Curso virtual - Proceso de inducción y reinducción 2025 - (PIR_SSPM_2025),2025-11-21T20:52:58.702Z,,Femenino,Juventud (18 - 28 años),Pregrado,Área de la salud,5,5,5,5,5,5,5,5,5,5,5,5,5,COMUNA 10,
1guZiH_PrAn9Om_IpVs4WNydUVL5F1Nznzed7yP4yu-Q,-Satisfacción del Curso virtual - Proceso de inducción y reinducción 2025 - (PIR_SSPM_2025),2025-11-26T04:16:13.702Z,,Masculino,Adultez (29 - 59 años),Ninguna,Área de la salud,5,5,5,5,5,5,5,5,5,5,5,5,5,COMUNA 19,
1guZiH_PrAn9Om_IpVs4WNydUVL5F1Nznzed7yP4yu-Q,-Satisfacción del Curso virtual - Proceso de inducción y reinducción 2025 - (PIR_SSPM_2025),2026-02-16T15:58:12.938Z,,Masculino,Juventud (18 - 28 años),Pregrado,Otro,5,5,5,5,5,5,5,5,5,5,5,5,5,COMUNA 3,
1guZiH_PrAn9Om_IpVs4WNydUVL5F1Nznzed7yP4yu-Q,-Satisfacción del Curso virtual - Proceso de inducción y reinducción 2025 - (PIR_SSPM_2025),2025-11-20T16:03:24.709Z,,Femenino,Adultez (29 - 59 años),Postgrado,Área de la salud,5,5,5,5,5,5,5,5,5,5,5,5,5,COMUNA 17,
1guZiH_PrAn9Om_IpVs4WNydUVL5F1Nznzed7yP4yu-Q,-Satisfacción del Curso virtual - Proceso de inducción y reinducción 2025 - (PIR_SSPM_2025),2025-12-02T04:13:51.589Z,,Femenino,Adultez (29 - 59 años),Pregrado,Área de la salud,5,5,5,4,5,5,5,5,5,5,5,4,5,COMUNA 22,
1guZiH_PrAn9Om_IpVs4WNydUVL5F1Nznzed7yP4yu-Q,-Satisfacción del Curso virtual - Proceso de inducción y reinducción 2025 - (PIR_SSPM_2025),2026-02-11T19:55:54.514Z,,Masculino,Adultez (29 - 59 años),Postgrado,Otro,5,5,5,5,5,5,5,5,5,5,5,5,5,COMUNA 18,
1guZiH_PrAn9Om_IpVs4WNydUVL5F1Nznzed7yP4yu-Q,-Satisfacción del Curso virtual - Proceso de inducción y reinducción 2025 - (PIR_SSPM_2025),2025-11-19T20:48:19.902Z,,Femenino,Adultez (29 - 59 años),Postgrado,Área de la salud,4,4,4,4,4,4,4,4,4,4,4,4,4,COMUNA 8,
1guZiH_PrAn9Om_IpVs4WNydUVL5F1Nznzed7yP4yu-Q,-Satisfacción del Curso virtual - Proceso de inducción y reinducción 2025 - (PIR_SSPM_2025),2025-11-19T00:36:56.739Z,,Femenino,Juventud (18 - 28 años),Pregrado,Área de la salud,5,5,5,5,5,5,5,5,5,5,5,5,5,COMUNA 17,
1guZiH_PrAn9Om_IpVs4WNydUVL5F1Nznzed7yP4yu-Q,-Satisfacción del Curso virtual - Proceso de inducción y reinducción 2025 - (PIR_SSPM_2025),2025-11-23T23:23:17.180Z,,Femenino,Vejez (60 años o más),Pregrado,Área de la salud,5,5,5,4,5,4,4,5,3,3,5,4,4,COMUNA 10,
1guZiH_PrAn9Om_IpVs4WNydUVL5F1Nznzed7yP4yu-Q,-Satisfacción del Curso virtual - Proceso de inducción y reinducción 2025 - (PIR_SSPM_2025),2025-11-26T19:03:43.969Z,,Masculino,Vejez (60 años o más),Postgrado,Área de la salud,5,5,4,4,5,5,5,5,3,4,5,5,4,COMUNA 18,
1guZiH_PrAn9Om_IpVs4WNydUVL5F1Nznzed7yP4yu-Q,-Satisfacción del Curso virtual - Proceso de inducción y reinducción 2025 - (PIR_SSPM_2025),2025-12-01T20:14:11.627Z,,Masculino,Adultez (29 - 59 años),Pregrado,Otro,5,5,5,5,5,5,5,5,5,5,5,5,5,COMUNA 10,
1guZiH_PrAn9Om_IpVs4WNydUVL5F1Nznzed7yP4yu-Q,-Satisfacción del Curso virtual - Proceso de inducción y reinducción 2025 - (PIR_SSPM_2025),2025-11-29T01:18:12.462Z,,Femenino,Juventud (18 - 28 años),Postgrado,Área de la salud,4,4,4,4,4,4,4,4,4,4,4,4,4,COMUNA 5,
1guZiH_PrAn9Om_IpVs4WNydUVL5F1Nznzed7yP4yu-Q,-Satisfacción del Curso virtual - Proceso de inducción y reinducción 2025 - (PIR_SSPM_2025),2025-12-06T02:33:18.128Z,,Femenino,Adultez (29 - 59 años),Bachiller,Otro,5,5,5,5,5,5,5,5,5,5,5,5,5,COMUNA 15,
1guZiH_PrAn9Om_IpVs4WNydUVL5F1Nznzed7yP4yu-Q,-Satisfacción del Curso virtual - Proceso de inducción y reinducción 2025 - (PIR_SSPM_2025),2025-11-27T18:39:30.569Z,,Femenino,Adultez (29 - 59 años),Pregrado,Otro,5,5,5,5,5,5,5,5,5,5,5,5,5,COMUNA 19,
1guZiH_PrAn9Om_IpVs4WNydUVL5F1Nznzed7yP4yu-Q,-Satisfacción del Curso virtual - Proceso de inducción y reinducción 2025 - (PIR_SSPM_2025),2025-11-28T23:14:40.948Z,,Femenino,Adultez (29 - 59 años),Pregrado,Área de la salud,4,4,4,4,4,4,4,4,4,4,4,4,4,COMUNA 2,
1guZiH_PrAn9Om_IpVs4WNydUVL5F1Nznzed7yP4yu-Q,-Satisfacción del Curso virtual - Proceso de inducción y reinducción 2025 - (PIR_SSPM_2025),2025-11-19T16:58:39.803Z,,Masculino,Adultez (29 - 59 años),Postgrado,Área de la salud,3,3,3,3,3,3,3,3,3,3,3,3,3,COMUNA 18,
1guZiH_PrAn9Om_IpVs4WNydUVL5F1Nznzed7yP4yu-Q,-Satisfacción del Curso virtual - Proceso de inducción y reinducción 2025 - (PIR_SSPM_2025),2026-03-06T15:36:17.089Z,,Masculino,Juventud (18 - 28 años),Pregrado,Área de la salud,5,5,5,5,5,5,5,5,5,5,5,5,5,COMUNA 22,
1guZiH_PrAn9Om_IpVs4WNydUVL5F1Nznzed7yP4yu-Q,-Satisfacción del Curso virtual - Proceso de inducción y reinducción 2025 - (PIR_SSPM_2025),2025-11-18T16:52:07.583Z,,Masculino,Juventud (18 - 28 años),Pregrado,Estudiante,4,4,4,4,4,4,4,4,4,4,4,4,4,COMUNA 2,
1guZiH_PrAn9Om_IpVs4WNydUVL5F1Nznzed7yP4yu-Q,-Satisfacción del Curso virtual - Proceso de inducción y reinducción 2025 - (PIR_SSPM_2025),2025-11-18T19:07:16.105Z,,Femenino,Adultez (29 - 59 años),Postgrado,Área de la salud,5,5,5,5,5,5,5,5,5,5,5,5,5,COMUNA 2,
1guZiH_PrAn9Om_IpVs4WNydUVL5F1Nznzed7yP4yu-Q,-Satisfacción del Curso virtual - Proceso de inducción y reinducción 2025 - (PIR_SSPM_2025),2025-12-04T21:49:38.120Z,,Femenino,Juventud (18 - 28 años),Pregrado,Área de la salud,4,4,4,4,4,4,4,4,4,4,4,4,4,COMUNA 2,
1guZiH_PrAn9Om_IpVs4WNydUVL5F1Nznzed7yP4yu-Q,-Satisfacción del Curso virtual - Proceso de inducción y reinducción 2025 - (PIR_SSPM_2025),2026-05-14T13:59:23.899Z,,Femenino,Adultez (29 - 59 años),Postgrado,Otro,5,5,5,5,5,5,4,4,5,1,5,5,4,COMUNA 8,
1guZiH_PrAn9Om_IpVs4WNydUVL5F1Nznzed7yP4yu-Q,-Satisfacción del Curso virtual - Proceso de inducción y reinducción 2025 - (PIR_SSPM_2025),2025-12-02T17:27:55.031Z,,Femenino,Juventud (18 - 28 años),Postgrado,Otro,5,5,5,5,5,5,5,5,5,5,5,5,5,COMUNA 18,
1guZiH_PrAn9Om_IpVs4WNydUVL5F1Nznzed7yP4yu-Q,-Satisfacción del Curso virtual - Proceso de inducción y reinducción 2025 - (PIR_SSPM_2025),2025-11-26T19:32:04.051Z,,Femenino,Adultez (29 - 59 años),Pregrado,Área de la salud,5,5,5,5,5,5,5,5,5,5,5,5,5,COMUNA 1,
1guZiH_PrAn9Om_IpVs4WNydUVL5F1Nznzed7yP4yu-Q,-Satisfacción del Curso virtual - Proceso de inducción y reinducción 2025 - (PIR_SSPM_2025),2025-11-27T19:47:09.235Z,,Masculino,Adultez (29 - 59 años),Postgrado,Área de la salud,3,4,4,4,4,4,4,4,4,4,4,4,4,COMUNA 4,
1guZiH_PrAn9Om_IpVs4WNydUVL5F1Nznzed7yP4yu-Q,-Satisfacción del Curso virtual - Proceso de inducción y reinducción 2025 - (PIR_SSPM_2025),2025-11-30T01:28:34.291Z,,Masculino,Adultez (29 - 59 años),Postgrado,Otro,5,5,5,4,5,5,4,5,1,1,4,5,4,COMUNA 17,
1guZiH_PrAn9Om_IpVs4WNydUVL5F1Nznzed7yP4yu-Q,-Satisfacción del Curso virtual - Proceso de inducción y reinducción 2025 - (PIR_SSPM_2025),2026-03-12T21:38:55.428Z,,Femenino,Adultez (29 - 59 años),Pregrado,Área de la salud,4,4,4,4,5,4,4,5,4,4,4,4,4,COMUNA 15,
1guZiH_PrAn9Om_IpVs4WNydUVL5F1Nznzed7yP4yu-Q,-Satisfacción del Curso virtual - Proceso de inducción y reinducción 2025 - (PIR_SSPM_2025),2025-11-19T02:25:59.408Z,,Femenino,Adultez (29 - 59 años),Postgrado,Área de la salud,5,5,5,5,5,5,5,5,5,5,5,5,5,COMUNA 17,
1guZiH_PrAn9Om_IpVs4WNydUVL5F1Nznzed7yP4yu-Q,-Satisfacción del Curso virtual - Proceso de inducción y reinducción 2025 - (PIR_SSPM_2025),2026-03-10T03:35:48.428Z,,Masculino,Adultez (29 - 59 años),Pregrado,Otro,5,5,5,5,5,5,5,5,5,5,5,5,5,COMUNA 2,
1guZiH_PrAn9Om_IpVs4WNydUVL5F1Nznzed7yP4yu-Q,-Satisfacción del Curso virtual - Proceso de inducción y reinducción 2025 - (PIR_SSPM_2025),2025-12-02T03:37:12.595Z,,Masculino,Adultez (29 - 59 años),Pregrado,Área de la salud,5,5,5,5,5,5,5,5,5,5,5,5,5,COMUNA 16,
1guZiH_PrAn9Om_IpVs4WNydUVL5F1Nznzed7yP4yu-Q,-Satisfacción del Curso virtual - Proceso de inducción y reinducción 2025 - (PIR_SSPM_2025),2025-11-19T18:12:42.268Z,,Femenino,Adultez (29 - 59 años),Pregrado,Área de la salud,5,5,5,5,5,5,5,5,5,5,5,5,5,COMUNA 14,
1guZiH_PrAn9Om_IpVs4WNydUVL5F1Nznzed7yP4yu-Q,-Satisfacción del Curso virtual - Proceso de inducción y reinducción 2025 - (PIR_SSPM_2025),2025-11-23T15:32:08.653Z,,Femenino,Adultez (29 - 59 años),Postgrado,Área de la salud,5,5,5,5,5,5,5,5,5,5,5,5,5,COMUNA 16,
1guZiH_PrAn9Om_IpVs4WNydUVL5F1Nznzed7yP4yu-Q,-Satisfacción del Curso virtual - Proceso de inducción y reinducción 2025 - (PIR_SSPM_2025),2025-11-29T18:47:19.121Z,,Masculino,Juventud (18 - 28 años),Pregrado,Otro,5,5,5,5,5,5,5,5,5,5,5,5,5,COMUNA 4,
1guZiH_PrAn9Om_IpVs4WNydUVL5F1Nznzed7yP4yu-Q,-Satisfacción del Curso virtual - Proceso de inducción y reinducción 2025 - (PIR_SSPM_2025),2025-12-04T15:57:26.009Z,,Femenino,Juventud (18 - 28 años),Postgrado,Área de la salud,5,5,5,5,5,5,5,5,5,5,5,5,5,C. DE FELIDIA,
1guZiH_PrAn9Om_IpVs4WNydUVL5F1Nznzed7yP4yu-Q,-Satisfacción del Curso virtual - Proceso de inducción y reinducción 2025 - (PIR_SSPM_2025),2025-11-18T21:19:19.322Z,,Masculino,Adultez (29 - 59 años),Pregrado,Otro,4,4,4,5,4,3,4,3,4,4,3,4,4,COMUNA 8,
1guZiH_PrAn9Om_IpVs4WNydUVL5F1Nznzed7yP4yu-Q,-Satisfacción del Curso virtual - Proceso de inducción y reinducción 2025 - (PIR_SSPM_2025),2025-11-27T19:27:20.284Z,,Femenino,Adultez (29 - 59 años),Postgrado,Otro,5,5,5,5,5,5,5,5,5,5,5,5,5,COMUNA 22,
1guZiH_PrAn9Om_IpVs4WNydUVL5F1Nznzed7yP4yu-Q,-Satisfacción del Curso virtual - Proceso de inducción y reinducción 2025 - (PIR_SSPM_2025),2025-11-29T21:02:56.186Z,,Femenino,Juventud (18 - 28 años),Pregrado,Otro,5,5,5,4,5,5,4,5,4,4,4,4,4,COMUNA 9,
1guZiH_PrAn9Om_IpVs4WNydUVL5F1Nznzed7yP4yu-Q,-Satisfacción del Curso virtual - Proceso de inducción y reinducción 2025 - (PIR_SSPM_2025),2025-12-05T16:35:18.160Z,,Masculino,Vejez (60 años o más),Pregrado,Área de la salud,5,5,4,5,4,5,5,5,4,5,4,5,4,COMUNA 2,
1guZiH_PrAn9Om_IpVs4WNydUVL5F1Nznzed7yP4yu-Q,-Satisfacción del Curso virtual - Proceso de inducción y reinducción 2025 - (PIR_SSPM_2025),2025-11-27T16:30:34.015Z,,Femenino,Adultez (29 - 59 años),Pregrado,Área de la salud,5,5,5,5,5,5,5,5,5,5,5,5,5,COMUNA 19,
1guZiH_PrAn9Om_IpVs4WNydUVL5F1Nznzed7yP4yu-Q,-Satisfacción del Curso virtual - Proceso de inducción y reinducción 2025 - (PIR_SSPM_2025),2025-11-28T15:47:06.167Z,,Masculino,Vejez (60 años o más),Bachiller,Otro,4,4,4,4,4,4,4,4,4,4,4,4,4,COMUNA 17,
1guZiH_PrAn9Om_IpVs4WNydUVL5F1Nznzed7yP4yu-Q,-Satisfacción del Curso virtual - Proceso de inducción y reinducción 2025 - (PIR_SSPM_2025),2025-11-30T01:08:20.302Z,,Femenino,Adultez (29 - 59 años),Bachiller,Área de la salud,5,5,5,5,5,5,5,5,5,5,5,5,5,COMUNA 14,
1guZiH_PrAn9Om_IpVs4WNydUVL5F1Nznzed7yP4yu-Q,-Satisfacción del Curso virtual - Proceso de inducción y reinducción 2025 - (PIR_SSPM_2025),2025-11-19T16:36:22.861Z,,Femenino,Adultez (29 - 59 años),Bachiller,Área de la salud,5,5,5,5,5,5,5,5,5,5,5,5,5,COMUNA 18,
1guZiH_PrAn9Om_IpVs4WNydUVL5F1Nznzed7yP4yu-Q,-Satisfacción del Curso virtual - Proceso de inducción y reinducción 2025 - (PIR_SSPM_2025),2025-12-01T22:07:06.099Z,,Masculino,Adultez (29 - 59 años),Postgrado,Otro,5,4,4,3,4,4,4,5,4,3,4,5,4,COMUNA 10,
1guZiH_PrAn9Om_IpVs4WNydUVL5F1Nznzed7yP4yu-Q,-Satisfacción del Curso virtual - Proceso de inducción y reinducción 2025 - (PIR_SSPM_2025),2025-12-14T22:24:24.192Z,,Femenino,Vejez (60 años o más),Postgrado,Área de la salud,5,5,5,5,5,5,5,5,5,5,5,5,5,COMUNA 6,
1guZiH_PrAn9Om_IpVs4WNydUVL5F1Nznzed7yP4yu-Q,-Satisfacción del Curso virtual - Proceso de inducción y reinducción 2025 - (PIR_SSPM_2025),2025-11-26T17:13:16.225Z,,Masculino,Adultez (29 - 59 años),Postgrado,Otro,5,4,4,4,5,4,4,4,4,5,5,5,4,COMUNA 10,
1guZiH_PrAn9Om_IpVs4WNydUVL5F1Nznzed7yP4yu-Q,-Satisfacción del Curso virtual - Proceso de inducción y reinducción 2025 - (PIR_SSPM_2025),2025-12-01T02:30:20.314Z,,Masculino,Vejez (60 años o más),Pregrado,Área de la salud,4,4,4,3,4,4,3,3,1,1,1,3,4,COMUNA 19,
1guZiH_PrAn9Om_IpVs4WNydUVL5F1Nznzed7yP4yu-Q,-Satisfacción del Curso virtual - Proceso de inducción y reinducción 2025 - (PIR_SSPM_2025),2025-12-05T17:23:50.991Z,,Femenino,Adultez (29 - 59 años),Pregrado,Área de la salud,1,1,1,1,1,1,1,1,1,1,1,1,1,COMUNA 11,
1guZiH_PrAn9Om_IpVs4WNydUVL5F1Nznzed7yP4yu-Q,-Satisfacción del Curso virtual - Proceso de inducción y reinducción 2025 - (PIR_SSPM_2025),2025-11-20T21:46:37.932Z,,Masculino,Adultez (29 - 59 años),Pregrado,Área de la salud,5,5,5,5,5,5,5,5,5,5,5,5,5,COMUNA 8,
1guZiH_PrAn9Om_IpVs4WNydUVL5F1Nznzed7yP4yu-Q,-Satisfacción del Curso virtual - Proceso de inducción y reinducción 2025 - (PIR_SSPM_2025),2025-11-18T21:32:14.026Z,,Femenino,Vejez (60 años o más),Postgrado,Otro,5,5,5,5,5,5,5,5,5,5,5,5,5,COMUNA 8,
1guZiH_PrAn9Om_IpVs4WNydUVL5F1Nznzed7yP4yu-Q,-Satisfacción del Curso virtual - Proceso de inducción y reinducción 2025 - (PIR_SSPM_2025),2025-12-15T17:26:48.352Z,,Femenino,Adultez (29 - 59 años),Pregrado,Área de la salud,4,4,4,4,4,4,3,4,4,4,4,4,4,COMUNA 5,
1guZiH_PrAn9Om_IpVs4WNydUVL5F1Nznzed7yP4yu-Q,-Satisfacción del Curso virtual - Proceso de inducción y reinducción 2025 - (PIR_SSPM_2025),2025-11-26T20:18:43.093Z,,Femenino,Adultez (29 - 59 años),Postgrado,Otro,4,4,5,4,4,4,4,4,4,4,4,4,4,COMUNA 10,
1guZiH_PrAn9Om_IpVs4WNydUVL5F1Nznzed7yP4yu-Q,-Satisfacción del Curso virtual - Proceso de inducción y reinducción 2025 - (PIR_SSPM_2025),2026-03-06T20:33:36.702Z,,Femenino,Adultez (29 - 59 años),Pregrado,Área de la salud,3,3,3,3,3,3,2,3,3,3,3,2,2,COMUNA 19,
1guZiH_PrAn9Om_IpVs4WNydUVL5F1Nznzed7yP4yu-Q,-Satisfacción del Curso virtual - Proceso de inducción y reinducción 2025 - (PIR_SSPM_2025),2025-11-20T23:00:25.624Z,,Femenino,Adultez (29 - 59 años),Pregrado,Área de la salud,5,5,5,4,5,5,5,5,5,5,5,5,5,COMUNA 5,
1guZiH_PrAn9Om_IpVs4WNydUVL5F1Nznzed7yP4yu-Q,-Satisfacción del Curso virtual - Proceso de inducción y reinducción 2025 - (PIR_SSPM_2025),2025-11-26T15:45:22.892Z,,Masculino,Adultez (29 - 59 años),Pregrado,Área de la salud,5,5,5,5,5,5,5,5,5,5,5,5,5,COMUNA 13,
1guZiH_PrAn9Om_IpVs4WNydUVL5F1Nznzed7yP4yu-Q,-Satisfacción del Curso virtual - Proceso de inducción y reinducción 2025 - (PIR_SSPM_2025),2025-11-27T16:09:32.670Z,,Masculino,Vejez (60 años o más),Pregrado,Área de la salud,5,5,5,5,5,5,5,5,5,5,5,5,5,COMUNA 9,
1guZiH_PrAn9Om_IpVs4WNydUVL5F1Nznzed7yP4yu-Q,-Satisfacción del Curso virtual - Proceso de inducción y reinducción 2025 - (PIR_SSPM_2025),2025-12-01T21:28:45.252Z,,Femenino,Adultez (29 - 59 años),Pregrado,Área de la salud,5,5,5,5,5,5,5,5,5,5,5,5,5,COMUNA 19,
1guZiH_PrAn9Om_IpVs4WNydUVL5F1Nznzed7yP4yu-Q,-Satisfacción del Curso virtual - Proceso de inducción y reinducción 2025 - (PIR_SSPM_2025),2025-12-05T16:54:01.066Z,,Masculino,Adultez (29 - 59 años),Postgrado,Área de la salud,5,5,5,5,5,5,5,5,5,5,5,5,5,COMUNA 17,
1guZiH_PrAn9Om_IpVs4WNydUVL5F1Nznzed7yP4yu-Q,-Satisfacción del Curso virtual - Proceso de inducción y reinducción 2025 - (PIR_SSPM_2025),2026-06-04T23:21:27.459Z,,Femenino,Adultez (29 - 59 años),Pregrado,Área de la salud,5,5,5,5,5,5,3,1,1,1,5,5,4,COMUNA 19,
1guZiH_PrAn9Om_IpVs4WNydUVL5F1Nznzed7yP4yu-Q,-Satisfacción del Curso virtual - Proceso de inducción y reinducción 2025 - (PIR_SSPM_2025),2025-11-24T21:42:33.392Z,,Masculino,Adultez (29 - 59 años),Postgrado,Área de la salud,4,3,4,3,4,4,4,4,2,4,2,4,3,COMUNA 5,
1guZiH_PrAn9Om_IpVs4WNydUVL5F1Nznzed7yP4yu-Q,-Satisfacción del Curso virtual - Proceso de inducción y reinducción 2025 - (PIR_SSPM_2025),2025-11-27T20:28:04.261Z,,Femenino,Adultez (29 - 59 años),Pregrado,Área de la salud,5,5,5,5,5,5,5,5,5,5,5,5,5,COMUNA 16,
1guZiH_PrAn9Om_IpVs4WNydUVL5F1Nznzed7yP4yu-Q,-Satisfacción del Curso virtual - Proceso de inducción y reinducción 2025 - (PIR_SSPM_2025),2025-11-19T22:14:11.788Z,,Femenino,Adultez (29 - 59 años),Postgrado,Otro,5,5,5,5,5,5,5,5,5,5,5,5,5,COMUNA 8,
1guZiH_PrAn9Om_IpVs4WNydUVL5F1Nznzed7yP4yu-Q,-Satisfacción del Curso virtual - Proceso de inducción y reinducción 2025 - (PIR_SSPM_2025),2025-11-29T12:22:34.330Z,,Femenino,Adultez (29 - 59 años),Pregrado,Otro,4,4,4,4,4,4,4,4,4,4,4,4,4,COMUNA 7,
1guZiH_PrAn9Om_IpVs4WNydUVL5F1Nznzed7yP4yu-Q,-Satisfacción del Curso virtual - Proceso de inducción y reinducción 2025 - (PIR_SSPM_2025),2025-12-03T20:17:22.724Z,,Femenino,Adultez (29 - 59 años),Pregrado,Área de la salud,4,4,4,4,4,4,4,4,4,4,4,4,4,COMUNA 7,
1guZiH_PrAn9Om_IpVs4WNydUVL5F1Nznzed7yP4yu-Q,-Satisfacción del Curso virtual - Proceso de inducción y reinducción 2025 - (PIR_SSPM_2025),2025-11-27T17:37:28.791Z,,Masculino,Adultez (29 - 59 años),Postgrado,Área de la salud,4,4,4,4,4,4,4,4,4,4,4,4,4,COMUNA 2,
1guZiH_PrAn9Om_IpVs4WNydUVL5F1Nznzed7yP4yu-Q,-Satisfacción del Curso virtual - Proceso de inducción y reinducción 2025 - (PIR_SSPM_2025),2025-12-04T02:13:15.865Z,,Femenino,Juventud (18 - 28 años),Pregrado,Área de la salud,5,5,5,5,5,5,5,5,5,5,5,5,5,COMUNA 2,
1guZiH_PrAn9Om_IpVs4WNydUVL5F1Nznzed7yP4yu-Q,-Satisfacción del Curso virtual - Proceso de inducción y reinducción 2025 - (PIR_SSPM_2025),2025-12-03T03:00:35.774Z,,Masculino,Adultez (29 - 59 años),Bachiller,Otro,5,5,5,5,5,5,5,5,3,3,5,5,5,C. DE EL SALADITO,
1guZiH_PrAn9Om_IpVs4WNydUVL5F1Nznzed7yP4yu-Q,-Satisfacción del Curso virtual - Proceso de inducción y reinducción 2025 - (PIR_SSPM_2025),2025-11-28T01:24:53.266Z,,Masculino,Adultez (29 - 59 años),Postgrado,Área de la salud,5,5,5,5,5,5,5,5,5,5,5,5,5,COMUNA 17,
1guZiH_PrAn9Om_IpVs4WNydUVL5F1Nznzed7yP4yu-Q,-Satisfacción del Curso virtual - Proceso de inducción y reinducción 2025 - (PIR_SSPM_2025),2025-11-25T04:32:15.433Z,,Femenino,Adultez (29 - 59 años),Pregrado,Área de la salud,4,4,4,3,4,5,3,4,3,4,4,4,3,COMUNA 2,
1guZiH_PrAn9Om_IpVs4WNydUVL5F1Nznzed7yP4yu-Q,-Satisfacción del Curso virtual - Proceso de inducción y reinducción 2025 - (PIR_SSPM_2025),2025-11-17T16:46:30.837Z,,Masculino,Adultez (29 - 59 años),Postgrado,Área de la salud,4,4,4,4,4,4,4,4,4,4,4,4,4,COMUNA 15,
1guZiH_PrAn9Om_IpVs4WNydUVL5F1Nznzed7yP4yu-Q,-Satisfacción del Curso virtual - Proceso de inducción y reinducción 2025 - (PIR_SSPM_2025),2025-11-28T21:16:37.225Z,,Femenino,Adultez (29 - 59 años),Postgrado,Área de la salud,5,5,5,5,5,5,5,5,5,5,5,5,5,COMUNA 17,
1guZiH_PrAn9Om_IpVs4WNydUVL5F1Nznzed7yP4yu-Q,-Satisfacción del Curso virtual - Proceso de inducción y reinducción 2025 - (PIR_SSPM_2025),2025-11-21T21:48:57.275Z,,Femenino,Adultez (29 - 59 años),Postgrado,Otro,5,5,5,5,5,5,5,5,5,5,5,5,5,COMUNA 17,
1guZiH_PrAn9Om_IpVs4WNydUVL5F1Nznzed7yP4yu-Q,-Satisfacción del Curso virtual - Proceso de inducción y reinducción 2025 - (PIR_SSPM_2025),2025-12-04T22:43:05.053Z,,Masculino,Adultez (29 - 59 años),Pregrado,Área de la salud,5,5,5,5,5,5,5,5,5,5,5,5,5,COMUNA 19,
1guZiH_PrAn9Om_IpVs4WNydUVL5F1Nznzed7yP4yu-Q,-Satisfacción del Curso virtual - Proceso de inducción y reinducción 2025 - (PIR_SSPM_2025),2025-11-20T21:23:35.923Z,,Femenino,Juventud (18 - 28 años),Bachiller,Área de la salud,5,5,5,5,5,4,3,2,3,3,5,5,3,COMUNA 21,
1guZiH_PrAn9Om_IpVs4WNydUVL5F1Nznzed7yP4yu-Q,-Satisfacción del Curso virtual - Proceso de inducción y reinducción 2025 - (PIR_SSPM_2025),2025-11-30T02:10:03.077Z,,Femenino,Adultez (29 - 59 años),Pregrado,Área de la salud,5,5,5,5,5,5,5,5,5,5,5,5,5,COMUNA 22,
1guZiH_PrAn9Om_IpVs4WNydUVL5F1Nznzed7yP4yu-Q,-Satisfacción del Curso virtual - Proceso de inducción y reinducción 2025 - (PIR_SSPM_2025),2026-02-12T00:40:54.875Z,,Masculino,Adultez (29 - 59 años),Pregrado,Otro,5,5,5,5,5,5,5,5,5,5,5,5,5,COMUNA 6,
1guZiH_PrAn9Om_IpVs4WNydUVL5F1Nznzed7yP4yu-Q,-Satisfacción del Curso virtual - Proceso de inducción y reinducción 2025 - (PIR_SSPM_2025),2025-11-21T03:34:20.142Z,,Femenino,Adultez (29 - 59 años),Bachiller,Otro,5,5,5,5,5,5,5,5,5,5,5,5,5,COMUNA 21,
1guZiH_PrAn9Om_IpVs4WNydUVL5F1Nznzed7yP4yu-Q,-Satisfacción del Curso virtual - Proceso de inducción y reinducción 2025 - (PIR_SSPM_2025),2025-11-27T19:06:37.118Z,,Masculino,Adultez (29 - 59 años),Postgrado,Área de la salud,5,5,5,5,5,5,5,5,5,5,5,5,5,COMUNA 19,
1guZiH_PrAn9Om_IpVs4WNydUVL5F1Nznzed7yP4yu-Q,-Satisfacción del Curso virtual - Proceso de inducción y reinducción 2025 - (PIR_SSPM_2025),2025-11-14T21:32:15.970Z,,Femenino,Adultez (29 - 59 años),Postgrado,Área de la salud,5,5,5,5,5,5,5,5,5,5,5,5,5,COMUNA 19,
1guZiH_PrAn9Om_IpVs4WNydUVL5F1Nznzed7yP4yu-Q,-Satisfacción del Curso virtual - Proceso de inducción y reinducción 2025 - (PIR_SSPM_2025),2026-04-14T17:14:53.484Z,,Masculino,Adultez (29 - 59 años),Postgrado,Otro,5,4,4,4,5,4,4,4,1,1,5,4,4,COMUNA 2,
1guZiH_PrAn9Om_IpVs4WNydUVL5F1Nznzed7yP4yu-Q,-Satisfacción del Curso virtual - Proceso de inducción y reinducción 2025 - (PIR_SSPM_2025),2025-11-21T16:31:00.877Z,,Masculino,Juventud (18 - 28 años),Pregrado,Área de la salud,4,4,4,4,4,2,4,4,4,4,4,4,4,COMUNA 6,
1guZiH_PrAn9Om_IpVs4WNydUVL5F1Nznzed7yP4yu-Q,-Satisfacción del Curso virtual - Proceso de inducción y reinducción 2025 - (PIR_SSPM_2025),2025-11-21T15:50:46.405Z,,Masculino,Adultez (29 - 59 años),Postgrado,Otro,5,5,5,5,5,5,5,5,5,5,5,5,5,COMUNA 16,
1guZiH_PrAn9Om_IpVs4WNydUVL5F1Nznzed7yP4yu-Q,-Satisfacción del Curso virtual - Proceso de inducción y reinducción 2025 - (PIR_SSPM_2025),2025-11-28T03:53:14.246Z,,Femenino,Adultez (29 - 59 años),Bachiller,Área de la salud,4,4,4,4,4,5,4,4,4,4,3,5,4,COMUNA 12,
1guZiH_PrAn9Om_IpVs4WNydUVL5F1Nznzed7yP4yu-Q,-Satisfacción del Curso virtual - Proceso de inducción y reinducción 2025 - (PIR_SSPM_2025),2026-03-07T00:33:36.462Z,,Femenino,Juventud (18 - 28 años),Pregrado,Otro,5,5,5,5,5,5,5,5,5,5,5,5,5,COMUNA 22,
1guZiH_PrAn9Om_IpVs4WNydUVL5F1Nznzed7yP4yu-Q,-Satisfacción del Curso virtual - Proceso de inducción y reinducción 2025 - (PIR_SSPM_2025),2025-11-20T19:57:40.871Z,,Femenino,Adultez (29 - 59 años),Postgrado,Área de la salud,5,5,5,5,5,5,5,5,5,5,5,5,5,COMUNA 19,
1guZiH_PrAn9Om_IpVs4WNydUVL5F1Nznzed7yP4yu-Q,-Satisfacción del Curso virtual - Proceso de inducción y reinducción 2025 - (PIR_SSPM_2025),2025-11-20T15:31:37.534Z,,Femenino,Adultez (29 - 59 años),Pregrado,Área de la salud,4,4,4,4,4,4,4,4,4,4,4,4,4,COMUNA 8,
1guZiH_PrAn9Om_IpVs4WNydUVL5F1Nznzed7yP4yu-Q,-Satisfacción del Curso virtual - Proceso de inducción y reinducción 2025 - (PIR_SSPM_2025),2026-03-06T17:43:32.537Z,,Masculino,Adultez (29 - 59 años),Postgrado,Otro,5,5,5,5,5,5,5,5,5,5,5,5,5,COMUNA 22,
1guZiH_PrAn9Om_IpVs4WNydUVL5F1Nznzed7yP4yu-Q,-Satisfacción del Curso virtual - Proceso de inducción y reinducción 2025 - (PIR_SSPM_2025),2025-11-20T17:27:13.055Z,,Masculino,Adultez (29 - 59 años),Postgrado,Área de la salud,5,5,5,5,5,5,5,5,5,5,5,5,5,COMUNA 9,
1guZiH_PrAn9Om_IpVs4WNydUVL5F1Nznzed7yP4yu-Q,-Satisfacción del Curso virtual - Proceso de inducción y reinducción 2025 - (PIR_SSPM_2025),2025-12-05T01:29:34.441Z,,Masculino,Adultez (29 - 59 años),Pregrado,Área de la salud,5,4,4,4,4,4,4,3,1,1,2,4,4,COMUNA 19,
1guZiH_PrAn9Om_IpVs4WNydUVL5F1Nznzed7yP4yu-Q,-Satisfacción del Curso virtual - Proceso de inducción y reinducción 2025 - (PIR_SSPM_2025),2025-12-03T07:13:23.156Z,,Masculino,Adultez (29 - 59 años),Pregrado,Área de la salud,1,1,1,1,1,1,1,1,1,1,1,1,1,COMUNA 17,
1guZiH_PrAn9Om_IpVs4WNydUVL5F1Nznzed7yP4yu-Q,-Satisfacción del Curso virtual - Proceso de inducción y reinducción 2025 - (PIR_SSPM_2025),2026-03-06T10:00:45.940Z,,Femenino,Juventud (18 - 28 años),Pregrado,Área de la salud,5,5,5,5,5,5,5,5,5,5,5,5,5,COMUNA 20,
1guZiH_PrAn9Om_IpVs4WNydUVL5F1Nznzed7yP4yu-Q,-Satisfacción del Curso virtual - Proceso de inducción y reinducción 2025 - (PIR_SSPM_2025),2025-11-27T17:12:10.808Z,,Masculino,Adultez (29 - 59 años),Postgrado,Área de la salud,1,1,3,1,1,1,1,1,1,1,1,1,1,COMUNA 10,
1guZiH_PrAn9Om_IpVs4WNydUVL5F1Nznzed7yP4yu-Q,-Satisfacción del Curso virtual - Proceso de inducción y reinducción 2025 - (PIR_SSPM_2025),2025-11-18T23:07:27.388Z,,Femenino,Juventud (18 - 28 años),Pregrado,Área de la salud,5,5,5,5,5,5,5,5,5,5,5,5,5,COMUNA 21,
1guZiH_PrAn9Om_IpVs4WNydUVL5F1Nznzed7yP4yu-Q,-Satisfacción del Curso virtual - Proceso de inducción y reinducción 2025 - (PIR_SSPM_2025),2025-11-24T18:50:44.595Z,,Femenino,Adultez (29 - 59 años),Pregrado,Área de la salud,5,5,5,5,5,5,5,5,5,5,5,5,5,COMUNA 17,
1guZiH_PrAn9Om_IpVs4WNydUVL5F1Nznzed7yP4yu-Q,-Satisfacción del Curso virtual - Proceso de inducción y reinducción 2025 - (PIR_SSPM_2025),2025-11-26T16:55:40.836Z,,Masculino,Adultez (29 - 59 años),Pregrado,Área de la salud,5,5,5,5,5,5,5,5,5,5,5,5,5,COMUNA 10,
1guZiH_PrAn9Om_IpVs4WNydUVL5F1Nznzed7yP4yu-Q,-Satisfacción del Curso virtual - Proceso de inducción y reinducción 2025 - (PIR_SSPM_2025),2025-11-27T14:09:36.915Z,,Femenino,Adultez (29 - 59 años),Pregrado,Área de la salud,5,5,5,5,5,5,5,5,5,5,5,5,5,COMUNA 16,
1guZiH_PrAn9Om_IpVs4WNydUVL5F1Nznzed7yP4yu-Q,-Satisfacción del Curso virtual - Proceso de inducción y reinducción 2025 - (PIR_SSPM_2025),2025-12-01T03:47:58.945Z,,Masculino,Adultez (29 - 59 años),Pregrado,Área de la salud,1,1,3,1,1,3,1,3,3,1,3,3,1,COMUNA 5,
1guZiH_PrAn9Om_IpVs4WNydUVL5F1Nznzed7yP4yu-Q,-Satisfacción del Curso virtual - Proceso de inducción y reinducción 2025 - (PIR_SSPM_2025),2025-12-05T21:48:02.087Z,,Femenino,Juventud (18 - 28 años),Pregrado,Otro,4,4,4,4,4,4,4,4,4,4,4,4,4,COMUNA 5,
1guZiH_PrAn9Om_IpVs4WNydUVL5F1Nznzed7yP4yu-Q,-Satisfacción del Curso virtual - Proceso de inducción y reinducción 2025 - (PIR_SSPM_2025),2025-12-06T00:44:34.268Z,,Femenino,Adultez (29 - 59 años),Postgrado,Área de la salud,5,5,5,5,5,5,5,5,5,5,5,5,5,COMUNA 1,
1guZiH_PrAn9Om_IpVs4WNydUVL5F1Nznzed7yP4yu-Q,-Satisfacción del Curso virtual - Proceso de inducción y reinducción 2025 - (PIR_SSPM_2025),2025-11-27T21:12:50.834Z,,Femenino,Adultez (29 - 59 años),Pregrado,Área de la salud,5,5,5,5,5,5,5,5,5,5,4,4,5,COMUNA 1,
1guZiH_PrAn9Om_IpVs4WNydUVL5F1Nznzed7yP4yu-Q,-Satisfacción del Curso virtual - Proceso de inducción y reinducción 2025 - (PIR_SSPM_2025),2025-11-25T03:46:14.942Z,,Masculino,Adultez (29 - 59 años),Pregrado,Área de la salud,5,5,5,5,5,5,5,5,5,5,5,5,5,COMUNA 2,
1guZiH_PrAn9Om_IpVs4WNydUVL5F1Nznzed7yP4yu-Q,-Satisfacción del Curso virtual - Proceso de inducción y reinducción 2025 - (PIR_SSPM_2025),2025-12-03T05:22:17.464Z,,Femenino,Adultez (29 - 59 años),Pregrado,Área de la salud,5,5,5,5,5,5,5,5,5,5,5,5,5,COMUNA 10,
1guZiH_PrAn9Om_IpVs4WNydUVL5F1Nznzed7yP4yu-Q,-Satisfacción del Curso virtual - Proceso de inducción y reinducción 2025 - (PIR_SSPM_2025),2026-03-07T03:07:07.236Z,,Masculino,Adultez (29 - 59 años),Postgrado,Otro,5,5,5,5,5,5,5,5,5,5,5,5,5,COMUNA 17,
1guZiH_PrAn9Om_IpVs4WNydUVL5F1Nznzed7yP4yu-Q,-Satisfacción del Curso virtual - Proceso de inducción y reinducción 2025 - (PIR_SSPM_2025),2025-12-03T20:01:23.958Z,,Femenino,Juventud (18 - 28 años),Pregrado,Estudiante,5,5,5,5,5,5,5,5,4,4,5,5,4,COMUNA 19,
1guZiH_PrAn9Om_IpVs4WNydUVL5F1Nznzed7yP4yu-Q,-Satisfacción del Curso virtual - Proceso de inducción y reinducción 2025 - (PIR_SSPM_2025),2025-11-28T21:37:29.197Z,,Masculino,Vejez (60 años o más),Postgrado,Área de la salud,4,4,4,4,4,4,4,4,4,4,4,4,4,COMUNA 19,
1guZiH_PrAn9Om_IpVs4WNydUVL5F1Nznzed7yP4yu-Q,-Satisfacción del Curso virtual - Proceso de inducción y reinducción 2025 - (PIR_SSPM_2025),2025-11-28T06:15:34.814Z,,Femenino,Adultez (29 - 59 años),Postgrado,Área de la salud,5,5,5,5,5,5,5,5,4,4,5,5,5,COMUNA 8,
1guZiH_PrAn9Om_IpVs4WNydUVL5F1Nznzed7yP4yu-Q,-Satisfacción del Curso virtual - Proceso de inducción y reinducción 2025 - (PIR_SSPM_2025),2025-11-20T20:34:58.345Z,,Femenino,Adultez (29 - 59 años),Bachiller,Área de la salud,5,5,5,5,5,5,5,5,5,5,5,5,5,COMUNA 5,
1guZiH_PrAn9Om_IpVs4WNydUVL5F1Nznzed7yP4yu-Q,-Satisfacción del Curso virtual - Proceso de inducción y reinducción 2025 - (PIR_SSPM_2025),2025-11-18T19:38:58.411Z,,Femenino,Adultez (29 - 59 años),Postgrado,Otro,4,4,4,4,4,4,4,4,4,4,4,4,4,COMUNA 15,
1guZiH_PrAn9Om_IpVs4WNydUVL5F1Nznzed7yP4yu-Q,-Satisfacción del Curso virtual - Proceso de inducción y reinducción 2025 - (PIR_SSPM_2025),2025-12-11T23:11:51.531Z,,Femenino,Adultez (29 - 59 años),Postgrado,Área de la salud,5,5,5,5,4,4,4,4,4,4,4,4,4,COMUNA 22,
1guZiH_PrAn9Om_IpVs4WNydUVL5F1Nznzed7yP4yu-Q,-Satisfacción del Curso virtual - Proceso de inducción y reinducción 2025 - (PIR_SSPM_2025),2025-11-19T23:14:41.195Z,,Femenino,Adultez (29 - 59 años),Postgrado,Otro,5,5,5,5,5,5,5,5,5,5,5,5,5,C. DE LA BUITRERA,
1guZiH_PrAn9Om_IpVs4WNydUVL5F1Nznzed7yP4yu-Q,-Satisfacción del Curso virtual - Proceso de inducción y reinducción 2025 - (PIR_SSPM_2025),2025-11-19T02:38:58.139Z,,Femenino,Adultez (29 - 59 años),Pregrado,Otro,5,5,5,5,5,5,5,5,5,5,5,5,5,COMUNA 21,
1guZiH_PrAn9Om_IpVs4WNydUVL5F1Nznzed7yP4yu-Q,-Satisfacción del Curso virtual - Proceso de inducción y reinducción 2025 - (PIR_SSPM_2025),2025-11-28T17:08:38.476Z,,Masculino,Adultez (29 - 59 años),Pregrado,Área de la salud,5,5,5,5,5,5,5,5,5,5,5,5,5,COMUNA 17,
1guZiH_PrAn9Om_IpVs4WNydUVL5F1Nznzed7yP4yu-Q,-Satisfacción del Curso virtual - Proceso de inducción y reinducción 2025 - (PIR_SSPM_2025),2025-11-28T05:19:07.361Z,,Femenino,Adultez (29 - 59 años),Pregrado,Área de la salud,5,5,5,4,5,5,5,5,5,5,5,5,5,COMUNA 11,
1guZiH_PrAn9Om_IpVs4WNydUVL5F1Nznzed7yP4yu-Q,-Satisfacción del Curso virtual - Proceso de inducción y reinducción 2025 - (PIR_SSPM_2025),2025-11-27T15:54:28.443Z,,Femenino,Adultez (29 - 59 años),Postgrado,Área de la salud,5,5,5,5,5,5,5,5,5,5,5,5,5,COMUNA 5,
1guZiH_PrAn9Om_IpVs4WNydUVL5F1Nznzed7yP4yu-Q,-Satisfacción del Curso virtual - Proceso de inducción y reinducción 2025 - (PIR_SSPM_2025),2025-12-05T22:39:50.311Z,,Femenino,Adultez (29 - 59 años),Postgrado,Área de la salud,5,5,4,4,5,5,4,4,3,3,5,5,5,COMUNA 17,
1guZiH_PrAn9Om_IpVs4WNydUVL5F1Nznzed7yP4yu-Q,-Satisfacción del Curso virtual - Proceso de inducción y reinducción 2025 - (PIR_SSPM_2025),2025-12-02T17:18:53.193Z,,Femenino,Adultez (29 - 59 años),Pregrado,Área de la salud,5,5,5,5,5,5,5,5,5,5,5,5,5,COMUNA 13,
1guZiH_PrAn9Om_IpVs4WNydUVL5F1Nznzed7yP4yu-Q,-Satisfacción del Curso virtual - Proceso de inducción y reinducción 2025 - (PIR_SSPM_2025),2025-11-20T16:07:54.941Z,,Femenino,Adultez (29 - 59 años),Bachiller,Área de la salud,5,5,5,5,5,5,5,5,5,5,5,5,5,COMUNA 6,
1guZiH_PrAn9Om_IpVs4WNydUVL5F1Nznzed7yP4yu-Q,-Satisfacción del Curso virtual - Proceso de inducción y reinducción 2025 - (PIR_SSPM_2025),2025-11-26T15:11:37.991Z,,Masculino,Juventud (18 - 28 años),Bachiller,Otro,4,4,4,5,4,4,4,4,4,4,4,5,5,COMUNA 10,
1guZiH_PrAn9Om_IpVs4WNydUVL5F1Nznzed7yP4yu-Q,-Satisfacción del Curso virtual - Proceso de inducción y reinducción 2025 - (PIR_SSPM_2025),2025-11-21T16:48:29.455Z,,Femenino,Adultez (29 - 59 años),Pregrado,Área de la salud,5,5,5,5,5,5,5,5,5,5,5,5,5,C. DE PANCE,
1guZiH_PrAn9Om_IpVs4WNydUVL5F1Nznzed7yP4yu-Q,-Satisfacción del Curso virtual - Proceso de inducción y reinducción 2025 - (PIR_SSPM_2025),2025-11-23T02:09:57.948Z,,Femenino,Adultez (29 - 59 años),Postgrado,Área de la salud,4,4,5,5,5,5,4,4,4,4,4,5,5,COMUNA 17,
1guZiH_PrAn9Om_IpVs4WNydUVL5F1Nznzed7yP4yu-Q,-Satisfacción del Curso virtual - Proceso de inducción y reinducción 2025 - (PIR_SSPM_2025),2025-11-27T22:16:05.128Z,,Masculino,Adultez (29 - 59 años),Pregrado,Otro,5,5,5,5,5,5,5,5,5,5,5,5,5,COMUNA 4,
1guZiH_PrAn9Om_IpVs4WNydUVL5F1Nznzed7yP4yu-Q,-Satisfacción del Curso virtual - Proceso de inducción y reinducción 2025 - (PIR_SSPM_2025),2025-11-23T23:38:44.463Z,,Femenino,Juventud (18 - 28 años),Pregrado,Área de la salud,5,5,5,5,5,5,5,5,5,5,5,5,5,COMUNA 5,
1guZiH_PrAn9Om_IpVs4WNydUVL5F1Nznzed7yP4yu-Q,-Satisfacción del Curso virtual - Proceso de inducción y reinducción 2025 - (PIR_SSPM_2025),2026-03-07T01:38:06.826Z,,Femenino,Adultez (29 - 59 años),Postgrado,Área de la salud,5,5,5,5,5,5,5,5,5,5,5,5,5,COMUNA 8,
1guZiH_PrAn9Om_IpVs4WNydUVL5F1Nznzed7yP4yu-Q,-Satisfacción del Curso virtual - Proceso de inducción y reinducción 2025 - (PIR_SSPM_2025),2025-12-06T20:58:41.646Z,,Femenino,Adultez (29 - 59 años),Postgrado,Otro,5,5,5,5,5,5,5,5,3,3,3,4,3,COMUNA 18,
1guZiH_PrAn9Om_IpVs4WNydUVL5F1Nznzed7yP4yu-Q,-Satisfacción del Curso virtual - Proceso de inducción y reinducción 2025 - (PIR_SSPM_2025),2025-11-22T04:19:07.158Z,,Femenino,Adultez (29 - 59 años),Postgrado,Área de la salud,5,5,5,5,5,5,5,5,5,5,5,5,5,COMUNA 16,
1guZiH_PrAn9Om_IpVs4WNydUVL5F1Nznzed7yP4yu-Q,-Satisfacción del Curso virtual - Proceso de inducción y reinducción 2025 - (PIR_SSPM_2025),2025-12-01T02:39:02.439Z,,Masculino,Adultez (29 - 59 años),Pregrado,Otro,4,4,4,4,4,4,4,4,4,4,4,4,4,COMUNA 1,
1guZiH_PrAn9Om_IpVs4WNydUVL5F1Nznzed7yP4yu-Q,-Satisfacción del Curso virtual - Proceso de inducción y reinducción 2025 - (PIR_SSPM_2025),2025-11-27T20:44:58.537Z,,Femenino,Adultez (29 - 59 años),Pregrado,Otro,4,4,4,4,4,4,4,4,4,4,4,4,4,COMUNA 17,
1guZiH_PrAn9Om_IpVs4WNydUVL5F1Nznzed7yP4yu-Q,-Satisfacción del Curso virtual - Proceso de inducción y reinducción 2025 - (PIR_SSPM_2025),2025-11-23T19:52:24.005Z,,Femenino,Adultez (29 - 59 años),Postgrado,Área de la salud,5,5,5,5,5,5,5,5,5,5,5,5,5,COMUNA 19,
1guZiH_PrAn9Om_IpVs4WNydUVL5F1Nznzed7yP4yu-Q,-Satisfacción del Curso virtual - Proceso de inducción y reinducción 2025 - (PIR_SSPM_2025),2025-11-19T19:22:27.226Z,,Femenino,Adultez (29 - 59 años),Bachiller,Otro,5,5,5,5,5,5,5,5,5,5,5,5,5,COMUNA 8,
1guZiH_PrAn9Om_IpVs4WNydUVL5F1Nznzed7yP4yu-Q,-Satisfacción del Curso virtual - Proceso de inducción y reinducción 2025 - (PIR_SSPM_2025),2025-12-04T22:23:11.412Z,,Femenino,Adultez (29 - 59 años),Postgrado,Área de la salud,5,5,5,5,5,5,5,5,5,5,5,5,5,COMUNA 19,
1guZiH_PrAn9Om_IpVs4WNydUVL5F1Nznzed7yP4yu-Q,-Satisfacción del Curso virtual - Proceso de inducción y reinducción 2025 - (PIR_SSPM_2025),2026-05-12T16:43:46.307Z,,Femenino,Adultez (29 - 59 años),Pregrado,Área de la salud,5,5,5,5,5,5,5,5,5,5,5,5,5,COMUNA 3,
1guZiH_PrAn9Om_IpVs4WNydUVL5F1Nznzed7yP4yu-Q,-Satisfacción del Curso virtual - Proceso de inducción y reinducción 2025 - (PIR_SSPM_2025),2025-12-03T22:35:41.307Z,,Femenino,Adultez (29 - 59 años),Pregrado,Área de la salud,4,5,5,4,4,4,4,4,5,4,4,5,5,COMUNA 12,
1guZiH_PrAn9Om_IpVs4WNydUVL5F1Nznzed7yP4yu-Q,-Satisfacción del Curso virtual - Proceso de inducción y reinducción 2025 - (PIR_SSPM_2025),2025-12-04T02:23:57.899Z,,Masculino,Vejez (60 años o más),Pregrado,Otro,5,5,5,5,5,5,5,5,5,5,5,5,5,COMUNA 3,
1guZiH_PrAn9Om_IpVs4WNydUVL5F1Nznzed7yP4yu-Q,-Satisfacción del Curso virtual - Proceso de inducción y reinducción 2025 - (PIR_SSPM_2025),2025-11-27T15:19:38.088Z,,Femenino,Adultez (29 - 59 años),Postgrado,Área de la salud,3,3,5,4,4,4,4,4,4,2,5,3,3,COMUNA 17,
1guZiH_PrAn9Om_IpVs4WNydUVL5F1Nznzed7yP4yu-Q,-Satisfacción del Curso virtual - Proceso de inducción y reinducción 2025 - (PIR_SSPM_2025),2025-11-27T19:36:07.233Z,,Masculino,Vejez (60 años o más),Postgrado,Área de la salud,5,5,5,4,5,5,5,5,2,2,2,5,4,COMUNA 17,
1guZiH_PrAn9Om_IpVs4WNydUVL5F1Nznzed7yP4yu-Q,-Satisfacción del Curso virtual - Proceso de inducción y reinducción 2025 - (PIR_SSPM_2025),2025-11-18T16:42:59.251Z,,Masculino,Adultez (29 - 59 años),Pregrado,Estudiante,4,4,4,4,4,4,4,4,4,4,4,4,4,COMUNA 15,
1guZiH_PrAn9Om_IpVs4WNydUVL5F1Nznzed7yP4yu-Q,-Satisfacción del Curso virtual - Proceso de inducción y reinducción 2025 - (PIR_SSPM_2025),2025-12-12T21:00:28.743Z,,Femenino,Adultez (29 - 59 años),Pregrado,Área de la salud,5,5,5,5,5,5,5,5,5,5,5,5,5,C. DE NAVARRO,
1guZiH_PrAn9Om_IpVs4WNydUVL5F1Nznzed7yP4yu-Q,-Satisfacción del Curso virtual - Proceso de inducción y reinducción 2025 - (PIR_SSPM_2025),2025-11-29T14:54:57.801Z,,Femenino,Adultez (29 - 59 años),Bachiller,Área de la salud,4,4,4,4,5,4,4,4,4,4,5,5,4,COMUNA 20,
1guZiH_PrAn9Om_IpVs4WNydUVL5F1Nznzed7yP4yu-Q,-Satisfacción del Curso virtual - Proceso de inducción y reinducción 2025 - (PIR_SSPM_2025),2025-11-18T20:44:42.868Z,,Masculino,Adultez (29 - 59 años),Pregrado,Área de la salud,5,5,5,5,5,5,5,5,5,5,5,5,5,COMUNA 17,
1guZiH_PrAn9Om_IpVs4WNydUVL5F1Nznzed7yP4yu-Q,-Satisfacción del Curso virtual - Proceso de inducción y reinducción 2025 - (PIR_SSPM_2025),2025-11-20T23:35:30.221Z,,Femenino,Adultez (29 - 59 años),Pregrado,Área de la salud,5,5,5,5,5,5,5,5,5,5,5,5,5,COMUNA 19,
1guZiH_PrAn9Om_IpVs4WNydUVL5F1Nznzed7yP4yu-Q,-Satisfacción del Curso virtual - Proceso de inducción y reinducción 2025 - (PIR_SSPM_2025),2025-11-21T04:46:00.890Z,,Femenino,Adultez (29 - 59 años),Postgrado,Otro,5,5,5,5,5,5,5,5,5,5,5,5,5,COMUNA 15,
1guZiH_PrAn9Om_IpVs4WNydUVL5F1Nznzed7yP4yu-Q,-Satisfacción del Curso virtual - Proceso de inducción y reinducción 2025 - (PIR_SSPM_2025),2025-11-24T19:02:13.993Z,,Femenino,Adultez (29 - 59 años),Bachiller,Área de la salud,4,4,4,4,4,4,4,4,4,4,4,4,4,C. DE PANCE,
1guZiH_PrAn9Om_IpVs4WNydUVL5F1Nznzed7yP4yu-Q,-Satisfacción del Curso virtual - Proceso de inducción y reinducción 2025 - (PIR_SSPM_2025),2025-11-18T15:56:46.741Z,,Masculino,Adultez (29 - 59 años),Pregrado,Área de la salud,5,5,5,5,5,5,5,5,5,5,5,5,5,COMUNA 5,
1guZiH_PrAn9Om_IpVs4WNydUVL5F1Nznzed7yP4yu-Q,-Satisfacción del Curso virtual - Proceso de inducción y reinducción 2025 - (PIR_SSPM_2025),2025-11-27T17:08:53.344Z,,Femenino,Juventud (18 - 28 años),Postgrado,Área de la salud,5,5,5,5,5,5,5,5,5,3,3,5,5,COMUNA 6,
1guZiH_PrAn9Om_IpVs4WNydUVL5F1Nznzed7yP4yu-Q,-Satisfacción del Curso virtual - Proceso de inducción y reinducción 2025 - (PIR_SSPM_2025),2025-11-25T17:58:34.155Z,,Femenino,Adultez (29 - 59 años),Postgrado,Área de la salud,5,5,5,5,5,5,5,5,5,5,5,5,5,COMUNA 10,
1guZiH_PrAn9Om_IpVs4WNydUVL5F1Nznzed7yP4yu-Q,-Satisfacción del Curso virtual - Proceso de inducción y reinducción 2025 - (PIR_SSPM_2025),2025-11-21T20:45:55.037Z,,Femenino,Adultez (29 - 59 años),Postgrado,Otro,5,5,5,5,5,5,5,5,5,5,5,5,5,COMUNA 11,
1guZiH_PrAn9Om_IpVs4WNydUVL5F1Nznzed7yP4yu-Q,-Satisfacción del Curso virtual - Proceso de inducción y reinducción 2025 - (PIR_SSPM_2025),2025-12-04T21:12:11.039Z,,Femenino,Adultez (29 - 59 años),Pregrado,Área de la salud,4,4,4,4,4,4,4,4,4,4,4,4,4,COMUNA 17,
1guZiH_PrAn9Om_IpVs4WNydUVL5F1Nznzed7yP4yu-Q,-Satisfacción del Curso virtual - Proceso de inducción y reinducción 2025 - (PIR_SSPM_2025),2025-12-04T17:04:45.616Z,,Femenino,Adultez (29 - 59 años),Pregrado,Área de la salud,4,4,4,4,4,4,4,4,4,2,4,4,4,COMUNA 5,
1guZiH_PrAn9Om_IpVs4WNydUVL5F1Nznzed7yP4yu-Q,-Satisfacción del Curso virtual - Proceso de inducción y reinducción 2025 - (PIR_SSPM_2025),2025-11-18T21:34:19.336Z,,Femenino,Adultez (29 - 59 años),Pregrado,Otro,4,4,4,4,4,4,4,1,2,2,3,3,3,COMUNA 17,
1guZiH_PrAn9Om_IpVs4WNydUVL5F1Nznzed7yP4yu-Q,-Satisfacción del Curso virtual - Proceso de inducción y reinducción 2025 - (PIR_SSPM_2025),2025-12-07T05:05:26.507Z,,Femenino,Adultez (29 - 59 años),Pregrado,Área de la salud,4,5,5,4,5,5,4,5,3,3,4,4,3,COMUNA 19,
1guZiH_PrAn9Om_IpVs4WNydUVL5F1Nznzed7yP4yu-Q,-Satisfacción del Curso virtual - Proceso de inducción y reinducción 2025 - (PIR_SSPM_2025),2025-11-18T19:33:58.302Z,,Femenino,Juventud (18 - 28 años),Pregrado,Área de la salud,5,5,5,5,5,5,5,5,5,5,5,5,5,COMUNA 19,
1guZiH_PrAn9Om_IpVs4WNydUVL5F1Nznzed7yP4yu-Q,-Satisfacción del Curso virtual - Proceso de inducción y reinducción 2025 - (PIR_SSPM_2025),2025-12-04T18:33:56.640Z,,Masculino,Adultez (29 - 59 años),Pregrado,Área de la salud,5,5,5,5,5,5,5,5,5,5,5,5,5,COMUNA 4,
1guZiH_PrAn9Om_IpVs4WNydUVL5F1Nznzed7yP4yu-Q,-Satisfacción del Curso virtual - Proceso de inducción y reinducción 2025 - (PIR_SSPM_2025),2025-12-02T23:08:26.886Z,,Masculino,Adultez (29 - 59 años),Pregrado,Área de la salud,4,4,4,4,4,4,4,4,4,4,4,4,4,COMUNA 6,
1guZiH_PrAn9Om_IpVs4WNydUVL5F1Nznzed7yP4yu-Q,-Satisfacción del Curso virtual - Proceso de inducción y reinducción 2025 - (PIR_SSPM_2025),2025-12-04T16:07:53.762Z,,Masculino,Adultez (29 - 59 años),Postgrado,Área de la salud,5,5,5,5,5,5,5,5,5,5,5,5,5,COMUNA 18,
1guZiH_PrAn9Om_IpVs4WNydUVL5F1Nznzed7yP4yu-Q,-Satisfacción del Curso virtual - Proceso de inducción y reinducción 2025 - (PIR_SSPM_2025),2025-12-04T04:25:54.614Z,,Femenino,Adultez (29 - 59 años),Pregrado,Área de la salud,5,5,5,4,5,5,4,4,5,4,5,4,5,COMUNA 16,
1guZiH_PrAn9Om_IpVs4WNydUVL5F1Nznzed7yP4yu-Q,-Satisfacción del Curso virtual - Proceso de inducción y reinducción 2025 - (PIR_SSPM_2025),2026-03-07T04:35:36.816Z,,Femenino,Adultez (29 - 59 años),Pregrado,Área de la salud,5,4,5,5,5,5,5,5,1,1,4,5,5,COMUNA 14,
1guZiH_PrAn9Om_IpVs4WNydUVL5F1Nznzed7yP4yu-Q,-Satisfacción del Curso virtual - Proceso de inducción y reinducción 2025 - (PIR_SSPM_2025),2025-12-05T02:48:15.579Z,,Masculino,Adultez (29 - 59 años),Postgrado,Área de la salud,5,5,5,5,5,5,5,5,5,5,5,5,5,COMUNA 2,
1guZiH_PrAn9Om_IpVs4WNydUVL5F1Nznzed7yP4yu-Q,-Satisfacción del Curso virtual - Proceso de inducción y reinducción 2025 - (PIR_SSPM_2025),2025-11-19T16:43:57.303Z,,Masculino,Adultez (29 - 59 años),Pregrado,Área de la salud,5,5,4,4,5,5,4,4,4,4,4,4,4,COMUNA 11,
1guZiH_PrAn9Om_IpVs4WNydUVL5F1Nznzed7yP4yu-Q,-Satisfacción del Curso virtual - Proceso de inducción y reinducción 2025 - (PIR_SSPM_2025),2025-12-04T00:35:10.978Z,,Femenino,Adultez (29 - 59 años),Postgrado,Área de la salud,5,5,5,5,5,5,5,5,5,5,5,5,5,COMUNA 19,
1guZiH_PrAn9Om_IpVs4WNydUVL5F1Nznzed7yP4yu-Q,-Satisfacción del Curso virtual - Proceso de inducción y reinducción 2025 - (PIR_SSPM_2025),2025-12-05T19:13:57.920Z,,Masculino,Adultez (29 - 59 años),Postgrado,Estudiante,4,4,4,4,4,4,4,4,4,4,4,4,4,COMUNA 3,
1guZiH_PrAn9Om_IpVs4WNydUVL5F1Nznzed7yP4yu-Q,-Satisfacción del Curso virtual - Proceso de inducción y reinducción 2025 - (PIR_SSPM_2025),2025-12-03T22:36:18.307Z,,Masculino,Adultez (29 - 59 años),Postgrado,Área de la salud,3,3,5,3,4,4,2,3,1,1,3,4,3,COMUNA 17,
1guZiH_PrAn9Om_IpVs4WNydUVL5F1Nznzed7yP4yu-Q,-Satisfacción del Curso virtual - Proceso de inducción y reinducción 2025 - (PIR_SSPM_2025),2026-02-27T21:51:39.202Z,,Femenino,Adultez (29 - 59 años),Pregrado,Área de la salud,5,5,5,5,5,5,5,5,5,5,5,5,5,COMUNA 1,
1guZiH_PrAn9Om_IpVs4WNydUVL5F1Nznzed7yP4yu-Q,-Satisfacción del Curso virtual - Proceso de inducción y reinducción 2025 - (PIR_SSPM_2025),2025-12-04T21:20:25.039Z,,Femenino,Adultez (29 - 59 años),Pregrado,Área de la salud,5,5,5,5,5,5,5,5,5,5,5,5,5,COMUNA 19,
1guZiH_PrAn9Om_IpVs4WNydUVL5F1Nznzed7yP4yu-Q,-Satisfacción del Curso virtual - Proceso de inducción y reinducción 2025 - (PIR_SSPM_2025),2025-12-03T05:25:27.432Z,,Femenino,Adultez (29 - 59 años),Pregrado,Área de la salud,5,4,5,5,5,5,5,3,5,3,4,4,4,COMUNA 19,
1guZiH_PrAn9Om_IpVs4WNydUVL5F1Nznzed7yP4yu-Q,-Satisfacción del Curso virtual - Proceso de inducción y reinducción 2025 - (PIR_SSPM_2025),2025-12-01T13:29:15.117Z,,Femenino,Adultez (29 - 59 años),Postgrado,Otro,5,5,5,5,5,5,5,5,3,3,5,5,5,COMUNA 19,
1guZiH_PrAn9Om_IpVs4WNydUVL5F1Nznzed7yP4yu-Q,-Satisfacción del Curso virtual - Proceso de inducción y reinducción 2025 - (PIR_SSPM_2025),2025-12-03T00:05:29.640Z,,Masculino,Juventud (18 - 28 años),Pregrado,Área de la salud,5,5,5,5,4,5,3,5,3,2,4,4,4,COMUNA 17,
1guZiH_PrAn9Om_IpVs4WNydUVL5F1Nznzed7yP4yu-Q,-Satisfacción del Curso virtual - Proceso de inducción y reinducción 2025 - (PIR_SSPM_2025),2025-12-03T22:20:53.263Z,,Masculino,Adultez (29 - 59 años),Postgrado,Área de la salud,5,5,5,5,5,5,5,5,5,5,5,5,5,COMUNA 19,
1guZiH_PrAn9Om_IpVs4WNydUVL5F1Nznzed7yP4yu-Q,-Satisfacción del Curso virtual - Proceso de inducción y reinducción 2025 - (PIR_SSPM_2025),2025-12-20T07:21:33.569Z,,Femenino,Adultez (29 - 59 años),Postgrado,Área de la salud,5,5,5,5,5,5,5,5,5,5,5,5,5,COMUNA 19,
1guZiH_PrAn9Om_IpVs4WNydUVL5F1Nznzed7yP4yu-Q,-Satisfacción del Curso virtual - Proceso de inducción y reinducción 2025 - (PIR_SSPM_2025),2025-12-01T20:31:43.506Z,,Femenino,Adultez (29 - 59 años),Postgrado,Área de la salud,5,5,5,5,5,5,5,5,5,5,5,5,5,COMUNA 10,
1guZiH_PrAn9Om_IpVs4WNydUVL5F1Nznzed7yP4yu-Q,-Satisfacción del Curso virtual - Proceso de inducción y reinducción 2025 - (PIR_SSPM_2025),2025-12-05T20:11:48.328Z,,Femenino,Vejez (60 años o más),Postgrado,Área de la salud,5,5,5,5,5,5,5,5,5,5,5,5,5,COMUNA 17,
1guZiH_PrAn9Om_IpVs4WNydUVL5F1Nznzed7yP4yu-Q,-Satisfacción del Curso virtual - Proceso de inducción y reinducción 2025 - (PIR_SSPM_2025),2025-11-21T00:01:25.581Z,,Masculino,Vejez (60 años o más),Bachiller,Área de la salud,4,4,3,3,4,4,4,4,4,3,3,3,3,COMUNA 1,
1guZiH_PrAn9Om_IpVs4WNydUVL5F1Nznzed7yP4yu-Q,-Satisfacción del Curso virtual - Proceso de inducción y reinducción 2025 - (PIR_SSPM_2025),2025-11-29T23:18:34.305Z,,Masculino,Adultez (29 - 59 años),Pregrado,Otro,5,5,5,5,5,5,5,5,5,5,5,5,5,COMUNA 6,
1guZiH_PrAn9Om_IpVs4WNydUVL5F1Nznzed7yP4yu-Q,-Satisfacción del Curso virtual - Proceso de inducción y reinducción 2025 - (PIR_SSPM_2025),2025-12-03T21:55:51.542Z,,Masculino,Vejez (60 años o más),Bachiller,Área de la salud,4,4,4,4,5,4,4,4,4,2,2,4,4,COMUNA 3,
1guZiH_PrAn9Om_IpVs4WNydUVL5F1Nznzed7yP4yu-Q,-Satisfacción del Curso virtual - Proceso de inducción y reinducción 2025 - (PIR_SSPM_2025),2025-12-05T02:51:34.039Z,,Masculino,Adultez (29 - 59 años),Bachiller,Área de la salud,4,4,4,4,5,5,5,5,5,5,5,5,5,COMUNA 18,
1guZiH_PrAn9Om_IpVs4WNydUVL5F1Nznzed7yP4yu-Q,-Satisfacción del Curso virtual - Proceso de inducción y reinducción 2025 - (PIR_SSPM_2025),2025-11-30T04:27:52.864Z,,Masculino,Adultez (29 - 59 años),Postgrado,Otro,5,5,5,5,5,5,5,5,5,5,5,5,5,COMUNA 19,
1guZiH_PrAn9Om_IpVs4WNydUVL5F1Nznzed7yP4yu-Q,-Satisfacción del Curso virtual - Proceso de inducción y reinducción 2025 - (PIR_SSPM_2025),2025-11-27T00:25:07.612Z,,Masculino,Adultez (29 - 59 años),Pregrado,Otro,4,4,4,4,4,4,4,4,4,4,4,4,4,C. DE EL SALADITO,
1guZiH_PrAn9Om_IpVs4WNydUVL5F1Nznzed7yP4yu-Q,-Satisfacción del Curso virtual - Proceso de inducción y reinducción 2025 - (PIR_SSPM_2025),2025-11-24T20:13:44.930Z,,Femenino,Adultez (29 - 59 años),Pregrado,Área de la salud,5,5,5,5,5,5,5,5,5,5,5,5,5,COMUNA 19,
1guZiH_PrAn9Om_IpVs4WNydUVL5F1Nznzed7yP4yu-Q,-Satisfacción del Curso virtual - Proceso de inducción y reinducción 2025 - (PIR_SSPM_2025),2025-11-30T14:01:45.744Z,,Femenino,Adultez (29 - 59 años),Bachiller,Área de la salud,5,5,5,5,5,5,5,5,5,5,5,5,5,COMUNA 13,
1guZiH_PrAn9Om_IpVs4WNydUVL5F1Nznzed7yP4yu-Q,-Satisfacción del Curso virtual - Proceso de inducción y reinducción 2025 - (PIR_SSPM_2025),2025-11-29T01:15:02.964Z,,Masculino,Adultez (29 - 59 años),Bachiller,Área de la salud,5,4,5,4,5,5,5,5,4,5,5,5,5,COMUNA 19,
1guZiH_PrAn9Om_IpVs4WNydUVL5F1Nznzed7yP4yu-Q,-Satisfacción del Curso virtual - Proceso de inducción y reinducción 2025 - (PIR_SSPM_2025),2025-12-02T00:48:23.926Z,,Masculino,Adultez (29 - 59 años),Pregrado,Área de la salud,4,4,3,3,4,4,3,3,3,3,3,3,4,COMUNA 2,
1guZiH_PrAn9Om_IpVs4WNydUVL5F1Nznzed7yP4yu-Q,-Satisfacción del Curso virtual - Proceso de inducción y reinducción 2025 - (PIR_SSPM_2025),2026-01-06T16:06:33.785Z,,Femenino,Adultez (29 - 59 años),Postgrado,Otro,5,5,5,4,3,5,5,3,3,2,4,4,3,COMUNA 17,
1guZiH_PrAn9Om_IpVs4WNydUVL5F1Nznzed7yP4yu-Q,-Satisfacción del Curso virtual - Proceso de inducción y reinducción 2025 - (PIR_SSPM_2025),2025-12-01T18:51:09.367Z,,Femenino,Adultez (29 - 59 años),Pregrado,Área de la salud,4,5,5,5,5,4,4,4,4,1,3,5,4,COMUNA 2,
1guZiH_PrAn9Om_IpVs4WNydUVL5F1Nznzed7yP4yu-Q,-Satisfacción del Curso virtual - Proceso de inducción y reinducción 2025 - (PIR_SSPM_2025),2026-03-05T20:14:29.147Z,,Femenino,Adultez (29 - 59 años),Pregrado,Área de la salud,5,5,5,4,4,4,3,3,3,3,4,4,4,COMUNA 1,
1guZiH_PrAn9Om_IpVs4WNydUVL5F1Nznzed7yP4yu-Q,-Satisfacción del Curso virtual - Proceso de inducción y reinducción 2025 - (PIR_SSPM_2025),2025-11-25T14:09:31.980Z,,Femenino,Adultez (29 - 59 años),Pregrado,Otro,5,5,5,5,5,5,5,5,5,5,5,5,5,COMUNA 8,
1guZiH_PrAn9Om_IpVs4WNydUVL5F1Nznzed7yP4yu-Q,-Satisfacción del Curso virtual - Proceso de inducción y reinducción 2025 - (PIR_SSPM_2025),2025-12-04T04:25:11.995Z,,Femenino,Adultez (29 - 59 años),Bachiller,Otro,1,1,1,1,1,2,1,1,1,1,1,1,1,COMUNA 6,
1guZiH_PrAn9Om_IpVs4WNydUVL5F1Nznzed7yP4yu-Q,-Satisfacción del Curso virtual - Proceso de inducción y reinducción 2025 - (PIR_SSPM_2025),2025-12-02T16:43:54.270Z,,Femenino,Adultez (29 - 59 años),Pregrado,Área de la salud,5,5,5,5,5,5,5,5,5,5,5,5,5,COMUNA 1,
1guZiH_PrAn9Om_IpVs4WNydUVL5F1Nznzed7yP4yu-Q,-Satisfacción del Curso virtual - Proceso de inducción y reinducción 2025 - (PIR_SSPM_2025),2025-11-26T17:26:06.345Z,,Masculino,Adultez (29 - 59 años),Bachiller,Área de la salud,5,5,5,5,5,5,5,5,5,5,5,5,5,COMUNA 19,
1guZiH_PrAn9Om_IpVs4WNydUVL5F1Nznzed7yP4yu-Q,-Satisfacción del Curso virtual - Proceso de inducción y reinducción 2025 - (PIR_SSPM_2025),2025-11-20T19:27:58.652Z,,Masculino,Adultez (29 - 59 años),Postgrado,Área de la salud,5,5,5,5,5,5,5,5,5,5,5,5,5,COMUNA 17,
1guZiH_PrAn9Om_IpVs4WNydUVL5F1Nznzed7yP4yu-Q,-Satisfacción del Curso virtual - Proceso de inducción y reinducción 2025 - (PIR_SSPM_2025),2025-11-25T17:59:40.231Z,,Femenino,Adultez (29 - 59 años),Postgrado,Otro,5,5,5,5,5,5,5,5,5,5,5,5,5,COMUNA 17,
1guZiH_PrAn9Om_IpVs4WNydUVL5F1Nznzed7yP4yu-Q,-Satisfacción del Curso virtual - Proceso de inducción y reinducción 2025 - (PIR_SSPM_2025),2025-11-21T23:59:49.447Z,,Femenino,Adultez (29 - 59 años),Postgrado,Área de la salud,5,5,5,4,5,5,4,4,1,1,1,5,5,COMUNA 19,
1guZiH_PrAn9Om_IpVs4WNydUVL5F1Nznzed7yP4yu-Q,-Satisfacción del Curso virtual - Proceso de inducción y reinducción 2025 - (PIR_SSPM_2025),2025-12-04T03:51:54.748Z,,Femenino,Adultez (29 - 59 años),Pregrado,Área de la salud,4,4,4,4,5,4,4,4,4,4,4,4,4,COMUNA 10,
1guZiH_PrAn9Om_IpVs4WNydUVL5F1Nznzed7yP4yu-Q,-Satisfacción del Curso virtual - Proceso de inducción y reinducción 2025 - (PIR_SSPM_2025),2025-11-30T23:31:48.195Z,,Femenino,Juventud (18 - 28 años),Bachiller,Estudiante,5,5,5,5,4,4,4,4,4,3,3,5,5,COMUNA 3,
1guZiH_PrAn9Om_IpVs4WNydUVL5F1Nznzed7yP4yu-Q,-Satisfacción del Curso virtual - Proceso de inducción y reinducción 2025 - (PIR_SSPM_2025),2025-11-30T01:32:41.560Z,,Femenino,Adultez (29 - 59 años),Pregrado,Área de la salud,5,5,5,5,5,5,5,5,5,5,5,5,5,C. DE FELIDIA,
1guZiH_PrAn9Om_IpVs4WNydUVL5F1Nznzed7yP4yu-Q,-Satisfacción del Curso virtual - Proceso de inducción y reinducción 2025 - (PIR_SSPM_2025),2025-11-20T16:42:15.890Z,,Femenino,Adultez (29 - 59 años),Bachiller,Otro,5,5,5,5,5,5,5,5,5,5,5,5,5,COMUNA 20,
1guZiH_PrAn9Om_IpVs4WNydUVL5F1Nznzed7yP4yu-Q,-Satisfacción del Curso virtual - Proceso de inducción y reinducción 2025 - (PIR_SSPM_2025),2025-11-25T03:46:00.148Z,,Femenino,Adultez (29 - 59 años),Postgrado,Otro,5,5,5,5,4,5,5,5,5,4,5,4,4,COMUNA 19,
1guZiH_PrAn9Om_IpVs4WNydUVL5F1Nznzed7yP4yu-Q,-Satisfacción del Curso virtual - Proceso de inducción y reinducción 2025 - (PIR_SSPM_2025),2025-11-28T03:12:36.693Z,,Femenino,Adultez (29 - 59 años),Pregrado,Área de la salud,5,5,5,4,5,5,5,5,5,5,5,5,5,COMUNA 10,
1guZiH_PrAn9Om_IpVs4WNydUVL5F1Nznzed7yP4yu-Q,-Satisfacción del Curso virtual - Proceso de inducción y reinducción 2025 - (PIR_SSPM_2025),2025-11-26T20:20:22.570Z,,Masculino,Adultez (29 - 59 años),Pregrado,Otro,5,5,5,5,5,5,5,5,5,5,5,5,5,COMUNA 17,
1guZiH_PrAn9Om_IpVs4WNydUVL5F1Nznzed7yP4yu-Q,-Satisfacción del Curso virtual - Proceso de inducción y reinducción 2025 - (PIR_SSPM_2025),2025-11-21T20:39:24.325Z,,Femenino,Juventud (18 - 28 años),Pregrado,Área de la salud,5,5,5,5,5,5,4,4,5,3,3,4,4,COMUNA 13,
1guZiH_PrAn9Om_IpVs4WNydUVL5F1Nznzed7yP4yu-Q,-Satisfacción del Curso virtual - Proceso de inducción y reinducción 2025 - (PIR_SSPM_2025),2025-11-25T18:26:24.163Z,,Femenino,Adultez (29 - 59 años),Bachiller,Área de la salud,5,5,5,5,5,5,5,5,5,2,5,5,5,COMUNA 10,
1guZiH_PrAn9Om_IpVs4WNydUVL5F1Nznzed7yP4yu-Q,-Satisfacción del Curso virtual - Proceso de inducción y reinducción 2025 - (PIR_SSPM_2025),2025-12-04T15:25:07.032Z,,Femenino,Adultez (29 - 59 años),Postgrado,Otro,5,5,5,5,5,5,5,4,4,4,5,5,5,COMUNA 17,
1guZiH_PrAn9Om_IpVs4WNydUVL5F1Nznzed7yP4yu-Q,-Satisfacción del Curso virtual - Proceso de inducción y reinducción 2025 - (PIR_SSPM_2025),2025-12-02T00:08:19.052Z,,Femenino,Adultez (29 - 59 años),Pregrado,Área de la salud,5,5,5,5,5,5,5,5,5,5,5,5,5,COMUNA 11,
1guZiH_PrAn9Om_IpVs4WNydUVL5F1Nznzed7yP4yu-Q,-Satisfacción del Curso virtual - Proceso de inducción y reinducción 2025 - (PIR_SSPM_2025),2025-11-20T16:09:33.514Z,,Femenino,Adultez (29 - 59 años),Pregrado,Área de la salud,5,5,5,5,5,5,5,5,5,5,5,5,5,COMUNA 12,
1guZiH_PrAn9Om_IpVs4WNydUVL5F1Nznzed7yP4yu-Q,-Satisfacción del Curso virtual - Proceso de inducción y reinducción 2025 - (PIR_SSPM_2025),2025-11-21T21:31:19.417Z,,Masculino,Adultez (29 - 59 años),Postgrado,Otro,4,5,5,5,4,5,5,3,5,3,5,5,4,COMUNA 17,
1guZiH_PrAn9Om_IpVs4WNydUVL5F1Nznzed7yP4yu-Q,-Satisfacción del Curso virtual - Proceso de inducción y reinducción 2025 - (PIR_SSPM_2025),2026-03-10T18:23:03.427Z,,Femenino,Juventud (18 - 28 años),Bachiller,Área de la salud,5,5,5,5,5,5,5,5,5,5,5,5,5,COMUNA 22,
1guZiH_PrAn9Om_IpVs4WNydUVL5F1Nznzed7yP4yu-Q,-Satisfacción del Curso virtual - Proceso de inducción y reinducción 2025 - (PIR_SSPM_2025),2025-12-06T04:45:08.133Z,,Femenino,Adultez (29 - 59 años),Pregrado,Área de la salud,5,5,5,5,5,5,5,5,5,5,5,5,5,COMUNA 17,
1guZiH_PrAn9Om_IpVs4WNydUVL5F1Nznzed7yP4yu-Q,-Satisfacción del Curso virtual - Proceso de inducción y reinducción 2025 - (PIR_SSPM_2025),2025-11-16T15:41:17.515Z,,Masculino,Adultez (29 - 59 años),Postgrado,Área de la salud,5,5,5,5,5,5,5,5,5,5,5,5,5,COMUNA 17,
1guZiH_PrAn9Om_IpVs4WNydUVL5F1Nznzed7yP4yu-Q,-Satisfacción del Curso virtual - Proceso de inducción y reinducción 2025 - (PIR_SSPM_2025),2025-11-26T23:42:42.564Z,,Masculino,Juventud (18 - 28 años),Pregrado,Otro,3,3,4,4,4,4,4,3,4,3,4,4,4,COMUNA 13,
1guZiH_PrAn9Om_IpVs4WNydUVL5F1Nznzed7yP4yu-Q,-Satisfacción del Curso virtual - Proceso de inducción y reinducción 2025 - (PIR_SSPM_2025),2025-11-27T21:04:57.120Z,,Femenino,Adultez (29 - 59 años),Postgrado,Área de la salud,4,4,4,4,4,4,4,4,4,4,4,4,4,COMUNA 19,
1guZiH_PrAn9Om_IpVs4WNydUVL5F1Nznzed7yP4yu-Q,-Satisfacción del Curso virtual - Proceso de inducción y reinducción 2025 - (PIR_SSPM_2025),2025-11-26T03:53:39.347Z,,Femenino,Adultez (29 - 59 años),Postgrado,Otro,5,5,5,5,4,4,3,5,4,3,5,5,4,COMUNA 10,
1guZiH_PrAn9Om_IpVs4WNydUVL5F1Nznzed7yP4yu-Q,-Satisfacción del Curso virtual - Proceso de inducción y reinducción 2025 - (PIR_SSPM_2025),2025-12-03T20:33:31.850Z,,Masculino,Adultez (29 - 59 años),Pregrado,Área de la salud,5,5,5,4,5,5,5,4,4,5,5,5,5,COMUNA 9,
1guZiH_PrAn9Om_IpVs4WNydUVL5F1Nznzed7yP4yu-Q,-Satisfacción del Curso virtual - Proceso de inducción y reinducción 2025 - (PIR_SSPM_2025),2025-11-27T19:03:04.755Z,,Masculino,Adultez (29 - 59 años),Pregrado,Otro,5,5,5,5,5,5,4,3,4,4,4,4,4,COMUNA 13,
1guZiH_PrAn9Om_IpVs4WNydUVL5F1Nznzed7yP4yu-Q,-Satisfacción del Curso virtual - Proceso de inducción y reinducción 2025 - (PIR_SSPM_2025),2025-11-26T02:14:46.533Z,,Femenino,Adultez (29 - 59 años),Ninguna,Otro,5,4,4,5,5,4,4,5,4,4,5,4,5,COMUNA 15,
1guZiH_PrAn9Om_IpVs4WNydUVL5F1Nznzed7yP4yu-Q,-Satisfacción del Curso virtual - Proceso de inducción y reinducción 2025 - (PIR_SSPM_2025),2025-12-04T20:24:14.883Z,,Femenino,Adultez (29 - 59 años),Postgrado,Otro,4,4,4,4,4,4,4,4,4,3,4,4,4,COMUNA 17,
1guZiH_PrAn9Om_IpVs4WNydUVL5F1Nznzed7yP4yu-Q,-Satisfacción del Curso virtual - Proceso de inducción y reinducción 2025 - (PIR_SSPM_2025),2025-11-24T23:52:47.453Z,,Femenino,Adultez (29 - 59 años),Pregrado,Otro,3,4,4,3,4,4,4,4,4,4,4,4,4,COMUNA 19,
1guZiH_PrAn9Om_IpVs4WNydUVL5F1Nznzed7yP4yu-Q,-Satisfacción del Curso virtual - Proceso de inducción y reinducción 2025 - (PIR_SSPM_2025),2025-11-24T17:02:32.833Z,,Femenino,Adultez (29 - 59 años),Postgrado,Área de la salud,5,5,4,5,4,5,4,4,3,3,4,5,4,COMUNA 17,
1guZiH_PrAn9Om_IpVs4WNydUVL5F1Nznzed7yP4yu-Q,-Satisfacción del Curso virtual - Proceso de inducción y reinducción 2025 - (PIR_SSPM_2025),2025-11-24T18:35:16.085Z,,Femenino,Adultez (29 - 59 años),Bachiller,Área de la salud,5,5,5,5,4,4,5,4,5,5,5,5,5,COMUNA 21,
1guZiH_PrAn9Om_IpVs4WNydUVL5F1Nznzed7yP4yu-Q,-Satisfacción del Curso virtual - Proceso de inducción y reinducción 2025 - (PIR_SSPM_2025),2025-12-04T20:24:41.902Z,,Femenino,Vejez (60 años o más),Postgrado,Área de la salud,5,5,5,5,5,5,5,5,4,4,5,5,5,COMUNA 17,
1guZiH_PrAn9Om_IpVs4WNydUVL5F1Nznzed7yP4yu-Q,-Satisfacción del Curso virtual - Proceso de inducción y reinducción 2025 - (PIR_SSPM_2025),2026-03-10T03:24:12.407Z,,Masculino,Adultez (29 - 59 años),Postgrado,Otro,5,5,4,4,5,5,4,4,5,5,5,4,4,COMUNA 2,
1guZiH_PrAn9Om_IpVs4WNydUVL5F1Nznzed7yP4yu-Q,-Satisfacción del Curso virtual - Proceso de inducción y reinducción 2025 - (PIR_SSPM_2025),2025-11-30T13:12:18.405Z,,Masculino,Adultez (29 - 59 años),Pregrado,Otro,5,5,5,3,4,5,5,5,2,2,4,5,4,COMUNA 17,
1guZiH_PrAn9Om_IpVs4WNydUVL5F1Nznzed7yP4yu-Q,-Satisfacción del Curso virtual - Proceso de inducción y reinducción 2025 - (PIR_SSPM_2025),2025-11-18T20:12:41.382Z,,Femenino,Adultez (29 - 59 años),Postgrado,Área de la salud,4,4,4,4,5,5,4,3,1,1,3,4,4,COMUNA 16,
1guZiH_PrAn9Om_IpVs4WNydUVL5F1Nznzed7yP4yu-Q,-Satisfacción del Curso virtual - Proceso de inducción y reinducción 2025 - (PIR_SSPM_2025),2025-11-28T03:35:03.807Z,,Femenino,Adultez (29 - 59 años),Postgrado,Área de la salud,3,3,5,3,5,5,4,5,3,3,3,5,3,C. DE EL HORMIGUERO,
1guZiH_PrAn9Om_IpVs4WNydUVL5F1Nznzed7yP4yu-Q,-Satisfacción del Curso virtual - Proceso de inducción y reinducción 2025 - (PIR_SSPM_2025),2025-12-04T03:41:12.947Z,,Femenino,Juventud (18 - 28 años),Pregrado,Área de la salud,4,4,4,4,4,4,4,4,3,4,4,4,4,C. DE FELIDIA,
1guZiH_PrAn9Om_IpVs4WNydUVL5F1Nznzed7yP4yu-Q,-Satisfacción del Curso virtual - Proceso de inducción y reinducción 2025 - (PIR_SSPM_2025),2025-12-03T04:52:14.617Z,,Masculino,Adultez (29 - 59 años),Pregrado,Otro,5,5,5,5,5,5,5,5,5,5,5,5,5,COMUNA 8,
1guZiH_PrAn9Om_IpVs4WNydUVL5F1Nznzed7yP4yu-Q,-Satisfacción del Curso virtual - Proceso de inducción y reinducción 2025 - (PIR_SSPM_2025),2025-11-19T20:50:06.219Z,,Masculino,Adultez (29 - 59 años),Postgrado,Otro,5,5,5,4,5,5,5,4,1,1,3,5,3,COMUNA 10,
1guZiH_PrAn9Om_IpVs4WNydUVL5F1Nznzed7yP4yu-Q,-Satisfacción del Curso virtual - Proceso de inducción y reinducción 2025 - (PIR_SSPM_2025),2025-11-30T21:44:54.400Z,,Femenino,Adultez (29 - 59 años),Pregrado,Área de la salud,5,5,5,5,5,5,5,5,5,5,5,4,4,C. DE LA BUITRERA,
1guZiH_PrAn9Om_IpVs4WNydUVL5F1Nznzed7yP4yu-Q,-Satisfacción del Curso virtual - Proceso de inducción y reinducción 2025 - (PIR_SSPM_2025),2025-12-01T00:47:38.626Z,,Femenino,Juventud (18 - 28 años),Pregrado,Área de la salud,5,5,5,5,5,5,5,5,5,5,5,5,5,COMUNA 22,
1guZiH_PrAn9Om_IpVs4WNydUVL5F1Nznzed7yP4yu-Q,-Satisfacción del Curso virtual - Proceso de inducción y reinducción 2025 - (PIR_SSPM_2025),2026-03-05T18:52:51.372Z,,Masculino,Adultez (29 - 59 años),Pregrado,Área de la salud,5,5,5,5,5,5,5,5,5,5,5,5,5,COMUNA 10,
1guZiH_PrAn9Om_IpVs4WNydUVL5F1Nznzed7yP4yu-Q,-Satisfacción del Curso virtual - Proceso de inducción y reinducción 2025 - (PIR_SSPM_2025),2025-12-03T18:32:37.857Z,,Femenino,Adultez (29 - 59 años),Postgrado,Otro,5,5,5,4,5,5,5,5,3,3,4,5,5,COMUNA 15,
1guZiH_PrAn9Om_IpVs4WNydUVL5F1Nznzed7yP4yu-Q,-Satisfacción del Curso virtual - Proceso de inducción y reinducción 2025 - (PIR_SSPM_2025),2025-11-30T19:11:13.038Z,,Masculino,Adultez (29 - 59 años),Postgrado,Área de la salud,4,4,4,4,4,4,4,4,4,2,4,4,4,COMUNA 19,
1guZiH_PrAn9Om_IpVs4WNydUVL5F1Nznzed7yP4yu-Q,-Satisfacción del Curso virtual - Proceso de inducción y reinducción 2025 - (PIR_SSPM_2025),2025-12-03T14:09:08.251Z,,Femenino,Adultez (29 - 59 años),Postgrado,Área de la salud,5,5,5,5,5,5,5,5,5,5,5,5,5,C. DE LA LEONERA,
1guZiH_PrAn9Om_IpVs4WNydUVL5F1Nznzed7yP4yu-Q,-Satisfacción del Curso virtual - Proceso de inducción y reinducción 2025 - (PIR_SSPM_2025),2025-11-21T16:46:51.099Z,,Femenino,Adultez (29 - 59 años),Pregrado,Área de la salud,4,4,4,4,4,4,4,4,4,4,4,4,4,COMUNA 17,
1guZiH_PrAn9Om_IpVs4WNydUVL5F1Nznzed7yP4yu-Q,-Satisfacción del Curso virtual - Proceso de inducción y reinducción 2025 - (PIR_SSPM_2025),2025-12-03T23:43:30.053Z,,Masculino,Adultez (29 - 59 años),Postgrado,Área de la salud,3,4,4,4,5,3,3,5,1,1,4,4,4,COMUNA 12,
1guZiH_PrAn9Om_IpVs4WNydUVL5F1Nznzed7yP4yu-Q,-Satisfacción del Curso virtual - Proceso de inducción y reinducción 2025 - (PIR_SSPM_2025),2025-11-30T20:40:36.133Z,,Femenino,Adultez (29 - 59 años),Pregrado,Área de la salud,5,5,5,5,5,5,5,5,5,5,5,5,5,COMUNA 2,
1guZiH_PrAn9Om_IpVs4WNydUVL5F1Nznzed7yP4yu-Q,-Satisfacción del Curso virtual - Proceso de inducción y reinducción 2025 - (PIR_SSPM_2025),2025-11-19T02:17:01.023Z,,Femenino,Adultez (29 - 59 años),Postgrado,Área de la salud,5,5,5,5,5,5,5,5,3,3,5,5,5,COMUNA 17,
1guZiH_PrAn9Om_IpVs4WNydUVL5F1Nznzed7yP4yu-Q,-Satisfacción del Curso virtual - Proceso de inducción y reinducción 2025 - (PIR_SSPM_2025),2025-12-03T09:55:14.071Z,,Masculino,Adultez (29 - 59 años),Pregrado,Área de la salud,5,5,5,5,5,5,5,5,5,5,5,5,5,COMUNA 18,
1guZiH_PrAn9Om_IpVs4WNydUVL5F1Nznzed7yP4yu-Q,-Satisfacción del Curso virtual - Proceso de inducción y reinducción 2025 - (PIR_SSPM_2025),2025-11-27T19:22:32.238Z,,Femenino,Adultez (29 - 59 años),Pregrado,Otro,3,4,4,4,5,5,3,4,1,1,4,3,3,COMUNA 15,
1guZiH_PrAn9Om_IpVs4WNydUVL5F1Nznzed7yP4yu-Q,-Satisfacción del Curso virtual - Proceso de inducción y reinducción 2025 - (PIR_SSPM_2025),2025-11-28T19:15:41.690Z,,Femenino,Adultez (29 - 59 años),Bachiller,Área de la salud,5,5,5,4,4,4,4,4,5,4,4,4,3,COMUNA 10,
1guZiH_PrAn9Om_IpVs4WNydUVL5F1Nznzed7yP4yu-Q,-Satisfacción del Curso virtual - Proceso de inducción y reinducción 2025 - (PIR_SSPM_2025),2025-11-20T19:58:15.469Z,,Femenino,Vejez (60 años o más),Pregrado,Otro,5,5,5,4,5,4,5,5,4,4,5,5,5,COMUNA 19,
1guZiH_PrAn9Om_IpVs4WNydUVL5F1Nznzed7yP4yu-Q,-Satisfacción del Curso virtual - Proceso de inducción y reinducción 2025 - (PIR_SSPM_2025),2025-11-19T17:33:34.066Z,,Femenino,Adultez (29 - 59 años),Postgrado,Área de la salud,5,5,5,5,5,5,5,5,5,5,5,5,5,COMUNA 10,
1guZiH_PrAn9Om_IpVs4WNydUVL5F1Nznzed7yP4yu-Q,-Satisfacción del Curso virtual - Proceso de inducción y reinducción 2025 - (PIR_SSPM_2025),2025-11-15T21:04:44.215Z,,Masculino,Juventud (18 - 28 años),Pregrado,Área de la salud,5,5,5,5,5,5,5,5,5,5,5,5,5,COMUNA 11,
1guZiH_PrAn9Om_IpVs4WNydUVL5F1Nznzed7yP4yu-Q,-Satisfacción del Curso virtual - Proceso de inducción y reinducción 2025 - (PIR_SSPM_2025),2025-11-28T12:41:02.793Z,,Femenino,Adultez (29 - 59 años),Pregrado,Área de la salud,5,5,5,5,5,5,5,5,5,5,5,5,5,COMUNA 10,
1guZiH_PrAn9Om_IpVs4WNydUVL5F1Nznzed7yP4yu-Q,-Satisfacción del Curso virtual - Proceso de inducción y reinducción 2025 - (PIR_SSPM_2025),2025-12-03T06:53:51.251Z,,Femenino,Vejez (60 años o más),Pregrado,Otro,4,4,4,4,5,4,4,4,3,3,4,4,4,COMUNA 20,
1guZiH_PrAn9Om_IpVs4WNydUVL5F1Nznzed7yP4yu-Q,-Satisfacción del Curso virtual - Proceso de inducción y reinducción 2025 - (PIR_SSPM_2025),2026-03-06T21:21:20.718Z,,Femenino,Adultez (29 - 59 años),Pregrado,Área de la salud,5,5,5,5,5,5,4,4,4,3,4,4,4,COMUNA 17,
1guZiH_PrAn9Om_IpVs4WNydUVL5F1Nznzed7yP4yu-Q,-Satisfacción del Curso virtual - Proceso de inducción y reinducción 2025 - (PIR_SSPM_2025),2025-11-27T21:41:01.912Z,,Masculino,Adultez (29 - 59 años),Bachiller,Área de la salud,5,5,5,5,5,5,5,5,5,5,5,5,5,COMUNA 11,
1guZiH_PrAn9Om_IpVs4WNydUVL5F1Nznzed7yP4yu-Q,-Satisfacción del Curso virtual - Proceso de inducción y reinducción 2025 - (PIR_SSPM_2025),2025-12-03T15:05:59.183Z,,Masculino,Adultez (29 - 59 años),Pregrado,Otro,5,5,5,5,5,5,5,5,5,5,5,5,5,COMUNA 17,
1guZiH_PrAn9Om_IpVs4WNydUVL5F1Nznzed7yP4yu-Q,-Satisfacción del Curso virtual - Proceso de inducción y reinducción 2025 - (PIR_SSPM_2025),2026-05-13T19:26:46.635Z,,Femenino,Adultez (29 - 59 años),Bachiller,Área de la salud,5,5,5,5,5,5,5,5,5,4,5,5,5,COMUNA 18,
1guZiH_PrAn9Om_IpVs4WNydUVL5F1Nznzed7yP4yu-Q,-Satisfacción del Curso virtual - Proceso de inducción y reinducción 2025 - (PIR_SSPM_2025),2025-12-17T20:27:30.151Z,,Femenino,Adultez (29 - 59 años),Postgrado,Otro,5,5,5,5,5,5,5,5,5,5,5,5,5,COMUNA 20,
1guZiH_PrAn9Om_IpVs4WNydUVL5F1Nznzed7yP4yu-Q,-Satisfacción del Curso virtual - Proceso de inducción y reinducción 2025 - (PIR_SSPM_2025),2025-11-20T16:11:38.844Z,,Femenino,Adultez (29 - 59 años),Pregrado,Área de la salud,5,5,5,1,5,5,5,5,5,1,5,5,4,COMUNA 9,
1guZiH_PrAn9Om_IpVs4WNydUVL5F1Nznzed7yP4yu-Q,-Satisfacción del Curso virtual - Proceso de inducción y reinducción 2025 - (PIR_SSPM_2025),2025-12-05T04:22:50.464Z,,Masculino,Adultez (29 - 59 años),Pregrado,Área de la salud,5,5,5,5,5,5,5,5,5,3,4,4,5,COMUNA 22,
1guZiH_PrAn9Om_IpVs4WNydUVL5F1Nznzed7yP4yu-Q,-Satisfacción del Curso virtual - Proceso de inducción y reinducción 2025 - (PIR_SSPM_2025),2025-12-04T07:27:10.110Z,,Masculino,Juventud (18 - 28 años),Pregrado,Área de la salud,5,5,5,5,5,5,5,5,5,5,5,5,5,COMUNA 17,
1guZiH_PrAn9Om_IpVs4WNydUVL5F1Nznzed7yP4yu-Q,-Satisfacción del Curso virtual - Proceso de inducción y reinducción 2025 - (PIR_SSPM_2025),2025-12-05T17:30:53.901Z,,Masculino,Adultez (29 - 59 años),Pregrado,Otro,5,5,5,5,5,5,5,5,5,5,5,5,5,COMUNA 9,
1guZiH_PrAn9Om_IpVs4WNydUVL5F1Nznzed7yP4yu-Q,-Satisfacción del Curso virtual - Proceso de inducción y reinducción 2025 - (PIR_SSPM_2025),2025-12-06T00:13:24.883Z,,Femenino,Vejez (60 años o más),Postgrado,Área de la salud,5,5,5,5,5,5,5,5,5,5,5,5,5,COMUNA 17,
1guZiH_PrAn9Om_IpVs4WNydUVL5F1Nznzed7yP4yu-Q,-Satisfacción del Curso virtual - Proceso de inducción y reinducción 2025 - (PIR_SSPM_2025),2025-12-02T18:16:06.919Z,,Femenino,Adultez (29 - 59 años),Postgrado,Área de la salud,4,4,4,4,4,4,4,4,4,4,4,4,4,COMUNA 17,
1guZiH_PrAn9Om_IpVs4WNydUVL5F1Nznzed7yP4yu-Q,-Satisfacción del Curso virtual - Proceso de inducción y reinducción 2025 - (PIR_SSPM_2025),2025-12-24T17:39:56.715Z,,Femenino,Adultez (29 - 59 años),Pregrado,Área de la salud,4,4,4,5,5,5,5,4,4,5,5,5,5,C. DE EL HORMIGUERO,
1guZiH_PrAn9Om_IpVs4WNydUVL5F1Nznzed7yP4yu-Q,-Satisfacción del Curso virtual - Proceso de inducción y reinducción 2025 - (PIR_SSPM_2025),2025-11-18T19:04:39.533Z,,Masculino,Vejez (60 años o más),Pregrado,Área de la salud,4,4,4,4,4,5,3,4,3,4,2,4,4,COMUNA 13,
1guZiH_PrAn9Om_IpVs4WNydUVL5F1Nznzed7yP4yu-Q,-Satisfacción del Curso virtual - Proceso de inducción y reinducción 2025 - (PIR_SSPM_2025),2025-11-20T01:42:21.469Z,,Femenino,Adultez (29 - 59 años),Postgrado,Área de la salud,4,4,4,4,4,4,4,4,4,4,4,4,4,COMUNA 16,
1guZiH_PrAn9Om_IpVs4WNydUVL5F1Nznzed7yP4yu-Q,-Satisfacción del Curso virtual - Proceso de inducción y reinducción 2025 - (PIR_SSPM_2025),2025-11-29T06:10:20.767Z,,Femenino,Juventud (18 - 28 años),Pregrado,Área de la salud,5,5,5,5,5,5,5,5,5,5,5,5,5,COMUNA 15,
1guZiH_PrAn9Om_IpVs4WNydUVL5F1Nznzed7yP4yu-Q,-Satisfacción del Curso virtual - Proceso de inducción y reinducción 2025 - (PIR_SSPM_2025),2025-11-28T16:48:41.281Z,,Femenino,Adultez (29 - 59 años),Bachiller,Área de la salud,5,5,5,5,5,5,5,5,5,5,5,5,5,C. DE PANCE,
1guZiH_PrAn9Om_IpVs4WNydUVL5F1Nznzed7yP4yu-Q,-Satisfacción del Curso virtual - Proceso de inducción y reinducción 2025 - (PIR_SSPM_2025),2025-12-18T19:29:14.825Z,,Femenino,Adultez (29 - 59 años),Pregrado,Área de la salud,4,4,4,4,5,5,4,3,5,4,5,5,5,COMUNA 17,
1guZiH_PrAn9Om_IpVs4WNydUVL5F1Nznzed7yP4yu-Q,-Satisfacción del Curso virtual - Proceso de inducción y reinducción 2025 - (PIR_SSPM_2025),2025-11-21T15:44:11.094Z,,Femenino,Adultez (29 - 59 años),Postgrado,Área de la salud,5,5,5,5,5,5,5,5,5,5,5,5,5,COMUNA 19,
1guZiH_PrAn9Om_IpVs4WNydUVL5F1Nznzed7yP4yu-Q,-Satisfacción del Curso virtual - Proceso de inducción y reinducción 2025 - (PIR_SSPM_2025),2025-11-20T00:55:37.007Z,,Femenino,Vejez (60 años o más),Bachiller,Área de la salud,5,5,5,5,5,5,5,5,5,5,5,5,5,COMUNA 18,
1guZiH_PrAn9Om_IpVs4WNydUVL5F1Nznzed7yP4yu-Q,-Satisfacción del Curso virtual - Proceso de inducción y reinducción 2025 - (PIR_SSPM_2025),2025-11-26T22:56:46.018Z,,Femenino,Adultez (29 - 59 años),Postgrado,Área de la salud,5,5,5,5,5,5,5,5,5,5,5,5,5,COMUNA 19,
1guZiH_PrAn9Om_IpVs4WNydUVL5F1Nznzed7yP4yu-Q,-Satisfacción del Curso virtual - Proceso de inducción y reinducción 2025 - (PIR_SSPM_2025),2025-11-21T20:48:58.636Z,,Femenino,Adultez (29 - 59 años),Pregrado,Otro,4,5,4,4,5,5,4,4,4,4,4,4,5,COMUNA 4,
1guZiH_PrAn9Om_IpVs4WNydUVL5F1Nznzed7yP4yu-Q,-Satisfacción del Curso virtual - Proceso de inducción y reinducción 2025 - (PIR_SSPM_2025),2025-12-04T21:44:40.927Z,,Masculino,Adultez (29 - 59 años),Postgrado,Otro,5,5,5,5,5,5,5,5,5,5,5,5,5,C. DE LA PAZ,
1guZiH_PrAn9Om_IpVs4WNydUVL5F1Nznzed7yP4yu-Q,-Satisfacción del Curso virtual - Proceso de inducción y reinducción 2025 - (PIR_SSPM_2025),2025-11-22T00:50:52.194Z,,Femenino,Adultez (29 - 59 años),Postgrado,Área de la salud,5,5,5,5,5,5,5,5,5,5,5,5,5,COMUNA 22,
1guZiH_PrAn9Om_IpVs4WNydUVL5F1Nznzed7yP4yu-Q,-Satisfacción del Curso virtual - Proceso de inducción y reinducción 2025 - (PIR_SSPM_2025),2025-11-24T19:26:58.515Z,,Femenino,Adultez (29 - 59 años),Pregrado,Estudiante,5,5,5,5,5,5,5,4,4,4,5,5,5,COMUNA 14,
1guZiH_PrAn9Om_IpVs4WNydUVL5F1Nznzed7yP4yu-Q,-Satisfacción del Curso virtual - Proceso de inducción y reinducción 2025 - (PIR_SSPM_2025),2026-03-06T20:44:11.447Z,,Femenino,Adultez (29 - 59 años),Pregrado,Otro,5,5,5,5,5,5,5,5,5,5,5,5,5,COMUNA 21,
1guZiH_PrAn9Om_IpVs4WNydUVL5F1Nznzed7yP4yu-Q,-Satisfacción del Curso virtual - Proceso de inducción y reinducción 2025 - (PIR_SSPM_2025),2025-12-02T14:30:07.774Z,,Masculino,Adultez (29 - 59 años),Postgrado,Otro,5,5,5,5,5,5,4,5,5,5,5,5,5,COMUNA 2,
1guZiH_PrAn9Om_IpVs4WNydUVL5F1Nznzed7yP4yu-Q,-Satisfacción del Curso virtual - Proceso de inducción y reinducción 2025 - (PIR_SSPM_2025),2025-12-03T01:56:19.322Z,,Femenino,Adultez (29 - 59 años),Postgrado,Área de la salud,5,5,5,5,5,5,5,5,5,5,5,5,5,COMUNA 17,
1guZiH_PrAn9Om_IpVs4WNydUVL5F1Nznzed7yP4yu-Q,-Satisfacción del Curso virtual - Proceso de inducción y reinducción 2025 - (PIR_SSPM_2025),2025-12-04T05:05:32.443Z,,Femenino,Adultez (29 - 59 años),Postgrado,Otro,5,5,5,5,5,5,5,5,5,5,5,5,5,C. DE PANCE,
1guZiH_PrAn9Om_IpVs4WNydUVL5F1Nznzed7yP4yu-Q,-Satisfacción del Curso virtual - Proceso de inducción y reinducción 2025 - (PIR_SSPM_2025),2025-11-21T20:48:22.795Z,,Femenino,Adultez (29 - 59 años),Pregrado,Otro,5,4,4,4,5,4,4,5,4,3,3,4,4,COMUNA 19,
1guZiH_PrAn9Om_IpVs4WNydUVL5F1Nznzed7yP4yu-Q,-Satisfacción del Curso virtual - Proceso de inducción y reinducción 2025 - (PIR_SSPM_2025),2025-11-19T15:03:16.328Z,,Femenino,Adultez (29 - 59 años),Postgrado,Otro,4,4,4,4,4,4,4,4,4,4,4,4,4,COMUNA 17,
1guZiH_PrAn9Om_IpVs4WNydUVL5F1Nznzed7yP4yu-Q,-Satisfacción del Curso virtual - Proceso de inducción y reinducción 2025 - (PIR_SSPM_2025),2026-03-19T20:58:05.823Z,,Femenino,Adultez (29 - 59 años),Postgrado,Área de la salud,5,5,5,5,5,5,5,5,5,5,5,5,5,COMUNA 17,
1guZiH_PrAn9Om_IpVs4WNydUVL5F1Nznzed7yP4yu-Q,-Satisfacción del Curso virtual - Proceso de inducción y reinducción 2025 - (PIR_SSPM_2025),2025-11-17T02:58:18.667Z,,Femenino,Juventud (18 - 28 años),Pregrado,Otro,4,4,4,4,4,5,4,4,4,1,3,4,4,COMUNA 21,
1guZiH_PrAn9Om_IpVs4WNydUVL5F1Nznzed7yP4yu-Q,-Satisfacción del Curso virtual - Proceso de inducción y reinducción 2025 - (PIR_SSPM_2025),2025-11-19T16:55:51.974Z,,Femenino,Adultez (29 - 59 años),Pregrado,Área de la salud,4,4,4,4,4,4,4,4,3,3,3,3,4,COMUNA 19,
1guZiH_PrAn9Om_IpVs4WNydUVL5F1Nznzed7yP4yu-Q,-Satisfacción del Curso virtual - Proceso de inducción y reinducción 2025 - (PIR_SSPM_2025),2025-11-20T19:13:23.559Z,,Femenino,Adultez (29 - 59 años),Postgrado,Otro,5,5,5,5,5,5,5,5,5,5,5,5,5,COMUNA 21,
1guZiH_PrAn9Om_IpVs4WNydUVL5F1Nznzed7yP4yu-Q,-Satisfacción del Curso virtual - Proceso de inducción y reinducción 2025 - (PIR_SSPM_2025),2025-11-23T16:39:26.369Z,,Femenino,Adultez (29 - 59 años),Pregrado,Área de la salud,4,4,4,3,5,4,3,5,2,2,4,3,4,COMUNA 3,
1guZiH_PrAn9Om_IpVs4WNydUVL5F1Nznzed7yP4yu-Q,-Satisfacción del Curso virtual - Proceso de inducción y reinducción 2025 - (PIR_SSPM_2025),2025-11-28T17:16:31.775Z,,Femenino,Adultez (29 - 59 años),Pregrado,Otro,5,5,5,5,5,5,5,5,5,5,5,5,5,COMUNA 19,
1guZiH_PrAn9Om_IpVs4WNydUVL5F1Nznzed7yP4yu-Q,-Satisfacción del Curso virtual - Proceso de inducción y reinducción 2025 - (PIR_SSPM_2025),2025-11-18T21:17:32.705Z,,Femenino,Adultez (29 - 59 años),Postgrado,Otro,4,4,5,5,5,5,5,4,4,5,5,5,4,COMUNA 18,
1guZiH_PrAn9Om_IpVs4WNydUVL5F1Nznzed7yP4yu-Q,-Satisfacción del Curso virtual - Proceso de inducción y reinducción 2025 - (PIR_SSPM_2025),2025-12-06T04:38:30.452Z,,Femenino,Juventud (18 - 28 años),Pregrado,Área de la salud,5,5,5,5,5,5,5,5,5,5,5,5,5,COMUNA 12,
1guZiH_PrAn9Om_IpVs4WNydUVL5F1Nznzed7yP4yu-Q,-Satisfacción del Curso virtual - Proceso de inducción y reinducción 2025 - (PIR_SSPM_2025),2025-12-05T20:59:02.208Z,,Femenino,Adultez (29 - 59 años),Postgrado,Área de la salud,2,3,3,3,3,3,3,3,3,3,3,3,3,COMUNA 1,
1guZiH_PrAn9Om_IpVs4WNydUVL5F1Nznzed7yP4yu-Q,-Satisfacción del Curso virtual - Proceso de inducción y reinducción 2025 - (PIR_SSPM_2025),2025-11-18T18:29:51.501Z,,Masculino,Adultez (29 - 59 años),Bachiller,Otro,5,5,5,5,5,5,5,5,5,5,5,5,5,COMUNA 7,
1guZiH_PrAn9Om_IpVs4WNydUVL5F1Nznzed7yP4yu-Q,-Satisfacción del Curso virtual - Proceso de inducción y reinducción 2025 - (PIR_SSPM_2025),2025-12-04T21:09:27.234Z,,Femenino,Adultez (29 - 59 años),Postgrado,Área de la salud,5,5,5,4,5,4,2,5,5,2,5,3,3,COMUNA 3,
1guZiH_PrAn9Om_IpVs4WNydUVL5F1Nznzed7yP4yu-Q,-Satisfacción del Curso virtual - Proceso de inducción y reinducción 2025 - (PIR_SSPM_2025),2025-11-25T17:16:24.872Z,,Femenino,Adultez (29 - 59 años),Pregrado,Otro,5,5,5,5,5,5,5,5,5,5,5,5,5,COMUNA 12,
1guZiH_PrAn9Om_IpVs4WNydUVL5F1Nznzed7yP4yu-Q,-Satisfacción del Curso virtual - Proceso de inducción y reinducción 2025 - (PIR_SSPM_2025),2025-11-28T02:20:31.800Z,,Masculino,Vejez (60 años o más),Bachiller,Otro,5,5,4,5,4,5,5,5,5,5,4,4,5,COMUNA 4,
1guZiH_PrAn9Om_IpVs4WNydUVL5F1Nznzed7yP4yu-Q,-Satisfacción del Curso virtual - Proceso de inducción y reinducción 2025 - (PIR_SSPM_2025),2025-12-02T01:26:45.074Z,,Femenino,Adultez (29 - 59 años),Postgrado,Área de la salud,4,4,5,4,4,4,4,4,4,4,4,4,4,COMUNA 17,
1guZiH_PrAn9Om_IpVs4WNydUVL5F1Nznzed7yP4yu-Q,-Satisfacción del Curso virtual - Proceso de inducción y reinducción 2025 - (PIR_SSPM_2025),2025-11-28T04:59:28.630Z,,Femenino,Vejez (60 años o más),Postgrado,Otro,4,4,4,4,4,5,4,4,3,4,4,4,5,COMUNA 5,
1guZiH_PrAn9Om_IpVs4WNydUVL5F1Nznzed7yP4yu-Q,-Satisfacción del Curso virtual - Proceso de inducción y reinducción 2025 - (PIR_SSPM_2025),2026-06-09T05:01:26.607Z,,Masculino,Adultez (29 - 59 años),Postgrado,Área de la salud,5,5,5,5,5,5,5,5,5,5,5,5,5,COMUNA 19,
1guZiH_PrAn9Om_IpVs4WNydUVL5F1Nznzed7yP4yu-Q,-Satisfacción del Curso virtual - Proceso de inducción y reinducción 2025 - (PIR_SSPM_2025),2025-11-27T15:44:22.685Z,,Masculino,Adultez (29 - 59 años),Postgrado,Otro,5,5,5,5,5,5,5,5,5,5,5,5,5,COMUNA 22,
1guZiH_PrAn9Om_IpVs4WNydUVL5F1Nznzed7yP4yu-Q,-Satisfacción del Curso virtual - Proceso de inducción y reinducción 2025 - (PIR_SSPM_2025),2025-11-20T23:22:32.035Z,,Femenino,Vejez (60 años o más),Pregrado,Área de la salud,4,4,4,4,4,4,4,4,4,4,4,4,4,COMUNA 21,
1guZiH_PrAn9Om_IpVs4WNydUVL5F1Nznzed7yP4yu-Q,-Satisfacción del Curso virtual - Proceso de inducción y reinducción 2025 - (PIR_SSPM_2025),2025-11-19T16:49:33.394Z,,Femenino,Adultez (29 - 59 años),Bachiller,Otro,5,5,5,5,5,5,5,5,5,5,5,5,5,COMUNA 11,
1guZiH_PrAn9Om_IpVs4WNydUVL5F1Nznzed7yP4yu-Q,-Satisfacción del Curso virtual - Proceso de inducción y reinducción 2025 - (PIR_SSPM_2025),2025-11-27T17:41:06.903Z,,Femenino,Adultez (29 - 59 años),Postgrado,Otro,5,5,5,5,4,5,5,5,5,5,5,5,5,COMUNA 17,
1guZiH_PrAn9Om_IpVs4WNydUVL5F1Nznzed7yP4yu-Q,-Satisfacción del Curso virtual - Proceso de inducción y reinducción 2025 - (PIR_SSPM_2025),2025-11-27T15:31:27.465Z,,Masculino,Adultez (29 - 59 años),Pregrado,Otro,5,5,5,5,5,5,5,5,5,5,5,5,5,COMUNA 7,
1guZiH_PrAn9Om_IpVs4WNydUVL5F1Nznzed7yP4yu-Q,-Satisfacción del Curso virtual - Proceso de inducción y reinducción 2025 - (PIR_SSPM_2025),2025-12-01T19:07:08.227Z,,Masculino,Juventud (18 - 28 años),Postgrado,Otro,5,5,5,5,5,5,5,5,5,5,5,5,5,COMUNA 17,
1guZiH_PrAn9Om_IpVs4WNydUVL5F1Nznzed7yP4yu-Q,-Satisfacción del Curso virtual - Proceso de inducción y reinducción 2025 - (PIR_SSPM_2025),2025-11-23T17:37:00.989Z,,Masculino,Vejez (60 años o más),Postgrado,Área de la salud,3,3,3,3,4,4,3,3,3,3,5,4,3,COMUNA 10,
1guZiH_PrAn9Om_IpVs4WNydUVL5F1Nznzed7yP4yu-Q,-Satisfacción del Curso virtual - Proceso de inducción y reinducción 2025 - (PIR_SSPM_2025),2025-11-24T17:01:57.008Z,,Femenino,Adultez (29 - 59 años),Bachiller,Área de la salud,4,4,4,4,4,4,4,4,4,4,4,4,4,COMUNA 13,
1guZiH_PrAn9Om_IpVs4WNydUVL5F1Nznzed7yP4yu-Q,-Satisfacción del Curso virtual - Proceso de inducción y reinducción 2025 - (PIR_SSPM_2025),2025-11-24T22:37:47.830Z,,Femenino,Adultez (29 - 59 años),Pregrado,Área de la salud,5,5,5,5,5,5,5,5,5,5,5,5,5,COMUNA 5,
1guZiH_PrAn9Om_IpVs4WNydUVL5F1Nznzed7yP4yu-Q,-Satisfacción del Curso virtual - Proceso de inducción y reinducción 2025 - (PIR_SSPM_2025),2025-11-27T22:39:15.617Z,,Masculino,Adultez (29 - 59 años),Postgrado,Otro,5,5,5,5,5,5,5,5,5,5,5,5,5,COMUNA 19,
1guZiH_PrAn9Om_IpVs4WNydUVL5F1Nznzed7yP4yu-Q,-Satisfacción del Curso virtual - Proceso de inducción y reinducción 2025 - (PIR_SSPM_2025),2025-11-15T19:41:56.468Z,,Masculino,Vejez (60 años o más),Pregrado,Otro,5,5,5,5,5,4,5,5,5,5,5,5,5,COMUNA 16,
1guZiH_PrAn9Om_IpVs4WNydUVL5F1Nznzed7yP4yu-Q,-Satisfacción del Curso virtual - Proceso de inducción y reinducción 2025 - (PIR_SSPM_2025),2025-12-05T05:06:00.540Z,,Femenino,Adultez (29 - 59 años),Postgrado,Área de la salud,4,4,4,4,4,4,4,4,4,4,4,4,4,COMUNA 6,
1guZiH_PrAn9Om_IpVs4WNydUVL5F1Nznzed7yP4yu-Q,-Satisfacción del Curso virtual - Proceso de inducción y reinducción 2025 - (PIR_SSPM_2025),2025-12-02T01:38:59.648Z,,Femenino,Adultez (29 - 59 años),Ninguna,Área de la salud,5,5,5,4,5,5,5,5,5,3,3,5,5,COMUNA 2,
1guZiH_PrAn9Om_IpVs4WNydUVL5F1Nznzed7yP4yu-Q,-Satisfacción del Curso virtual - Proceso de inducción y reinducción 2025 - (PIR_SSPM_2025),2025-12-01T22:33:27.208Z,,Femenino,Adultez (29 - 59 años),Pregrado,Área de la salud,5,5,5,5,5,5,5,5,5,5,5,5,5,C. DE FELIDIA,
1guZiH_PrAn9Om_IpVs4WNydUVL5F1Nznzed7yP4yu-Q,-Satisfacción del Curso virtual - Proceso de inducción y reinducción 2025 - (PIR_SSPM_2025),2025-11-25T00:29:59.958Z,,Masculino,Adultez (29 - 59 años),Pregrado,Otro,5,5,5,4,5,5,5,5,5,5,5,5,5,COMUNA 18,
1guZiH_PrAn9Om_IpVs4WNydUVL5F1Nznzed7yP4yu-Q,-Satisfacción del Curso virtual - Proceso de inducción y reinducción 2025 - (PIR_SSPM_2025),2025-11-19T20:22:06.715Z,,Femenino,Adultez (29 - 59 años),Postgrado,Área de la salud,5,5,5,5,1,5,5,3,5,5,3,5,5,COMUNA 17,
1guZiH_PrAn9Om_IpVs4WNydUVL5F1Nznzed7yP4yu-Q,-Satisfacción del Curso virtual - Proceso de inducción y reinducción 2025 - (PIR_SSPM_2025),2025-12-04T05:39:59.506Z,,Femenino,Adultez (29 - 59 años),Pregrado,Área de la salud,4,4,4,3,4,4,4,4,4,4,3,4,4,COMUNA 17,
1guZiH_PrAn9Om_IpVs4WNydUVL5F1Nznzed7yP4yu-Q,-Satisfacción del Curso virtual - Proceso de inducción y reinducción 2025 - (PIR_SSPM_2025),2025-11-18T16:48:24.704Z,,Masculino,Adultez (29 - 59 años),Postgrado,Área de la salud,5,5,4,4,5,5,5,5,4,4,4,4,4,COMUNA 8,
1guZiH_PrAn9Om_IpVs4WNydUVL5F1Nznzed7yP4yu-Q,-Satisfacción del Curso virtual - Proceso de inducción y reinducción 2025 - (PIR_SSPM_2025),2026-02-27T00:04:02.692Z,,Femenino,Adultez (29 - 59 años),Postgrado,Área de la salud,4,4,4,4,4,4,4,4,3,2,3,3,4,COMUNA 17,
1guZiH_PrAn9Om_IpVs4WNydUVL5F1Nznzed7yP4yu-Q,-Satisfacción del Curso virtual - Proceso de inducción y reinducción 2025 - (PIR_SSPM_2025),2025-12-02T16:39:19.820Z,,Masculino,Adultez (29 - 59 años),Postgrado,Otro,5,5,5,5,5,5,5,5,5,5,5,5,5,COMUNA 8,
1guZiH_PrAn9Om_IpVs4WNydUVL5F1Nznzed7yP4yu-Q,-Satisfacción del Curso virtual - Proceso de inducción y reinducción 2025 - (PIR_SSPM_2025),2026-03-10T22:13:42.967Z,,Femenino,Adultez (29 - 59 años),Bachiller,Área de la salud,5,5,5,5,5,5,5,5,3,2,5,5,5,COMUNA 17,
1guZiH_PrAn9Om_IpVs4WNydUVL5F1Nznzed7yP4yu-Q,-Satisfacción del Curso virtual - Proceso de inducción y reinducción 2025 - (PIR_SSPM_2025),2025-11-30T04:11:02.041Z,,Masculino,Vejez (60 años o más),Bachiller,Área de la salud,5,5,5,5,5,5,5,5,5,5,5,5,5,COMUNA 2,
1guZiH_PrAn9Om_IpVs4WNydUVL5F1Nznzed7yP4yu-Q,-Satisfacción del Curso virtual - Proceso de inducción y reinducción 2025 - (PIR_SSPM_2025),2025-11-28T05:19:12.868Z,,Masculino,Adultez (29 - 59 años),Bachiller,Área de la salud,5,5,5,5,5,5,5,5,5,5,5,5,5,COMUNA 9,
1guZiH_PrAn9Om_IpVs4WNydUVL5F1Nznzed7yP4yu-Q,-Satisfacción del Curso virtual - Proceso de inducción y reinducción 2025 - (PIR_SSPM_2025),2025-12-03T03:03:02.382Z,,Femenino,Adultez (29 - 59 años),Postgrado,Área de la salud,5,5,5,5,5,5,5,3,5,3,5,5,5,COMUNA 8,
1guZiH_PrAn9Om_IpVs4WNydUVL5F1Nznzed7yP4yu-Q,-Satisfacción del Curso virtual - Proceso de inducción y reinducción 2025 - (PIR_SSPM_2025),2026-03-20T19:56:17.772Z,,Femenino,Adultez (29 - 59 años),Postgrado,Otro,5,5,5,5,5,5,5,5,5,4,5,5,5,COMUNA 2,
1guZiH_PrAn9Om_IpVs4WNydUVL5F1Nznzed7yP4yu-Q,-Satisfacción del Curso virtual - Proceso de inducción y reinducción 2025 - (PIR_SSPM_2025),2025-12-04T04:24:38.542Z,,Femenino,Juventud (18 - 28 años),Pregrado,Área de la salud,5,5,3,3,4,4,4,4,3,1,4,3,4,COMUNA 15,
1guZiH_PrAn9Om_IpVs4WNydUVL5F1Nznzed7yP4yu-Q,-Satisfacción del Curso virtual - Proceso de inducción y reinducción 2025 - (PIR_SSPM_2025),2025-11-25T22:59:40.639Z,,Femenino,Adultez (29 - 59 años),Pregrado,Área de la salud,5,5,5,5,5,5,5,5,5,5,5,5,5,COMUNA 11,
1guZiH_PrAn9Om_IpVs4WNydUVL5F1Nznzed7yP4yu-Q,-Satisfacción del Curso virtual - Proceso de inducción y reinducción 2025 - (PIR_SSPM_2025),2025-11-19T19:28:45.732Z,,Femenino,Juventud (18 - 28 años),Pregrado,Área de la salud,5,5,5,5,5,5,4,5,5,5,5,5,5,COMUNA 8,
1guZiH_PrAn9Om_IpVs4WNydUVL5F1Nznzed7yP4yu-Q,-Satisfacción del Curso virtual - Proceso de inducción y reinducción 2025 - (PIR_SSPM_2025),2025-11-28T17:08:28.439Z,,Femenino,Adultez (29 - 59 años),Pregrado,Área de la salud,4,3,3,3,4,4,4,4,3,3,3,3,3,COMUNA 15,
1guZiH_PrAn9Om_IpVs4WNydUVL5F1Nznzed7yP4yu-Q,-Satisfacción del Curso virtual - Proceso de inducción y reinducción 2025 - (PIR_SSPM_2025),2025-11-24T19:43:09.063Z,,Femenino,Adultez (29 - 59 años),Postgrado,Otro,5,5,5,5,5,5,5,5,5,5,5,5,5,COMUNA 2,
1guZiH_PrAn9Om_IpVs4WNydUVL5F1Nznzed7yP4yu-Q,-Satisfacción del Curso virtual - Proceso de inducción y reinducción 2025 - (PIR_SSPM_2025),2025-11-24T20:16:43.611Z,,Masculino,Vejez (60 años o más),Pregrado,Área de la salud,5,5,5,5,5,5,5,5,5,5,5,5,5,COMUNA 12,
1guZiH_PrAn9Om_IpVs4WNydUVL5F1Nznzed7yP4yu-Q,-Satisfacción del Curso virtual - Proceso de inducción y reinducción 2025 - (PIR_SSPM_2025),2025-11-18T00:05:44.496Z,,Masculino,Adultez (29 - 59 años),Pregrado,Otro,1,1,1,5,4,5,5,5,5,5,5,5,5,COMUNA 3,
1guZiH_PrAn9Om_IpVs4WNydUVL5F1Nznzed7yP4yu-Q,-Satisfacción del Curso virtual - Proceso de inducción y reinducción 2025 - (PIR_SSPM_2025),2025-12-01T21:09:51.520Z,,Femenino,Adultez (29 - 59 años),Postgrado,Área de la salud,5,5,5,5,5,5,5,5,5,5,5,5,5,COMUNA 17,
1guZiH_PrAn9Om_IpVs4WNydUVL5F1Nznzed7yP4yu-Q,-Satisfacción del Curso virtual - Proceso de inducción y reinducción 2025 - (PIR_SSPM_2025),2025-12-09T04:07:44.218Z,,Femenino,Adultez (29 - 59 años),Pregrado,Otro,5,5,5,5,5,5,5,5,5,5,5,5,5,COMUNA 6,
1guZiH_PrAn9Om_IpVs4WNydUVL5F1Nznzed7yP4yu-Q,-Satisfacción del Curso virtual - Proceso de inducción y reinducción 2025 - (PIR_SSPM_2025),2025-12-01T15:50:23.569Z,,Femenino,Adultez (29 - 59 años),Pregrado,Otro,5,5,5,5,5,5,5,5,5,5,5,5,5,COMUNA 6,
1guZiH_PrAn9Om_IpVs4WNydUVL5F1Nznzed7yP4yu-Q,-Satisfacción del Curso virtual - Proceso de inducción y reinducción 2025 - (PIR_SSPM_2025),2025-12-01T18:51:09.284Z,,Masculino,Adultez (29 - 59 años),Bachiller,Estudiante,5,5,5,5,5,5,5,5,5,5,5,5,5,COMUNA 2,
1guZiH_PrAn9Om_IpVs4WNydUVL5F1Nznzed7yP4yu-Q,-Satisfacción del Curso virtual - Proceso de inducción y reinducción 2025 - (PIR_SSPM_2025),2025-11-25T20:41:44.954Z,,Femenino,Adultez (29 - 59 años),Pregrado,Área de la salud,4,4,5,3,5,5,5,4,4,4,5,4,5,COMUNA 13,
1guZiH_PrAn9Om_IpVs4WNydUVL5F1Nznzed7yP4yu-Q,-Satisfacción del Curso virtual - Proceso de inducción y reinducción 2025 - (PIR_SSPM_2025),2025-12-05T16:51:08.634Z,,Femenino,Adultez (29 - 59 años),Pregrado,Área de la salud,5,5,4,5,5,5,4,5,3,4,5,5,5,COMUNA 17,
1guZiH_PrAn9Om_IpVs4WNydUVL5F1Nznzed7yP4yu-Q,-Satisfacción del Curso virtual - Proceso de inducción y reinducción 2025 - (PIR_SSPM_2025),2025-11-21T16:44:52.754Z,,Femenino,Adultez (29 - 59 años),Postgrado,Área de la salud,5,5,5,5,5,5,5,5,5,3,5,5,5,COMUNA 9,
1guZiH_PrAn9Om_IpVs4WNydUVL5F1Nznzed7yP4yu-Q,-Satisfacción del Curso virtual - Proceso de inducción y reinducción 2025 - (PIR_SSPM_2025),2025-11-17T17:51:06.968Z,,Masculino,Adultez (29 - 59 años),Postgrado,Área de la salud,4,4,4,4,4,4,4,4,3,3,3,4,4,COMUNA 8,
1guZiH_PrAn9Om_IpVs4WNydUVL5F1Nznzed7yP4yu-Q,-Satisfacción del Curso virtual - Proceso de inducción y reinducción 2025 - (PIR_SSPM_2025),2025-11-20T14:00:29.218Z,,Masculino,Adultez (29 - 59 años),Pregrado,Otro,5,5,5,5,5,5,5,5,5,5,5,5,5,COMUNA 6,
1guZiH_PrAn9Om_IpVs4WNydUVL5F1Nznzed7yP4yu-Q,-Satisfacción del Curso virtual - Proceso de inducción y reinducción 2025 - (PIR_SSPM_2025),2026-03-06T20:06:06.493Z,,Masculino,Adultez (29 - 59 años),Postgrado,Otro,5,5,5,5,5,5,5,5,5,5,5,5,5,COMUNA 9,
1guZiH_PrAn9Om_IpVs4WNydUVL5F1Nznzed7yP4yu-Q,-Satisfacción del Curso virtual - Proceso de inducción y reinducción 2025 - (PIR_SSPM_2025),2025-11-24T16:36:36.344Z,,Femenino,Adultez (29 - 59 años),Postgrado,Otro,4,4,4,4,4,4,4,4,4,4,4,4,4,COMUNA 17,
1guZiH_PrAn9Om_IpVs4WNydUVL5F1Nznzed7yP4yu-Q,-Satisfacción del Curso virtual - Proceso de inducción y reinducción 2025 - (PIR_SSPM_2025),2025-11-28T21:56:11.635Z,,Masculino,Juventud (18 - 28 años),Pregrado,Área de la salud,5,4,4,5,5,5,5,5,5,5,5,5,5,COMUNA 17,
1guZiH_PrAn9Om_IpVs4WNydUVL5F1Nznzed7yP4yu-Q,-Satisfacción del Curso virtual - Proceso de inducción y reinducción 2025 - (PIR_SSPM_2025),2025-12-03T05:48:19.661Z,,Femenino,Adultez (29 - 59 años),Postgrado,Área de la salud,5,5,5,5,5,5,5,5,5,5,5,5,5,COMUNA 6,
1guZiH_PrAn9Om_IpVs4WNydUVL5F1Nznzed7yP4yu-Q,-Satisfacción del Curso virtual - Proceso de inducción y reinducción 2025 - (PIR_SSPM_2025),2025-11-25T23:15:10.522Z,,Masculino,Vejez (60 años o más),Pregrado,Área de la salud,5,5,5,5,5,5,5,5,5,5,5,5,5,COMUNA 21,
1guZiH_PrAn9Om_IpVs4WNydUVL5F1Nznzed7yP4yu-Q,-Satisfacción del Curso virtual - Proceso de inducción y reinducción 2025 - (PIR_SSPM_2025),2025-11-21T04:37:23.212Z,,Femenino,Adultez (29 - 59 años),Pregrado,Área de la salud,5,5,5,5,5,5,5,5,5,5,5,5,5,COMUNA 4,
1guZiH_PrAn9Om_IpVs4WNydUVL5F1Nznzed7yP4yu-Q,-Satisfacción del Curso virtual - Proceso de inducción y reinducción 2025 - (PIR_SSPM_2025),2025-11-27T16:03:14.382Z,,Masculino,Adultez (29 - 59 años),Postgrado,Área de la salud,5,5,5,5,5,5,5,5,5,5,5,5,5,COMUNA 2,
1guZiH_PrAn9Om_IpVs4WNydUVL5F1Nznzed7yP4yu-Q,-Satisfacción del Curso virtual - Proceso de inducción y reinducción 2025 - (PIR_SSPM_2025),2025-11-19T01:11:08.466Z,,Femenino,Adultez (29 - 59 años),Postgrado,Área de la salud,5,5,5,5,5,5,5,5,5,3,5,5,5,COMUNA 2,
1guZiH_PrAn9Om_IpVs4WNydUVL5F1Nznzed7yP4yu-Q,-Satisfacción del Curso virtual - Proceso de inducción y reinducción 2025 - (PIR_SSPM_2025),2025-11-27T15:48:27.977Z,,Masculino,Adultez (29 - 59 años),Pregrado,Otro,5,5,5,5,5,5,5,5,5,5,5,5,5,COMUNA 17,
1guZiH_PrAn9Om_IpVs4WNydUVL5F1Nznzed7yP4yu-Q,-Satisfacción del Curso virtual - Proceso de inducción y reinducción 2025 - (PIR_SSPM_2025),2025-11-27T15:58:45.612Z,,Masculino,Vejez (60 años o más),Bachiller,Área de la salud,4,4,4,4,4,4,4,4,4,4,4,4,4,COMUNA 12,
1guZiH_PrAn9Om_IpVs4WNydUVL5F1Nznzed7yP4yu-Q,-Satisfacción del Curso virtual - Proceso de inducción y reinducción 2025 - (PIR_SSPM_2025),2026-02-23T20:42:49.830Z,,Femenino,Adultez (29 - 59 años),Postgrado,Otro,5,5,5,5,5,5,5,5,4,4,5,5,5,COMUNA 17,
1guZiH_PrAn9Om_IpVs4WNydUVL5F1Nznzed7yP4yu-Q,-Satisfacción del Curso virtual - Proceso de inducción y reinducción 2025 - (PIR_SSPM_2025),2025-12-04T15:19:55.605Z,,Femenino,Adultez (29 - 59 años),Postgrado,Área de la salud,5,5,5,5,5,5,5,5,5,5,5,5,5,COMUNA 17,
1guZiH_PrAn9Om_IpVs4WNydUVL5F1Nznzed7yP4yu-Q,-Satisfacción del Curso virtual - Proceso de inducción y reinducción 2025 - (PIR_SSPM_2025),2025-11-28T23:32:13.315Z,,Femenino,Adultez (29 - 59 años),Postgrado,Otro,4,4,4,4,4,4,4,4,4,4,4,4,4,COMUNA 17,
1guZiH_PrAn9Om_IpVs4WNydUVL5F1Nznzed7yP4yu-Q,-Satisfacción del Curso virtual - Proceso de inducción y reinducción 2025 - (PIR_SSPM_2025),2025-11-20T16:48:18.999Z,,Masculino,Adultez (29 - 59 años),Postgrado,Área de la salud,5,5,5,5,5,5,5,5,5,5,5,5,5,COMUNA 22,
1guZiH_PrAn9Om_IpVs4WNydUVL5F1Nznzed7yP4yu-Q,-Satisfacción del Curso virtual - Proceso de inducción y reinducción 2025 - (PIR_SSPM_2025),2025-11-25T03:17:21.761Z,,Femenino,Adultez (29 - 59 años),Pregrado,Área de la salud,5,5,5,5,5,5,5,5,5,5,5,5,5,COMUNA 5,
1guZiH_PrAn9Om_IpVs4WNydUVL5F1Nznzed7yP4yu-Q,-Satisfacción del Curso virtual - Proceso de inducción y reinducción 2025 - (PIR_SSPM_2025),2025-11-15T20:15:37.849Z,,Femenino,Adultez (29 - 59 años),Bachiller,Área de la salud,4,4,4,4,4,5,4,4,4,4,5,4,5,COMUNA 16,
1guZiH_PrAn9Om_IpVs4WNydUVL5F1Nznzed7yP4yu-Q,-Satisfacción del Curso virtual - Proceso de inducción y reinducción 2025 - (PIR_SSPM_2025),2025-11-19T18:13:17.918Z,,Femenino,Adultez (29 - 59 años),Pregrado,Área de la salud,4,4,4,4,4,4,4,4,4,3,4,4,4,COMUNA 17,
1guZiH_PrAn9Om_IpVs4WNydUVL5F1Nznzed7yP4yu-Q,-Satisfacción del Curso virtual - Proceso de inducción y reinducción 2025 - (PIR_SSPM_2025),2025-11-27T14:23:06.650Z,,Masculino,Vejez (60 años o más),Pregrado,Otro,4,4,4,3,4,4,4,4,4,4,3,4,4,COMUNA 14,
1guZiH_PrAn9Om_IpVs4WNydUVL5F1Nznzed7yP4yu-Q,-Satisfacción del Curso virtual - Proceso de inducción y reinducción 2025 - (PIR_SSPM_2025),2025-11-18T20:05:36.581Z,,Femenino,Adultez (29 - 59 años),Postgrado,Otro,5,5,5,5,5,5,5,5,5,5,5,5,5,COMUNA 17,
1guZiH_PrAn9Om_IpVs4WNydUVL5F1Nznzed7yP4yu-Q,-Satisfacción del Curso virtual - Proceso de inducción y reinducción 2025 - (PIR_SSPM_2025),2025-11-21T03:54:48.057Z,,Femenino,Adultez (29 - 59 años),Pregrado,Otro,4,4,5,4,4,4,4,4,4,4,4,4,4,COMUNA 17,
1guZiH_PrAn9Om_IpVs4WNydUVL5F1Nznzed7yP4yu-Q,-Satisfacción del Curso virtual - Proceso de inducción y reinducción 2025 - (PIR_SSPM_2025),2025-11-27T14:44:59.186Z,,Femenino,Adultez (29 - 59 años),Bachiller,Área de la salud,5,5,5,5,5,5,5,5,5,5,5,5,5,COMUNA 13,
1guZiH_PrAn9Om_IpVs4WNydUVL5F1Nznzed7yP4yu-Q,-Satisfacción del Curso virtual - Proceso de inducción y reinducción 2025 - (PIR_SSPM_2025),2025-12-03T15:05:50.242Z,,Masculino,Juventud (18 - 28 años),Pregrado,Área de la salud,4,4,4,4,4,4,4,4,4,4,4,4,4,COMUNA 4,
1guZiH_PrAn9Om_IpVs4WNydUVL5F1Nznzed7yP4yu-Q,-Satisfacción del Curso virtual - Proceso de inducción y reinducción 2025 - (PIR_SSPM_2025),2025-12-04T01:22:51.979Z,,Masculino,Adultez (29 - 59 años),Postgrado,Área de la salud,5,5,5,5,5,5,4,5,3,3,4,4,5,COMUNA 18,
1guZiH_PrAn9Om_IpVs4WNydUVL5F1Nznzed7yP4yu-Q,-Satisfacción del Curso virtual - Proceso de inducción y reinducción 2025 - (PIR_SSPM_2025),2025-12-05T16:53:43.838Z,,Masculino,Vejez (60 años o más),Postgrado,Área de la salud,4,4,4,3,3,3,3,3,3,3,3,3,3,C. DE PANCE,
1guZiH_PrAn9Om_IpVs4WNydUVL5F1Nznzed7yP4yu-Q,-Satisfacción del Curso virtual - Proceso de inducción y reinducción 2025 - (PIR_SSPM_2025),2025-11-24T01:47:00.772Z,,Femenino,Adultez (29 - 59 años),Bachiller,Otro,5,5,5,5,5,5,5,5,4,4,5,5,5,COMUNA 1,
1guZiH_PrAn9Om_IpVs4WNydUVL5F1Nznzed7yP4yu-Q,-Satisfacción del Curso virtual - Proceso de inducción y reinducción 2025 - (PIR_SSPM_2025),2025-12-02T19:01:00.861Z,,Femenino,Juventud (18 - 28 años),Bachiller,Estudiante,5,5,5,5,5,5,5,5,5,5,5,5,5,COMUNA 17,
1guZiH_PrAn9Om_IpVs4WNydUVL5F1Nznzed7yP4yu-Q,-Satisfacción del Curso virtual - Proceso de inducción y reinducción 2025 - (PIR_SSPM_2025),2025-12-02T13:46:20.546Z,,Masculino,Adultez (29 - 59 años),Bachiller,Área de la salud,5,5,5,5,5,5,5,5,5,5,5,5,5,COMUNA 21,
1guZiH_PrAn9Om_IpVs4WNydUVL5F1Nznzed7yP4yu-Q,-Satisfacción del Curso virtual - Proceso de inducción y reinducción 2025 - (PIR_SSPM_2025),2025-11-24T19:01:54.442Z,,Femenino,Adultez (29 - 59 años),Bachiller,Área de la salud,4,4,4,4,4,4,4,4,4,4,4,4,4,COMUNA 16,
1guZiH_PrAn9Om_IpVs4WNydUVL5F1Nznzed7yP4yu-Q,-Satisfacción del Curso virtual - Proceso de inducción y reinducción 2025 - (PIR_SSPM_2025),2025-11-20T21:55:51.913Z,,Femenino,Juventud (18 - 28 años),Pregrado,Otro,5,5,5,5,5,5,5,5,5,5,5,5,5,COMUNA 15,
1guZiH_PrAn9Om_IpVs4WNydUVL5F1Nznzed7yP4yu-Q,-Satisfacción del Curso virtual - Proceso de inducción y reinducción 2025 - (PIR_SSPM_2025),2025-11-19T21:00:53.561Z,,Masculino,Adultez (29 - 59 años),Pregrado,Área de la salud,5,5,5,5,5,5,5,5,5,5,5,5,5,COMUNA 17,
1guZiH_PrAn9Om_IpVs4WNydUVL5F1Nznzed7yP4yu-Q,-Satisfacción del Curso virtual - Proceso de inducción y reinducción 2025 - (PIR_SSPM_2025),2025-12-02T20:38:55.876Z,,Masculino,Adultez (29 - 59 años),Postgrado,Área de la salud,5,5,5,5,5,5,5,5,3,5,5,5,5,COMUNA 17,
1guZiH_PrAn9Om_IpVs4WNydUVL5F1Nznzed7yP4yu-Q,-Satisfacción del Curso virtual - Proceso de inducción y reinducción 2025 - (PIR_SSPM_2025),2025-11-21T18:38:34.489Z,,Femenino,Adultez (29 - 59 años),Pregrado,Área de la salud,5,5,5,5,5,5,5,5,5,5,5,5,5,COMUNA 17,
1guZiH_PrAn9Om_IpVs4WNydUVL5F1Nznzed7yP4yu-Q,-Satisfacción del Curso virtual - Proceso de inducción y reinducción 2025 - (PIR_SSPM_2025),2025-12-03T02:43:51.965Z,,Masculino,Adultez (29 - 59 años),Postgrado,Área de la salud,2,3,3,3,3,3,3,2,2,3,3,3,3,COMUNA 13,
1guZiH_PrAn9Om_IpVs4WNydUVL5F1Nznzed7yP4yu-Q,-Satisfacción del Curso virtual - Proceso de inducción y reinducción 2025 - (PIR_SSPM_2025),2025-11-23T01:34:23.535Z,,Femenino,Juventud (18 - 28 años),Pregrado,Área de la salud,5,5,5,5,5,5,5,5,5,5,5,5,5,COMUNA 16,
1guZiH_PrAn9Om_IpVs4WNydUVL5F1Nznzed7yP4yu-Q,-Satisfacción del Curso virtual - Proceso de inducción y reinducción 2025 - (PIR_SSPM_2025),2025-12-01T04:56:35.555Z,,Femenino,Adultez (29 - 59 años),Postgrado,Área de la salud,5,5,5,5,5,5,5,5,5,5,5,5,5,COMUNA 1,
1guZiH_PrAn9Om_IpVs4WNydUVL5F1Nznzed7yP4yu-Q,-Satisfacción del Curso virtual - Proceso de inducción y reinducción 2025 - (PIR_SSPM_2025),2025-12-04T04:14:27.142Z,,Femenino,Adultez (29 - 59 años),Pregrado,Área de la salud,4,4,4,4,5,4,3,4,2,1,3,4,4,COMUNA 10,
1guZiH_PrAn9Om_IpVs4WNydUVL5F1Nznzed7yP4yu-Q,-Satisfacción del Curso virtual - Proceso de inducción y reinducción 2025 - (PIR_SSPM_2025),2025-11-19T23:20:35.675Z,,Masculino,Adultez (29 - 59 años),Pregrado,Área de la salud,5,5,5,5,5,5,5,5,5,5,5,5,5,COMUNA 6,
1guZiH_PrAn9Om_IpVs4WNydUVL5F1Nznzed7yP4yu-Q,-Satisfacción del Curso virtual - Proceso de inducción y reinducción 2025 - (PIR_SSPM_2025),2026-02-10T15:46:42.769Z,,Femenino,Juventud (18 - 28 años),Pregrado,Área de la salud,5,5,5,5,5,5,5,5,5,5,5,5,5,COMUNA 5,
1guZiH_PrAn9Om_IpVs4WNydUVL5F1Nznzed7yP4yu-Q,-Satisfacción del Curso virtual - Proceso de inducción y reinducción 2025 - (PIR_SSPM_2025),2025-11-23T22:05:28.449Z,,Masculino,Adultez (29 - 59 años),Pregrado,Otro,4,4,4,4,4,5,5,4,3,3,4,4,4,COMUNA 6,
1guZiH_PrAn9Om_IpVs4WNydUVL5F1Nznzed7yP4yu-Q,-Satisfacción del Curso virtual - Proceso de inducción y reinducción 2025 - (PIR_SSPM_2025),2025-11-19T14:55:51.041Z,,Femenino,Adultez (29 - 59 años),Postgrado,Otro,5,5,5,5,5,5,5,5,5,5,5,5,5,COMUNA 3,
1guZiH_PrAn9Om_IpVs4WNydUVL5F1Nznzed7yP4yu-Q,-Satisfacción del Curso virtual - Proceso de inducción y reinducción 2025 - (PIR_SSPM_2025),2025-12-19T01:10:48.052Z,,Masculino,Adultez (29 - 59 años),Pregrado,Otro,4,4,4,4,4,4,4,4,4,4,4,5,5,COMUNA 17,
1guZiH_PrAn9Om_IpVs4WNydUVL5F1Nznzed7yP4yu-Q,-Satisfacción del Curso virtual - Proceso de inducción y reinducción 2025 - (PIR_SSPM_2025),2025-11-20T18:36:24.809Z,,Masculino,Adultez (29 - 59 años),Pregrado,Área de la salud,5,5,5,5,5,5,5,5,5,5,5,5,5,COMUNA 19,
1guZiH_PrAn9Om_IpVs4WNydUVL5F1Nznzed7yP4yu-Q,-Satisfacción del Curso virtual - Proceso de inducción y reinducción 2025 - (PIR_SSPM_2025),2025-11-29T05:46:08.734Z,,Femenino,Adultez (29 - 59 años),Pregrado,Otro,5,5,5,5,5,4,5,5,5,5,5,5,5,COMUNA 19,
1guZiH_PrAn9Om_IpVs4WNydUVL5F1Nznzed7yP4yu-Q,-Satisfacción del Curso virtual - Proceso de inducción y reinducción 2025 - (PIR_SSPM_2025),2025-11-20T23:32:00.831Z,,Masculino,Adultez (29 - 59 años),Pregrado,Otro,5,5,5,5,5,5,3,3,3,3,5,5,5,COMUNA 19,
1guZiH_PrAn9Om_IpVs4WNydUVL5F1Nznzed7yP4yu-Q,-Satisfacción del Curso virtual - Proceso de inducción y reinducción 2025 - (PIR_SSPM_2025),2025-11-18T21:36:22.244Z,,Femenino,Adultez (29 - 59 años),Postgrado,Área de la salud,5,5,5,5,5,5,5,5,5,5,5,5,5,COMUNA 19,
1guZiH_PrAn9Om_IpVs4WNydUVL5F1Nznzed7yP4yu-Q,-Satisfacción del Curso virtual - Proceso de inducción y reinducción 2025 - (PIR_SSPM_2025),2025-12-05T18:58:21.396Z,,Femenino,Juventud (18 - 28 años),Pregrado,Otro,5,5,5,5,5,5,5,5,5,5,5,5,5,COMUNA 17,
1guZiH_PrAn9Om_IpVs4WNydUVL5F1Nznzed7yP4yu-Q,-Satisfacción del Curso virtual - Proceso de inducción y reinducción 2025 - (PIR_SSPM_2025),2025-11-26T16:48:31.058Z,,Femenino,Vejez (60 años o más),Postgrado,Otro,5,5,5,5,5,5,5,5,5,5,5,5,5,COMUNA 17,
1guZiH_PrAn9Om_IpVs4WNydUVL5F1Nznzed7yP4yu-Q,-Satisfacción del Curso virtual - Proceso de inducción y reinducción 2025 - (PIR_SSPM_2025),2025-11-20T04:01:00.963Z,,Femenino,Adultez (29 - 59 años),Postgrado,Área de la salud,5,5,5,5,5,5,5,5,5,5,5,5,5,C. DE PANCE,
1guZiH_PrAn9Om_IpVs4WNydUVL5F1Nznzed7yP4yu-Q,-Satisfacción del Curso virtual - Proceso de inducción y reinducción 2025 - (PIR_SSPM_2025),2025-11-27T14:49:07.541Z,,Femenino,Adultez (29 - 59 años),Pregrado,Otro,4,4,4,4,4,4,4,4,4,4,4,4,4,COMUNA 10,
1guZiH_PrAn9Om_IpVs4WNydUVL5F1Nznzed7yP4yu-Q,-Satisfacción del Curso virtual - Proceso de inducción y reinducción 2025 - (PIR_SSPM_2025),2025-11-18T15:25:54.422Z,,Masculino,Adultez (29 - 59 años),Postgrado,Otro,5,5,5,5,5,5,5,5,5,5,5,5,5,COMUNA 19,
1guZiH_PrAn9Om_IpVs4WNydUVL5F1Nznzed7yP4yu-Q,-Satisfacción del Curso virtual - Proceso de inducción y reinducción 2025 - (PIR_SSPM_2025),2025-11-21T15:53:09.456Z,,Femenino,Adultez (29 - 59 años),Pregrado,Otro,5,5,5,5,5,5,5,5,5,5,5,5,5,COMUNA 5,
1guZiH_PrAn9Om_IpVs4WNydUVL5F1Nznzed7yP4yu-Q,-Satisfacción del Curso virtual - Proceso de inducción y reinducción 2025 - (PIR_SSPM_2025),2026-03-01T02:45:00.375Z,,Masculino,Juventud (18 - 28 años),Pregrado,Otro,5,5,5,4,4,5,5,5,4,5,4,4,4,COMUNA 19,
1guZiH_PrAn9Om_IpVs4WNydUVL5F1Nznzed7yP4yu-Q,-Satisfacción del Curso virtual - Proceso de inducción y reinducción 2025 - (PIR_SSPM_2025),2025-11-25T16:43:31.073Z,,Femenino,Adultez (29 - 59 años),Postgrado,Otro,5,5,5,5,5,5,5,5,5,5,5,5,5,COMUNA 17,
1guZiH_PrAn9Om_IpVs4WNydUVL5F1Nznzed7yP4yu-Q,-Satisfacción del Curso virtual - Proceso de inducción y reinducción 2025 - (PIR_SSPM_2025),2026-02-09T23:21:52.763Z,,Femenino,Adultez (29 - 59 años),Postgrado,Área de la salud,5,5,5,5,5,5,5,5,5,5,5,5,5,COMUNA 19,
1guZiH_PrAn9Om_IpVs4WNydUVL5F1Nznzed7yP4yu-Q,-Satisfacción del Curso virtual - Proceso de inducción y reinducción 2025 - (PIR_SSPM_2025),2025-11-24T19:54:55.482Z,,Femenino,Adultez (29 - 59 años),Pregrado,Otro,5,5,5,4,5,5,5,5,5,5,5,5,5,COMUNA 17,
1guZiH_PrAn9Om_IpVs4WNydUVL5F1Nznzed7yP4yu-Q,-Satisfacción del Curso virtual - Proceso de inducción y reinducción 2025 - (PIR_SSPM_2025),2026-03-06T15:08:24.977Z,,Femenino,Adultez (29 - 59 años),Pregrado,Área de la salud,5,5,4,5,5,5,5,4,5,5,5,5,5,COMUNA 5,
1guZiH_PrAn9Om_IpVs4WNydUVL5F1Nznzed7yP4yu-Q,-Satisfacción del Curso virtual - Proceso de inducción y reinducción 2025 - (PIR_SSPM_2025),2025-11-26T17:19:02.514Z,,Masculino,Adultez (29 - 59 años),Postgrado,Área de la salud,5,5,5,5,5,5,5,5,5,5,5,5,5,COMUNA 10,
1guZiH_PrAn9Om_IpVs4WNydUVL5F1Nznzed7yP4yu-Q,-Satisfacción del Curso virtual - Proceso de inducción y reinducción 2025 - (PIR_SSPM_2025),2025-11-24T16:13:45.833Z,,Masculino,Adultez (29 - 59 años),Postgrado,Otro,5,5,5,5,5,5,5,5,5,5,5,5,5,COMUNA 22,
1guZiH_PrAn9Om_IpVs4WNydUVL5F1Nznzed7yP4yu-Q,-Satisfacción del Curso virtual - Proceso de inducción y reinducción 2025 - (PIR_SSPM_2025),2025-12-01T02:58:50.868Z,,Femenino,Adultez (29 - 59 años),Pregrado,Área de la salud,5,5,5,5,5,5,5,5,5,5,5,5,5,COMUNA 17,
1guZiH_PrAn9Om_IpVs4WNydUVL5F1Nznzed7yP4yu-Q,-Satisfacción del Curso virtual - Proceso de inducción y reinducción 2025 - (PIR_SSPM_2025),2026-02-12T22:59:27.775Z,,Masculino,Adultez (29 - 59 años),Postgrado,Otro,5,5,5,5,5,5,5,5,5,5,5,5,5,COMUNA 19,
1guZiH_PrAn9Om_IpVs4WNydUVL5F1Nznzed7yP4yu-Q,-Satisfacción del Curso virtual - Proceso de inducción y reinducción 2025 - (PIR_SSPM_2025),2025-12-03T20:12:24.533Z,,Masculino,Adultez (29 - 59 años),Pregrado,Área de la salud,5,5,5,5,5,5,5,5,5,5,5,5,5,COMUNA 5,
1guZiH_PrAn9Om_IpVs4WNydUVL5F1Nznzed7yP4yu-Q,-Satisfacción del Curso virtual - Proceso de inducción y reinducción 2025 - (PIR_SSPM_2025),2025-11-27T02:00:16.166Z,,Masculino,Adultez (29 - 59 años),Postgrado,Estudiante,5,5,5,5,5,5,5,5,5,5,5,5,5,COMUNA 4,
1guZiH_PrAn9Om_IpVs4WNydUVL5F1Nznzed7yP4yu-Q,-Satisfacción del Curso virtual - Proceso de inducción y reinducción 2025 - (PIR_SSPM_2025),2025-11-29T19:20:00.634Z,,Masculino,Adultez (29 - 59 años),Bachiller,Otro,4,4,4,4,4,4,4,4,1,1,4,4,4,COMUNA 2,
1guZiH_PrAn9Om_IpVs4WNydUVL5F1Nznzed7yP4yu-Q,-Satisfacción del Curso virtual - Proceso de inducción y reinducción 2025 - (PIR_SSPM_2025),2025-11-27T15:41:39.917Z,,Masculino,Adultez (29 - 59 años),Postgrado,Otro,5,5,5,5,5,5,5,5,5,5,5,5,5,COMUNA 10,
1guZiH_PrAn9Om_IpVs4WNydUVL5F1Nznzed7yP4yu-Q,-Satisfacción del Curso virtual - Proceso de inducción y reinducción 2025 - (PIR_SSPM_2025),2025-11-21T15:40:46.406Z,,Masculino,Adultez (29 - 59 años),Pregrado,Área de la salud,5,5,5,5,5,5,5,5,5,5,5,5,5,COMUNA 19,
1guZiH_PrAn9Om_IpVs4WNydUVL5F1Nznzed7yP4yu-Q,-Satisfacción del Curso virtual - Proceso de inducción y reinducción 2025 - (PIR_SSPM_2025),2026-05-11T21:40:43.409Z,,Femenino,Adultez (29 - 59 años),Pregrado,Otro,5,5,5,5,5,5,5,5,5,5,5,5,5,COMUNA 2,
1guZiH_PrAn9Om_IpVs4WNydUVL5F1Nznzed7yP4yu-Q,-Satisfacción del Curso virtual - Proceso de inducción y reinducción 2025 - (PIR_SSPM_2025),2025-11-18T20:59:34.920Z,,Femenino,Adultez (29 - 59 años),Pregrado,Otro,5,5,5,5,5,5,5,5,5,5,5,5,5,COMUNA 17,
1guZiH_PrAn9Om_IpVs4WNydUVL5F1Nznzed7yP4yu-Q,-Satisfacción del Curso virtual - Proceso de inducción y reinducción 2025 - (PIR_SSPM_2025),2025-12-04T19:16:21.506Z,,Femenino,Adultez (29 - 59 años),Bachiller,Área de la salud,5,5,5,5,4,4,5,4,5,4,4,5,4,COMUNA 13,
1guZiH_PrAn9Om_IpVs4WNydUVL5F1Nznzed7yP4yu-Q,-Satisfacción del Curso virtual - Proceso de inducción y reinducción 2025 - (PIR_SSPM_2025),2025-12-01T20:10:20.019Z,,Femenino,Adultez (29 - 59 años),Postgrado,Área de la salud,5,4,5,4,5,5,4,5,4,4,5,5,4,COMUNA 4,
1guZiH_PrAn9Om_IpVs4WNydUVL5F1Nznzed7yP4yu-Q,-Satisfacción del Curso virtual - Proceso de inducción y reinducción 2025 - (PIR_SSPM_2025),2025-11-26T17:07:48.672Z,,Masculino,Adultez (29 - 59 años),Pregrado,Área de la salud,5,5,5,5,5,5,5,5,5,5,5,5,5,COMUNA 7,
1guZiH_PrAn9Om_IpVs4WNydUVL5F1Nznzed7yP4yu-Q,-Satisfacción del Curso virtual - Proceso de inducción y reinducción 2025 - (PIR_SSPM_2025),2025-11-20T13:20:09.041Z,,Femenino,Adultez (29 - 59 años),Postgrado,Área de la salud,5,5,5,5,5,5,5,5,5,5,5,5,5,COMUNA 17,
1guZiH_PrAn9Om_IpVs4WNydUVL5F1Nznzed7yP4yu-Q,-Satisfacción del Curso virtual - Proceso de inducción y reinducción 2025 - (PIR_SSPM_2025),2025-12-04T03:05:24.903Z,,Femenino,Adultez (29 - 59 años),Postgrado,Área de la salud,5,5,5,5,5,5,5,5,5,3,5,4,4,COMUNA 17,
1guZiH_PrAn9Om_IpVs4WNydUVL5F1Nznzed7yP4yu-Q,-Satisfacción del Curso virtual - Proceso de inducción y reinducción 2025 - (PIR_SSPM_2025),2025-11-26T14:08:02.882Z,,Femenino,Adultez (29 - 59 años),Bachiller,Área de la salud,5,5,5,5,5,5,5,5,5,5,5,5,5,COMUNA 12,
1guZiH_PrAn9Om_IpVs4WNydUVL5F1Nznzed7yP4yu-Q,-Satisfacción del Curso virtual - Proceso de inducción y reinducción 2025 - (PIR_SSPM_2025),2026-03-07T03:21:27.185Z,,Masculino,Adultez (29 - 59 años),Pregrado,Área de la salud,1,1,1,1,1,1,1,1,1,1,1,1,1,COMUNA 17,
1guZiH_PrAn9Om_IpVs4WNydUVL5F1Nznzed7yP4yu-Q,-Satisfacción del Curso virtual - Proceso de inducción y reinducción 2025 - (PIR_SSPM_2025),2025-11-28T15:30:39.572Z,,Masculino,Adultez (29 - 59 años),Pregrado,Área de la salud,5,5,5,5,5,4,5,4,5,5,5,4,4,COMUNA 20,
1guZiH_PrAn9Om_IpVs4WNydUVL5F1Nznzed7yP4yu-Q,-Satisfacción del Curso virtual - Proceso de inducción y reinducción 2025 - (PIR_SSPM_2025),2025-12-05T21:33:36.968Z,,Masculino,Adultez (29 - 59 años),Pregrado,Otro,3,4,4,3,4,4,1,1,1,1,4,4,4,COMUNA 2,
1guZiH_PrAn9Om_IpVs4WNydUVL5F1Nznzed7yP4yu-Q,-Satisfacción del Curso virtual - Proceso de inducción y reinducción 2025 - (PIR_SSPM_2025),2025-11-27T03:32:44.097Z,,Masculino,Adultez (29 - 59 años),Bachiller,Área de la salud,5,5,5,5,5,5,5,5,5,5,5,5,5,COMUNA 13,
1guZiH_PrAn9Om_IpVs4WNydUVL5F1Nznzed7yP4yu-Q,-Satisfacción del Curso virtual - Proceso de inducción y reinducción 2025 - (PIR_SSPM_2025),2025-12-01T15:20:07.391Z,,Femenino,Adultez (29 - 59 años),Pregrado,Área de la salud,5,4,5,4,5,4,5,4,5,4,5,4,5,COMUNA 10,
1guZiH_PrAn9Om_IpVs4WNydUVL5F1Nznzed7yP4yu-Q,-Satisfacción del Curso virtual - Proceso de inducción y reinducción 2025 - (PIR_SSPM_2025),2025-12-01T04:14:47.173Z,,Masculino,Adultez (29 - 59 años),Pregrado,Área de la salud,4,4,4,4,4,4,4,4,4,4,4,4,4,COMUNA 13,
1guZiH_PrAn9Om_IpVs4WNydUVL5F1Nznzed7yP4yu-Q,-Satisfacción del Curso virtual - Proceso de inducción y reinducción 2025 - (PIR_SSPM_2025),2025-11-27T21:15:55.643Z,,Masculino,Adultez (29 - 59 años),Bachiller,Área de la salud,4,4,5,4,5,4,4,4,4,4,4,4,4,COMUNA 17,
1guZiH_PrAn9Om_IpVs4WNydUVL5F1Nznzed7yP4yu-Q,-Satisfacción del Curso virtual - Proceso de inducción y reinducción 2025 - (PIR_SSPM_2025),2025-11-23T05:26:13.641Z,,Masculino,Adultez (29 - 59 años),Pregrado,Área de la salud,4,4,5,4,5,5,4,5,4,4,5,5,4,COMUNA 11,
1guZiH_PrAn9Om_IpVs4WNydUVL5F1Nznzed7yP4yu-Q,-Satisfacción del Curso virtual - Proceso de inducción y reinducción 2025 - (PIR_SSPM_2025),2025-11-18T17:38:25.566Z,,Masculino,Adultez (29 - 59 años),Postgrado,Área de la salud,4,4,4,4,4,4,4,4,4,4,4,4,4,COMUNA 8,
1guZiH_PrAn9Om_IpVs4WNydUVL5F1Nznzed7yP4yu-Q,-Satisfacción del Curso virtual - Proceso de inducción y reinducción 2025 - (PIR_SSPM_2025),2025-11-28T20:09:49.597Z,,Masculino,Juventud (18 - 28 años),Pregrado,Otro,4,4,4,4,4,4,4,4,4,4,4,4,4,COMUNA 6,
1guZiH_PrAn9Om_IpVs4WNydUVL5F1Nznzed7yP4yu-Q,-Satisfacción del Curso virtual - Proceso de inducción y reinducción 2025 - (PIR_SSPM_2025),2025-11-27T00:41:58.842Z,,Femenino,Adultez (29 - 59 años),Postgrado,Área de la salud,5,5,5,5,5,5,5,5,5,5,5,5,5,COMUNA 11,
1guZiH_PrAn9Om_IpVs4WNydUVL5F1Nznzed7yP4yu-Q,-Satisfacción del Curso virtual - Proceso de inducción y reinducción 2025 - (PIR_SSPM_2025),2025-11-27T19:13:08.179Z,,Masculino,Adultez (29 - 59 años),Pregrado,Área de la salud,5,5,5,5,5,5,5,5,5,5,5,5,5,COMUNA 19,
1guZiH_PrAn9Om_IpVs4WNydUVL5F1Nznzed7yP4yu-Q,-Satisfacción del Curso virtual - Proceso de inducción y reinducción 2025 - (PIR_SSPM_2025),2026-06-22T22:03:18.073Z,,Femenino,Adultez (29 - 59 años),Pregrado,Área de la salud,5,5,5,5,5,5,5,5,5,5,5,5,5,COMUNA 3,
1guZiH_PrAn9Om_IpVs4WNydUVL5F1Nznzed7yP4yu-Q,-Satisfacción del Curso virtual - Proceso de inducción y reinducción 2025 - (PIR_SSPM_2025),2025-11-20T20:54:35.679Z,,Masculino,Adultez (29 - 59 años),Pregrado,Área de la salud,5,4,4,5,4,4,5,4,4,4,4,3,4,COMUNA 3,
1guZiH_PrAn9Om_IpVs4WNydUVL5F1Nznzed7yP4yu-Q,-Satisfacción del Curso virtual - Proceso de inducción y reinducción 2025 - (PIR_SSPM_2025),2025-11-24T19:29:14.017Z,,Femenino,Adultez (29 - 59 años),Bachiller,Otro,5,5,5,5,5,5,5,5,5,5,5,5,5,COMUNA 17,
1guZiH_PrAn9Om_IpVs4WNydUVL5F1Nznzed7yP4yu-Q,-Satisfacción del Curso virtual - Proceso de inducción y reinducción 2025 - (PIR_SSPM_2025),2025-11-26T03:01:41.828Z,,Femenino,Adultez (29 - 59 años),Postgrado,Área de la salud,5,5,5,4,5,5,5,5,5,5,5,5,5,COMUNA 22,
1guZiH_PrAn9Om_IpVs4WNydUVL5F1Nznzed7yP4yu-Q,-Satisfacción del Curso virtual - Proceso de inducción y reinducción 2025 - (PIR_SSPM_2025),2025-11-21T02:23:53.221Z,,Masculino,Adultez (29 - 59 años),Pregrado,Área de la salud,3,4,4,4,5,5,5,5,4,3,3,4,5,COMUNA 16,
1guZiH_PrAn9Om_IpVs4WNydUVL5F1Nznzed7yP4yu-Q,-Satisfacción del Curso virtual - Proceso de inducción y reinducción 2025 - (PIR_SSPM_2025),2025-11-21T18:37:09.408Z,,Masculino,Adultez (29 - 59 años),Bachiller,Área de la salud,5,5,5,5,5,5,5,5,5,5,5,5,5,COMUNA 19,
1guZiH_PrAn9Om_IpVs4WNydUVL5F1Nznzed7yP4yu-Q,-Satisfacción del Curso virtual - Proceso de inducción y reinducción 2025 - (PIR_SSPM_2025),2026-03-02T21:50:41.289Z,,Femenino,Adultez (29 - 59 años),Pregrado,Área de la salud,5,5,5,5,5,5,5,5,5,5,5,5,5,COMUNA 12,
1guZiH_PrAn9Om_IpVs4WNydUVL5F1Nznzed7yP4yu-Q,-Satisfacción del Curso virtual - Proceso de inducción y reinducción 2025 - (PIR_SSPM_2025),2025-12-06T00:23:26.503Z,,Masculino,Juventud (18 - 28 años),Postgrado,Otro,5,5,5,5,5,5,5,5,5,5,5,5,5,COMUNA 17,
1guZiH_PrAn9Om_IpVs4WNydUVL5F1Nznzed7yP4yu-Q,-Satisfacción del Curso virtual - Proceso de inducción y reinducción 2025 - (PIR_SSPM_2025),2025-12-02T03:56:56.136Z,,Masculino,Adultez (29 - 59 años),Bachiller,Área de la salud,5,5,4,4,4,4,4,4,4,4,4,4,4,COMUNA 9,
1guZiH_PrAn9Om_IpVs4WNydUVL5F1Nznzed7yP4yu-Q,-Satisfacción del Curso virtual - Proceso de inducción y reinducción 2025 - (PIR_SSPM_2025),2026-03-02T19:43:11.862Z,,Femenino,Adultez (29 - 59 años),Pregrado,Área de la salud,5,5,5,5,5,5,5,5,5,5,5,5,5,COMUNA 4,
1guZiH_PrAn9Om_IpVs4WNydUVL5F1Nznzed7yP4yu-Q,-Satisfacción del Curso virtual - Proceso de inducción y reinducción 2025 - (PIR_SSPM_2025),2025-11-29T14:40:43.064Z,,Masculino,Adultez (29 - 59 años),Postgrado,Área de la salud,5,5,5,5,5,5,5,5,5,5,5,5,5,COMUNA 19,
1guZiH_PrAn9Om_IpVs4WNydUVL5F1Nznzed7yP4yu-Q,-Satisfacción del Curso virtual - Proceso de inducción y reinducción 2025 - (PIR_SSPM_2025),2025-11-20T03:11:26.212Z,,Masculino,Adultez (29 - 59 años),Pregrado,Área de la salud,5,5,5,4,5,5,5,5,5,5,5,5,5,COMUNA 17,
1guZiH_PrAn9Om_IpVs4WNydUVL5F1Nznzed7yP4yu-Q,-Satisfacción del Curso virtual - Proceso de inducción y reinducción 2025 - (PIR_SSPM_2025),2025-11-18T21:16:51.571Z,,Masculino,Adultez (29 - 59 años),Pregrado,Otro,5,5,5,5,5,5,5,5,5,5,5,5,5,COMUNA 17,
1guZiH_PrAn9Om_IpVs4WNydUVL5F1Nznzed7yP4yu-Q,-Satisfacción del Curso virtual - Proceso de inducción y reinducción 2025 - (PIR_SSPM_2025),2025-12-03T20:23:26.081Z,,Femenino,Adultez (29 - 59 años),Postgrado,Otro,5,5,5,5,5,5,5,5,5,5,5,5,5,COMUNA 22,
1guZiH_PrAn9Om_IpVs4WNydUVL5F1Nznzed7yP4yu-Q,-Satisfacción del Curso virtual - Proceso de inducción y reinducción 2025 - (PIR_SSPM_2025),2025-11-28T16:55:49.864Z,,Femenino,Adultez (29 - 59 años),Pregrado,Área de la salud,4,4,4,4,4,4,4,4,4,4,4,4,4,COMUNA 5,
1guZiH_PrAn9Om_IpVs4WNydUVL5F1Nznzed7yP4yu-Q,-Satisfacción del Curso virtual - Proceso de inducción y reinducción 2025 - (PIR_SSPM_2025),2025-12-02T04:04:12.550Z,,Femenino,Adultez (29 - 59 años),Postgrado,Otro,4,4,4,4,4,4,4,4,4,4,4,4,4,COMUNA 11,
1guZiH_PrAn9Om_IpVs4WNydUVL5F1Nznzed7yP4yu-Q,-Satisfacción del Curso virtual - Proceso de inducción y reinducción 2025 - (PIR_SSPM_2025),2025-11-18T22:17:41.603Z,,Femenino,Adultez (29 - 59 años),Pregrado,Área de la salud,4,4,4,4,5,4,4,5,4,1,4,4,4,COMUNA 17,
1guZiH_PrAn9Om_IpVs4WNydUVL5F1Nznzed7yP4yu-Q,-Satisfacción del Curso virtual - Proceso de inducción y reinducción 2025 - (PIR_SSPM_2025),2025-12-01T23:54:47.652Z,,Femenino,Juventud (18 - 28 años),Pregrado,Área de la salud,5,5,5,5,5,5,5,5,5,5,5,5,5,COMUNA 15,
1guZiH_PrAn9Om_IpVs4WNydUVL5F1Nznzed7yP4yu-Q,-Satisfacción del Curso virtual - Proceso de inducción y reinducción 2025 - (PIR_SSPM_2025),2025-12-02T23:51:55.861Z,,Femenino,Adultez (29 - 59 años),Pregrado,Área de la salud,4,4,4,4,4,4,4,4,4,4,4,4,4,COMUNA 8,
1guZiH_PrAn9Om_IpVs4WNydUVL5F1Nznzed7yP4yu-Q,-Satisfacción del Curso virtual - Proceso de inducción y reinducción 2025 - (PIR_SSPM_2025),2025-11-17T02:33:36.303Z,,Femenino,Adultez (29 - 59 años),Pregrado,Área de la salud,5,5,5,4,5,5,4,5,5,5,5,5,5,COMUNA 16,
1guZiH_PrAn9Om_IpVs4WNydUVL5F1Nznzed7yP4yu-Q,-Satisfacción del Curso virtual - Proceso de inducción y reinducción 2025 - (PIR_SSPM_2025),2025-11-25T22:11:50.156Z,,Femenino,Adultez (29 - 59 años),Bachiller,Área de la salud,5,5,4,4,4,4,4,4,4,5,5,5,5,COMUNA 7,
1guZiH_PrAn9Om_IpVs4WNydUVL5F1Nznzed7yP4yu-Q,-Satisfacción del Curso virtual - Proceso de inducción y reinducción 2025 - (PIR_SSPM_2025),2025-12-09T17:29:07.465Z,,Masculino,Adultez (29 - 59 años),Pregrado,Área de la salud,4,4,5,4,4,4,4,4,4,4,4,4,4,COMUNA 22,
1guZiH_PrAn9Om_IpVs4WNydUVL5F1Nznzed7yP4yu-Q,-Satisfacción del Curso virtual - Proceso de inducción y reinducción 2025 - (PIR_SSPM_2025),2025-11-28T21:28:03.830Z,,Masculino,Adultez (29 - 59 años),Pregrado,Área de la salud,5,5,5,5,5,5,5,5,5,5,5,5,5,COMUNA 10,
1guZiH_PrAn9Om_IpVs4WNydUVL5F1Nznzed7yP4yu-Q,-Satisfacción del Curso virtual - Proceso de inducción y reinducción 2025 - (PIR_SSPM_2025),2025-12-03T04:02:36.184Z,,Femenino,Vejez (60 años o más),Pregrado,Área de la salud,5,5,5,5,5,5,5,5,5,5,5,5,5,COMUNA 19,
1guZiH_PrAn9Om_IpVs4WNydUVL5F1Nznzed7yP4yu-Q,-Satisfacción del Curso virtual - Proceso de inducción y reinducción 2025 - (PIR_SSPM_2025),2025-11-21T21:33:43.980Z,,Femenino,Adultez (29 - 59 años),Bachiller,Otro,5,5,5,5,5,5,5,5,5,5,5,5,5,COMUNA 5,
1guZiH_PrAn9Om_IpVs4WNydUVL5F1Nznzed7yP4yu-Q,-Satisfacción del Curso virtual - Proceso de inducción y reinducción 2025 - (PIR_SSPM_2025),2025-11-25T16:47:42.454Z,,Femenino,Juventud (18 - 28 años),Bachiller,Área de la salud,5,5,5,5,5,5,5,5,5,5,5,5,5,COMUNA 20,
1guZiH_PrAn9Om_IpVs4WNydUVL5F1Nznzed7yP4yu-Q,-Satisfacción del Curso virtual - Proceso de inducción y reinducción 2025 - (PIR_SSPM_2025),2025-11-18T16:55:10.724Z,,Masculino,Adultez (29 - 59 años),Postgrado,Otro,5,5,5,5,5,5,5,5,5,5,5,5,5,COMUNA 17,
1guZiH_PrAn9Om_IpVs4WNydUVL5F1Nznzed7yP4yu-Q,-Satisfacción del Curso virtual - Proceso de inducción y reinducción 2025 - (PIR_SSPM_2025),2025-11-18T21:08:49.963Z,,Femenino,Adultez (29 - 59 años),Pregrado,Área de la salud,5,5,4,4,5,5,5,5,1,1,4,5,5,COMUNA 19,
1guZiH_PrAn9Om_IpVs4WNydUVL5F1Nznzed7yP4yu-Q,-Satisfacción del Curso virtual - Proceso de inducción y reinducción 2025 - (PIR_SSPM_2025),2025-11-21T23:44:34.882Z,,Femenino,Adultez (29 - 59 años),Bachiller,Área de la salud,5,5,5,5,5,5,5,5,5,5,5,4,4,COMUNA 6,
1giJ0jyUWAfQhn2UBxpL8XpCoNtE72sfctKCggDFQ-LI,-Satisfacción del Curso virtual - PF DERECHOS SEXUALES Y REPRODUCTIVOS 2025 - (PFSAG_2026) (PFSAG_2025),2025-10-15T02:56:21.274Z,,Femenino,Adolescencia (12 - 17 años),Bachiller,Estudiante,4,5,5,5,3,4,5,3,4,3,4,5,5,COMUNA 12,Centro
1giJ0jyUWAfQhn2UBxpL8XpCoNtE72sfctKCggDFQ-LI,-Satisfacción del Curso virtual - PF DERECHOS SEXUALES Y REPRODUCTIVOS 2025 - (PFSAG_2026) (PFSAG_2025),2025-12-04T16:16:53.030Z,,Femenino,Adolescencia (12 - 17 años),Bachiller,Estudiante,5,4,5,5,4,4,5,5,5,4,4,5,4,COMUNA 15,Oriente
1giJ0jyUWAfQhn2UBxpL8XpCoNtE72sfctKCggDFQ-LI,-Satisfacción del Curso virtual - PF DERECHOS SEXUALES Y REPRODUCTIVOS 2025 - (PFSAG_2026) (PFSAG_2025),2025-10-09T22:15:05.479Z,,Femenino,Adolescencia (12 - 17 años),Bachiller,Estudiante,5,5,5,5,5,5,5,5,5,5,5,5,5,COMUNA 20,Ladera
1giJ0jyUWAfQhn2UBxpL8XpCoNtE72sfctKCggDFQ-LI,-Satisfacción del Curso virtual - PF DERECHOS SEXUALES Y REPRODUCTIVOS 2025 - (PFSAG_2026) (PFSAG_2025),2025-10-02T05:36:27.398Z,,Femenino,Adolescencia (12 - 17 años),Bachiller,Estudiante,5,5,5,5,5,5,5,5,5,5,5,5,5,COMUNA 10,Oriente
1giJ0jyUWAfQhn2UBxpL8XpCoNtE72sfctKCggDFQ-LI,-Satisfacción del Curso virtual - PF DERECHOS SEXUALES Y REPRODUCTIVOS 2025 - (PFSAG_2026) (PFSAG_2025),2025-10-18T04:21:54.773Z,,Masculino,Adolescencia (12 - 17 años),Pregrado,Estudiante,4,5,4,4,4,5,4,4,4,5,3,4,3,COMUNA 15,Norte
1giJ0jyUWAfQhn2UBxpL8XpCoNtE72sfctKCggDFQ-LI,-Satisfacción del Curso virtual - PF DERECHOS SEXUALES Y REPRODUCTIVOS 2025 - (PFSAG_2026) (PFSAG_2025),2025-10-16T23:11:53.892Z,,Femenino,Adolescencia (12 - 17 años),Bachiller,Estudiante,5,5,5,5,5,5,5,5,5,5,5,5,5,COMUNA 15,Oriente
1giJ0jyUWAfQhn2UBxpL8XpCoNtE72sfctKCggDFQ-LI,-Satisfacción del Curso virtual - PF DERECHOS SEXUALES Y REPRODUCTIVOS 2025 - (PFSAG_2026) (PFSAG_2025),2025-10-10T00:38:58.375Z,,Femenino,Adolescencia (12 - 17 años),Bachiller,Estudiante,5,5,4,5,5,4,4,4,4,5,5,5,5,COMUNA 18,Ladera
1giJ0jyUWAfQhn2UBxpL8XpCoNtE72sfctKCggDFQ-LI,-Satisfacción del Curso virtual - PF DERECHOS SEXUALES Y REPRODUCTIVOS 2025 - (PFSAG_2026) (PFSAG_2025),2025-11-05T00:47:59.134Z,,Masculino,Adolescencia (12 - 17 años),Bachiller,Estudiante,4,5,5,5,4,5,3,5,5,5,5,5,4,COMUNA 12,Oriente
1giJ0jyUWAfQhn2UBxpL8XpCoNtE72sfctKCggDFQ-LI,-Satisfacción del Curso virtual - PF DERECHOS SEXUALES Y REPRODUCTIVOS 2025 - (PFSAG_2026) (PFSAG_2025),2025-10-21T15:15:45.005Z,,Femenino,Adolescencia (12 - 17 años),Bachiller,Estudiante,5,5,5,5,5,5,5,5,5,5,5,5,5,COMUNA 14,Oriente
1giJ0jyUWAfQhn2UBxpL8XpCoNtE72sfctKCggDFQ-LI,-Satisfacción del Curso virtual - PF DERECHOS SEXUALES Y REPRODUCTIVOS 2025 - (PFSAG_2026) (PFSAG_2025),2025-10-29T23:16:15.027Z,,Femenino,Adolescencia (12 - 17 años),Pregrado,Área de la salud,5,5,5,4,5,4,5,5,5,5,5,5,5,COMUNA 6,Norte
1giJ0jyUWAfQhn2UBxpL8XpCoNtE72sfctKCggDFQ-LI,-Satisfacción del Curso virtual - PF DERECHOS SEXUALES Y REPRODUCTIVOS 2025 - (PFSAG_2026) (PFSAG_2025),2025-10-02T15:22:42.897Z,,Femenino,Adolescencia (12 - 17 años),Bachiller,Estudiante,5,5,5,5,5,5,5,4,5,5,4,5,5,COMUNA 16,Sur Oriente
1giJ0jyUWAfQhn2UBxpL8XpCoNtE72sfctKCggDFQ-LI,-Satisfacción del Curso virtual - PF DERECHOS SEXUALES Y REPRODUCTIVOS 2025 - (PFSAG_2026) (PFSAG_2025),2025-11-06T03:23:29.752Z,,Masculino,Adolescencia (12 - 17 años),Bachiller,Estudiante,5,5,5,5,4,5,5,5,5,5,5,5,5,COMUNA 18,Sur Oriente
1giJ0jyUWAfQhn2UBxpL8XpCoNtE72sfctKCggDFQ-LI,-Satisfacción del Curso virtual - PF DERECHOS SEXUALES Y REPRODUCTIVOS 2025 - (PFSAG_2026) (PFSAG_2025),2025-10-06T23:20:40.024Z,,Femenino,Adolescencia (12 - 17 años),Bachiller,Estudiante,5,4,5,4,5,5,4,5,4,5,5,4,4,COMUNA 12,Norte
1giJ0jyUWAfQhn2UBxpL8XpCoNtE72sfctKCggDFQ-LI,-Satisfacción del Curso virtual - PF DERECHOS SEXUALES Y REPRODUCTIVOS 2025 - (PFSAG_2026) (PFSAG_2025),2025-10-29T01:09:22.061Z,,Femenino,Adolescencia (12 - 17 años),Bachiller,Estudiante,5,5,5,5,5,5,5,5,5,5,5,5,5,COMUNA 6,Norte
1giJ0jyUWAfQhn2UBxpL8XpCoNtE72sfctKCggDFQ-LI,-Satisfacción del Curso virtual - PF DERECHOS SEXUALES Y REPRODUCTIVOS 2025 - (PFSAG_2026) (PFSAG_2025),2025-10-16T23:53:44.638Z,,Femenino,Adolescencia (12 - 17 años),Bachiller,Estudiante,5,4,4,4,4,4,5,5,5,5,5,5,5,COMUNA 21,Oriente
1giJ0jyUWAfQhn2UBxpL8XpCoNtE72sfctKCggDFQ-LI,-Satisfacción del Curso virtual - PF DERECHOS SEXUALES Y REPRODUCTIVOS 2025 - (PFSAG_2026) (PFSAG_2025),2025-10-09T19:38:35.968Z,,Femenino,Adolescencia (12 - 17 años),Bachiller,Estudiante,5,4,5,4,5,5,4,5,5,4,3,5,4,COMUNA 18,Ladera
1giJ0jyUWAfQhn2UBxpL8XpCoNtE72sfctKCggDFQ-LI,-Satisfacción del Curso virtual - PF DERECHOS SEXUALES Y REPRODUCTIVOS 2025 - (PFSAG_2026) (PFSAG_2025),2025-10-08T04:31:58.743Z,,Masculino,Adolescencia (12 - 17 años),Bachiller,Estudiante,5,4,5,4,5,4,4,5,5,5,5,5,5,COMUNA 10,Centro
1giJ0jyUWAfQhn2UBxpL8XpCoNtE72sfctKCggDFQ-LI,-Satisfacción del Curso virtual - PF DERECHOS SEXUALES Y REPRODUCTIVOS 2025 - (PFSAG_2026) (PFSAG_2025),2025-10-16T00:26:20.338Z,,Masculino,Adolescencia (12 - 17 años),Bachiller,Estudiante,4,4,4,4,4,4,4,4,4,4,4,4,4,COMUNA 16,Sur Oriente
1giJ0jyUWAfQhn2UBxpL8XpCoNtE72sfctKCggDFQ-LI,-Satisfacción del Curso virtual - PF DERECHOS SEXUALES Y REPRODUCTIVOS 2025 - (PFSAG_2026) (PFSAG_2025),2025-11-06T00:11:35.140Z,,Masculino,Adolescencia (12 - 17 años),Ninguna,Estudiante,5,5,5,5,5,5,5,5,5,5,5,5,5,COMUNA 18,Ladera
1giJ0jyUWAfQhn2UBxpL8XpCoNtE72sfctKCggDFQ-LI,-Satisfacción del Curso virtual - PF DERECHOS SEXUALES Y REPRODUCTIVOS 2025 - (PFSAG_2026) (PFSAG_2025),2025-10-23T19:48:41.534Z,,Masculino,Adolescencia (12 - 17 años),Bachiller,Estudiante,5,5,5,5,5,5,5,5,5,5,5,5,5,COMUNA 11,Centro
1giJ0jyUWAfQhn2UBxpL8XpCoNtE72sfctKCggDFQ-LI,-Satisfacción del Curso virtual - PF DERECHOS SEXUALES Y REPRODUCTIVOS 2025 - (PFSAG_2026) (PFSAG_2025),2025-10-09T08:37:46.582Z,,Femenino,Adolescencia (12 - 17 años),Bachiller,Estudiante,5,5,5,4,5,5,5,5,5,5,5,5,5,COMUNA 18,Sur Oriente
1giJ0jyUWAfQhn2UBxpL8XpCoNtE72sfctKCggDFQ-LI,-Satisfacción del Curso virtual - PF DERECHOS SEXUALES Y REPRODUCTIVOS 2025 - (PFSAG_2026) (PFSAG_2025),2025-10-15T00:13:06.432Z,,Femenino,Adolescencia (12 - 17 años),Bachiller,Estudiante,4,4,4,3,5,3,5,4,3,4,5,4,5,COMUNA 16,Sur Oriente
1giJ0jyUWAfQhn2UBxpL8XpCoNtE72sfctKCggDFQ-LI,-Satisfacción del Curso virtual - PF DERECHOS SEXUALES Y REPRODUCTIVOS 2025 - (PFSAG_2026) (PFSAG_2025),2025-10-01T19:07:48.889Z,,Masculino,Adolescencia (12 - 17 años),Ninguna,Estudiante,5,5,5,5,5,5,5,5,5,5,5,5,5,COMUNA 9,Ladera
1giJ0jyUWAfQhn2UBxpL8XpCoNtE72sfctKCggDFQ-LI,-Satisfacción del Curso virtual - PF DERECHOS SEXUALES Y REPRODUCTIVOS 2025 - (PFSAG_2026) (PFSAG_2025),2025-10-07T16:02:32.452Z,,Masculino,Adolescencia (12 - 17 años),Bachiller,Estudiante,5,5,5,5,5,5,5,5,5,5,5,5,5,COMUNA 16,Sur Oriente
1giJ0jyUWAfQhn2UBxpL8XpCoNtE72sfctKCggDFQ-LI,-Satisfacción del Curso virtual - PF DERECHOS SEXUALES Y REPRODUCTIVOS 2025 - (PFSAG_2026) (PFSAG_2025),2025-10-29T16:47:02.401Z,,Femenino,Adolescencia (12 - 17 años),Bachiller,Estudiante,5,5,5,5,5,5,5,5,5,5,5,5,5,COMUNA 5,Norte
1giJ0jyUWAfQhn2UBxpL8XpCoNtE72sfctKCggDFQ-LI,-Satisfacción del Curso virtual - PF DERECHOS SEXUALES Y REPRODUCTIVOS 2025 - (PFSAG_2026) (PFSAG_2025),2025-10-21T17:58:06.036Z,,Masculino,Adolescencia (12 - 17 años),Bachiller,Estudiante,5,5,5,4,3,5,5,5,5,5,5,5,5,COMUNA 7,Norte
1giJ0jyUWAfQhn2UBxpL8XpCoNtE72sfctKCggDFQ-LI,-Satisfacción del Curso virtual - PF DERECHOS SEXUALES Y REPRODUCTIVOS 2025 - (PFSAG_2026) (PFSAG_2025),2025-10-09T03:55:27.222Z,,Femenino,Adolescencia (12 - 17 años),Bachiller,Estudiante,4,4,5,4,5,5,4,5,5,5,5,5,5,COMUNA 9,Centro
1giJ0jyUWAfQhn2UBxpL8XpCoNtE72sfctKCggDFQ-LI,-Satisfacción del Curso virtual - PF DERECHOS SEXUALES Y REPRODUCTIVOS 2025 - (PFSAG_2026) (PFSAG_2025),2025-10-15T16:59:15.699Z,,Femenino,Adolescencia (12 - 17 años),Bachiller,Estudiante,4,4,5,4,4,4,5,4,4,4,4,4,4,COMUNA 15,Oriente
1giJ0jyUWAfQhn2UBxpL8XpCoNtE72sfctKCggDFQ-LI,-Satisfacción del Curso virtual - PF DERECHOS SEXUALES Y REPRODUCTIVOS 2025 - (PFSAG_2026) (PFSAG_2025),2025-10-19T23:42:07.421Z,,Masculino,Adolescencia (12 - 17 años),Bachiller,Estudiante,5,5,5,5,5,5,5,5,5,5,5,5,5,COMUNA 18,Ladera
1giJ0jyUWAfQhn2UBxpL8XpCoNtE72sfctKCggDFQ-LI,-Satisfacción del Curso virtual - PF DERECHOS SEXUALES Y REPRODUCTIVOS 2025 - (PFSAG_2026) (PFSAG_2025),2025-12-10T12:56:33.762Z,,Femenino,Adolescencia (12 - 17 años),Bachiller,Estudiante,5,5,5,5,5,5,5,5,5,5,5,5,5,COMUNA 9,Centro
1giJ0jyUWAfQhn2UBxpL8XpCoNtE72sfctKCggDFQ-LI,-Satisfacción del Curso virtual - PF DERECHOS SEXUALES Y REPRODUCTIVOS 2025 - (PFSAG_2026) (PFSAG_2025),2025-11-07T06:53:09.023Z,,Masculino,Adolescencia (12 - 17 años),Bachiller,Estudiante,3,4,4,5,5,4,3,5,3,5,5,5,5,COMUNA 15,Oriente
1giJ0jyUWAfQhn2UBxpL8XpCoNtE72sfctKCggDFQ-LI,-Satisfacción del Curso virtual - PF DERECHOS SEXUALES Y REPRODUCTIVOS 2025 - (PFSAG_2026) (PFSAG_2025),2025-10-09T23:43:07.074Z,,Masculino,Adolescencia (12 - 17 años),Bachiller,Estudiante,5,5,5,5,5,5,4,4,5,4,4,5,5,COMUNA 20,Ladera
1giJ0jyUWAfQhn2UBxpL8XpCoNtE72sfctKCggDFQ-LI,-Satisfacción del Curso virtual - PF DERECHOS SEXUALES Y REPRODUCTIVOS 2025 - (PFSAG_2026) (PFSAG_2025),2025-10-21T17:58:14.144Z,,Femenino,Adolescencia (12 - 17 años),Bachiller,Estudiante,4,4,5,2,4,4,5,5,5,4,5,3,4,COMUNA 14,Norte
1giJ0jyUWAfQhn2UBxpL8XpCoNtE72sfctKCggDFQ-LI,-Satisfacción del Curso virtual - PF DERECHOS SEXUALES Y REPRODUCTIVOS 2025 - (PFSAG_2026) (PFSAG_2025),2025-10-09T03:46:49.695Z,,Masculino,Adolescencia (12 - 17 años),Bachiller,Estudiante,5,5,5,5,5,5,5,5,5,5,5,5,4,COMUNA 12,Sur Oriente
1giJ0jyUWAfQhn2UBxpL8XpCoNtE72sfctKCggDFQ-LI,-Satisfacción del Curso virtual - PF DERECHOS SEXUALES Y REPRODUCTIVOS 2025 - (PFSAG_2026) (PFSAG_2025),2025-10-15T15:04:36.962Z,,Femenino,Adolescencia (12 - 17 años),Bachiller,Estudiante,5,5,4,5,5,5,5,4,5,5,4,4,5,COMUNA 20,Ladera
1giJ0jyUWAfQhn2UBxpL8XpCoNtE72sfctKCggDFQ-LI,-Satisfacción del Curso virtual - PF DERECHOS SEXUALES Y REPRODUCTIVOS 2025 - (PFSAG_2026) (PFSAG_2025),2025-10-27T21:43:55.878Z,,Femenino,Adolescencia (12 - 17 años),Bachiller,Estudiante,5,5,5,5,5,5,5,5,5,5,5,5,5,COMUNA 21,Sur Oriente
1giJ0jyUWAfQhn2UBxpL8XpCoNtE72sfctKCggDFQ-LI,-Satisfacción del Curso virtual - PF DERECHOS SEXUALES Y REPRODUCTIVOS 2025 - (PFSAG_2026) (PFSAG_2025),2025-10-18T02:31:32.510Z,,Masculino,Adolescencia (12 - 17 años),Bachiller,Estudiante,4,4,4,4,4,5,5,4,4,5,5,5,4,COMUNA 12,Oriente
1giJ0jyUWAfQhn2UBxpL8XpCoNtE72sfctKCggDFQ-LI,-Satisfacción del Curso virtual - PF DERECHOS SEXUALES Y REPRODUCTIVOS 2025 - (PFSAG_2026) (PFSAG_2025),2025-11-08T06:58:13.077Z,,Femenino,Adolescencia (12 - 17 años),Bachiller,Estudiante,5,5,5,5,5,5,5,5,5,5,5,5,5,COMUNA 18,Ladera
1giJ0jyUWAfQhn2UBxpL8XpCoNtE72sfctKCggDFQ-LI,-Satisfacción del Curso virtual - PF DERECHOS SEXUALES Y REPRODUCTIVOS 2025 - (PFSAG_2026) (PFSAG_2025),2025-10-24T04:51:44.874Z,,Masculino,Adolescencia (12 - 17 años),Ninguna,Estudiante,4,5,5,5,5,4,4,5,5,5,5,5,5,COMUNA 15,Oriente
1giJ0jyUWAfQhn2UBxpL8XpCoNtE72sfctKCggDFQ-LI,-Satisfacción del Curso virtual - PF DERECHOS SEXUALES Y REPRODUCTIVOS 2025 - (PFSAG_2026) (PFSAG_2025),2025-10-17T18:51:51.693Z,,Masculino,Adolescencia (12 - 17 años),Bachiller,Estudiante,5,5,5,5,5,5,4,4,5,5,5,4,5,COMUNA 15,Norte
1giJ0jyUWAfQhn2UBxpL8XpCoNtE72sfctKCggDFQ-LI,-Satisfacción del Curso virtual - PF DERECHOS SEXUALES Y REPRODUCTIVOS 2025 - (PFSAG_2026) (PFSAG_2025),2025-10-14T21:47:38.836Z,,Femenino,Adolescencia (12 - 17 años),Bachiller,Estudiante,4,4,4,4,4,4,4,4,4,4,4,4,4,COMUNA 12,Oriente
1giJ0jyUWAfQhn2UBxpL8XpCoNtE72sfctKCggDFQ-LI,-Satisfacción del Curso virtual - PF DERECHOS SEXUALES Y REPRODUCTIVOS 2025 - (PFSAG_2026) (PFSAG_2025),2025-10-29T01:37:36.685Z,,Femenino,Adolescencia (12 - 17 años),Bachiller,Área de la salud,4,4,5,4,4,5,5,5,4,5,4,5,5,COMUNA 6,Norte
1giJ0jyUWAfQhn2UBxpL8XpCoNtE72sfctKCggDFQ-LI,-Satisfacción del Curso virtual - PF DERECHOS SEXUALES Y REPRODUCTIVOS 2025 - (PFSAG_2026) (PFSAG_2025),2025-10-17T03:18:56.412Z,,Femenino,Adolescencia (12 - 17 años),Bachiller,Estudiante,4,5,5,5,5,5,5,5,4,5,5,5,5,COMUNA 15,Norte
1giJ0jyUWAfQhn2UBxpL8XpCoNtE72sfctKCggDFQ-LI,-Satisfacción del Curso virtual - PF DERECHOS SEXUALES Y REPRODUCTIVOS 2025 - (PFSAG_2026) (PFSAG_2025),2025-10-08T23:34:51.669Z,,Masculino,Adolescencia (12 - 17 años),Bachiller,Estudiante,5,5,5,5,5,5,5,5,4,5,4,5,5,COMUNA 18,Ladera
1giJ0jyUWAfQhn2UBxpL8XpCoNtE72sfctKCggDFQ-LI,-Satisfacción del Curso virtual - PF DERECHOS SEXUALES Y REPRODUCTIVOS 2025 - (PFSAG_2026) (PFSAG_2025),2025-10-27T23:19:06.894Z,,Femenino,Adolescencia (12 - 17 años),Bachiller,Estudiante,4,4,3,3,2,3,5,5,4,5,4,5,4,COMUNA 6,Norte
1giJ0jyUWAfQhn2UBxpL8XpCoNtE72sfctKCggDFQ-LI,-Satisfacción del Curso virtual - PF DERECHOS SEXUALES Y REPRODUCTIVOS 2025 - (PFSAG_2026) (PFSAG_2025),2025-10-14T21:09:29.424Z,,Femenino,Adolescencia (12 - 17 años),Bachiller,Estudiante,5,5,5,5,5,4,5,5,5,5,5,5,5,COMUNA 21,Oriente
1giJ0jyUWAfQhn2UBxpL8XpCoNtE72sfctKCggDFQ-LI,-Satisfacción del Curso virtual - PF DERECHOS SEXUALES Y REPRODUCTIVOS 2025 - (PFSAG_2026) (PFSAG_2025),2025-10-09T04:20:31.480Z,,Femenino,Adolescencia (12 - 17 años),Bachiller,Estudiante,4,5,5,3,3,4,4,4,5,5,4,5,5,COMUNA 11,Sur Oriente
1giJ0jyUWAfQhn2UBxpL8XpCoNtE72sfctKCggDFQ-LI,-Satisfacción del Curso virtual - PF DERECHOS SEXUALES Y REPRODUCTIVOS 2025 - (PFSAG_2026) (PFSAG_2025),2025-10-09T18:23:46.794Z,,Femenino,Adolescencia (12 - 17 años),Bachiller,Estudiante,4,4,4,4,4,4,4,4,4,4,4,4,4,COMUNA 16,Sur Oriente
1giJ0jyUWAfQhn2UBxpL8XpCoNtE72sfctKCggDFQ-LI,-Satisfacción del Curso virtual - PF DERECHOS SEXUALES Y REPRODUCTIVOS 2025 - (PFSAG_2026) (PFSAG_2025),2025-10-09T18:45:41.289Z,,Femenino,Adolescencia (12 - 17 años),Bachiller,Estudiante,3,4,5,5,3,3,4,4,4,4,4,4,4,COMUNA 17,Sur Oriente
1giJ0jyUWAfQhn2UBxpL8XpCoNtE72sfctKCggDFQ-LI,-Satisfacción del Curso virtual - PF DERECHOS SEXUALES Y REPRODUCTIVOS 2025 - (PFSAG_2026) (PFSAG_2025),2025-10-08T20:29:03.265Z,,Femenino,Adolescencia (12 - 17 años),Ninguna,Estudiante,5,5,5,5,5,5,5,5,5,5,5,5,5,COMUNA 12,Oriente
1giJ0jyUWAfQhn2UBxpL8XpCoNtE72sfctKCggDFQ-LI,-Satisfacción del Curso virtual - PF DERECHOS SEXUALES Y REPRODUCTIVOS 2025 - (PFSAG_2026) (PFSAG_2025),2025-11-21T17:52:35.038Z,,Masculino,Adolescencia (12 - 17 años),Bachiller,Estudiante,5,5,4,4,5,5,5,5,5,5,5,5,5,COMUNA 11,Sur Oriente
1giJ0jyUWAfQhn2UBxpL8XpCoNtE72sfctKCggDFQ-LI,-Satisfacción del Curso virtual - PF DERECHOS SEXUALES Y REPRODUCTIVOS 2025 - (PFSAG_2026) (PFSAG_2025),2025-10-15T13:32:36.369Z,,Masculino,Adolescencia (12 - 17 años),Bachiller,Estudiante,5,5,5,5,5,4,4,4,2,3,3,4,5,COMUNA 16,Sur Oriente
1giJ0jyUWAfQhn2UBxpL8XpCoNtE72sfctKCggDFQ-LI,-Satisfacción del Curso virtual - PF DERECHOS SEXUALES Y REPRODUCTIVOS 2025 - (PFSAG_2026) (PFSAG_2025),2025-10-17T02:11:54.445Z,,Masculino,Adolescencia (12 - 17 años),Bachiller,Estudiante,4,5,4,5,5,5,5,4,4,5,4,3,5,COMUNA 21,Oriente
1giJ0jyUWAfQhn2UBxpL8XpCoNtE72sfctKCggDFQ-LI,-Satisfacción del Curso virtual - PF DERECHOS SEXUALES Y REPRODUCTIVOS 2025 - (PFSAG_2026) (PFSAG_2025),2025-10-29T05:24:35.993Z,,Femenino,Adolescencia (12 - 17 años),Bachiller,Estudiante,4,5,4,3,3,5,4,4,3,5,4,5,5,COMUNA 6,Norte
1giJ0jyUWAfQhn2UBxpL8XpCoNtE72sfctKCggDFQ-LI,-Satisfacción del Curso virtual - PF DERECHOS SEXUALES Y REPRODUCTIVOS 2025 - (PFSAG_2026) (PFSAG_2025),2025-10-17T12:49:27.976Z,,Femenino,Adolescencia (12 - 17 años),Bachiller,Estudiante,1,1,1,1,2,2,2,2,2,1,1,1,1,COMUNA 15,Oriente
1giJ0jyUWAfQhn2UBxpL8XpCoNtE72sfctKCggDFQ-LI,-Satisfacción del Curso virtual - PF DERECHOS SEXUALES Y REPRODUCTIVOS 2025 - (PFSAG_2026) (PFSAG_2025),2025-12-03T20:53:11.060Z,,Femenino,Adolescencia (12 - 17 años),Bachiller,Estudiante,5,5,5,5,5,5,5,5,5,5,5,5,5,COMUNA 14,Oriente
1giJ0jyUWAfQhn2UBxpL8XpCoNtE72sfctKCggDFQ-LI,-Satisfacción del Curso virtual - PF DERECHOS SEXUALES Y REPRODUCTIVOS 2025 - (PFSAG_2026) (PFSAG_2025),2025-10-29T03:08:04.446Z,,Femenino,Adolescencia (12 - 17 años),Bachiller,Estudiante,5,5,5,4,3,5,5,4,3,3,5,5,5,COMUNA 7,Norte
1giJ0jyUWAfQhn2UBxpL8XpCoNtE72sfctKCggDFQ-LI,-Satisfacción del Curso virtual - PF DERECHOS SEXUALES Y REPRODUCTIVOS 2025 - (PFSAG_2026) (PFSAG_2025),2025-10-10T00:55:43.809Z,,Femenino,Adolescencia (12 - 17 años),Bachiller,Estudiante,5,5,5,4,5,5,4,3,5,5,5,5,5,COMUNA 18,Ladera
1giJ0jyUWAfQhn2UBxpL8XpCoNtE72sfctKCggDFQ-LI,-Satisfacción del Curso virtual - PF DERECHOS SEXUALES Y REPRODUCTIVOS 2025 - (PFSAG_2026) (PFSAG_2025),2025-10-22T02:25:03.581Z,,Femenino,Adolescencia (12 - 17 años),Bachiller,Estudiante,5,5,5,5,4,5,5,5,4,4,5,5,5,COMUNA 7,Oriente
1giJ0jyUWAfQhn2UBxpL8XpCoNtE72sfctKCggDFQ-LI,-Satisfacción del Curso virtual - PF DERECHOS SEXUALES Y REPRODUCTIVOS 2025 - (PFSAG_2026) (PFSAG_2025),2025-10-08T23:28:04.935Z,,Femenino,Adolescencia (12 - 17 años),Ninguna,Estudiante,1,1,1,1,1,1,1,1,1,1,1,1,1,COMUNA 20,Ladera
1giJ0jyUWAfQhn2UBxpL8XpCoNtE72sfctKCggDFQ-LI,-Satisfacción del Curso virtual - PF DERECHOS SEXUALES Y REPRODUCTIVOS 2025 - (PFSAG_2026) (PFSAG_2025),2025-09-29T13:33:29.786Z,,Femenino,Adolescencia (12 - 17 años),Bachiller,Estudiante,5,5,5,5,5,5,5,5,5,5,5,5,5,COMUNA 12,Sur Oriente
1giJ0jyUWAfQhn2UBxpL8XpCoNtE72sfctKCggDFQ-LI,-Satisfacción del Curso virtual - PF DERECHOS SEXUALES Y REPRODUCTIVOS 2025 - (PFSAG_2026) (PFSAG_2025),2025-10-25T22:57:22.973Z,,Femenino,Adolescencia (12 - 17 años),Bachiller,Estudiante,4,3,4,2,4,3,4,5,4,4,3,4,5,COMUNA 6,Norte
1giJ0jyUWAfQhn2UBxpL8XpCoNtE72sfctKCggDFQ-LI,-Satisfacción del Curso virtual - PF DERECHOS SEXUALES Y REPRODUCTIVOS 2025 - (PFSAG_2026) (PFSAG_2025),2025-10-07T15:01:42.694Z,,Masculino,Adolescencia (12 - 17 años),Bachiller,Estudiante,3,4,5,1,5,5,4,4,5,5,3,4,5,COMUNA 16,Sur Oriente
1giJ0jyUWAfQhn2UBxpL8XpCoNtE72sfctKCggDFQ-LI,-Satisfacción del Curso virtual - PF DERECHOS SEXUALES Y REPRODUCTIVOS 2025 - (PFSAG_2026) (PFSAG_2025),2025-10-20T01:54:41.325Z,,Femenino,Adolescencia (12 - 17 años),Bachiller,Estudiante,5,4,5,5,5,5,5,5,5,5,5,5,5,COMUNA 18,Ladera
1giJ0jyUWAfQhn2UBxpL8XpCoNtE72sfctKCggDFQ-LI,-Satisfacción del Curso virtual - PF DERECHOS SEXUALES Y REPRODUCTIVOS 2025 - (PFSAG_2026) (PFSAG_2025),2025-09-30T23:06:45.306Z,,Masculino,Adolescencia (12 - 17 años),Bachiller,Estudiante,5,4,5,1,5,4,4,4,5,4,5,4,3,COMUNA 12,Sur Oriente
1giJ0jyUWAfQhn2UBxpL8XpCoNtE72sfctKCggDFQ-LI,-Satisfacción del Curso virtual - PF DERECHOS SEXUALES Y REPRODUCTIVOS 2025 - (PFSAG_2026) (PFSAG_2025),2025-10-16T18:14:22.243Z,,Femenino,Adolescencia (12 - 17 años),Bachiller,Estudiante,3,3,4,3,4,3,4,4,3,3,3,3,3,COMUNA 12,Centro
1giJ0jyUWAfQhn2UBxpL8XpCoNtE72sfctKCggDFQ-LI,-Satisfacción del Curso virtual - PF DERECHOS SEXUALES Y REPRODUCTIVOS 2025 - (PFSAG_2026) (PFSAG_2025),2025-10-23T17:56:12.007Z,,Femenino,Juventud (18 - 28 años),Bachiller,Estudiante,5,5,5,4,4,4,5,5,5,5,5,5,5,COMUNA 7,Norte
1giJ0jyUWAfQhn2UBxpL8XpCoNtE72sfctKCggDFQ-LI,-Satisfacción del Curso virtual - PF DERECHOS SEXUALES Y REPRODUCTIVOS 2025 - (PFSAG_2026) (PFSAG_2025),2025-10-17T06:38:05.519Z,,Femenino,Adolescencia (12 - 17 años),Bachiller,Estudiante,5,5,4,5,1,4,5,5,5,5,5,5,5,COMUNA 2,Norte
1giJ0jyUWAfQhn2UBxpL8XpCoNtE72sfctKCggDFQ-LI,-Satisfacción del Curso virtual - PF DERECHOS SEXUALES Y REPRODUCTIVOS 2025 - (PFSAG_2026) (PFSAG_2025),2025-10-06T21:06:29.618Z,,Femenino,Adolescencia (12 - 17 años),Postgrado,Estudiante,5,5,5,5,5,5,5,5,5,5,5,5,5,COMUNA 12,Norte
1giJ0jyUWAfQhn2UBxpL8XpCoNtE72sfctKCggDFQ-LI,-Satisfacción del Curso virtual - PF DERECHOS SEXUALES Y REPRODUCTIVOS 2025 - (PFSAG_2026) (PFSAG_2025),2025-10-04T21:10:08.893Z,,Femenino,Adolescencia (12 - 17 años),Bachiller,Estudiante,5,5,5,5,5,5,5,5,5,5,5,5,5,COMUNA 18,Ladera
1giJ0jyUWAfQhn2UBxpL8XpCoNtE72sfctKCggDFQ-LI,-Satisfacción del Curso virtual - PF DERECHOS SEXUALES Y REPRODUCTIVOS 2025 - (PFSAG_2026) (PFSAG_2025),2025-10-01T07:10:28.591Z,,Masculino,Adolescencia (12 - 17 años),Bachiller,Estudiante,5,5,5,5,3,5,5,5,5,5,5,5,5,COMUNA 20,Ladera
1giJ0jyUWAfQhn2UBxpL8XpCoNtE72sfctKCggDFQ-LI,-Satisfacción del Curso virtual - PF DERECHOS SEXUALES Y REPRODUCTIVOS 2025 - (PFSAG_2026) (PFSAG_2025),2025-12-10T04:36:10.463Z,,Femenino,Adolescencia (12 - 17 años),Bachiller,Estudiante,4,5,4,3,4,4,4,5,4,5,5,4,4,COMUNA 12,Oriente
1giJ0jyUWAfQhn2UBxpL8XpCoNtE72sfctKCggDFQ-LI,-Satisfacción del Curso virtual - PF DERECHOS SEXUALES Y REPRODUCTIVOS 2025 - (PFSAG_2026) (PFSAG_2025),2025-10-19T15:55:20.518Z,,Masculino,Adolescencia (12 - 17 años),Bachiller,Estudiante,4,4,4,4,4,4,4,4,4,4,4,4,4,COMUNA 18,Sur Oriente
1giJ0jyUWAfQhn2UBxpL8XpCoNtE72sfctKCggDFQ-LI,-Satisfacción del Curso virtual - PF DERECHOS SEXUALES Y REPRODUCTIVOS 2025 - (PFSAG_2026) (PFSAG_2025),2025-10-22T02:32:53.414Z,,Masculino,Adolescencia (12 - 17 años),Bachiller,Estudiante,5,5,5,4,5,5,5,5,5,5,5,5,5,COMUNA 15,Sur Oriente
1giJ0jyUWAfQhn2UBxpL8XpCoNtE72sfctKCggDFQ-LI,-Satisfacción del Curso virtual - PF DERECHOS SEXUALES Y REPRODUCTIVOS 2025 - (PFSAG_2026) (PFSAG_2025),2025-10-25T19:52:15.492Z,,Femenino,Adolescencia (12 - 17 años),Bachiller,Estudiante,3,4,4,4,4,4,4,4,4,4,4,4,4,COMUNA 6,Norte
1giJ0jyUWAfQhn2UBxpL8XpCoNtE72sfctKCggDFQ-LI,-Satisfacción del Curso virtual - PF DERECHOS SEXUALES Y REPRODUCTIVOS 2025 - (PFSAG_2026) (PFSAG_2025),2025-10-17T21:37:53.052Z,,Femenino,Adultez (29 - 59 años),Ninguna,Estudiante,4,4,3,3,4,5,5,3,4,3,2,5,5,COMUNA 15,Oriente
1giJ0jyUWAfQhn2UBxpL8XpCoNtE72sfctKCggDFQ-LI,-Satisfacción del Curso virtual - PF DERECHOS SEXUALES Y REPRODUCTIVOS 2025 - (PFSAG_2026) (PFSAG_2025),2025-10-29T19:17:01.003Z,,Masculino,Adolescencia (12 - 17 años),Bachiller,Estudiante,4,5,5,3,5,4,5,5,5,4,3,5,5,COMUNA 6,Norte
1giJ0jyUWAfQhn2UBxpL8XpCoNtE72sfctKCggDFQ-LI,-Satisfacción del Curso virtual - PF DERECHOS SEXUALES Y REPRODUCTIVOS 2025 - (PFSAG_2026) (PFSAG_2025),2025-10-03T19:30:44.569Z,,Femenino,Adolescencia (12 - 17 años),Bachiller,Estudiante,4,4,5,4,5,4,5,4,5,5,4,4,4,COMUNA 12,Oriente
1giJ0jyUWAfQhn2UBxpL8XpCoNtE72sfctKCggDFQ-LI,-Satisfacción del Curso virtual - PF DERECHOS SEXUALES Y REPRODUCTIVOS 2025 - (PFSAG_2026) (PFSAG_2025),2025-10-17T00:37:53.925Z,,Femenino,Adolescencia (12 - 17 años),Bachiller,Estudiante,5,5,4,4,1,3,3,3,5,4,3,5,5,COMUNA 15,Oriente
1giJ0jyUWAfQhn2UBxpL8XpCoNtE72sfctKCggDFQ-LI,-Satisfacción del Curso virtual - PF DERECHOS SEXUALES Y REPRODUCTIVOS 2025 - (PFSAG_2026) (PFSAG_2025),2025-11-08T22:36:42.557Z,,Masculino,Adolescencia (12 - 17 años),Bachiller,Estudiante,5,5,5,4,5,5,5,5,5,5,5,5,5,COMUNA 18,Ladera
1giJ0jyUWAfQhn2UBxpL8XpCoNtE72sfctKCggDFQ-LI,-Satisfacción del Curso virtual - PF DERECHOS SEXUALES Y REPRODUCTIVOS 2025 - (PFSAG_2026) (PFSAG_2025),2025-10-29T23:51:46.966Z,,Masculino,Adolescencia (12 - 17 años),Pregrado,Área de la salud,4,5,4,5,5,4,4,5,4,5,3,5,5,COMUNA 6,Norte
1giJ0jyUWAfQhn2UBxpL8XpCoNtE72sfctKCggDFQ-LI,-Satisfacción del Curso virtual - PF DERECHOS SEXUALES Y REPRODUCTIVOS 2025 - (PFSAG_2026) (PFSAG_2025),2025-10-06T17:27:27.312Z,,Femenino,Adolescencia (12 - 17 años),Bachiller,Estudiante,4,5,4,5,5,5,4,5,3,5,4,4,4,COMUNA 16,Norte
1giJ0jyUWAfQhn2UBxpL8XpCoNtE72sfctKCggDFQ-LI,-Satisfacción del Curso virtual - PF DERECHOS SEXUALES Y REPRODUCTIVOS 2025 - (PFSAG_2026) (PFSAG_2025),2025-12-04T00:04:48.073Z,,Femenino,Adolescencia (12 - 17 años),Bachiller,Estudiante,5,5,5,5,5,5,5,5,5,5,5,5,5,COMUNA 21,Oriente
1giJ0jyUWAfQhn2UBxpL8XpCoNtE72sfctKCggDFQ-LI,-Satisfacción del Curso virtual - PF DERECHOS SEXUALES Y REPRODUCTIVOS 2025 - (PFSAG_2026) (PFSAG_2025),2025-10-31T23:46:55.674Z,,Femenino,Adolescencia (12 - 17 años),Bachiller,Estudiante,5,5,5,4,5,5,5,5,5,5,4,5,4,COMUNA 15,Oriente
1giJ0jyUWAfQhn2UBxpL8XpCoNtE72sfctKCggDFQ-LI,-Satisfacción del Curso virtual - PF DERECHOS SEXUALES Y REPRODUCTIVOS 2025 - (PFSAG_2026) (PFSAG_2025),2025-10-08T19:09:44.088Z,,Femenino,Adolescencia (12 - 17 años),Bachiller,Estudiante,4,5,5,5,5,5,5,4,5,5,5,5,5,COMUNA 16,Sur Oriente
1giJ0jyUWAfQhn2UBxpL8XpCoNtE72sfctKCggDFQ-LI,-Satisfacción del Curso virtual - PF DERECHOS SEXUALES Y REPRODUCTIVOS 2025 - (PFSAG_2026) (PFSAG_2025),2025-09-29T16:38:14.633Z,,Femenino,Adolescencia (12 - 17 años),Bachiller,Estudiante,5,5,5,5,5,5,5,5,4,5,5,5,5,COMUNA 16,Sur Oriente
1giJ0jyUWAfQhn2UBxpL8XpCoNtE72sfctKCggDFQ-LI,-Satisfacción del Curso virtual - PF DERECHOS SEXUALES Y REPRODUCTIVOS 2025 - (PFSAG_2026) (PFSAG_2025),2025-10-08T03:14:06.948Z,,Masculino,Adolescencia (12 - 17 años),Bachiller,Estudiante,5,5,5,5,5,5,5,5,5,5,5,5,5,COMUNA 10,Sur Oriente
1giJ0jyUWAfQhn2UBxpL8XpCoNtE72sfctKCggDFQ-LI,-Satisfacción del Curso virtual - PF DERECHOS SEXUALES Y REPRODUCTIVOS 2025 - (PFSAG_2026) (PFSAG_2025),2025-10-10T04:36:32.980Z,,Femenino,Adolescencia (12 - 17 años),Bachiller,Estudiante,5,5,5,5,5,5,5,5,5,5,5,5,5,COMUNA 16,Norte
1giJ0jyUWAfQhn2UBxpL8XpCoNtE72sfctKCggDFQ-LI,-Satisfacción del Curso virtual - PF DERECHOS SEXUALES Y REPRODUCTIVOS 2025 - (PFSAG_2026) (PFSAG_2025),2025-10-29T01:07:13.059Z,,Femenino,Adolescencia (12 - 17 años),Bachiller,Estudiante,4,5,5,3,5,5,5,5,5,5,5,5,5,COMUNA 6,Norte
1giJ0jyUWAfQhn2UBxpL8XpCoNtE72sfctKCggDFQ-LI,-Satisfacción del Curso virtual - PF DERECHOS SEXUALES Y REPRODUCTIVOS 2025 - (PFSAG_2026) (PFSAG_2025),2025-10-10T19:36:47.250Z,,Femenino,Adolescencia (12 - 17 años),Bachiller,Estudiante,4,4,4,4,4,4,5,4,4,4,4,5,5,COMUNA 20,Ladera
1giJ0jyUWAfQhn2UBxpL8XpCoNtE72sfctKCggDFQ-LI,-Satisfacción del Curso virtual - PF DERECHOS SEXUALES Y REPRODUCTIVOS 2025 - (PFSAG_2026) (PFSAG_2025),2025-11-11T22:33:14.897Z,,Masculino,Adolescencia (12 - 17 años),Bachiller,Estudiante,5,5,5,5,5,5,5,5,5,5,5,5,5,COMUNA 15,Oriente
1giJ0jyUWAfQhn2UBxpL8XpCoNtE72sfctKCggDFQ-LI,-Satisfacción del Curso virtual - PF DERECHOS SEXUALES Y REPRODUCTIVOS 2025 - (PFSAG_2026) (PFSAG_2025),2025-10-29T01:02:13.107Z,,Masculino,Juventud (18 - 28 años),Pregrado,Estudiante,4,4,3,3,2,2,3,5,4,2,3,3,3,COMUNA 16,Norte
1giJ0jyUWAfQhn2UBxpL8XpCoNtE72sfctKCggDFQ-LI,-Satisfacción del Curso virtual - PF DERECHOS SEXUALES Y REPRODUCTIVOS 2025 - (PFSAG_2026) (PFSAG_2025),2025-10-08T21:23:45.381Z,,Masculino,Adolescencia (12 - 17 años),Bachiller,Estudiante,5,5,5,5,5,5,5,5,5,5,5,5,5,COMUNA 20,Ladera
1giJ0jyUWAfQhn2UBxpL8XpCoNtE72sfctKCggDFQ-LI,-Satisfacción del Curso virtual - PF DERECHOS SEXUALES Y REPRODUCTIVOS 2025 - (PFSAG_2026) (PFSAG_2025),2025-11-08T23:28:29.285Z,,Femenino,Adolescencia (12 - 17 años),Bachiller,Estudiante,3,4,4,5,3,4,3,4,4,3,4,3,4,COMUNA 18,Ladera
1giJ0jyUWAfQhn2UBxpL8XpCoNtE72sfctKCggDFQ-LI,-Satisfacción del Curso virtual - PF DERECHOS SEXUALES Y REPRODUCTIVOS 2025 - (PFSAG_2026) (PFSAG_2025),2025-10-28T21:42:50.702Z,,Femenino,Adolescencia (12 - 17 años),Bachiller,Estudiante,5,5,5,5,4,5,5,5,5,5,5,5,5,COMUNA 1,Oriente
1giJ0jyUWAfQhn2UBxpL8XpCoNtE72sfctKCggDFQ-LI,-Satisfacción del Curso virtual - PF DERECHOS SEXUALES Y REPRODUCTIVOS 2025 - (PFSAG_2026) (PFSAG_2025),2025-10-04T04:14:04.676Z,,Femenino,Adolescencia (12 - 17 años),Bachiller,Estudiante,5,5,5,5,5,4,4,4,4,5,4,4,5,COMUNA 15,Sur Oriente
1giJ0jyUWAfQhn2UBxpL8XpCoNtE72sfctKCggDFQ-LI,-Satisfacción del Curso virtual - PF DERECHOS SEXUALES Y REPRODUCTIVOS 2025 - (PFSAG_2026) (PFSAG_2025),2025-10-07T21:23:24.283Z,,Femenino,Adolescencia (12 - 17 años),Ninguna,Estudiante,5,5,5,5,5,5,5,5,5,5,5,5,5,COMUNA 16,Sur Oriente
1giJ0jyUWAfQhn2UBxpL8XpCoNtE72sfctKCggDFQ-LI,-Satisfacción del Curso virtual - PF DERECHOS SEXUALES Y REPRODUCTIVOS 2025 - (PFSAG_2026) (PFSAG_2025),2025-10-29T01:51:34.868Z,,Femenino,Adolescencia (12 - 17 años),Ninguna,Estudiante,5,5,5,4,3,4,5,5,4,5,5,4,5,COMUNA 6,Norte
1giJ0jyUWAfQhn2UBxpL8XpCoNtE72sfctKCggDFQ-LI,-Satisfacción del Curso virtual - PF DERECHOS SEXUALES Y REPRODUCTIVOS 2025 - (PFSAG_2026) (PFSAG_2025),2025-11-07T19:56:46.032Z,,Femenino,Adolescencia (12 - 17 años),Bachiller,Estudiante,5,5,5,5,5,5,5,5,5,5,5,5,5,COMUNA 15,Oriente
1giJ0jyUWAfQhn2UBxpL8XpCoNtE72sfctKCggDFQ-LI,-Satisfacción del Curso virtual - PF DERECHOS SEXUALES Y REPRODUCTIVOS 2025 - (PFSAG_2026) (PFSAG_2025),2025-10-09T04:33:09.100Z,,Femenino,Adolescencia (12 - 17 años),Bachiller,Estudiante,5,5,4,3,4,4,3,4,4,4,3,4,4,COMUNA 11,Oriente
1giJ0jyUWAfQhn2UBxpL8XpCoNtE72sfctKCggDFQ-LI,-Satisfacción del Curso virtual - PF DERECHOS SEXUALES Y REPRODUCTIVOS 2025 - (PFSAG_2026) (PFSAG_2025),2025-10-08T21:38:05.634Z,,Femenino,Adolescencia (12 - 17 años),Bachiller,Estudiante,5,5,4,4,5,5,5,5,4,5,4,5,5,COMUNA 11,Oriente
1giJ0jyUWAfQhn2UBxpL8XpCoNtE72sfctKCggDFQ-LI,-Satisfacción del Curso virtual - PF DERECHOS SEXUALES Y REPRODUCTIVOS 2025 - (PFSAG_2026) (PFSAG_2025),2025-10-09T15:52:04.500Z,,Masculino,Adolescencia (12 - 17 años),Bachiller,Estudiante,4,5,5,5,5,3,5,5,5,5,5,5,5,COMUNA 16,Sur Oriente
1giJ0jyUWAfQhn2UBxpL8XpCoNtE72sfctKCggDFQ-LI,-Satisfacción del Curso virtual - PF DERECHOS SEXUALES Y REPRODUCTIVOS 2025 - (PFSAG_2026) (PFSAG_2025),2025-11-18T21:03:15.281Z,,Femenino,Adolescencia (12 - 17 años),Bachiller,Estudiante,4,4,4,4,4,4,4,4,4,4,4,4,4,COMUNA 15,Sur Oriente
1giJ0jyUWAfQhn2UBxpL8XpCoNtE72sfctKCggDFQ-LI,-Satisfacción del Curso virtual - PF DERECHOS SEXUALES Y REPRODUCTIVOS 2025 - (PFSAG_2026) (PFSAG_2025),2025-10-09T20:15:41.907Z,,Femenino,Adolescencia (12 - 17 años),Bachiller,Estudiante,4,5,5,4,5,5,4,5,5,5,5,5,5,COMUNA 10,Oriente
1giJ0jyUWAfQhn2UBxpL8XpCoNtE72sfctKCggDFQ-LI,-Satisfacción del Curso virtual - PF DERECHOS SEXUALES Y REPRODUCTIVOS 2025 - (PFSAG_2026) (PFSAG_2025),2025-10-27T21:46:34.527Z,,Masculino,Adolescencia (12 - 17 años),Bachiller,Estudiante,5,5,5,4,5,3,5,5,5,5,5,5,5,COMUNA 21,Oriente
1giJ0jyUWAfQhn2UBxpL8XpCoNtE72sfctKCggDFQ-LI,-Satisfacción del Curso virtual - PF DERECHOS SEXUALES Y REPRODUCTIVOS 2025 - (PFSAG_2026) (PFSAG_2025),2025-12-04T13:31:55.785Z,,Femenino,Adolescencia (12 - 17 años),Bachiller,Estudiante,5,5,5,5,5,5,5,5,5,5,5,5,5,COMUNA 21,Oriente
1giJ0jyUWAfQhn2UBxpL8XpCoNtE72sfctKCggDFQ-LI,-Satisfacción del Curso virtual - PF DERECHOS SEXUALES Y REPRODUCTIVOS 2025 - (PFSAG_2026) (PFSAG_2025),2025-10-16T20:28:04.985Z,,Femenino,Adolescencia (12 - 17 años),Bachiller,Estudiante,5,5,5,4,5,5,5,4,3,5,5,4,5,COMUNA 15,Sur Oriente
1giJ0jyUWAfQhn2UBxpL8XpCoNtE72sfctKCggDFQ-LI,-Satisfacción del Curso virtual - PF DERECHOS SEXUALES Y REPRODUCTIVOS 2025 - (PFSAG_2026) (PFSAG_2025),2025-10-27T21:46:40.417Z,,Masculino,Adolescencia (12 - 17 años),Bachiller,Estudiante,5,5,3,4,5,3,5,4,5,4,5,5,5,COMUNA 21,Oriente
1giJ0jyUWAfQhn2UBxpL8XpCoNtE72sfctKCggDFQ-LI,-Satisfacción del Curso virtual - PF DERECHOS SEXUALES Y REPRODUCTIVOS 2025 - (PFSAG_2026) (PFSAG_2025),2025-10-21T19:07:05.416Z,,Femenino,Adolescencia (12 - 17 años),Bachiller,Estudiante,4,4,4,4,5,3,4,4,4,3,3,4,5,COMUNA 7,Norte
1giJ0jyUWAfQhn2UBxpL8XpCoNtE72sfctKCggDFQ-LI,-Satisfacción del Curso virtual - PF DERECHOS SEXUALES Y REPRODUCTIVOS 2025 - (PFSAG_2026) (PFSAG_2025),2025-10-07T21:37:24.308Z,,Masculino,Adolescencia (12 - 17 años),Bachiller,Estudiante,4,4,5,5,5,5,4,4,5,5,5,5,5,COMUNA 16,Sur Oriente
1giJ0jyUWAfQhn2UBxpL8XpCoNtE72sfctKCggDFQ-LI,-Satisfacción del Curso virtual - PF DERECHOS SEXUALES Y REPRODUCTIVOS 2025 - (PFSAG_2026) (PFSAG_2025),2025-10-16T07:19:16.046Z,,Femenino,Adolescencia (12 - 17 años),Bachiller,Estudiante,4,4,5,5,5,5,4,3,4,4,5,5,5,COMUNA 15,Sur Oriente
1giJ0jyUWAfQhn2UBxpL8XpCoNtE72sfctKCggDFQ-LI,-Satisfacción del Curso virtual - PF DERECHOS SEXUALES Y REPRODUCTIVOS 2025 - (PFSAG_2026) (PFSAG_2025),2025-10-07T22:49:04.262Z,,Femenino,Adolescencia (12 - 17 años),Bachiller,Estudiante,5,5,5,5,5,5,5,5,5,5,5,5,5,COMUNA 19,Sur Oriente
1giJ0jyUWAfQhn2UBxpL8XpCoNtE72sfctKCggDFQ-LI,-Satisfacción del Curso virtual - PF DERECHOS SEXUALES Y REPRODUCTIVOS 2025 - (PFSAG_2026) (PFSAG_2025),2025-11-01T23:12:11.536Z,,Femenino,Adolescencia (12 - 17 años),Bachiller,Estudiante,5,5,5,5,5,5,5,5,5,5,5,5,5,COMUNA 16,Sur Oriente
1giJ0jyUWAfQhn2UBxpL8XpCoNtE72sfctKCggDFQ-LI,-Satisfacción del Curso virtual - PF DERECHOS SEXUALES Y REPRODUCTIVOS 2025 - (PFSAG_2026) (PFSAG_2025),2025-10-10T22:44:33.514Z,,Masculino,Adolescencia (12 - 17 años),Bachiller,Estudiante,1,2,2,2,1,1,1,1,2,1,1,2,1,COMUNA 12,Oriente
1giJ0jyUWAfQhn2UBxpL8XpCoNtE72sfctKCggDFQ-LI,-Satisfacción del Curso virtual - PF DERECHOS SEXUALES Y REPRODUCTIVOS 2025 - (PFSAG_2026) (PFSAG_2025),2025-10-21T19:27:33.944Z,,Femenino,Adolescencia (12 - 17 años),Pregrado,Estudiante,5,5,5,5,5,5,5,5,5,5,5,5,5,COMUNA 7,Oriente
1giJ0jyUWAfQhn2UBxpL8XpCoNtE72sfctKCggDFQ-LI,-Satisfacción del Curso virtual - PF DERECHOS SEXUALES Y REPRODUCTIVOS 2025 - (PFSAG_2026) (PFSAG_2025),2025-10-16T13:39:47.384Z,,Femenino,Adolescencia (12 - 17 años),Bachiller,Estudiante,4,5,5,4,4,4,4,4,5,5,5,5,5,COMUNA 2,Norte
1giJ0jyUWAfQhn2UBxpL8XpCoNtE72sfctKCggDFQ-LI,-Satisfacción del Curso virtual - PF DERECHOS SEXUALES Y REPRODUCTIVOS 2025 - (PFSAG_2026) (PFSAG_2025),2025-10-21T19:56:12.941Z,,Masculino,Adolescencia (12 - 17 años),Bachiller,Estudiante,5,5,5,4,4,5,4,5,5,5,5,5,5,COMUNA 7,Norte
1giJ0jyUWAfQhn2UBxpL8XpCoNtE72sfctKCggDFQ-LI,-Satisfacción del Curso virtual - PF DERECHOS SEXUALES Y REPRODUCTIVOS 2025 - (PFSAG_2026) (PFSAG_2025),2025-10-06T13:21:01.538Z,,Masculino,Adolescencia (12 - 17 años),Bachiller,Estudiante,5,5,5,5,5,5,5,5,5,5,5,5,5,COMUNA 20,Sur Oriente
1giJ0jyUWAfQhn2UBxpL8XpCoNtE72sfctKCggDFQ-LI,-Satisfacción del Curso virtual - PF DERECHOS SEXUALES Y REPRODUCTIVOS 2025 - (PFSAG_2026) (PFSAG_2025),2025-10-22T22:50:09.821Z,,Masculino,Adolescencia (12 - 17 años),Bachiller,Estudiante,5,5,5,5,5,5,5,5,5,5,5,5,5,COMUNA 16,Sur Oriente
1giJ0jyUWAfQhn2UBxpL8XpCoNtE72sfctKCggDFQ-LI,-Satisfacción del Curso virtual - PF DERECHOS SEXUALES Y REPRODUCTIVOS 2025 - (PFSAG_2026) (PFSAG_2025),2025-10-08T20:38:38.340Z,,Masculino,Adolescencia (12 - 17 años),Bachiller,Estudiante,5,5,5,5,5,5,5,5,5,5,5,5,5,COMUNA 20,Centro
1giJ0jyUWAfQhn2UBxpL8XpCoNtE72sfctKCggDFQ-LI,-Satisfacción del Curso virtual - PF DERECHOS SEXUALES Y REPRODUCTIVOS 2025 - (PFSAG_2026) (PFSAG_2025),2025-11-03T22:30:15.732Z,,Femenino,Juventud (18 - 28 años),Bachiller,Estudiante,4,4,5,3,4,5,4,4,4,5,3,5,5,COMUNA 15,Sur Oriente
1giJ0jyUWAfQhn2UBxpL8XpCoNtE72sfctKCggDFQ-LI,-Satisfacción del Curso virtual - PF DERECHOS SEXUALES Y REPRODUCTIVOS 2025 - (PFSAG_2026) (PFSAG_2025),2025-10-08T04:38:33.869Z,,Masculino,Adolescencia (12 - 17 años),Bachiller,Estudiante,5,5,4,4,4,4,4,4,4,4,4,4,4,COMUNA 9,Centro
1giJ0jyUWAfQhn2UBxpL8XpCoNtE72sfctKCggDFQ-LI,-Satisfacción del Curso virtual - PF DERECHOS SEXUALES Y REPRODUCTIVOS 2025 - (PFSAG_2026) (PFSAG_2025),2025-11-08T18:51:08.521Z,,Femenino,Adolescencia (12 - 17 años),Bachiller,Estudiante,4,5,5,4,5,5,4,5,5,5,5,5,5,COMUNA 18,Sur Oriente
1giJ0jyUWAfQhn2UBxpL8XpCoNtE72sfctKCggDFQ-LI,-Satisfacción del Curso virtual - PF DERECHOS SEXUALES Y REPRODUCTIVOS 2025 - (PFSAG_2026) (PFSAG_2025),2025-10-14T03:05:07.591Z,,Masculino,Adolescencia (12 - 17 años),Ninguna,Estudiante,4,3,4,4,4,4,4,4,4,1,2,2,3,COMUNA 21,Oriente
1giJ0jyUWAfQhn2UBxpL8XpCoNtE72sfctKCggDFQ-LI,-Satisfacción del Curso virtual - PF DERECHOS SEXUALES Y REPRODUCTIVOS 2025 - (PFSAG_2026) (PFSAG_2025),2025-11-22T05:35:33.926Z,,Femenino,Adolescencia (12 - 17 años),Bachiller,Estudiante,1,1,1,1,1,1,1,1,1,1,1,1,1,COMUNA 6,Sur Oriente
1giJ0jyUWAfQhn2UBxpL8XpCoNtE72sfctKCggDFQ-LI,-Satisfacción del Curso virtual - PF DERECHOS SEXUALES Y REPRODUCTIVOS 2025 - (PFSAG_2026) (PFSAG_2025),2025-12-09T22:28:39.989Z,,Femenino,Adolescencia (12 - 17 años),Bachiller,Estudiante,5,5,5,5,5,5,5,5,5,5,5,5,5,COMUNA 12,Norte
1giJ0jyUWAfQhn2UBxpL8XpCoNtE72sfctKCggDFQ-LI,-Satisfacción del Curso virtual - PF DERECHOS SEXUALES Y REPRODUCTIVOS 2025 - (PFSAG_2026) (PFSAG_2025),2025-10-05T20:25:57.941Z,,Masculino,Adolescencia (12 - 17 años),Bachiller,Estudiante,4,5,5,4,5,5,5,5,4,5,5,5,5,COMUNA 20,Ladera
1giJ0jyUWAfQhn2UBxpL8XpCoNtE72sfctKCggDFQ-LI,-Satisfacción del Curso virtual - PF DERECHOS SEXUALES Y REPRODUCTIVOS 2025 - (PFSAG_2026) (PFSAG_2025),2025-10-21T19:39:13.169Z,,Masculino,Adolescencia (12 - 17 años),Bachiller,Estudiante,5,5,5,4,5,5,5,5,5,5,4,5,5,COMUNA 7,Sur Oriente
1giJ0jyUWAfQhn2UBxpL8XpCoNtE72sfctKCggDFQ-LI,-Satisfacción del Curso virtual - PF DERECHOS SEXUALES Y REPRODUCTIVOS 2025 - (PFSAG_2026) (PFSAG_2025),2025-11-10T00:37:51.334Z,,Femenino,Adolescencia (12 - 17 años),Bachiller,Estudiante,4,4,5,4,5,5,4,5,4,5,5,5,4,COMUNA 18,Sur Oriente
1giJ0jyUWAfQhn2UBxpL8XpCoNtE72sfctKCggDFQ-LI,-Satisfacción del Curso virtual - PF DERECHOS SEXUALES Y REPRODUCTIVOS 2025 - (PFSAG_2026) (PFSAG_2025),2025-10-02T02:22:31.511Z,,Masculino,Adolescencia (12 - 17 años),Ninguna,Estudiante,5,4,5,5,5,5,5,5,5,5,5,4,5,COMUNA 20,Ladera
1giJ0jyUWAfQhn2UBxpL8XpCoNtE72sfctKCggDFQ-LI,-Satisfacción del Curso virtual - PF DERECHOS SEXUALES Y REPRODUCTIVOS 2025 - (PFSAG_2026) (PFSAG_2025),2025-10-09T14:58:53.799Z,,Femenino,Adolescencia (12 - 17 años),Bachiller,Estudiante,5,5,5,5,5,5,5,5,5,5,5,5,5,COMUNA 18,Ladera
1giJ0jyUWAfQhn2UBxpL8XpCoNtE72sfctKCggDFQ-LI,-Satisfacción del Curso virtual - PF DERECHOS SEXUALES Y REPRODUCTIVOS 2025 - (PFSAG_2026) (PFSAG_2025),2025-10-06T21:50:07.320Z,,Masculino,Adolescencia (12 - 17 años),Bachiller,Estudiante,3,4,3,3,4,3,3,3,3,4,4,4,4,COMUNA 10,Centro
1giJ0jyUWAfQhn2UBxpL8XpCoNtE72sfctKCggDFQ-LI,-Satisfacción del Curso virtual - PF DERECHOS SEXUALES Y REPRODUCTIVOS 2025 - (PFSAG_2026) (PFSAG_2025),2025-11-08T21:01:52.846Z,,Femenino,Adolescencia (12 - 17 años),Bachiller,Estudiante,5,5,5,5,5,5,5,5,5,5,5,5,5,COMUNA 18,Sur Oriente
1giJ0jyUWAfQhn2UBxpL8XpCoNtE72sfctKCggDFQ-LI,-Satisfacción del Curso virtual - PF DERECHOS SEXUALES Y REPRODUCTIVOS 2025 - (PFSAG_2026) (PFSAG_2025),2025-10-17T00:18:52.530Z,,Femenino,Adolescencia (12 - 17 años),Postgrado,Estudiante,5,5,2,5,3,5,5,5,5,5,3,5,5,COMUNA 15,Oriente
1giJ0jyUWAfQhn2UBxpL8XpCoNtE72sfctKCggDFQ-LI,-Satisfacción del Curso virtual - PF DERECHOS SEXUALES Y REPRODUCTIVOS 2025 - (PFSAG_2026) (PFSAG_2025),2025-10-08T21:42:02.496Z,,Femenino,Adolescencia (12 - 17 años),Bachiller,Estudiante,5,5,5,5,5,5,5,5,5,5,5,4,5,COMUNA 18,Ladera
1giJ0jyUWAfQhn2UBxpL8XpCoNtE72sfctKCggDFQ-LI,-Satisfacción del Curso virtual - PF DERECHOS SEXUALES Y REPRODUCTIVOS 2025 - (PFSAG_2026) (PFSAG_2025),2025-10-07T17:37:13.418Z,,Femenino,Adolescencia (12 - 17 años),Bachiller,Estudiante,5,5,5,5,5,4,5,5,4,5,5,5,5,COMUNA 3,Centro
1giJ0jyUWAfQhn2UBxpL8XpCoNtE72sfctKCggDFQ-LI,-Satisfacción del Curso virtual - PF DERECHOS SEXUALES Y REPRODUCTIVOS 2025 - (PFSAG_2026) (PFSAG_2025),2025-10-08T19:59:17.998Z,,Femenino,Adolescencia (12 - 17 años),Bachiller,Estudiante,5,5,4,5,5,5,5,5,5,5,4,4,5,COMUNA 12,Sur Oriente
1giJ0jyUWAfQhn2UBxpL8XpCoNtE72sfctKCggDFQ-LI,-Satisfacción del Curso virtual - PF DERECHOS SEXUALES Y REPRODUCTIVOS 2025 - (PFSAG_2026) (PFSAG_2025),2025-10-05T21:53:26.287Z,,Femenino,Adolescencia (12 - 17 años),Bachiller,Estudiante,5,5,5,5,5,5,5,5,5,5,5,5,5,COMUNA 20,Norte
1giJ0jyUWAfQhn2UBxpL8XpCoNtE72sfctKCggDFQ-LI,-Satisfacción del Curso virtual - PF DERECHOS SEXUALES Y REPRODUCTIVOS 2025 - (PFSAG_2026) (PFSAG_2025),2025-11-11T19:56:29.154Z,,Femenino,Adolescencia (12 - 17 años),Bachiller,Estudiante,4,2,2,3,4,2,1,3,2,4,2,1,1,COMUNA 11,Sur Oriente
1giJ0jyUWAfQhn2UBxpL8XpCoNtE72sfctKCggDFQ-LI,-Satisfacción del Curso virtual - PF DERECHOS SEXUALES Y REPRODUCTIVOS 2025 - (PFSAG_2026) (PFSAG_2025),2025-09-26T02:43:06.097Z,,Masculino,Adolescencia (12 - 17 años),Bachiller,Estudiante,4,4,4,4,4,4,4,4,4,4,4,4,4,COMUNA 16,Sur Oriente
1giJ0jyUWAfQhn2UBxpL8XpCoNtE72sfctKCggDFQ-LI,-Satisfacción del Curso virtual - PF DERECHOS SEXUALES Y REPRODUCTIVOS 2025 - (PFSAG_2026) (PFSAG_2025),2025-10-08T23:49:55.657Z,,Femenino,Adolescencia (12 - 17 años),Bachiller,Estudiante,5,5,4,4,3,5,5,4,4,4,5,5,5,COMUNA 18,Ladera
1giJ0jyUWAfQhn2UBxpL8XpCoNtE72sfctKCggDFQ-LI,-Satisfacción del Curso virtual - PF DERECHOS SEXUALES Y REPRODUCTIVOS 2025 - (PFSAG_2026) (PFSAG_2025),2025-10-08T23:01:41.531Z,,Femenino,Adolescencia (12 - 17 años),Bachiller,Estudiante,5,5,5,5,5,5,5,5,5,5,5,5,5,COMUNA 16,Sur Oriente
1giJ0jyUWAfQhn2UBxpL8XpCoNtE72sfctKCggDFQ-LI,-Satisfacción del Curso virtual - PF DERECHOS SEXUALES Y REPRODUCTIVOS 2025 - (PFSAG_2026) (PFSAG_2025),2025-11-07T22:31:02.636Z,,Femenino,Adolescencia (12 - 17 años),Bachiller,Estudiante,5,5,5,5,5,5,5,5,5,5,5,5,5,COMUNA 15,Oriente
1giJ0jyUWAfQhn2UBxpL8XpCoNtE72sfctKCggDFQ-LI,-Satisfacción del Curso virtual - PF DERECHOS SEXUALES Y REPRODUCTIVOS 2025 - (PFSAG_2026) (PFSAG_2025),2025-10-17T21:41:19.437Z,,Masculino,Adolescencia (12 - 17 años),Bachiller,Estudiante,4,4,4,4,4,4,4,4,4,4,4,4,4,COMUNA 15,Oriente
1giJ0jyUWAfQhn2UBxpL8XpCoNtE72sfctKCggDFQ-LI,-Satisfacción del Curso virtual - PF DERECHOS SEXUALES Y REPRODUCTIVOS 2025 - (PFSAG_2026) (PFSAG_2025),2025-11-12T09:42:31.061Z,,Femenino,Adolescencia (12 - 17 años),Bachiller,Estudiante,5,5,5,5,5,5,5,5,5,5,5,5,5,COMUNA 12,Centro
1giJ0jyUWAfQhn2UBxpL8XpCoNtE72sfctKCggDFQ-LI,-Satisfacción del Curso virtual - PF DERECHOS SEXUALES Y REPRODUCTIVOS 2025 - (PFSAG_2026) (PFSAG_2025),2025-11-07T00:47:29.187Z,,Femenino,Adolescencia (12 - 17 años),Bachiller,Estudiante,5,5,5,4,5,5,5,5,5,5,5,5,5,COMUNA 18,Ladera
1giJ0jyUWAfQhn2UBxpL8XpCoNtE72sfctKCggDFQ-LI,-Satisfacción del Curso virtual - PF DERECHOS SEXUALES Y REPRODUCTIVOS 2025 - (PFSAG_2026) (PFSAG_2025),2025-11-07T01:01:14.937Z,,Femenino,Adolescencia (12 - 17 años),Bachiller,Estudiante,5,5,5,5,5,5,5,5,5,5,5,5,5,COMUNA 15,Sur Oriente
1giJ0jyUWAfQhn2UBxpL8XpCoNtE72sfctKCggDFQ-LI,-Satisfacción del Curso virtual - PF DERECHOS SEXUALES Y REPRODUCTIVOS 2025 - (PFSAG_2026) (PFSAG_2025),2025-10-10T10:22:05.555Z,,Femenino,Adolescencia (12 - 17 años),Bachiller,Estudiante,5,5,5,5,5,5,5,5,4,5,5,5,5,COMUNA 20,Ladera
1giJ0jyUWAfQhn2UBxpL8XpCoNtE72sfctKCggDFQ-LI,-Satisfacción del Curso virtual - PF DERECHOS SEXUALES Y REPRODUCTIVOS 2025 - (PFSAG_2026) (PFSAG_2025),2025-10-17T04:24:01.370Z,,Femenino,Adolescencia (12 - 17 años),Ninguna,Estudiante,3,4,5,3,4,4,4,4,5,4,5,4,5,COMUNA 15,Oriente
1giJ0jyUWAfQhn2UBxpL8XpCoNtE72sfctKCggDFQ-LI,-Satisfacción del Curso virtual - PF DERECHOS SEXUALES Y REPRODUCTIVOS 2025 - (PFSAG_2026) (PFSAG_2025),2025-11-12T21:47:16.054Z,,Masculino,Adolescencia (12 - 17 años),Bachiller,Estudiante,5,5,5,5,5,5,5,5,5,5,5,5,5,COMUNA 18,Ladera
1giJ0jyUWAfQhn2UBxpL8XpCoNtE72sfctKCggDFQ-LI,-Satisfacción del Curso virtual - PF DERECHOS SEXUALES Y REPRODUCTIVOS 2025 - (PFSAG_2026) (PFSAG_2025),2025-10-28T12:20:26.578Z,,Femenino,Adolescencia (12 - 17 años),Bachiller,Estudiante,5,5,5,5,5,5,5,5,5,5,5,5,5,COMUNA 3,Ladera
1giJ0jyUWAfQhn2UBxpL8XpCoNtE72sfctKCggDFQ-LI,-Satisfacción del Curso virtual - PF DERECHOS SEXUALES Y REPRODUCTIVOS 2025 - (PFSAG_2026) (PFSAG_2025),2025-11-06T03:51:29.939Z,,Femenino,Adolescencia (12 - 17 años),Bachiller,Estudiante,4,5,5,5,5,4,4,4,5,5,5,5,5,COMUNA 18,Ladera
1giJ0jyUWAfQhn2UBxpL8XpCoNtE72sfctKCggDFQ-LI,-Satisfacción del Curso virtual - PF DERECHOS SEXUALES Y REPRODUCTIVOS 2025 - (PFSAG_2026) (PFSAG_2025),2025-10-05T03:38:22.970Z,,Femenino,Adolescencia (12 - 17 años),Bachiller,Estudiante,1,1,1,1,1,1,1,1,1,1,1,1,1,COMUNA 15,Sur Oriente
1giJ0jyUWAfQhn2UBxpL8XpCoNtE72sfctKCggDFQ-LI,-Satisfacción del Curso virtual - PF DERECHOS SEXUALES Y REPRODUCTIVOS 2025 - (PFSAG_2026) (PFSAG_2025),2025-10-29T00:56:41.747Z,,Femenino,Adolescencia (12 - 17 años),Bachiller,Área de la salud,5,5,5,5,5,5,5,5,5,4,5,5,5,COMUNA 6,Norte
1giJ0jyUWAfQhn2UBxpL8XpCoNtE72sfctKCggDFQ-LI,-Satisfacción del Curso virtual - PF DERECHOS SEXUALES Y REPRODUCTIVOS 2025 - (PFSAG_2026) (PFSAG_2025),2025-10-13T00:43:13.721Z,,Femenino,Adolescencia (12 - 17 años),Bachiller,Estudiante,4,4,4,4,4,4,4,4,4,4,4,4,4,COMUNA 15,Sur Oriente
1giJ0jyUWAfQhn2UBxpL8XpCoNtE72sfctKCggDFQ-LI,-Satisfacción del Curso virtual - PF DERECHOS SEXUALES Y REPRODUCTIVOS 2025 - (PFSAG_2026) (PFSAG_2025),2025-10-07T18:29:00.190Z,,Femenino,Adolescencia (12 - 17 años),Bachiller,Estudiante,3,5,1,1,1,1,1,1,1,1,1,1,1,COMUNA 16,Sur Oriente
1giJ0jyUWAfQhn2UBxpL8XpCoNtE72sfctKCggDFQ-LI,-Satisfacción del Curso virtual - PF DERECHOS SEXUALES Y REPRODUCTIVOS 2025 - (PFSAG_2026) (PFSAG_2025),2025-10-05T03:33:13.366Z,,Femenino,Adolescencia (12 - 17 años),Bachiller,Estudiante,1,1,2,1,1,2,2,2,2,2,2,1,1,COMUNA 15,Sur Oriente
1giJ0jyUWAfQhn2UBxpL8XpCoNtE72sfctKCggDFQ-LI,-Satisfacción del Curso virtual - PF DERECHOS SEXUALES Y REPRODUCTIVOS 2025 - (PFSAG_2026) (PFSAG_2025),2025-10-23T13:59:31.927Z,,Masculino,Adolescencia (12 - 17 años),Bachiller,Estudiante,2,3,4,1,1,5,3,4,1,1,4,2,5,COMUNA 15,Sur Oriente
1giJ0jyUWAfQhn2UBxpL8XpCoNtE72sfctKCggDFQ-LI,-Satisfacción del Curso virtual - PF DERECHOS SEXUALES Y REPRODUCTIVOS 2025 - (PFSAG_2026) (PFSAG_2025),2025-10-06T23:06:41.746Z,,Masculino,Adolescencia (12 - 17 años),Bachiller,Estudiante,5,5,5,5,5,5,5,5,5,5,5,5,5,COMUNA 11,Norte
1giJ0jyUWAfQhn2UBxpL8XpCoNtE72sfctKCggDFQ-LI,-Satisfacción del Curso virtual - PF DERECHOS SEXUALES Y REPRODUCTIVOS 2025 - (PFSAG_2026) (PFSAG_2025),2025-11-02T21:21:12.028Z,,Masculino,Adolescencia (12 - 17 años),Bachiller,Estudiante,5,5,5,5,5,5,5,5,5,5,5,5,5,COMUNA 16,Sur Oriente
1giJ0jyUWAfQhn2UBxpL8XpCoNtE72sfctKCggDFQ-LI,-Satisfacción del Curso virtual - PF DERECHOS SEXUALES Y REPRODUCTIVOS 2025 - (PFSAG_2026) (PFSAG_2025),2025-10-05T20:55:30.677Z,,Masculino,Adolescencia (12 - 17 años),Bachiller,Estudiante,4,5,5,4,5,5,5,5,5,5,5,5,5,COMUNA 20,Oriente
1giJ0jyUWAfQhn2UBxpL8XpCoNtE72sfctKCggDFQ-LI,-Satisfacción del Curso virtual - PF DERECHOS SEXUALES Y REPRODUCTIVOS 2025 - (PFSAG_2026) (PFSAG_2025),2025-11-08T18:04:37.882Z,,Masculino,Adolescencia (12 - 17 años),Bachiller,Estudiante,4,5,5,3,4,5,5,4,5,5,5,5,5,COMUNA 18,Ladera
1giJ0jyUWAfQhn2UBxpL8XpCoNtE72sfctKCggDFQ-LI,-Satisfacción del Curso virtual - PF DERECHOS SEXUALES Y REPRODUCTIVOS 2025 - (PFSAG_2026) (PFSAG_2025),2025-09-30T18:58:31.801Z,,Masculino,Adolescencia (12 - 17 años),Bachiller,Estudiante,5,5,5,5,5,2,5,4,4,5,4,4,4,COMUNA 12,Sur Oriente
1giJ0jyUWAfQhn2UBxpL8XpCoNtE72sfctKCggDFQ-LI,-Satisfacción del Curso virtual - PF DERECHOS SEXUALES Y REPRODUCTIVOS 2025 - (PFSAG_2026) (PFSAG_2025),2025-10-14T19:18:52.486Z,,Femenino,Adolescencia (12 - 17 años),Bachiller,Estudiante,5,5,5,5,5,5,5,5,5,5,5,5,5,COMUNA 21,Oriente
1giJ0jyUWAfQhn2UBxpL8XpCoNtE72sfctKCggDFQ-LI,-Satisfacción del Curso virtual - PF DERECHOS SEXUALES Y REPRODUCTIVOS 2025 - (PFSAG_2026) (PFSAG_2025),2025-10-07T22:01:19.471Z,,Masculino,Juventud (18 - 28 años),Bachiller,Estudiante,4,5,5,5,5,5,5,5,5,5,5,5,5,COMUNA 10,Sur Oriente
1giJ0jyUWAfQhn2UBxpL8XpCoNtE72sfctKCggDFQ-LI,-Satisfacción del Curso virtual - PF DERECHOS SEXUALES Y REPRODUCTIVOS 2025 - (PFSAG_2026) (PFSAG_2025),2025-09-25T20:48:10.807Z,,Femenino,Adolescencia (12 - 17 años),Bachiller,Estudiante,5,4,4,4,4,4,4,4,4,4,4,4,4,COMUNA 12,Norte
1giJ0jyUWAfQhn2UBxpL8XpCoNtE72sfctKCggDFQ-LI,-Satisfacción del Curso virtual - PF DERECHOS SEXUALES Y REPRODUCTIVOS 2025 - (PFSAG_2026) (PFSAG_2025),2025-10-15T02:25:27.213Z,,Masculino,Adolescencia (12 - 17 años),Bachiller,Estudiante,5,5,5,5,5,5,5,5,5,5,5,5,5,COMUNA 12,Oriente
1giJ0jyUWAfQhn2UBxpL8XpCoNtE72sfctKCggDFQ-LI,-Satisfacción del Curso virtual - PF DERECHOS SEXUALES Y REPRODUCTIVOS 2025 - (PFSAG_2026) (PFSAG_2025),2025-10-27T21:19:01.246Z,,Femenino,Adolescencia (12 - 17 años),Bachiller,Estudiante,5,5,5,4,5,5,5,5,5,5,5,5,5,COMUNA 21,Oriente
1giJ0jyUWAfQhn2UBxpL8XpCoNtE72sfctKCggDFQ-LI,-Satisfacción del Curso virtual - PF DERECHOS SEXUALES Y REPRODUCTIVOS 2025 - (PFSAG_2026) (PFSAG_2025),2025-11-18T20:29:31.121Z,,Femenino,Adolescencia (12 - 17 años),Bachiller,Estudiante,4,4,4,4,4,4,4,4,4,4,4,4,4,COMUNA 15,Sur Oriente
1giJ0jyUWAfQhn2UBxpL8XpCoNtE72sfctKCggDFQ-LI,-Satisfacción del Curso virtual - PF DERECHOS SEXUALES Y REPRODUCTIVOS 2025 - (PFSAG_2026) (PFSAG_2025),2025-11-08T17:49:19.323Z,,Masculino,Adolescencia (12 - 17 años),Bachiller,Estudiante,5,5,5,5,5,5,5,5,5,5,5,5,5,COMUNA 18,Sur Oriente
1giJ0jyUWAfQhn2UBxpL8XpCoNtE72sfctKCggDFQ-LI,-Satisfacción del Curso virtual - PF DERECHOS SEXUALES Y REPRODUCTIVOS 2025 - (PFSAG_2026) (PFSAG_2025),2025-10-19T18:11:34.837Z,,Femenino,Adolescencia (12 - 17 años),Bachiller,Estudiante,5,5,5,4,5,2,4,5,4,4,4,4,5,COMUNA 18,Ladera
1giJ0jyUWAfQhn2UBxpL8XpCoNtE72sfctKCggDFQ-LI,-Satisfacción del Curso virtual - PF DERECHOS SEXUALES Y REPRODUCTIVOS 2025 - (PFSAG_2026) (PFSAG_2025),2025-10-08T01:31:32.417Z,,Masculino,Adolescencia (12 - 17 años),Bachiller,Estudiante,5,5,5,5,5,5,5,4,4,5,5,5,5,COMUNA 13,Oriente
1giJ0jyUWAfQhn2UBxpL8XpCoNtE72sfctKCggDFQ-LI,-Satisfacción del Curso virtual - PF DERECHOS SEXUALES Y REPRODUCTIVOS 2025 - (PFSAG_2026) (PFSAG_2025),2025-10-08T23:20:33.634Z,,Femenino,Adolescencia (12 - 17 años),Bachiller,Estudiante,5,5,5,5,3,5,4,5,5,5,5,5,5,COMUNA 1,Ladera
1giJ0jyUWAfQhn2UBxpL8XpCoNtE72sfctKCggDFQ-LI,-Satisfacción del Curso virtual - PF DERECHOS SEXUALES Y REPRODUCTIVOS 2025 - (PFSAG_2026) (PFSAG_2025),2025-11-13T22:45:32.878Z,,Femenino,Adolescencia (12 - 17 años),Bachiller,Estudiante,5,4,4,5,4,5,3,5,5,5,3,4,5,COMUNA 15,Oriente
1giJ0jyUWAfQhn2UBxpL8XpCoNtE72sfctKCggDFQ-LI,-Satisfacción del Curso virtual - PF DERECHOS SEXUALES Y REPRODUCTIVOS 2025 - (PFSAG_2026) (PFSAG_2025),2025-11-11T12:54:13.759Z,,Femenino,Adolescencia (12 - 17 años),Bachiller,Estudiante,5,5,5,5,5,5,5,5,5,5,5,5,5,COMUNA 12,Centro
1giJ0jyUWAfQhn2UBxpL8XpCoNtE72sfctKCggDFQ-LI,-Satisfacción del Curso virtual - PF DERECHOS SEXUALES Y REPRODUCTIVOS 2025 - (PFSAG_2026) (PFSAG_2025),2025-10-09T20:22:53.086Z,,Femenino,Juventud (18 - 28 años),Bachiller,Estudiante,4,4,4,3,4,4,4,3,4,4,3,3,4,COMUNA 12,Oriente
1giJ0jyUWAfQhn2UBxpL8XpCoNtE72sfctKCggDFQ-LI,-Satisfacción del Curso virtual - PF DERECHOS SEXUALES Y REPRODUCTIVOS 2025 - (PFSAG_2026) (PFSAG_2025),2025-10-02T20:58:00.185Z,,Femenino,Adolescencia (12 - 17 años),Bachiller,Estudiante,4,1,1,1,1,1,1,1,5,4,4,4,4,COMUNA 20,Ladera
1giJ0jyUWAfQhn2UBxpL8XpCoNtE72sfctKCggDFQ-LI,-Satisfacción del Curso virtual - PF DERECHOS SEXUALES Y REPRODUCTIVOS 2025 - (PFSAG_2026) (PFSAG_2025),2025-11-07T21:25:27.767Z,,Masculino,Adolescencia (12 - 17 años),Ninguna,Estudiante,5,5,5,5,4,4,5,5,5,5,5,5,5,COMUNA 18,Sur Oriente
1giJ0jyUWAfQhn2UBxpL8XpCoNtE72sfctKCggDFQ-LI,-Satisfacción del Curso virtual - PF DERECHOS SEXUALES Y REPRODUCTIVOS 2025 - (PFSAG_2026) (PFSAG_2025),2025-10-24T15:56:36.914Z,,Masculino,Adolescencia (12 - 17 años),Bachiller,Estudiante,4,4,4,4,5,5,5,5,5,5,4,4,5,COMUNA 16,Sur Oriente
1giJ0jyUWAfQhn2UBxpL8XpCoNtE72sfctKCggDFQ-LI,-Satisfacción del Curso virtual - PF DERECHOS SEXUALES Y REPRODUCTIVOS 2025 - (PFSAG_2026) (PFSAG_2025),2025-10-12T23:36:14.428Z,,Femenino,Adolescencia (12 - 17 años),Bachiller,Estudiante,1,3,1,1,1,1,1,1,1,3,3,3,3,COMUNA 12,Norte
1giJ0jyUWAfQhn2UBxpL8XpCoNtE72sfctKCggDFQ-LI,-Satisfacción del Curso virtual - PF DERECHOS SEXUALES Y REPRODUCTIVOS 2025 - (PFSAG_2026) (PFSAG_2025),2025-09-30T07:14:26.800Z,,Femenino,Adolescencia (12 - 17 años),Bachiller,Estudiante,5,5,5,5,5,5,5,5,5,5,5,5,5,C. DE LA BUITRERA,Sur Oriente
1giJ0jyUWAfQhn2UBxpL8XpCoNtE72sfctKCggDFQ-LI,-Satisfacción del Curso virtual - PF DERECHOS SEXUALES Y REPRODUCTIVOS 2025 - (PFSAG_2026) (PFSAG_2025),2025-10-30T01:24:54.500Z,,Femenino,Adolescencia (12 - 17 años),Bachiller,Estudiante,5,5,5,5,5,5,5,5,5,5,5,5,5,COMUNA 15,Oriente
1giJ0jyUWAfQhn2UBxpL8XpCoNtE72sfctKCggDFQ-LI,-Satisfacción del Curso virtual - PF DERECHOS SEXUALES Y REPRODUCTIVOS 2025 - (PFSAG_2026) (PFSAG_2025),2025-10-18T18:55:41.108Z,,Femenino,Adolescencia (12 - 17 años),Bachiller,Estudiante,5,5,5,4,5,5,4,5,5,5,5,5,5,COMUNA 20,Ladera
1giJ0jyUWAfQhn2UBxpL8XpCoNtE72sfctKCggDFQ-LI,-Satisfacción del Curso virtual - PF DERECHOS SEXUALES Y REPRODUCTIVOS 2025 - (PFSAG_2026) (PFSAG_2025),2025-11-11T19:00:41.579Z,,Masculino,Adolescencia (12 - 17 años),Bachiller,Estudiante,5,5,5,5,4,4,5,5,4,4,4,5,4,COMUNA 18,Sur Oriente
1giJ0jyUWAfQhn2UBxpL8XpCoNtE72sfctKCggDFQ-LI,-Satisfacción del Curso virtual - PF DERECHOS SEXUALES Y REPRODUCTIVOS 2025 - (PFSAG_2026) (PFSAG_2025),2025-11-10T01:43:36.038Z,,Femenino,Adolescencia (12 - 17 años),Bachiller,Estudiante,3,2,4,4,5,4,4,3,5,5,5,5,5,COMUNA 12,Oriente
1giJ0jyUWAfQhn2UBxpL8XpCoNtE72sfctKCggDFQ-LI,-Satisfacción del Curso virtual - PF DERECHOS SEXUALES Y REPRODUCTIVOS 2025 - (PFSAG_2026) (PFSAG_2025),2025-11-07T22:31:57.644Z,,Femenino,Adolescencia (12 - 17 años),Bachiller,Estudiante,5,4,5,4,5,5,4,5,5,5,4,5,5,COMUNA 18,Sur Oriente
1giJ0jyUWAfQhn2UBxpL8XpCoNtE72sfctKCggDFQ-LI,-Satisfacción del Curso virtual - PF DERECHOS SEXUALES Y REPRODUCTIVOS 2025 - (PFSAG_2026) (PFSAG_2025),2025-10-21T18:20:15.420Z,,Femenino,Adolescencia (12 - 17 años),Bachiller,Estudiante,4,4,4,5,4,5,4,4,4,5,4,3,3,COMUNA 7,Sur Oriente
1giJ0jyUWAfQhn2UBxpL8XpCoNtE72sfctKCggDFQ-LI,-Satisfacción del Curso virtual - PF DERECHOS SEXUALES Y REPRODUCTIVOS 2025 - (PFSAG_2026) (PFSAG_2025),2025-10-07T21:59:15.281Z,,Masculino,Adolescencia (12 - 17 años),Bachiller,Estudiante,5,5,5,5,5,5,5,5,5,5,5,5,5,COMUNA 16,Oriente
1giJ0jyUWAfQhn2UBxpL8XpCoNtE72sfctKCggDFQ-LI,-Satisfacción del Curso virtual - PF DERECHOS SEXUALES Y REPRODUCTIVOS 2025 - (PFSAG_2026) (PFSAG_2025),2025-10-11T03:10:12.962Z,,Femenino,Adolescencia (12 - 17 años),Bachiller,Estudiante,5,5,5,5,5,5,5,5,5,5,5,5,5,COMUNA 16,Centro
1giJ0jyUWAfQhn2UBxpL8XpCoNtE72sfctKCggDFQ-LI,-Satisfacción del Curso virtual - PF DERECHOS SEXUALES Y REPRODUCTIVOS 2025 - (PFSAG_2026) (PFSAG_2025),2025-10-18T00:40:08.804Z,,Masculino,Adolescencia (12 - 17 años),Bachiller,Estudiante,4,4,4,4,4,4,4,4,4,4,4,4,4,COMUNA 15,Sur Oriente
1giJ0jyUWAfQhn2UBxpL8XpCoNtE72sfctKCggDFQ-LI,-Satisfacción del Curso virtual - PF DERECHOS SEXUALES Y REPRODUCTIVOS 2025 - (PFSAG_2026) (PFSAG_2025),2025-10-23T23:40:56.755Z,,Femenino,Adolescencia (12 - 17 años),Bachiller,Estudiante,5,5,5,5,5,5,5,5,5,5,5,5,5,COMUNA 21,Sur Oriente
1giJ0jyUWAfQhn2UBxpL8XpCoNtE72sfctKCggDFQ-LI,-Satisfacción del Curso virtual - PF DERECHOS SEXUALES Y REPRODUCTIVOS 2025 - (PFSAG_2026) (PFSAG_2025),2025-12-28T03:08:58.311Z,,Femenino,Juventud (18 - 28 años),Pregrado,Estudiante,5,5,5,5,5,5,5,5,5,5,5,5,5,COMUNA 1,Norte
1giJ0jyUWAfQhn2UBxpL8XpCoNtE72sfctKCggDFQ-LI,-Satisfacción del Curso virtual - PF DERECHOS SEXUALES Y REPRODUCTIVOS 2025 - (PFSAG_2026) (PFSAG_2025),2025-10-10T00:37:16.389Z,,Femenino,Adolescencia (12 - 17 años),Bachiller,Estudiante,5,5,5,4,5,5,5,5,5,5,5,5,4,COMUNA 18,Ladera
1giJ0jyUWAfQhn2UBxpL8XpCoNtE72sfctKCggDFQ-LI,-Satisfacción del Curso virtual - PF DERECHOS SEXUALES Y REPRODUCTIVOS 2025 - (PFSAG_2026) (PFSAG_2025),2025-10-03T18:08:46.735Z,,Femenino,Adolescencia (12 - 17 años),Bachiller,Estudiante,5,5,5,5,5,5,5,5,5,5,5,5,5,COMUNA 11,Oriente
1giJ0jyUWAfQhn2UBxpL8XpCoNtE72sfctKCggDFQ-LI,-Satisfacción del Curso virtual - PF DERECHOS SEXUALES Y REPRODUCTIVOS 2025 - (PFSAG_2026) (PFSAG_2025),2025-11-18T20:21:26.372Z,,Femenino,Adolescencia (12 - 17 años),Bachiller,Estudiante,4,4,4,4,4,4,4,4,4,4,4,4,4,COMUNA 15,Sur Oriente
1giJ0jyUWAfQhn2UBxpL8XpCoNtE72sfctKCggDFQ-LI,-Satisfacción del Curso virtual - PF DERECHOS SEXUALES Y REPRODUCTIVOS 2025 - (PFSAG_2026) (PFSAG_2025),2025-10-27T21:42:15.724Z,,Masculino,Adolescencia (12 - 17 años),Bachiller,Estudiante,5,5,5,4,5,4,4,5,5,5,5,5,5,COMUNA 21,Oriente
1giJ0jyUWAfQhn2UBxpL8XpCoNtE72sfctKCggDFQ-LI,-Satisfacción del Curso virtual - PF DERECHOS SEXUALES Y REPRODUCTIVOS 2025 - (PFSAG_2026) (PFSAG_2025),2025-10-08T22:55:41.628Z,,Femenino,Adolescencia (12 - 17 años),Bachiller,Estudiante,4,5,3,2,5,3,4,3,3,3,3,4,3,COMUNA 12,Oriente
1giJ0jyUWAfQhn2UBxpL8XpCoNtE72sfctKCggDFQ-LI,-Satisfacción del Curso virtual - PF DERECHOS SEXUALES Y REPRODUCTIVOS 2025 - (PFSAG_2026) (PFSAG_2025),2025-10-28T23:59:57.289Z,,Femenino,Adolescencia (12 - 17 años),Bachiller,Estudiante,5,5,5,5,5,5,5,5,5,5,5,5,5,COMUNA 5,Norte
1giJ0jyUWAfQhn2UBxpL8XpCoNtE72sfctKCggDFQ-LI,-Satisfacción del Curso virtual - PF DERECHOS SEXUALES Y REPRODUCTIVOS 2025 - (PFSAG_2026) (PFSAG_2025),2025-10-09T16:12:07.145Z,,Masculino,Adolescencia (12 - 17 años),Bachiller,Estudiante,4,5,5,5,5,4,5,5,5,5,5,5,4,COMUNA 18,Ladera
1giJ0jyUWAfQhn2UBxpL8XpCoNtE72sfctKCggDFQ-LI,-Satisfacción del Curso virtual - PF DERECHOS SEXUALES Y REPRODUCTIVOS 2025 - (PFSAG_2026) (PFSAG_2025),2025-10-01T18:17:19.045Z,,Femenino,Adolescencia (12 - 17 años),Bachiller,Estudiante,5,5,5,5,5,5,5,5,5,5,4,5,5,COMUNA 21,Ladera
1giJ0jyUWAfQhn2UBxpL8XpCoNtE72sfctKCggDFQ-LI,-Satisfacción del Curso virtual - PF DERECHOS SEXUALES Y REPRODUCTIVOS 2025 - (PFSAG_2026) (PFSAG_2025),2025-10-17T20:59:38.151Z,,Femenino,Adolescencia (12 - 17 años),Bachiller,Estudiante,3,5,5,5,5,3,3,4,3,5,5,4,3,COMUNA 15,Centro
1giJ0jyUWAfQhn2UBxpL8XpCoNtE72sfctKCggDFQ-LI,-Satisfacción del Curso virtual - PF DERECHOS SEXUALES Y REPRODUCTIVOS 2025 - (PFSAG_2026) (PFSAG_2025),2025-11-06T04:13:01.499Z,,Femenino,Adolescencia (12 - 17 años),Bachiller,Estudiante,5,5,5,5,5,5,5,5,5,5,5,5,5,COMUNA 18,Sur Oriente
1giJ0jyUWAfQhn2UBxpL8XpCoNtE72sfctKCggDFQ-LI,-Satisfacción del Curso virtual - PF DERECHOS SEXUALES Y REPRODUCTIVOS 2025 - (PFSAG_2026) (PFSAG_2025),2025-10-09T01:20:17.443Z,,Femenino,Adolescencia (12 - 17 años),Bachiller,Estudiante,5,5,5,5,5,5,5,5,5,5,5,5,5,COMUNA 3,Norte
1giJ0jyUWAfQhn2UBxpL8XpCoNtE72sfctKCggDFQ-LI,-Satisfacción del Curso virtual - PF DERECHOS SEXUALES Y REPRODUCTIVOS 2025 - (PFSAG_2026) (PFSAG_2025),2025-10-10T01:59:30.258Z,,Masculino,Adolescencia (12 - 17 años),Bachiller,Estudiante,5,5,5,5,5,5,5,5,5,5,5,5,5,COMUNA 20,Ladera
1giJ0jyUWAfQhn2UBxpL8XpCoNtE72sfctKCggDFQ-LI,-Satisfacción del Curso virtual - PF DERECHOS SEXUALES Y REPRODUCTIVOS 2025 - (PFSAG_2026) (PFSAG_2025),2025-10-08T23:45:43.844Z,,Masculino,Adolescencia (12 - 17 años),Bachiller,Estudiante,5,5,5,5,4,5,5,5,5,5,5,4,5,COMUNA 10,Centro
1giJ0jyUWAfQhn2UBxpL8XpCoNtE72sfctKCggDFQ-LI,-Satisfacción del Curso virtual - PF DERECHOS SEXUALES Y REPRODUCTIVOS 2025 - (PFSAG_2026) (PFSAG_2025),2025-11-01T21:30:57.286Z,,Femenino,Adolescencia (12 - 17 años),Bachiller,Estudiante,5,5,5,5,5,5,5,5,5,5,5,5,5,COMUNA 16,Sur Oriente
1giJ0jyUWAfQhn2UBxpL8XpCoNtE72sfctKCggDFQ-LI,-Satisfacción del Curso virtual - PF DERECHOS SEXUALES Y REPRODUCTIVOS 2025 - (PFSAG_2026) (PFSAG_2025),2025-11-21T15:38:39.917Z,,Femenino,Adolescencia (12 - 17 años),Bachiller,Estudiante,5,5,5,5,5,5,5,5,5,5,4,5,5,COMUNA 18,Sur Oriente
1giJ0jyUWAfQhn2UBxpL8XpCoNtE72sfctKCggDFQ-LI,-Satisfacción del Curso virtual - PF DERECHOS SEXUALES Y REPRODUCTIVOS 2025 - (PFSAG_2026) (PFSAG_2025),2025-10-30T03:55:17.114Z,,Femenino,Adolescencia (12 - 17 años),Bachiller,Estudiante,4,4,4,4,4,4,4,4,4,4,4,4,4,COMUNA 18,Sur Oriente
1giJ0jyUWAfQhn2UBxpL8XpCoNtE72sfctKCggDFQ-LI,-Satisfacción del Curso virtual - PF DERECHOS SEXUALES Y REPRODUCTIVOS 2025 - (PFSAG_2026) (PFSAG_2025),2025-10-18T16:15:18.904Z,,Femenino,Adolescencia (12 - 17 años),Bachiller,Estudiante,5,5,5,5,5,5,5,5,5,5,5,5,5,COMUNA 15,Oriente
1giJ0jyUWAfQhn2UBxpL8XpCoNtE72sfctKCggDFQ-LI,-Satisfacción del Curso virtual - PF DERECHOS SEXUALES Y REPRODUCTIVOS 2025 - (PFSAG_2026) (PFSAG_2025),2025-10-24T01:21:12.741Z,,Masculino,Adolescencia (12 - 17 años),Bachiller,Estudiante,5,5,5,5,5,5,5,5,5,4,2,4,5,COMUNA 7,Norte
1giJ0jyUWAfQhn2UBxpL8XpCoNtE72sfctKCggDFQ-LI,-Satisfacción del Curso virtual - PF DERECHOS SEXUALES Y REPRODUCTIVOS 2025 - (PFSAG_2026) (PFSAG_2025),2025-09-26T04:36:26.991Z,,Femenino,Adolescencia (12 - 17 años),Bachiller,Estudiante,5,5,5,5,5,5,5,5,5,5,5,5,5,COMUNA 20,Ladera
1giJ0jyUWAfQhn2UBxpL8XpCoNtE72sfctKCggDFQ-LI,-Satisfacción del Curso virtual - PF DERECHOS SEXUALES Y REPRODUCTIVOS 2025 - (PFSAG_2026) (PFSAG_2025),2025-10-17T00:47:17.769Z,,Femenino,Adolescencia (12 - 17 años),Bachiller,Estudiante,5,5,5,5,5,5,5,5,5,5,5,5,5,COMUNA 14,Oriente
1giJ0jyUWAfQhn2UBxpL8XpCoNtE72sfctKCggDFQ-LI,-Satisfacción del Curso virtual - PF DERECHOS SEXUALES Y REPRODUCTIVOS 2025 - (PFSAG_2026) (PFSAG_2025),2025-11-06T22:52:15.141Z,,Femenino,Adolescencia (12 - 17 años),Bachiller,Estudiante,4,4,4,4,4,5,4,5,3,5,5,5,5,COMUNA 15,Sur Oriente
1giJ0jyUWAfQhn2UBxpL8XpCoNtE72sfctKCggDFQ-LI,-Satisfacción del Curso virtual - PF DERECHOS SEXUALES Y REPRODUCTIVOS 2025 - (PFSAG_2026) (PFSAG_2025),2025-09-26T01:23:43.635Z,,Femenino,Adolescencia (12 - 17 años),Bachiller,Estudiante,5,5,5,5,5,5,5,5,5,5,5,5,5,COMUNA 10,Sur Oriente
1giJ0jyUWAfQhn2UBxpL8XpCoNtE72sfctKCggDFQ-LI,-Satisfacción del Curso virtual - PF DERECHOS SEXUALES Y REPRODUCTIVOS 2025 - (PFSAG_2026) (PFSAG_2025),2025-11-12T02:31:30.580Z,,Femenino,Adolescencia (12 - 17 años),Bachiller,Estudiante,5,5,4,5,5,5,5,5,5,5,5,5,5,COMUNA 15,Oriente
1giJ0jyUWAfQhn2UBxpL8XpCoNtE72sfctKCggDFQ-LI,-Satisfacción del Curso virtual - PF DERECHOS SEXUALES Y REPRODUCTIVOS 2025 - (PFSAG_2026) (PFSAG_2025),2025-10-09T16:02:56.698Z,,Femenino,Adolescencia (12 - 17 años),Bachiller,Estudiante,5,5,4,5,5,5,5,5,5,5,5,5,5,COMUNA 1,Oriente
1giJ0jyUWAfQhn2UBxpL8XpCoNtE72sfctKCggDFQ-LI,-Satisfacción del Curso virtual - PF DERECHOS SEXUALES Y REPRODUCTIVOS 2025 - (PFSAG_2026) (PFSAG_2025),2025-10-29T16:03:01.210Z,,Femenino,Adolescencia (12 - 17 años),Bachiller,Estudiante,5,5,4,5,5,5,4,4,4,3,3,3,3,COMUNA 6,Norte
1giJ0jyUWAfQhn2UBxpL8XpCoNtE72sfctKCggDFQ-LI,-Satisfacción del Curso virtual - PF DERECHOS SEXUALES Y REPRODUCTIVOS 2025 - (PFSAG_2026) (PFSAG_2025),2025-11-05T23:19:59.039Z,,Masculino,Adolescencia (12 - 17 años),Bachiller,Estudiante,5,5,5,5,5,5,5,5,4,5,3,5,5,COMUNA 14,Norte
1giJ0jyUWAfQhn2UBxpL8XpCoNtE72sfctKCggDFQ-LI,-Satisfacción del Curso virtual - PF DERECHOS SEXUALES Y REPRODUCTIVOS 2025 - (PFSAG_2026) (PFSAG_2025),2025-10-30T22:02:01.094Z,,Masculino,Adolescencia (12 - 17 años),Bachiller,Estudiante,4,5,5,5,5,3,4,4,5,5,5,5,5,COMUNA 15,Norte
1giJ0jyUWAfQhn2UBxpL8XpCoNtE72sfctKCggDFQ-LI,-Satisfacción del Curso virtual - PF DERECHOS SEXUALES Y REPRODUCTIVOS 2025 - (PFSAG_2026) (PFSAG_2025),2025-11-08T19:52:56.594Z,,Masculino,Adolescencia (12 - 17 años),Bachiller,Estudiante,1,1,1,4,3,3,1,1,3,1,3,1,1,COMUNA 18,Norte
1giJ0jyUWAfQhn2UBxpL8XpCoNtE72sfctKCggDFQ-LI,-Satisfacción del Curso virtual - PF DERECHOS SEXUALES Y REPRODUCTIVOS 2025 - (PFSAG_2026) (PFSAG_2025),2025-10-08T00:51:52.023Z,,Femenino,Adolescencia (12 - 17 años),Bachiller,Estudiante,5,5,5,5,5,5,5,5,5,5,5,5,5,COMUNA 11,Centro
1giJ0jyUWAfQhn2UBxpL8XpCoNtE72sfctKCggDFQ-LI,-Satisfacción del Curso virtual - PF DERECHOS SEXUALES Y REPRODUCTIVOS 2025 - (PFSAG_2026) (PFSAG_2025),2025-10-27T23:19:07.142Z,,Femenino,Adolescencia (12 - 17 años),Bachiller,Estudiante,4,4,4,3,2,3,5,5,4,5,4,5,4,COMUNA 6,Norte
1giJ0jyUWAfQhn2UBxpL8XpCoNtE72sfctKCggDFQ-LI,-Satisfacción del Curso virtual - PF DERECHOS SEXUALES Y REPRODUCTIVOS 2025 - (PFSAG_2026) (PFSAG_2025),2025-10-09T01:48:59.757Z,,Masculino,Adolescencia (12 - 17 años),Bachiller,Estudiante,4,5,5,3,5,4,4,5,5,5,5,5,5,COMUNA 18,Sur Oriente
1giJ0jyUWAfQhn2UBxpL8XpCoNtE72sfctKCggDFQ-LI,-Satisfacción del Curso virtual - PF DERECHOS SEXUALES Y REPRODUCTIVOS 2025 - (PFSAG_2026) (PFSAG_2025),2025-10-17T21:38:18.068Z,,Masculino,Adolescencia (12 - 17 años),Bachiller,Estudiante,5,3,2,4,5,4,5,4,3,5,5,5,3,COMUNA 15,Oriente
1giJ0jyUWAfQhn2UBxpL8XpCoNtE72sfctKCggDFQ-LI,-Satisfacción del Curso virtual - PF DERECHOS SEXUALES Y REPRODUCTIVOS 2025 - (PFSAG_2026) (PFSAG_2025),2025-10-17T18:30:27.866Z,,Femenino,Adolescencia (12 - 17 años),Bachiller,Estudiante,4,4,4,4,4,4,4,4,4,4,4,4,4,COMUNA 15,Oriente
1giJ0jyUWAfQhn2UBxpL8XpCoNtE72sfctKCggDFQ-LI,-Satisfacción del Curso virtual - PF DERECHOS SEXUALES Y REPRODUCTIVOS 2025 - (PFSAG_2026) (PFSAG_2025),2025-10-22T00:01:02.228Z,,Masculino,Juventud (18 - 28 años),Bachiller,Estudiante,5,5,5,5,5,5,5,4,5,5,5,5,5,COMUNA 19,Sur Oriente
1giJ0jyUWAfQhn2UBxpL8XpCoNtE72sfctKCggDFQ-LI,-Satisfacción del Curso virtual - PF DERECHOS SEXUALES Y REPRODUCTIVOS 2025 - (PFSAG_2026) (PFSAG_2025),2025-11-01T05:08:11.412Z,,Femenino,Adolescencia (12 - 17 años),Bachiller,Estudiante,3,5,5,5,5,5,3,3,5,5,5,5,5,COMUNA 15,Oriente
1giJ0jyUWAfQhn2UBxpL8XpCoNtE72sfctKCggDFQ-LI,-Satisfacción del Curso virtual - PF DERECHOS SEXUALES Y REPRODUCTIVOS 2025 - (PFSAG_2026) (PFSAG_2025),2025-10-14T02:15:55.917Z,,Femenino,Adolescencia (12 - 17 años),Bachiller,Estudiante,5,5,5,5,4,5,5,5,5,5,4,5,5,COMUNA 16,Sur Oriente
1giJ0jyUWAfQhn2UBxpL8XpCoNtE72sfctKCggDFQ-LI,-Satisfacción del Curso virtual - PF DERECHOS SEXUALES Y REPRODUCTIVOS 2025 - (PFSAG_2026) (PFSAG_2025),2025-11-07T21:16:02.543Z,,Masculino,Adolescencia (12 - 17 años),Bachiller,Estudiante,5,5,5,5,5,5,5,5,5,5,5,5,5,COMUNA 18,Sur Oriente
1giJ0jyUWAfQhn2UBxpL8XpCoNtE72sfctKCggDFQ-LI,-Satisfacción del Curso virtual - PF DERECHOS SEXUALES Y REPRODUCTIVOS 2025 - (PFSAG_2026) (PFSAG_2025),2025-10-10T22:01:09.567Z,,Femenino,Adolescencia (12 - 17 años),Bachiller,Estudiante,4,4,4,4,4,4,4,4,4,4,4,4,4,COMUNA 15,Oriente
1giJ0jyUWAfQhn2UBxpL8XpCoNtE72sfctKCggDFQ-LI,-Satisfacción del Curso virtual - PF DERECHOS SEXUALES Y REPRODUCTIVOS 2025 - (PFSAG_2026) (PFSAG_2025),2025-10-10T02:42:38.850Z,,Masculino,Adolescencia (12 - 17 años),Bachiller,Estudiante,5,5,5,5,5,5,5,5,5,5,5,5,5,COMUNA 20,Ladera
1giJ0jyUWAfQhn2UBxpL8XpCoNtE72sfctKCggDFQ-LI,-Satisfacción del Curso virtual - PF DERECHOS SEXUALES Y REPRODUCTIVOS 2025 - (PFSAG_2026) (PFSAG_2025),2025-11-08T01:52:12.494Z,,Femenino,Adolescencia (12 - 17 años),Bachiller,Estudiante,5,5,5,4,5,5,5,5,5,5,5,5,5,COMUNA 18,Sur Oriente
1giJ0jyUWAfQhn2UBxpL8XpCoNtE72sfctKCggDFQ-LI,-Satisfacción del Curso virtual - PF DERECHOS SEXUALES Y REPRODUCTIVOS 2025 - (PFSAG_2026) (PFSAG_2025),2025-10-21T20:53:33.304Z,,Masculino,Adolescencia (12 - 17 años),Ninguna,Estudiante,5,5,4,3,1,3,5,5,2,4,5,5,4,COMUNA 7,Norte
1giJ0jyUWAfQhn2UBxpL8XpCoNtE72sfctKCggDFQ-LI,-Satisfacción del Curso virtual - PF DERECHOS SEXUALES Y REPRODUCTIVOS 2025 - (PFSAG_2026) (PFSAG_2025),2025-09-29T22:36:46.605Z,,Femenino,Adolescencia (12 - 17 años),Bachiller,Estudiante,5,5,5,4,5,5,5,5,5,5,5,5,5,COMUNA 17,Sur Oriente
1giJ0jyUWAfQhn2UBxpL8XpCoNtE72sfctKCggDFQ-LI,-Satisfacción del Curso virtual - PF DERECHOS SEXUALES Y REPRODUCTIVOS 2025 - (PFSAG_2026) (PFSAG_2025),2025-10-18T16:36:24.470Z,,Masculino,Adolescencia (12 - 17 años),Bachiller,Estudiante,4,4,3,4,4,4,4,4,4,4,4,4,4,COMUNA 12,Oriente
1giJ0jyUWAfQhn2UBxpL8XpCoNtE72sfctKCggDFQ-LI,-Satisfacción del Curso virtual - PF DERECHOS SEXUALES Y REPRODUCTIVOS 2025 - (PFSAG_2026) (PFSAG_2025),2025-10-22T22:51:11.997Z,,Femenino,Adolescencia (12 - 17 años),Bachiller,Estudiante,5,5,5,5,5,5,5,5,5,5,5,5,5,COMUNA 16,Sur Oriente
1giJ0jyUWAfQhn2UBxpL8XpCoNtE72sfctKCggDFQ-LI,-Satisfacción del Curso virtual - PF DERECHOS SEXUALES Y REPRODUCTIVOS 2025 - (PFSAG_2026) (PFSAG_2025),2025-10-07T19:57:48.825Z,,Masculino,Adolescencia (12 - 17 años),Bachiller,Estudiante,5,5,5,5,5,5,5,5,5,5,5,5,5,COMUNA 10,Norte
1giJ0jyUWAfQhn2UBxpL8XpCoNtE72sfctKCggDFQ-LI,-Satisfacción del Curso virtual - PF DERECHOS SEXUALES Y REPRODUCTIVOS 2025 - (PFSAG_2026) (PFSAG_2025),2025-10-03T17:39:51.266Z,,Femenino,Adolescencia (12 - 17 años),Bachiller,Estudiante,5,4,5,5,5,5,5,4,4,5,5,5,5,COMUNA 15,Sur Oriente
1giJ0jyUWAfQhn2UBxpL8XpCoNtE72sfctKCggDFQ-LI,-Satisfacción del Curso virtual - PF DERECHOS SEXUALES Y REPRODUCTIVOS 2025 - (PFSAG_2026) (PFSAG_2025),2025-10-08T19:55:23.420Z,,Femenino,Adolescencia (12 - 17 años),Bachiller,Estudiante,5,5,5,5,5,5,5,5,5,5,5,5,5,COMUNA 20,Ladera
1giJ0jyUWAfQhn2UBxpL8XpCoNtE72sfctKCggDFQ-LI,-Satisfacción del Curso virtual - PF DERECHOS SEXUALES Y REPRODUCTIVOS 2025 - (PFSAG_2026) (PFSAG_2025),2025-10-16T21:50:28.487Z,,Masculino,Adolescencia (12 - 17 años),Bachiller,Estudiante,5,5,5,4,5,5,4,4,5,5,4,5,5,COMUNA 21,Oriente
1giJ0jyUWAfQhn2UBxpL8XpCoNtE72sfctKCggDFQ-LI,-Satisfacción del Curso virtual - PF DERECHOS SEXUALES Y REPRODUCTIVOS 2025 - (PFSAG_2026) (PFSAG_2025),2025-10-23T23:42:27.583Z,,Femenino,Juventud (18 - 28 años),Bachiller,Estudiante,5,5,5,5,5,5,5,5,5,4,4,4,5,COMUNA 3,Norte
1giJ0jyUWAfQhn2UBxpL8XpCoNtE72sfctKCggDFQ-LI,-Satisfacción del Curso virtual - PF DERECHOS SEXUALES Y REPRODUCTIVOS 2025 - (PFSAG_2026) (PFSAG_2025),2025-11-11T03:53:46.609Z,,Femenino,Adolescencia (12 - 17 años),Ninguna,Estudiante,1,3,5,2,4,2,4,2,1,3,3,1,4,COMUNA 12,Oriente
1giJ0jyUWAfQhn2UBxpL8XpCoNtE72sfctKCggDFQ-LI,-Satisfacción del Curso virtual - PF DERECHOS SEXUALES Y REPRODUCTIVOS 2025 - (PFSAG_2026) (PFSAG_2025),2025-10-09T01:34:22.384Z,,Masculino,Adolescencia (12 - 17 años),Bachiller,Estudiante,4,4,4,3,4,3,5,5,5,5,3,4,4,COMUNA 18,Ladera
1giJ0jyUWAfQhn2UBxpL8XpCoNtE72sfctKCggDFQ-LI,-Satisfacción del Curso virtual - PF DERECHOS SEXUALES Y REPRODUCTIVOS 2025 - (PFSAG_2026) (PFSAG_2025),2025-10-08T19:46:34.179Z,,Femenino,Adolescencia (12 - 17 años),Bachiller,Estudiante,5,5,5,5,5,5,5,5,5,5,4,5,5,COMUNA 13,Oriente
1giJ0jyUWAfQhn2UBxpL8XpCoNtE72sfctKCggDFQ-LI,-Satisfacción del Curso virtual - PF DERECHOS SEXUALES Y REPRODUCTIVOS 2025 - (PFSAG_2026) (PFSAG_2025),2025-10-29T23:26:15.889Z,,Masculino,Adolescencia (12 - 17 años),Bachiller,Estudiante,5,5,5,5,5,5,5,5,5,5,5,5,5,COMUNA 18,Norte
1giJ0jyUWAfQhn2UBxpL8XpCoNtE72sfctKCggDFQ-LI,-Satisfacción del Curso virtual - PF DERECHOS SEXUALES Y REPRODUCTIVOS 2025 - (PFSAG_2026) (PFSAG_2025),2025-10-15T00:06:39.642Z,,Femenino,Adolescencia (12 - 17 años),Bachiller,Estudiante,5,5,5,5,5,5,5,5,5,5,5,5,5,COMUNA 16,Sur Oriente
1giJ0jyUWAfQhn2UBxpL8XpCoNtE72sfctKCggDFQ-LI,-Satisfacción del Curso virtual - PF DERECHOS SEXUALES Y REPRODUCTIVOS 2025 - (PFSAG_2026) (PFSAG_2025),2025-11-11T22:09:13.831Z,,Femenino,Adolescencia (12 - 17 años),Bachiller,Estudiante,4,4,5,5,5,5,5,5,5,5,5,5,5,COMUNA 13,Oriente
1giJ0jyUWAfQhn2UBxpL8XpCoNtE72sfctKCggDFQ-LI,-Satisfacción del Curso virtual - PF DERECHOS SEXUALES Y REPRODUCTIVOS 2025 - (PFSAG_2026) (PFSAG_2025),2025-10-20T00:50:19.292Z,,Femenino,Adolescencia (12 - 17 años),Bachiller,Estudiante,5,5,5,5,5,5,5,5,5,5,5,5,5,C. DE MONTEBELLO,Ladera
1giJ0jyUWAfQhn2UBxpL8XpCoNtE72sfctKCggDFQ-LI,-Satisfacción del Curso virtual - PF DERECHOS SEXUALES Y REPRODUCTIVOS 2025 - (PFSAG_2026) (PFSAG_2025),2025-10-15T03:13:40.358Z,,Masculino,Adolescencia (12 - 17 años),Pregrado,Estudiante,4,5,4,5,5,4,5,5,5,5,5,5,5,COMUNA 21,Norte
1giJ0jyUWAfQhn2UBxpL8XpCoNtE72sfctKCggDFQ-LI,-Satisfacción del Curso virtual - PF DERECHOS SEXUALES Y REPRODUCTIVOS 2025 - (PFSAG_2026) (PFSAG_2025),2025-10-09T01:16:05.145Z,,Masculino,Adolescencia (12 - 17 años),Bachiller,Estudiante,3,4,4,3,3,4,2,4,3,4,4,5,4,COMUNA 12,Oriente
1giJ0jyUWAfQhn2UBxpL8XpCoNtE72sfctKCggDFQ-LI,-Satisfacción del Curso virtual - PF DERECHOS SEXUALES Y REPRODUCTIVOS 2025 - (PFSAG_2026) (PFSAG_2025),2025-11-09T00:41:41.541Z,,Femenino,Adolescencia (12 - 17 años),Bachiller,Estudiante,5,5,4,5,4,5,5,5,5,5,5,5,5,COMUNA 18,Ladera
1giJ0jyUWAfQhn2UBxpL8XpCoNtE72sfctKCggDFQ-LI,-Satisfacción del Curso virtual - PF DERECHOS SEXUALES Y REPRODUCTIVOS 2025 - (PFSAG_2026) (PFSAG_2025),2025-09-25T20:38:27.857Z,,Masculino,Juventud (18 - 28 años),Bachiller,Estudiante,5,5,5,5,4,5,5,4,5,5,4,5,5,COMUNA 1,Norte
1giJ0jyUWAfQhn2UBxpL8XpCoNtE72sfctKCggDFQ-LI,-Satisfacción del Curso virtual - PF DERECHOS SEXUALES Y REPRODUCTIVOS 2025 - (PFSAG_2026) (PFSAG_2025),2025-10-08T21:35:23.954Z,,Femenino,Adolescencia (12 - 17 años),Bachiller,Estudiante,5,5,5,5,5,5,5,5,5,5,5,5,5,COMUNA 20,Ladera
1giJ0jyUWAfQhn2UBxpL8XpCoNtE72sfctKCggDFQ-LI,-Satisfacción del Curso virtual - PF DERECHOS SEXUALES Y REPRODUCTIVOS 2025 - (PFSAG_2026) (PFSAG_2025),2025-11-03T15:34:25.889Z,,Masculino,Adolescencia (12 - 17 años),Ninguna,Estudiante,5,5,5,5,5,5,5,5,5,5,4,5,5,COMUNA 18,Sur Oriente
1giJ0jyUWAfQhn2UBxpL8XpCoNtE72sfctKCggDFQ-LI,-Satisfacción del Curso virtual - PF DERECHOS SEXUALES Y REPRODUCTIVOS 2025 - (PFSAG_2026) (PFSAG_2025),2025-10-16T21:40:17.068Z,,Femenino,Adolescencia (12 - 17 años),Bachiller,Estudiante,5,5,5,5,5,5,5,5,5,5,5,5,5,COMUNA 18,Ladera
1giJ0jyUWAfQhn2UBxpL8XpCoNtE72sfctKCggDFQ-LI,-Satisfacción del Curso virtual - PF DERECHOS SEXUALES Y REPRODUCTIVOS 2025 - (PFSAG_2026) (PFSAG_2025),2025-10-18T03:34:34.722Z,,Femenino,Adolescencia (12 - 17 años),Bachiller,Estudiante,5,5,5,5,5,5,5,5,5,4,5,5,5,COMUNA 21,Oriente
1giJ0jyUWAfQhn2UBxpL8XpCoNtE72sfctKCggDFQ-LI,-Satisfacción del Curso virtual - PF DERECHOS SEXUALES Y REPRODUCTIVOS 2025 - (PFSAG_2026) (PFSAG_2025),2025-10-02T21:27:11.244Z,,Femenino,Adolescencia (12 - 17 años),Bachiller,Estudiante,5,5,5,5,5,5,5,5,5,5,5,5,5,COMUNA 20,Ladera
1giJ0jyUWAfQhn2UBxpL8XpCoNtE72sfctKCggDFQ-LI,-Satisfacción del Curso virtual - PF DERECHOS SEXUALES Y REPRODUCTIVOS 2025 - (PFSAG_2026) (PFSAG_2025),2025-10-21T20:13:01.897Z,,Femenino,Adolescencia (12 - 17 años),Bachiller,Estudiante,5,4,5,4,3,5,5,4,4,5,5,5,5,COMUNA 14,Norte
1giJ0jyUWAfQhn2UBxpL8XpCoNtE72sfctKCggDFQ-LI,-Satisfacción del Curso virtual - PF DERECHOS SEXUALES Y REPRODUCTIVOS 2025 - (PFSAG_2026) (PFSAG_2025),2025-10-24T01:06:54.735Z,,Femenino,Adolescencia (12 - 17 años),Bachiller,Estudiante,5,5,4,4,4,5,4,5,4,4,4,4,5,COMUNA 10,Norte
1giJ0jyUWAfQhn2UBxpL8XpCoNtE72sfctKCggDFQ-LI,-Satisfacción del Curso virtual - PF DERECHOS SEXUALES Y REPRODUCTIVOS 2025 - (PFSAG_2026) (PFSAG_2025),2025-10-09T17:16:53.304Z,,Masculino,Adolescencia (12 - 17 años),Bachiller,Estudiante,5,5,5,5,5,5,5,5,5,5,5,5,5,COMUNA 21,Ladera
1giJ0jyUWAfQhn2UBxpL8XpCoNtE72sfctKCggDFQ-LI,-Satisfacción del Curso virtual - PF DERECHOS SEXUALES Y REPRODUCTIVOS 2025 - (PFSAG_2026) (PFSAG_2025),2025-10-14T22:56:47.774Z,,Femenino,Adolescencia (12 - 17 años),Bachiller,Estudiante,5,5,5,5,5,5,5,5,5,5,5,5,5,COMUNA 9,Ladera
1giJ0jyUWAfQhn2UBxpL8XpCoNtE72sfctKCggDFQ-LI,-Satisfacción del Curso virtual - PF DERECHOS SEXUALES Y REPRODUCTIVOS 2025 - (PFSAG_2026) (PFSAG_2025),2025-10-27T21:18:47.169Z,,Femenino,Adolescencia (12 - 17 años),Bachiller,Estudiante,5,5,4,4,5,5,5,5,5,5,5,5,5,COMUNA 21,Oriente
1giJ0jyUWAfQhn2UBxpL8XpCoNtE72sfctKCggDFQ-LI,-Satisfacción del Curso virtual - PF DERECHOS SEXUALES Y REPRODUCTIVOS 2025 - (PFSAG_2026) (PFSAG_2025),2025-10-21T18:29:49.084Z,,Masculino,Adolescencia (12 - 17 años),Bachiller,Estudiante,5,5,5,5,5,5,5,5,5,5,5,5,5,COMUNA 15,Norte
1giJ0jyUWAfQhn2UBxpL8XpCoNtE72sfctKCggDFQ-LI,-Satisfacción del Curso virtual - PF DERECHOS SEXUALES Y REPRODUCTIVOS 2025 - (PFSAG_2026) (PFSAG_2025),2025-10-10T22:17:53.445Z,,Femenino,Adolescencia (12 - 17 años),Bachiller,Estudiante,5,5,4,4,5,4,5,4,3,4,4,5,4,COMUNA 16,Oriente
1giJ0jyUWAfQhn2UBxpL8XpCoNtE72sfctKCggDFQ-LI,-Satisfacción del Curso virtual - PF DERECHOS SEXUALES Y REPRODUCTIVOS 2025 - (PFSAG_2026) (PFSAG_2025),2025-11-04T23:41:16.025Z,,Masculino,Adolescencia (12 - 17 años),Bachiller,Estudiante,5,5,5,3,4,5,5,5,5,5,5,5,5,COMUNA 18,Norte
1giJ0jyUWAfQhn2UBxpL8XpCoNtE72sfctKCggDFQ-LI,-Satisfacción del Curso virtual - PF DERECHOS SEXUALES Y REPRODUCTIVOS 2025 - (PFSAG_2026) (PFSAG_2025),2025-10-09T17:00:37.214Z,,Masculino,Adolescencia (12 - 17 años),Bachiller,Estudiante,5,5,5,5,5,5,5,5,5,5,5,5,5,COMUNA 20,Ladera
1giJ0jyUWAfQhn2UBxpL8XpCoNtE72sfctKCggDFQ-LI,-Satisfacción del Curso virtual - PF DERECHOS SEXUALES Y REPRODUCTIVOS 2025 - (PFSAG_2026) (PFSAG_2025),2025-10-11T19:33:40.440Z,,Femenino,Adolescencia (12 - 17 años),Bachiller,Estudiante,4,5,5,5,5,4,4,5,5,4,4,3,5,COMUNA 15,Oriente
1giJ0jyUWAfQhn2UBxpL8XpCoNtE72sfctKCggDFQ-LI,-Satisfacción del Curso virtual - PF DERECHOS SEXUALES Y REPRODUCTIVOS 2025 - (PFSAG_2026) (PFSAG_2025),2025-10-21T17:58:12.075Z,,Femenino,Adolescencia (12 - 17 años),Bachiller,Estudiante,5,5,5,5,5,5,5,5,5,5,5,5,5,COMUNA 7,Norte
1giJ0jyUWAfQhn2UBxpL8XpCoNtE72sfctKCggDFQ-LI,-Satisfacción del Curso virtual - PF DERECHOS SEXUALES Y REPRODUCTIVOS 2025 - (PFSAG_2026) (PFSAG_2025),2025-10-21T19:10:46.328Z,,Femenino,Adolescencia (12 - 17 años),Bachiller,Estudiante,4,4,4,5,5,4,4,4,4,5,5,5,5,COMUNA 3,Norte
1giJ0jyUWAfQhn2UBxpL8XpCoNtE72sfctKCggDFQ-LI,-Satisfacción del Curso virtual - PF DERECHOS SEXUALES Y REPRODUCTIVOS 2025 - (PFSAG_2026) (PFSAG_2025),2025-09-29T13:36:22.166Z,,Femenino,Adolescencia (12 - 17 años),Bachiller,Estudiante,5,5,5,5,5,5,5,5,5,5,5,5,5,COMUNA 12,Centro
1giJ0jyUWAfQhn2UBxpL8XpCoNtE72sfctKCggDFQ-LI,-Satisfacción del Curso virtual - PF DERECHOS SEXUALES Y REPRODUCTIVOS 2025 - (PFSAG_2026) (PFSAG_2025),2025-12-03T20:40:56.082Z,,Femenino,Adolescencia (12 - 17 años),Bachiller,Estudiante,5,5,5,5,5,5,5,5,5,5,5,5,5,COMUNA 9,Oriente
1giJ0jyUWAfQhn2UBxpL8XpCoNtE72sfctKCggDFQ-LI,-Satisfacción del Curso virtual - PF DERECHOS SEXUALES Y REPRODUCTIVOS 2025 - (PFSAG_2026) (PFSAG_2025),2025-10-14T02:04:16.128Z,,Masculino,Adolescencia (12 - 17 años),Bachiller,Estudiante,5,5,5,5,5,3,4,5,5,5,4,5,5,COMUNA 13,Sur Oriente
1giJ0jyUWAfQhn2UBxpL8XpCoNtE72sfctKCggDFQ-LI,-Satisfacción del Curso virtual - PF DERECHOS SEXUALES Y REPRODUCTIVOS 2025 - (PFSAG_2026) (PFSAG_2025),2025-10-03T03:08:04.362Z,,Femenino,Adolescencia (12 - 17 años),Bachiller,Estudiante,3,4,5,4,5,5,5,5,5,5,5,5,5,COMUNA 18,Sur Oriente
1giJ0jyUWAfQhn2UBxpL8XpCoNtE72sfctKCggDFQ-LI,-Satisfacción del Curso virtual - PF DERECHOS SEXUALES Y REPRODUCTIVOS 2025 - (PFSAG_2026) (PFSAG_2025),2025-10-22T14:28:08.170Z,,Femenino,Adolescencia (12 - 17 años),Bachiller,Estudiante,5,5,5,5,5,5,5,5,5,5,5,5,5,COMUNA 16,Sur Oriente
1giJ0jyUWAfQhn2UBxpL8XpCoNtE72sfctKCggDFQ-LI,-Satisfacción del Curso virtual - PF DERECHOS SEXUALES Y REPRODUCTIVOS 2025 - (PFSAG_2026) (PFSAG_2025),2025-11-01T03:22:23.747Z,,Femenino,Adolescencia (12 - 17 años),Bachiller,Estudiante,5,5,5,5,5,5,5,5,5,5,5,5,5,COMUNA 15,Sur Oriente
1giJ0jyUWAfQhn2UBxpL8XpCoNtE72sfctKCggDFQ-LI,-Satisfacción del Curso virtual - PF DERECHOS SEXUALES Y REPRODUCTIVOS 2025 - (PFSAG_2026) (PFSAG_2025),2025-10-29T17:07:14.501Z,,Femenino,Adolescencia (12 - 17 años),Bachiller,Estudiante,5,5,5,5,5,5,5,5,5,5,5,5,5,COMUNA 5,Norte
1giJ0jyUWAfQhn2UBxpL8XpCoNtE72sfctKCggDFQ-LI,-Satisfacción del Curso virtual - PF DERECHOS SEXUALES Y REPRODUCTIVOS 2025 - (PFSAG_2026) (PFSAG_2025),2025-10-09T04:22:33.969Z,,Masculino,Adolescencia (12 - 17 años),Bachiller,Estudiante,2,1,1,1,1,1,1,1,1,1,1,1,1,COMUNA 12,Oriente
1giJ0jyUWAfQhn2UBxpL8XpCoNtE72sfctKCggDFQ-LI,-Satisfacción del Curso virtual - PF DERECHOS SEXUALES Y REPRODUCTIVOS 2025 - (PFSAG_2026) (PFSAG_2025),2025-10-10T23:15:46.220Z,,Masculino,Adolescencia (12 - 17 años),Bachiller,Estudiante,3,3,3,3,3,4,3,4,4,3,4,3,4,COMUNA 10,Sur Oriente
1giJ0jyUWAfQhn2UBxpL8XpCoNtE72sfctKCggDFQ-LI,-Satisfacción del Curso virtual - PF DERECHOS SEXUALES Y REPRODUCTIVOS 2025 - (PFSAG_2026) (PFSAG_2025),2025-10-09T01:32:15.559Z,,Femenino,Adolescencia (12 - 17 años),Bachiller,Estudiante,5,5,5,5,5,5,5,5,4,4,5,5,4,COMUNA 3,Ladera
1giJ0jyUWAfQhn2UBxpL8XpCoNtE72sfctKCggDFQ-LI,-Satisfacción del Curso virtual - PF DERECHOS SEXUALES Y REPRODUCTIVOS 2025 - (PFSAG_2026) (PFSAG_2025),2025-10-23T19:38:15.294Z,,Masculino,Adolescencia (12 - 17 años),Bachiller,Estudiante,5,5,5,5,5,4,5,5,5,5,5,5,5,COMUNA 12,Centro
1giJ0jyUWAfQhn2UBxpL8XpCoNtE72sfctKCggDFQ-LI,-Satisfacción del Curso virtual - PF DERECHOS SEXUALES Y REPRODUCTIVOS 2025 - (PFSAG_2026) (PFSAG_2025),2025-11-18T18:59:26.483Z,,Femenino,Adolescencia (12 - 17 años),Bachiller,Estudiante,4,4,4,4,4,4,4,4,4,4,4,4,4,COMUNA 15,Sur Oriente
1giJ0jyUWAfQhn2UBxpL8XpCoNtE72sfctKCggDFQ-LI,-Satisfacción del Curso virtual - PF DERECHOS SEXUALES Y REPRODUCTIVOS 2025 - (PFSAG_2026) (PFSAG_2025),2025-10-08T03:57:46.760Z,,Masculino,Adolescencia (12 - 17 años),Bachiller,Estudiante,3,4,5,5,4,5,4,5,4,5,4,5,4,COMUNA 12,Centro
1giJ0jyUWAfQhn2UBxpL8XpCoNtE72sfctKCggDFQ-LI,-Satisfacción del Curso virtual - PF DERECHOS SEXUALES Y REPRODUCTIVOS 2025 - (PFSAG_2026) (PFSAG_2025),2025-10-08T01:53:13.111Z,,Masculino,Adolescencia (12 - 17 años),Bachiller,Estudiante,5,5,5,5,5,5,5,5,5,5,4,4,4,COMUNA 16,Sur Oriente
1giJ0jyUWAfQhn2UBxpL8XpCoNtE72sfctKCggDFQ-LI,-Satisfacción del Curso virtual - PF DERECHOS SEXUALES Y REPRODUCTIVOS 2025 - (PFSAG_2026) (PFSAG_2025),2025-11-11T16:33:48.984Z,,Masculino,Adolescencia (12 - 17 años),Bachiller,Estudiante,4,4,4,3,4,5,4,5,3,5,4,4,4,COMUNA 12,Centro
1giJ0jyUWAfQhn2UBxpL8XpCoNtE72sfctKCggDFQ-LI,-Satisfacción del Curso virtual - PF DERECHOS SEXUALES Y REPRODUCTIVOS 2025 - (PFSAG_2026) (PFSAG_2025),2025-10-06T13:33:55.771Z,,Femenino,Adolescencia (12 - 17 años),Bachiller,Estudiante,5,5,5,5,5,5,5,5,5,5,5,5,5,COMUNA 11,Oriente
1giJ0jyUWAfQhn2UBxpL8XpCoNtE72sfctKCggDFQ-LI,-Satisfacción del Curso virtual - PF DERECHOS SEXUALES Y REPRODUCTIVOS 2025 - (PFSAG_2026) (PFSAG_2025),2025-10-29T03:36:23.995Z,,Femenino,Adolescencia (12 - 17 años),Bachiller,Estudiante,5,5,5,5,5,5,5,5,5,5,5,5,5,COMUNA 3,Norte
1giJ0jyUWAfQhn2UBxpL8XpCoNtE72sfctKCggDFQ-LI,-Satisfacción del Curso virtual - PF DERECHOS SEXUALES Y REPRODUCTIVOS 2025 - (PFSAG_2026) (PFSAG_2025),2025-11-03T20:43:07.764Z,,Masculino,Adolescencia (12 - 17 años),Bachiller,Estudiante,4,5,5,5,5,5,5,5,4,5,5,5,4,COMUNA 18,Sur Oriente
1giJ0jyUWAfQhn2UBxpL8XpCoNtE72sfctKCggDFQ-LI,-Satisfacción del Curso virtual - PF DERECHOS SEXUALES Y REPRODUCTIVOS 2025 - (PFSAG_2026) (PFSAG_2025),2025-09-25T21:09:23.311Z,,Femenino,Adolescencia (12 - 17 años),Bachiller,Estudiante,4,4,4,4,4,4,4,4,3,3,4,3,3,COMUNA 12,Sur Oriente
1giJ0jyUWAfQhn2UBxpL8XpCoNtE72sfctKCggDFQ-LI,-Satisfacción del Curso virtual - PF DERECHOS SEXUALES Y REPRODUCTIVOS 2025 - (PFSAG_2026) (PFSAG_2025),2025-10-18T18:29:01.733Z,,Femenino,Adolescencia (12 - 17 años),Bachiller,Estudiante,4,5,4,4,4,5,5,5,5,5,5,4,4,COMUNA 18,Sur Oriente
1giJ0jyUWAfQhn2UBxpL8XpCoNtE72sfctKCggDFQ-LI,-Satisfacción del Curso virtual - PF DERECHOS SEXUALES Y REPRODUCTIVOS 2025 - (PFSAG_2026) (PFSAG_2025),2025-10-16T15:12:07.344Z,,Femenino,Adolescencia (12 - 17 años),Bachiller,Estudiante,5,4,5,5,5,4,4,4,4,5,4,5,5,COMUNA 18,Ladera
1giJ0jyUWAfQhn2UBxpL8XpCoNtE72sfctKCggDFQ-LI,-Satisfacción del Curso virtual - PF DERECHOS SEXUALES Y REPRODUCTIVOS 2025 - (PFSAG_2026) (PFSAG_2025),2025-10-10T03:19:04.586Z,,Masculino,Adolescencia (12 - 17 años),Bachiller,Estudiante,3,4,4,3,4,3,4,5,2,4,4,4,4,COMUNA 15,Oriente
1giJ0jyUWAfQhn2UBxpL8XpCoNtE72sfctKCggDFQ-LI,-Satisfacción del Curso virtual - PF DERECHOS SEXUALES Y REPRODUCTIVOS 2025 - (PFSAG_2026) (PFSAG_2025),2025-10-23T03:41:09.495Z,,Masculino,Adolescencia (12 - 17 años),Bachiller,Estudiante,4,4,5,4,5,5,5,5,5,4,5,5,5,COMUNA 16,Centro
1giJ0jyUWAfQhn2UBxpL8XpCoNtE72sfctKCggDFQ-LI,-Satisfacción del Curso virtual - PF DERECHOS SEXUALES Y REPRODUCTIVOS 2025 - (PFSAG_2026) (PFSAG_2025),2025-11-11T19:06:06.279Z,,Masculino,Adolescencia (12 - 17 años),Bachiller,Estudiante,4,4,4,4,4,4,4,5,4,5,5,5,5,COMUNA 9,Norte
1giJ0jyUWAfQhn2UBxpL8XpCoNtE72sfctKCggDFQ-LI,-Satisfacción del Curso virtual - PF DERECHOS SEXUALES Y REPRODUCTIVOS 2025 - (PFSAG_2026) (PFSAG_2025),2025-11-07T03:28:55.854Z,,Femenino,Adolescencia (12 - 17 años),Postgrado,Estudiante,4,4,4,4,4,4,4,4,4,4,4,4,4,COMUNA 15,Centro
1giJ0jyUWAfQhn2UBxpL8XpCoNtE72sfctKCggDFQ-LI,-Satisfacción del Curso virtual - PF DERECHOS SEXUALES Y REPRODUCTIVOS 2025 - (PFSAG_2026) (PFSAG_2025),2025-10-05T05:27:04.797Z,,Masculino,Adolescencia (12 - 17 años),Bachiller,Estudiante,4,4,5,4,3,5,3,5,4,5,3,5,5,COMUNA 12,Oriente
1giJ0jyUWAfQhn2UBxpL8XpCoNtE72sfctKCggDFQ-LI,-Satisfacción del Curso virtual - PF DERECHOS SEXUALES Y REPRODUCTIVOS 2025 - (PFSAG_2026) (PFSAG_2025),2025-09-29T13:36:02.200Z,,Femenino,Adolescencia (12 - 17 años),Bachiller,Estudiante,4,5,4,4,5,5,4,4,5,4,5,4,4,COMUNA 13,Centro
1giJ0jyUWAfQhn2UBxpL8XpCoNtE72sfctKCggDFQ-LI,-Satisfacción del Curso virtual - PF DERECHOS SEXUALES Y REPRODUCTIVOS 2025 - (PFSAG_2026) (PFSAG_2025),2025-10-18T06:17:08.415Z,,Femenino,Adolescencia (12 - 17 años),Bachiller,Estudiante,4,5,5,4,5,5,4,4,5,5,4,4,4,COMUNA 14,Oriente
1giJ0jyUWAfQhn2UBxpL8XpCoNtE72sfctKCggDFQ-LI,-Satisfacción del Curso virtual - PF DERECHOS SEXUALES Y REPRODUCTIVOS 2025 - (PFSAG_2026) (PFSAG_2025),2025-10-06T19:41:54.411Z,,Masculino,Adolescencia (12 - 17 años),Bachiller,Estudiante,5,5,4,5,5,5,4,4,5,5,4,4,5,COMUNA 2,Sur Oriente
1giJ0jyUWAfQhn2UBxpL8XpCoNtE72sfctKCggDFQ-LI,-Satisfacción del Curso virtual - PF DERECHOS SEXUALES Y REPRODUCTIVOS 2025 - (PFSAG_2026) (PFSAG_2025),2025-10-10T01:27:34.518Z,,Femenino,Adolescencia (12 - 17 años),Bachiller,Estudiante,5,5,5,3,5,5,5,5,5,5,5,5,5,COMUNA 3,Centro
1giJ0jyUWAfQhn2UBxpL8XpCoNtE72sfctKCggDFQ-LI,-Satisfacción del Curso virtual - PF DERECHOS SEXUALES Y REPRODUCTIVOS 2025 - (PFSAG_2026) (PFSAG_2025),2025-11-05T23:29:42.849Z,,Masculino,Adolescencia (12 - 17 años),Bachiller,Estudiante,5,4,4,5,5,5,4,5,5,5,5,5,5,COMUNA 11,Oriente
1giJ0jyUWAfQhn2UBxpL8XpCoNtE72sfctKCggDFQ-LI,-Satisfacción del Curso virtual - PF DERECHOS SEXUALES Y REPRODUCTIVOS 2025 - (PFSAG_2026) (PFSAG_2025),2025-10-07T19:28:09.257Z,,Masculino,Adolescencia (12 - 17 años),Bachiller,Estudiante,5,5,5,5,5,5,5,5,5,5,5,5,5,COMUNA 10,Centro
1giJ0jyUWAfQhn2UBxpL8XpCoNtE72sfctKCggDFQ-LI,-Satisfacción del Curso virtual - PF DERECHOS SEXUALES Y REPRODUCTIVOS 2025 - (PFSAG_2026) (PFSAG_2025),2025-10-17T16:25:19.286Z,,Femenino,Juventud (18 - 28 años),Bachiller,Estudiante,5,5,5,5,5,5,5,5,5,5,5,5,5,COMUNA 15,Centro
1giJ0jyUWAfQhn2UBxpL8XpCoNtE72sfctKCggDFQ-LI,-Satisfacción del Curso virtual - PF DERECHOS SEXUALES Y REPRODUCTIVOS 2025 - (PFSAG_2026) (PFSAG_2025),2025-10-08T01:22:25.429Z,,Masculino,Adolescencia (12 - 17 años),Bachiller,Estudiante,4,4,4,4,4,5,4,5,5,4,4,5,5,COMUNA 12,Oriente
1giJ0jyUWAfQhn2UBxpL8XpCoNtE72sfctKCggDFQ-LI,-Satisfacción del Curso virtual - PF DERECHOS SEXUALES Y REPRODUCTIVOS 2025 - (PFSAG_2026) (PFSAG_2025),2025-11-12T03:25:33.094Z,,Masculino,Adolescencia (12 - 17 años),Bachiller,Estudiante,4,4,5,4,3,4,4,4,5,4,4,4,4,COMUNA 15,Norte
1giJ0jyUWAfQhn2UBxpL8XpCoNtE72sfctKCggDFQ-LI,-Satisfacción del Curso virtual - PF DERECHOS SEXUALES Y REPRODUCTIVOS 2025 - (PFSAG_2026) (PFSAG_2025),2025-11-10T21:13:30.352Z,,Femenino,Adolescencia (12 - 17 años),Ninguna,Estudiante,5,5,5,4,5,5,4,5,4,4,5,5,5,COMUNA 12,Norte
1giJ0jyUWAfQhn2UBxpL8XpCoNtE72sfctKCggDFQ-LI,-Satisfacción del Curso virtual - PF DERECHOS SEXUALES Y REPRODUCTIVOS 2025 - (PFSAG_2026) (PFSAG_2025),2025-10-17T16:28:20.231Z,,Masculino,Adolescencia (12 - 17 años),Bachiller,Estudiante,4,4,5,5,5,4,4,5,5,5,5,5,4,COMUNA 15,Oriente
1giJ0jyUWAfQhn2UBxpL8XpCoNtE72sfctKCggDFQ-LI,-Satisfacción del Curso virtual - PF DERECHOS SEXUALES Y REPRODUCTIVOS 2025 - (PFSAG_2026) (PFSAG_2025),2025-11-08T15:46:16.534Z,,Masculino,Adolescencia (12 - 17 años),Bachiller,Estudiante,5,5,5,5,5,5,5,5,5,5,5,5,5,COMUNA 18,Sur Oriente
1giJ0jyUWAfQhn2UBxpL8XpCoNtE72sfctKCggDFQ-LI,-Satisfacción del Curso virtual - PF DERECHOS SEXUALES Y REPRODUCTIVOS 2025 - (PFSAG_2026) (PFSAG_2025),2025-11-06T03:46:56.521Z,,Intersexual,Adolescencia (12 - 17 años),Bachiller,Estudiante,4,5,5,5,5,5,5,5,5,5,5,5,5,COMUNA 4,Norte
1giJ0jyUWAfQhn2UBxpL8XpCoNtE72sfctKCggDFQ-LI,-Satisfacción del Curso virtual - PF DERECHOS SEXUALES Y REPRODUCTIVOS 2025 - (PFSAG_2026) (PFSAG_2025),2025-10-09T01:53:06.699Z,,Femenino,Adolescencia (12 - 17 años),Bachiller,Estudiante,4,4,4,4,5,5,5,5,3,5,5,5,5,COMUNA 12,Centro
1giJ0jyUWAfQhn2UBxpL8XpCoNtE72sfctKCggDFQ-LI,-Satisfacción del Curso virtual - PF DERECHOS SEXUALES Y REPRODUCTIVOS 2025 - (PFSAG_2026) (PFSAG_2025),2025-10-03T20:43:02.165Z,,Femenino,Adolescencia (12 - 17 años),Bachiller,Estudiante,4,4,4,4,5,5,5,4,4,4,5,5,5,COMUNA 3,Oriente
1giJ0jyUWAfQhn2UBxpL8XpCoNtE72sfctKCggDFQ-LI,-Satisfacción del Curso virtual - PF DERECHOS SEXUALES Y REPRODUCTIVOS 2025 - (PFSAG_2026) (PFSAG_2025),2025-10-07T05:55:09.427Z,,Femenino,Adolescencia (12 - 17 años),Bachiller,Estudiante,5,5,5,3,5,5,4,5,5,5,3,4,5,COMUNA 3,Norte
1giJ0jyUWAfQhn2UBxpL8XpCoNtE72sfctKCggDFQ-LI,-Satisfacción del Curso virtual - PF DERECHOS SEXUALES Y REPRODUCTIVOS 2025 - (PFSAG_2026) (PFSAG_2025),2025-10-13T21:24:23.190Z,,Femenino,Adolescencia (12 - 17 años),Ninguna,Estudiante,4,4,4,4,4,4,4,4,4,4,4,4,4,COMUNA 14,Norte
1giJ0jyUWAfQhn2UBxpL8XpCoNtE72sfctKCggDFQ-LI,-Satisfacción del Curso virtual - PF DERECHOS SEXUALES Y REPRODUCTIVOS 2025 - (PFSAG_2026) (PFSAG_2025),2025-10-29T00:55:46.383Z,,Femenino,Adolescencia (12 - 17 años),Bachiller,Estudiante,3,3,5,2,5,2,2,2,3,3,5,4,4,COMUNA 7,Norte
1giJ0jyUWAfQhn2UBxpL8XpCoNtE72sfctKCggDFQ-LI,-Satisfacción del Curso virtual - PF DERECHOS SEXUALES Y REPRODUCTIVOS 2025 - (PFSAG_2026) (PFSAG_2025),2025-10-08T22:35:20.435Z,,Femenino,Adolescencia (12 - 17 años),Bachiller,Estudiante,4,4,4,3,4,4,3,4,5,5,4,3,4,COMUNA 12,Sur Oriente
1giJ0jyUWAfQhn2UBxpL8XpCoNtE72sfctKCggDFQ-LI,-Satisfacción del Curso virtual - PF DERECHOS SEXUALES Y REPRODUCTIVOS 2025 - (PFSAG_2026) (PFSAG_2025),2025-12-16T04:37:45.562Z,,Masculino,Adolescencia (12 - 17 años),Bachiller,Estudiante,5,5,4,4,5,3,4,5,4,5,4,4,5,COMUNA 12,Oriente
1giJ0jyUWAfQhn2UBxpL8XpCoNtE72sfctKCggDFQ-LI,-Satisfacción del Curso virtual - PF DERECHOS SEXUALES Y REPRODUCTIVOS 2025 - (PFSAG_2026) (PFSAG_2025),2025-10-27T21:42:54.781Z,,Femenino,Adolescencia (12 - 17 años),Bachiller,Estudiante,5,5,5,5,5,5,5,5,5,5,5,5,5,COMUNA 21,Oriente
1giJ0jyUWAfQhn2UBxpL8XpCoNtE72sfctKCggDFQ-LI,-Satisfacción del Curso virtual - PF DERECHOS SEXUALES Y REPRODUCTIVOS 2025 - (PFSAG_2026) (PFSAG_2025),2025-11-21T04:06:27.199Z,,Masculino,Adolescencia (12 - 17 años),Bachiller,Estudiante,5,5,5,5,5,5,5,5,5,5,5,5,5,COMUNA 18,Ladera
1giJ0jyUWAfQhn2UBxpL8XpCoNtE72sfctKCggDFQ-LI,-Satisfacción del Curso virtual - PF DERECHOS SEXUALES Y REPRODUCTIVOS 2025 - (PFSAG_2026) (PFSAG_2025),2025-10-09T05:14:12.032Z,,Masculino,Adolescencia (12 - 17 años),Pregrado,Estudiante,5,5,5,5,5,5,5,5,5,4,5,4,5,COMUNA 13,Sur Oriente
1giJ0jyUWAfQhn2UBxpL8XpCoNtE72sfctKCggDFQ-LI,-Satisfacción del Curso virtual - PF DERECHOS SEXUALES Y REPRODUCTIVOS 2025 - (PFSAG_2026) (PFSAG_2025),2025-10-06T20:34:16.945Z,,Femenino,Adolescencia (12 - 17 años),Bachiller,Estudiante,5,5,5,5,5,4,5,5,5,5,5,5,5,COMUNA 12,Sur Oriente
1giJ0jyUWAfQhn2UBxpL8XpCoNtE72sfctKCggDFQ-LI,-Satisfacción del Curso virtual - PF DERECHOS SEXUALES Y REPRODUCTIVOS 2025 - (PFSAG_2026) (PFSAG_2025),2025-10-22T01:25:32.650Z,,Femenino,Adolescencia (12 - 17 años),Bachiller,Estudiante,4,4,4,5,5,5,4,4,4,4,4,4,4,COMUNA 7,Norte
11XjArl7gChPvlxKeA_0APY5pJLeRv53_mZqZUCjAcE8,-Satisfacción del Curso virtual - SELLO DE NO DISCRIMINACIÓN 1°C 2025 - (SELLO_012025),2025-09-23T21:17:03.743Z,,Masculino,Adultez (29 - 59 años),Pregrado,Área de la salud,4,4,4,4,2,2,4,1,1,1,4,4,3,COMUNA 9,
11XjArl7gChPvlxKeA_0APY5pJLeRv53_mZqZUCjAcE8,-Satisfacción del Curso virtual - SELLO DE NO DISCRIMINACIÓN 1°C 2025 - (SELLO_012025),2025-10-01T20:17:36.825Z,,Femenino,Adultez (29 - 59 años),Postgrado,Área de la salud,5,5,5,5,5,5,5,5,5,5,5,5,5,COMUNA 22,
11XjArl7gChPvlxKeA_0APY5pJLeRv53_mZqZUCjAcE8,-Satisfacción del Curso virtual - SELLO DE NO DISCRIMINACIÓN 1°C 2025 - (SELLO_012025),2025-11-30T05:20:26.425Z,,Femenino,Adultez (29 - 59 años),Postgrado,Área de la salud,5,5,5,5,5,5,5,5,5,5,5,5,5,COMUNA 17,
11XjArl7gChPvlxKeA_0APY5pJLeRv53_mZqZUCjAcE8,-Satisfacción del Curso virtual - SELLO DE NO DISCRIMINACIÓN 1°C 2025 - (SELLO_012025),2025-10-11T03:30:53.795Z,,Femenino,Adultez (29 - 59 años),Pregrado,Área de la salud,5,5,5,5,5,5,4,4,5,4,5,5,5,COMUNA 16,
11XjArl7gChPvlxKeA_0APY5pJLeRv53_mZqZUCjAcE8,-Satisfacción del Curso virtual - SELLO DE NO DISCRIMINACIÓN 1°C 2025 - (SELLO_012025),2025-10-02T20:49:05.213Z,,Masculino,Adultez (29 - 59 años),Pregrado,Otro,5,5,5,5,5,5,5,5,5,5,5,5,5,COMUNA 10,
11XjArl7gChPvlxKeA_0APY5pJLeRv53_mZqZUCjAcE8,-Satisfacción del Curso virtual - SELLO DE NO DISCRIMINACIÓN 1°C 2025 - (SELLO_012025),2025-09-17T16:03:50.181Z,,Femenino,Adultez (29 - 59 años),Postgrado,Área de la salud,5,5,5,5,5,5,5,5,5,5,5,5,5,COMUNA 8,
11XjArl7gChPvlxKeA_0APY5pJLeRv53_mZqZUCjAcE8,-Satisfacción del Curso virtual - SELLO DE NO DISCRIMINACIÓN 1°C 2025 - (SELLO_012025),2025-09-24T12:21:51.095Z,,Masculino,Adultez (29 - 59 años),Pregrado,Área de la salud,5,5,5,5,5,5,5,5,5,5,5,4,5,COMUNA 2,
11XjArl7gChPvlxKeA_0APY5pJLeRv53_mZqZUCjAcE8,-Satisfacción del Curso virtual - SELLO DE NO DISCRIMINACIÓN 1°C 2025 - (SELLO_012025),2025-10-14T20:21:59.241Z,,Masculino,Adultez (29 - 59 años),Pregrado,Área de la salud,5,5,5,5,5,5,5,5,5,5,5,5,5,COMUNA 10,
11XjArl7gChPvlxKeA_0APY5pJLeRv53_mZqZUCjAcE8,-Satisfacción del Curso virtual - SELLO DE NO DISCRIMINACIÓN 1°C 2025 - (SELLO_012025),2025-09-24T20:59:12.335Z,,Masculino,Adultez (29 - 59 años),Pregrado,Estudiante,5,5,5,5,5,5,5,5,5,5,5,5,5,COMUNA 13,
11XjArl7gChPvlxKeA_0APY5pJLeRv53_mZqZUCjAcE8,-Satisfacción del Curso virtual - SELLO DE NO DISCRIMINACIÓN 1°C 2025 - (SELLO_012025),2026-03-04T20:47:39.634Z,,Femenino,Adultez (29 - 59 años),Pregrado,Otro,5,5,5,5,5,5,5,5,5,5,5,5,5,COMUNA 21,
11XjArl7gChPvlxKeA_0APY5pJLeRv53_mZqZUCjAcE8,-Satisfacción del Curso virtual - SELLO DE NO DISCRIMINACIÓN 1°C 2025 - (SELLO_012025),2025-08-24T01:01:55.429Z,,Femenino,Adultez (29 - 59 años),Pregrado,Área de la salud,5,5,5,5,5,5,5,5,5,5,5,5,5,COMUNA 2,
11XjArl7gChPvlxKeA_0APY5pJLeRv53_mZqZUCjAcE8,-Satisfacción del Curso virtual - SELLO DE NO DISCRIMINACIÓN 1°C 2025 - (SELLO_012025),2025-10-02T20:17:56.950Z,,Masculino,Adultez (29 - 59 años),Postgrado,Otro,5,5,5,5,5,5,5,5,5,5,5,5,5,COMUNA 19,
11XjArl7gChPvlxKeA_0APY5pJLeRv53_mZqZUCjAcE8,-Satisfacción del Curso virtual - SELLO DE NO DISCRIMINACIÓN 1°C 2025 - (SELLO_012025),2025-10-01T19:57:51.899Z,,Femenino,Adultez (29 - 59 años),Bachiller,Área de la salud,5,5,5,5,5,5,5,5,5,5,5,5,5,COMUNA 6,
11XjArl7gChPvlxKeA_0APY5pJLeRv53_mZqZUCjAcE8,-Satisfacción del Curso virtual - SELLO DE NO DISCRIMINACIÓN 1°C 2025 - (SELLO_012025),2025-10-08T17:08:27.914Z,,Femenino,Adultez (29 - 59 años),Pregrado,Área de la salud,5,5,5,5,5,5,5,5,5,5,5,5,5,C. DE PANCE,
11XjArl7gChPvlxKeA_0APY5pJLeRv53_mZqZUCjAcE8,-Satisfacción del Curso virtual - SELLO DE NO DISCRIMINACIÓN 1°C 2025 - (SELLO_012025),2025-08-20T17:11:26.251Z,,Masculino,Adultez (29 - 59 años),Pregrado,Área de la salud,4,4,4,3,4,3,4,4,4,4,4,5,4,COMUNA 17,
11XjArl7gChPvlxKeA_0APY5pJLeRv53_mZqZUCjAcE8,-Satisfacción del Curso virtual - SELLO DE NO DISCRIMINACIÓN 1°C 2025 - (SELLO_012025),2025-10-06T17:15:07.743Z,,Femenino,Adultez (29 - 59 años),Postgrado,Otro,4,4,5,5,4,4,5,4,5,4,4,5,4,COMUNA 15,
11XjArl7gChPvlxKeA_0APY5pJLeRv53_mZqZUCjAcE8,-Satisfacción del Curso virtual - SELLO DE NO DISCRIMINACIÓN 1°C 2025 - (SELLO_012025),2025-09-26T23:45:11.417Z,,Femenino,Adultez (29 - 59 años),Bachiller,Área de la salud,4,4,5,5,5,4,4,5,3,3,4,4,4,COMUNA 5,
11XjArl7gChPvlxKeA_0APY5pJLeRv53_mZqZUCjAcE8,-Satisfacción del Curso virtual - SELLO DE NO DISCRIMINACIÓN 1°C 2025 - (SELLO_012025),2025-09-29T16:51:44.108Z,,Masculino,Adultez (29 - 59 años),Bachiller,Área de la salud,5,5,5,5,5,3,3,3,3,3,4,4,3,COMUNA 20,
11XjArl7gChPvlxKeA_0APY5pJLeRv53_mZqZUCjAcE8,-Satisfacción del Curso virtual - SELLO DE NO DISCRIMINACIÓN 1°C 2025 - (SELLO_012025),2025-09-25T04:14:25.987Z,,Femenino,Adultez (29 - 59 años),Bachiller,Área de la salud,5,5,5,5,5,5,5,5,5,5,5,5,5,COMUNA 14,
11XjArl7gChPvlxKeA_0APY5pJLeRv53_mZqZUCjAcE8,-Satisfacción del Curso virtual - SELLO DE NO DISCRIMINACIÓN 1°C 2025 - (SELLO_012025),2025-09-29T01:04:14.224Z,,Femenino,Adultez (29 - 59 años),Pregrado,Estudiante,5,5,5,5,5,5,4,5,5,5,5,5,5,COMUNA 17,
11XjArl7gChPvlxKeA_0APY5pJLeRv53_mZqZUCjAcE8,-Satisfacción del Curso virtual - SELLO DE NO DISCRIMINACIÓN 1°C 2025 - (SELLO_012025),2025-10-07T20:29:43.854Z,,Masculino,Adultez (29 - 59 años),Bachiller,Área de la salud,5,5,5,5,5,5,5,5,5,5,5,5,5,COMUNA 12,
11XjArl7gChPvlxKeA_0APY5pJLeRv53_mZqZUCjAcE8,-Satisfacción del Curso virtual - SELLO DE NO DISCRIMINACIÓN 1°C 2025 - (SELLO_012025),2025-12-03T17:13:50.730Z,,Femenino,Juventud (18 - 28 años),Pregrado,Otro,5,5,5,5,5,5,5,5,5,4,5,5,5,COMUNA 15,
11XjArl7gChPvlxKeA_0APY5pJLeRv53_mZqZUCjAcE8,-Satisfacción del Curso virtual - SELLO DE NO DISCRIMINACIÓN 1°C 2025 - (SELLO_012025),2025-09-15T19:31:42.772Z,,Femenino,Adultez (29 - 59 años),Postgrado,Área de la salud,5,5,5,5,5,5,5,5,5,5,5,5,5,COMUNA 20,
11XjArl7gChPvlxKeA_0APY5pJLeRv53_mZqZUCjAcE8,-Satisfacción del Curso virtual - SELLO DE NO DISCRIMINACIÓN 1°C 2025 - (SELLO_012025),2025-09-28T04:56:07.908Z,,Masculino,Adultez (29 - 59 años),Pregrado,Área de la salud,4,5,5,4,5,5,4,5,5,5,5,5,5,COMUNA 11,
11XjArl7gChPvlxKeA_0APY5pJLeRv53_mZqZUCjAcE8,-Satisfacción del Curso virtual - SELLO DE NO DISCRIMINACIÓN 1°C 2025 - (SELLO_012025),2025-09-24T18:55:03.231Z,,Femenino,Juventud (18 - 28 años),Postgrado,Otro,4,4,4,4,4,4,4,4,4,4,4,4,4,COMUNA 21,
11XjArl7gChPvlxKeA_0APY5pJLeRv53_mZqZUCjAcE8,-Satisfacción del Curso virtual - SELLO DE NO DISCRIMINACIÓN 1°C 2025 - (SELLO_012025),2025-09-24T14:47:01.871Z,,Femenino,Adultez (29 - 59 años),Pregrado,Estudiante,5,5,5,5,5,5,5,5,5,5,5,5,5,COMUNA 5,
11XjArl7gChPvlxKeA_0APY5pJLeRv53_mZqZUCjAcE8,-Satisfacción del Curso virtual - SELLO DE NO DISCRIMINACIÓN 1°C 2025 - (SELLO_012025),2025-09-18T22:22:04.823Z,,Femenino,Adultez (29 - 59 años),Bachiller,Otro,5,5,5,5,5,5,5,5,5,5,5,5,5,COMUNA 15,
11XjArl7gChPvlxKeA_0APY5pJLeRv53_mZqZUCjAcE8,-Satisfacción del Curso virtual - SELLO DE NO DISCRIMINACIÓN 1°C 2025 - (SELLO_012025),2025-09-26T19:48:33.373Z,,Femenino,Adultez (29 - 59 años),Postgrado,Área de la salud,4,4,4,4,4,4,4,4,4,4,4,4,4,COMUNA 17,
11XjArl7gChPvlxKeA_0APY5pJLeRv53_mZqZUCjAcE8,-Satisfacción del Curso virtual - SELLO DE NO DISCRIMINACIÓN 1°C 2025 - (SELLO_012025),2025-09-18T18:09:51.679Z,,Femenino,Juventud (18 - 28 años),Bachiller,Otro,5,5,5,5,5,5,5,5,5,5,5,5,5,COMUNA 16,
11XjArl7gChPvlxKeA_0APY5pJLeRv53_mZqZUCjAcE8,-Satisfacción del Curso virtual - SELLO DE NO DISCRIMINACIÓN 1°C 2025 - (SELLO_012025),2025-09-27T15:05:38.942Z,,Femenino,Adultez (29 - 59 años),Postgrado,Otro,5,5,5,5,5,5,5,5,5,5,4,5,5,C. DE LA BUITRERA,
11XjArl7gChPvlxKeA_0APY5pJLeRv53_mZqZUCjAcE8,-Satisfacción del Curso virtual - SELLO DE NO DISCRIMINACIÓN 1°C 2025 - (SELLO_012025),2025-09-24T01:38:29.602Z,,Femenino,Adultez (29 - 59 años),Postgrado,Área de la salud,4,4,4,4,4,4,4,4,4,4,4,4,4,COMUNA 7,
11XjArl7gChPvlxKeA_0APY5pJLeRv53_mZqZUCjAcE8,-Satisfacción del Curso virtual - SELLO DE NO DISCRIMINACIÓN 1°C 2025 - (SELLO_012025),2025-09-30T20:57:03.980Z,,Femenino,Adultez (29 - 59 años),Pregrado,Otro,4,4,4,4,4,4,4,4,4,4,4,4,4,COMUNA 5,
11XjArl7gChPvlxKeA_0APY5pJLeRv53_mZqZUCjAcE8,-Satisfacción del Curso virtual - SELLO DE NO DISCRIMINACIÓN 1°C 2025 - (SELLO_012025),2025-10-06T15:10:04.299Z,,Femenino,Adultez (29 - 59 años),Pregrado,Área de la salud,3,4,2,1,1,1,4,4,4,4,4,4,1,COMUNA 17,
11XjArl7gChPvlxKeA_0APY5pJLeRv53_mZqZUCjAcE8,-Satisfacción del Curso virtual - SELLO DE NO DISCRIMINACIÓN 1°C 2025 - (SELLO_012025),2026-06-24T19:32:10.231Z,,Femenino,Adultez (29 - 59 años),Postgrado,Área de la salud,5,4,4,4,5,5,4,4,3,3,4,4,4,COMUNA 2,
11XjArl7gChPvlxKeA_0APY5pJLeRv53_mZqZUCjAcE8,-Satisfacción del Curso virtual - SELLO DE NO DISCRIMINACIÓN 1°C 2025 - (SELLO_012025),2025-10-16T04:04:27.167Z,,Femenino,Juventud (18 - 28 años),Postgrado,Otro,4,5,4,4,4,5,4,4,5,4,4,4,4,COMUNA 19,
11XjArl7gChPvlxKeA_0APY5pJLeRv53_mZqZUCjAcE8,-Satisfacción del Curso virtual - SELLO DE NO DISCRIMINACIÓN 1°C 2025 - (SELLO_012025),2025-09-26T04:32:04.184Z,,Femenino,Adultez (29 - 59 años),Pregrado,Área de la salud,5,5,5,5,5,5,5,5,5,5,5,5,5,COMUNA 17,
11XjArl7gChPvlxKeA_0APY5pJLeRv53_mZqZUCjAcE8,-Satisfacción del Curso virtual - SELLO DE NO DISCRIMINACIÓN 1°C 2025 - (SELLO_012025),2025-10-14T18:43:04.675Z,,Masculino,Adultez (29 - 59 años),Postgrado,Otro,4,4,4,4,4,4,4,4,4,4,4,4,4,COMUNA 11,
11XjArl7gChPvlxKeA_0APY5pJLeRv53_mZqZUCjAcE8,-Satisfacción del Curso virtual - SELLO DE NO DISCRIMINACIÓN 1°C 2025 - (SELLO_012025),2025-12-01T19:38:13.173Z,,Femenino,Adultez (29 - 59 años),Bachiller,Área de la salud,4,4,4,4,5,4,4,4,4,4,4,4,4,COMUNA 13,
11XjArl7gChPvlxKeA_0APY5pJLeRv53_mZqZUCjAcE8,-Satisfacción del Curso virtual - SELLO DE NO DISCRIMINACIÓN 1°C 2025 - (SELLO_012025),2025-09-29T16:16:29.436Z,,Femenino,Adultez (29 - 59 años),Pregrado,Área de la salud,4,5,5,5,5,5,5,5,5,5,5,5,5,COMUNA 10,
11XjArl7gChPvlxKeA_0APY5pJLeRv53_mZqZUCjAcE8,-Satisfacción del Curso virtual - SELLO DE NO DISCRIMINACIÓN 1°C 2025 - (SELLO_012025),2025-10-07T16:11:51.252Z,,Masculino,Juventud (18 - 28 años),Pregrado,Otro,5,5,5,5,5,5,5,5,5,5,5,5,5,COMUNA 4,
11XjArl7gChPvlxKeA_0APY5pJLeRv53_mZqZUCjAcE8,-Satisfacción del Curso virtual - SELLO DE NO DISCRIMINACIÓN 1°C 2025 - (SELLO_012025),2026-06-26T01:12:21.929Z,,Femenino,Adultez (29 - 59 años),Postgrado,Área de la salud,5,5,5,5,5,5,5,5,5,5,5,5,5,COMUNA 11,
11XjArl7gChPvlxKeA_0APY5pJLeRv53_mZqZUCjAcE8,-Satisfacción del Curso virtual - SELLO DE NO DISCRIMINACIÓN 1°C 2025 - (SELLO_012025),2025-09-16T01:15:52.446Z,,Femenino,Adultez (29 - 59 años),Postgrado,Área de la salud,4,4,4,4,4,4,4,4,4,4,4,4,4,COMUNA 19,
11XjArl7gChPvlxKeA_0APY5pJLeRv53_mZqZUCjAcE8,-Satisfacción del Curso virtual - SELLO DE NO DISCRIMINACIÓN 1°C 2025 - (SELLO_012025),2025-09-22T21:19:28.796Z,,Masculino,Adultez (29 - 59 años),Postgrado,Área de la salud,4,4,4,4,4,4,4,4,4,4,4,4,4,COMUNA 11,
11XjArl7gChPvlxKeA_0APY5pJLeRv53_mZqZUCjAcE8,-Satisfacción del Curso virtual - SELLO DE NO DISCRIMINACIÓN 1°C 2025 - (SELLO_012025),2025-10-03T04:44:52.807Z,,Masculino,Adultez (29 - 59 años),Pregrado,Área de la salud,5,5,5,4,5,5,5,5,5,4,5,5,5,COMUNA 18,
11XjArl7gChPvlxKeA_0APY5pJLeRv53_mZqZUCjAcE8,-Satisfacción del Curso virtual - SELLO DE NO DISCRIMINACIÓN 1°C 2025 - (SELLO_012025),2026-02-09T17:25:31.113Z,,Masculino,Juventud (18 - 28 años),Pregrado,Área de la salud,5,5,5,5,5,5,5,5,5,5,5,5,5,COMUNA 19,
11XjArl7gChPvlxKeA_0APY5pJLeRv53_mZqZUCjAcE8,-Satisfacción del Curso virtual - SELLO DE NO DISCRIMINACIÓN 1°C 2025 - (SELLO_012025),2026-03-11T19:53:16.529Z,,Femenino,Adultez (29 - 59 años),Postgrado,Otro,5,5,5,5,5,5,5,5,5,5,5,5,5,COMUNA 2,
11XjArl7gChPvlxKeA_0APY5pJLeRv53_mZqZUCjAcE8,-Satisfacción del Curso virtual - SELLO DE NO DISCRIMINACIÓN 1°C 2025 - (SELLO_012025),2026-03-20T22:47:42.623Z,,Masculino,Adultez (29 - 59 años),Pregrado,Otro,5,5,5,5,5,5,5,5,5,5,5,5,5,COMUNA 4,
11XjArl7gChPvlxKeA_0APY5pJLeRv53_mZqZUCjAcE8,-Satisfacción del Curso virtual - SELLO DE NO DISCRIMINACIÓN 1°C 2025 - (SELLO_012025),2025-10-24T05:32:20.227Z,,Femenino,Vejez (60 años o más),Postgrado,Otro,4,4,4,4,5,5,5,5,4,4,4,4,4,COMUNA 5,
11XjArl7gChPvlxKeA_0APY5pJLeRv53_mZqZUCjAcE8,-Satisfacción del Curso virtual - SELLO DE NO DISCRIMINACIÓN 1°C 2025 - (SELLO_012025),2025-09-28T04:38:13.813Z,,Femenino,Adultez (29 - 59 años),Postgrado,Área de la salud,5,5,5,5,5,5,5,5,5,5,5,5,5,COMUNA 10,
11XjArl7gChPvlxKeA_0APY5pJLeRv53_mZqZUCjAcE8,-Satisfacción del Curso virtual - SELLO DE NO DISCRIMINACIÓN 1°C 2025 - (SELLO_012025),2025-09-29T20:07:21.843Z,,Masculino,Adultez (29 - 59 años),Postgrado,Área de la salud,4,4,4,4,4,4,4,4,4,4,4,4,4,COMUNA 4,
11XjArl7gChPvlxKeA_0APY5pJLeRv53_mZqZUCjAcE8,-Satisfacción del Curso virtual - SELLO DE NO DISCRIMINACIÓN 1°C 2025 - (SELLO_012025),2025-09-23T19:15:05.992Z,,Femenino,Adultez (29 - 59 años),Pregrado,Área de la salud,5,5,5,5,5,5,5,5,5,5,5,5,5,COMUNA 16,
11XjArl7gChPvlxKeA_0APY5pJLeRv53_mZqZUCjAcE8,-Satisfacción del Curso virtual - SELLO DE NO DISCRIMINACIÓN 1°C 2025 - (SELLO_012025),2025-10-21T15:45:08.771Z,,Masculino,Adultez (29 - 59 años),Pregrado,Área de la salud,5,5,5,5,5,5,5,5,5,5,5,5,5,COMUNA 5,
11XjArl7gChPvlxKeA_0APY5pJLeRv53_mZqZUCjAcE8,-Satisfacción del Curso virtual - SELLO DE NO DISCRIMINACIÓN 1°C 2025 - (SELLO_012025),2025-09-25T19:13:14.697Z,,Masculino,Juventud (18 - 28 años),Pregrado,Otro,5,4,4,4,4,4,4,4,4,4,4,4,4,COMUNA 2,
11XjArl7gChPvlxKeA_0APY5pJLeRv53_mZqZUCjAcE8,-Satisfacción del Curso virtual - SELLO DE NO DISCRIMINACIÓN 1°C 2025 - (SELLO_012025),2025-10-31T21:09:18.391Z,,Femenino,Adultez (29 - 59 años),Postgrado,Área de la salud,5,5,4,5,5,5,4,5,5,5,5,4,5,COMUNA 22,
11XjArl7gChPvlxKeA_0APY5pJLeRv53_mZqZUCjAcE8,-Satisfacción del Curso virtual - SELLO DE NO DISCRIMINACIÓN 1°C 2025 - (SELLO_012025),2025-09-26T02:04:55.066Z,,Femenino,Adultez (29 - 59 años),Postgrado,Área de la salud,1,1,1,1,1,1,1,1,1,1,1,1,1,COMUNA 21,
11XjArl7gChPvlxKeA_0APY5pJLeRv53_mZqZUCjAcE8,-Satisfacción del Curso virtual - SELLO DE NO DISCRIMINACIÓN 1°C 2025 - (SELLO_012025),2025-09-29T15:56:38.083Z,,Femenino,Juventud (18 - 28 años),Pregrado,Estudiante,5,5,5,5,5,5,5,5,5,5,5,5,5,COMUNA 6,
11XjArl7gChPvlxKeA_0APY5pJLeRv53_mZqZUCjAcE8,-Satisfacción del Curso virtual - SELLO DE NO DISCRIMINACIÓN 1°C 2025 - (SELLO_012025),2026-05-14T16:54:57.562Z,,Femenino,Adultez (29 - 59 años),Postgrado,Otro,5,5,4,5,5,5,3,3,1,1,5,5,4,COMUNA 8,
11XjArl7gChPvlxKeA_0APY5pJLeRv53_mZqZUCjAcE8,-Satisfacción del Curso virtual - SELLO DE NO DISCRIMINACIÓN 1°C 2025 - (SELLO_012025),2025-09-24T16:17:36.547Z,,Femenino,Adultez (29 - 59 años),Postgrado,Área de la salud,4,4,5,5,5,5,5,5,5,5,5,5,5,COMUNA 18,
11XjArl7gChPvlxKeA_0APY5pJLeRv53_mZqZUCjAcE8,-Satisfacción del Curso virtual - SELLO DE NO DISCRIMINACIÓN 1°C 2025 - (SELLO_012025),2025-10-07T21:34:23.602Z,,Femenino,Adultez (29 - 59 años),Bachiller,Otro,5,5,5,5,5,5,5,5,5,5,5,5,5,COMUNA 19,
11XjArl7gChPvlxKeA_0APY5pJLeRv53_mZqZUCjAcE8,-Satisfacción del Curso virtual - SELLO DE NO DISCRIMINACIÓN 1°C 2025 - (SELLO_012025),2025-09-25T16:07:40.756Z,,Femenino,Adultez (29 - 59 años),Postgrado,Área de la salud,5,5,5,5,5,5,5,5,5,5,5,5,5,COMUNA 17,
11XjArl7gChPvlxKeA_0APY5pJLeRv53_mZqZUCjAcE8,-Satisfacción del Curso virtual - SELLO DE NO DISCRIMINACIÓN 1°C 2025 - (SELLO_012025),2025-11-06T02:02:49.013Z,,Femenino,Adultez (29 - 59 años),Postgrado,Área de la salud,5,5,5,5,5,5,5,5,5,5,5,5,5,COMUNA 18,
11XjArl7gChPvlxKeA_0APY5pJLeRv53_mZqZUCjAcE8,-Satisfacción del Curso virtual - SELLO DE NO DISCRIMINACIÓN 1°C 2025 - (SELLO_012025),2026-03-09T00:11:06.144Z,,Femenino,Adultez (29 - 59 años),Pregrado,Área de la salud,5,5,5,4,5,5,5,4,5,5,5,5,5,COMUNA 22,
11XjArl7gChPvlxKeA_0APY5pJLeRv53_mZqZUCjAcE8,-Satisfacción del Curso virtual - SELLO DE NO DISCRIMINACIÓN 1°C 2025 - (SELLO_012025),2025-10-02T18:32:36.556Z,,Femenino,Adultez (29 - 59 años),Postgrado,Área de la salud,5,5,5,5,5,5,5,5,5,5,5,5,5,COMUNA 17,
11XjArl7gChPvlxKeA_0APY5pJLeRv53_mZqZUCjAcE8,-Satisfacción del Curso virtual - SELLO DE NO DISCRIMINACIÓN 1°C 2025 - (SELLO_012025),2025-09-24T18:50:37.497Z,,Femenino,Adultez (29 - 59 años),Postgrado,Área de la salud,5,5,5,5,5,5,5,5,5,5,5,5,5,COMUNA 11,
11XjArl7gChPvlxKeA_0APY5pJLeRv53_mZqZUCjAcE8,-Satisfacción del Curso virtual - SELLO DE NO DISCRIMINACIÓN 1°C 2025 - (SELLO_012025),2026-05-13T22:25:19.906Z,,Femenino,Adultez (29 - 59 años),Bachiller,Área de la salud,5,5,5,5,5,5,5,5,5,5,5,5,5,COMUNA 18,
11XjArl7gChPvlxKeA_0APY5pJLeRv53_mZqZUCjAcE8,-Satisfacción del Curso virtual - SELLO DE NO DISCRIMINACIÓN 1°C 2025 - (SELLO_012025),2025-10-16T05:20:11.475Z,,Femenino,Adultez (29 - 59 años),Pregrado,Área de la salud,4,5,4,4,4,4,4,4,4,4,4,4,4,COMUNA 9,
11XjArl7gChPvlxKeA_0APY5pJLeRv53_mZqZUCjAcE8,-Satisfacción del Curso virtual - SELLO DE NO DISCRIMINACIÓN 1°C 2025 - (SELLO_012025),2025-09-26T13:45:50.911Z,,Masculino,Adultez (29 - 59 años),Pregrado,Área de la salud,5,5,5,5,5,5,5,5,5,5,5,5,5,COMUNA 8,
11XjArl7gChPvlxKeA_0APY5pJLeRv53_mZqZUCjAcE8,-Satisfacción del Curso virtual - SELLO DE NO DISCRIMINACIÓN 1°C 2025 - (SELLO_012025),2026-06-24T21:41:17.943Z,,Femenino,Adultez (29 - 59 años),Bachiller,Área de la salud,5,5,5,5,5,5,5,4,4,3,4,4,4,COMUNA 22,
11XjArl7gChPvlxKeA_0APY5pJLeRv53_mZqZUCjAcE8,-Satisfacción del Curso virtual - SELLO DE NO DISCRIMINACIÓN 1°C 2025 - (SELLO_012025),2025-10-05T16:45:58.913Z,,Masculino,Vejez (60 años o más),Postgrado,Área de la salud,5,5,5,5,5,5,5,5,5,5,5,5,5,COMUNA 5,
11XjArl7gChPvlxKeA_0APY5pJLeRv53_mZqZUCjAcE8,-Satisfacción del Curso virtual - SELLO DE NO DISCRIMINACIÓN 1°C 2025 - (SELLO_012025),2025-09-24T17:32:27.046Z,,Femenino,Adultez (29 - 59 años),Pregrado,Área de la salud,4,5,5,4,4,5,4,5,4,4,4,4,4,COMUNA 16,
11XjArl7gChPvlxKeA_0APY5pJLeRv53_mZqZUCjAcE8,-Satisfacción del Curso virtual - SELLO DE NO DISCRIMINACIÓN 1°C 2025 - (SELLO_012025),2025-11-20T17:51:25.476Z,,Femenino,Juventud (18 - 28 años),Pregrado,Área de la salud,5,5,4,5,5,5,5,5,5,5,5,4,4,COMUNA 5,
11XjArl7gChPvlxKeA_0APY5pJLeRv53_mZqZUCjAcE8,-Satisfacción del Curso virtual - SELLO DE NO DISCRIMINACIÓN 1°C 2025 - (SELLO_012025),2025-09-24T23:49:00.164Z,,Femenino,Adultez (29 - 59 años),Pregrado,Área de la salud,5,5,5,5,5,5,5,5,5,5,5,5,5,COMUNA 6,
11XjArl7gChPvlxKeA_0APY5pJLeRv53_mZqZUCjAcE8,-Satisfacción del Curso virtual - SELLO DE NO DISCRIMINACIÓN 1°C 2025 - (SELLO_012025),2025-09-19T02:42:49.365Z,,Femenino,Adultez (29 - 59 años),Pregrado,Área de la salud,5,5,5,5,5,5,5,5,5,5,5,5,5,COMUNA 16,
11XjArl7gChPvlxKeA_0APY5pJLeRv53_mZqZUCjAcE8,-Satisfacción del Curso virtual - SELLO DE NO DISCRIMINACIÓN 1°C 2025 - (SELLO_012025),2025-09-24T02:26:32.006Z,,Femenino,Adultez (29 - 59 años),Pregrado,Área de la salud,4,4,4,4,4,4,4,4,4,4,4,4,4,COMUNA 17,
11XjArl7gChPvlxKeA_0APY5pJLeRv53_mZqZUCjAcE8,-Satisfacción del Curso virtual - SELLO DE NO DISCRIMINACIÓN 1°C 2025 - (SELLO_012025),2025-10-01T16:09:40.981Z,,Femenino,Adultez (29 - 59 años),Bachiller,Otro,5,5,5,5,5,5,5,5,5,5,5,5,5,COMUNA 21,
11XjArl7gChPvlxKeA_0APY5pJLeRv53_mZqZUCjAcE8,-Satisfacción del Curso virtual - SELLO DE NO DISCRIMINACIÓN 1°C 2025 - (SELLO_012025),2025-10-07T23:54:25.959Z,,Femenino,Adultez (29 - 59 años),Pregrado,Área de la salud,5,5,5,5,5,5,5,5,5,5,5,5,5,COMUNA 11,
11XjArl7gChPvlxKeA_0APY5pJLeRv53_mZqZUCjAcE8,-Satisfacción del Curso virtual - SELLO DE NO DISCRIMINACIÓN 1°C 2025 - (SELLO_012025),2025-09-17T18:53:27.467Z,,Femenino,Adultez (29 - 59 años),Postgrado,Otro,5,4,4,4,3,4,4,4,4,3,4,4,4,COMUNA 17,
11XjArl7gChPvlxKeA_0APY5pJLeRv53_mZqZUCjAcE8,-Satisfacción del Curso virtual - SELLO DE NO DISCRIMINACIÓN 1°C 2025 - (SELLO_012025),2025-09-26T03:41:50.930Z,,Femenino,Adultez (29 - 59 años),Pregrado,Área de la salud,5,5,5,5,5,5,5,5,5,5,5,5,5,COMUNA 10,
11XjArl7gChPvlxKeA_0APY5pJLeRv53_mZqZUCjAcE8,-Satisfacción del Curso virtual - SELLO DE NO DISCRIMINACIÓN 1°C 2025 - (SELLO_012025),2025-09-29T22:58:22.226Z,,Masculino,Vejez (60 años o más),Bachiller,Otro,5,5,5,5,5,5,5,5,5,5,5,5,5,COMUNA 10,
11XjArl7gChPvlxKeA_0APY5pJLeRv53_mZqZUCjAcE8,-Satisfacción del Curso virtual - SELLO DE NO DISCRIMINACIÓN 1°C 2025 - (SELLO_012025),2026-06-23T01:11:02.720Z,,Femenino,Adultez (29 - 59 años),Pregrado,Área de la salud,5,5,5,5,5,5,5,5,5,5,5,5,5,COMUNA 3,
11XjArl7gChPvlxKeA_0APY5pJLeRv53_mZqZUCjAcE8,-Satisfacción del Curso virtual - SELLO DE NO DISCRIMINACIÓN 1°C 2025 - (SELLO_012025),2025-12-01T03:52:35.376Z,,Femenino,Adultez (29 - 59 años),Postgrado,Área de la salud,4,4,4,4,4,5,4,4,4,4,4,4,4,COMUNA 22,
11XjArl7gChPvlxKeA_0APY5pJLeRv53_mZqZUCjAcE8,-Satisfacción del Curso virtual - SELLO DE NO DISCRIMINACIÓN 1°C 2025 - (SELLO_012025),2025-09-23T00:04:34.507Z,,Femenino,Adultez (29 - 59 años),Postgrado,Área de la salud,5,5,5,5,5,5,5,5,5,5,5,5,5,COMUNA 17,
11XjArl7gChPvlxKeA_0APY5pJLeRv53_mZqZUCjAcE8,-Satisfacción del Curso virtual - SELLO DE NO DISCRIMINACIÓN 1°C 2025 - (SELLO_012025),2025-10-08T01:09:04.585Z,,Femenino,Adultez (29 - 59 años),Pregrado,Área de la salud,4,4,5,5,5,5,4,4,4,4,4,5,5,COMUNA 1,
11XjArl7gChPvlxKeA_0APY5pJLeRv53_mZqZUCjAcE8,-Satisfacción del Curso virtual - SELLO DE NO DISCRIMINACIÓN 1°C 2025 - (SELLO_012025),2025-08-19T17:08:37.932Z,,Femenino,Adultez (29 - 59 años),Postgrado,Área de la salud,5,5,5,5,5,5,5,5,5,5,5,5,5,COMUNA 17,
11XjArl7gChPvlxKeA_0APY5pJLeRv53_mZqZUCjAcE8,-Satisfacción del Curso virtual - SELLO DE NO DISCRIMINACIÓN 1°C 2025 - (SELLO_012025),2025-09-24T18:23:36.099Z,,Femenino,Adultez (29 - 59 años),Postgrado,Área de la salud,4,4,4,4,4,4,4,4,4,4,4,4,4,COMUNA 19,
11XjArl7gChPvlxKeA_0APY5pJLeRv53_mZqZUCjAcE8,-Satisfacción del Curso virtual - SELLO DE NO DISCRIMINACIÓN 1°C 2025 - (SELLO_012025),2025-08-20T20:11:29.810Z,,Femenino,Adultez (29 - 59 años),Postgrado,Área de la salud,5,5,5,5,5,5,5,5,4,5,5,5,5,COMUNA 17,
11XjArl7gChPvlxKeA_0APY5pJLeRv53_mZqZUCjAcE8,-Satisfacción del Curso virtual - SELLO DE NO DISCRIMINACIÓN 1°C 2025 - (SELLO_012025),2025-09-24T00:16:48.430Z,,Masculino,Juventud (18 - 28 años),Pregrado,Área de la salud,5,5,5,5,5,5,5,5,5,5,5,5,5,COMUNA 22,
11XjArl7gChPvlxKeA_0APY5pJLeRv53_mZqZUCjAcE8,-Satisfacción del Curso virtual - SELLO DE NO DISCRIMINACIÓN 1°C 2025 - (SELLO_012025),2025-09-30T16:19:21.327Z,,Femenino,Adultez (29 - 59 años),Postgrado,Área de la salud,4,4,4,3,4,4,3,3,4,4,4,4,3,COMUNA 10,
11XjArl7gChPvlxKeA_0APY5pJLeRv53_mZqZUCjAcE8,-Satisfacción del Curso virtual - SELLO DE NO DISCRIMINACIÓN 1°C 2025 - (SELLO_012025),2025-10-01T21:57:51.638Z,,Femenino,Adultez (29 - 59 años),Bachiller,Área de la salud,5,5,5,5,5,5,5,5,5,5,5,5,5,COMUNA 6,
11XjArl7gChPvlxKeA_0APY5pJLeRv53_mZqZUCjAcE8,-Satisfacción del Curso virtual - SELLO DE NO DISCRIMINACIÓN 1°C 2025 - (SELLO_012025),2025-09-28T13:20:36.910Z,,Femenino,Adultez (29 - 59 años),Postgrado,Otro,5,5,5,5,5,5,5,5,4,1,1,5,5,COMUNA 17,
11XjArl7gChPvlxKeA_0APY5pJLeRv53_mZqZUCjAcE8,-Satisfacción del Curso virtual - SELLO DE NO DISCRIMINACIÓN 1°C 2025 - (SELLO_012025),2025-09-25T17:14:12.981Z,,Masculino,Adultez (29 - 59 años),Postgrado,Área de la salud,5,5,5,5,5,4,4,4,4,4,4,4,4,COMUNA 2,
11XjArl7gChPvlxKeA_0APY5pJLeRv53_mZqZUCjAcE8,-Satisfacción del Curso virtual - SELLO DE NO DISCRIMINACIÓN 1°C 2025 - (SELLO_012025),2025-10-06T15:59:41.096Z,,Femenino,Adultez (29 - 59 años),Pregrado,Área de la salud,5,5,5,5,5,5,5,5,5,5,5,5,5,COMUNA 10,
11XjArl7gChPvlxKeA_0APY5pJLeRv53_mZqZUCjAcE8,-Satisfacción del Curso virtual - SELLO DE NO DISCRIMINACIÓN 1°C 2025 - (SELLO_012025),2025-09-30T17:50:20.445Z,,Femenino,Adultez (29 - 59 años),Bachiller,Área de la salud,5,5,5,5,5,5,5,5,5,5,5,5,5,COMUNA 15,
11XjArl7gChPvlxKeA_0APY5pJLeRv53_mZqZUCjAcE8,-Satisfacción del Curso virtual - SELLO DE NO DISCRIMINACIÓN 1°C 2025 - (SELLO_012025),2025-11-13T16:49:11.177Z,,Femenino,Adultez (29 - 59 años),Pregrado,Área de la salud,4,4,5,3,4,5,3,4,4,3,4,4,4,COMUNA 17,
11XjArl7gChPvlxKeA_0APY5pJLeRv53_mZqZUCjAcE8,-Satisfacción del Curso virtual - SELLO DE NO DISCRIMINACIÓN 1°C 2025 - (SELLO_012025),2025-09-24T00:54:59.216Z,,Masculino,Adultez (29 - 59 años),Pregrado,Área de la salud,5,5,5,5,5,5,5,5,5,5,5,5,5,COMUNA 7,
11XjArl7gChPvlxKeA_0APY5pJLeRv53_mZqZUCjAcE8,-Satisfacción del Curso virtual - SELLO DE NO DISCRIMINACIÓN 1°C 2025 - (SELLO_012025),2025-09-24T17:19:15.861Z,,Femenino,Adultez (29 - 59 años),Postgrado,Área de la salud,5,5,5,5,5,5,5,5,5,4,5,5,5,COMUNA 19,
11XjArl7gChPvlxKeA_0APY5pJLeRv53_mZqZUCjAcE8,-Satisfacción del Curso virtual - SELLO DE NO DISCRIMINACIÓN 1°C 2025 - (SELLO_012025),2025-09-24T02:26:56.997Z,,Femenino,Adultez (29 - 59 años),Bachiller,Área de la salud,5,5,5,5,5,5,5,5,5,5,5,5,5,COMUNA 18,
11XjArl7gChPvlxKeA_0APY5pJLeRv53_mZqZUCjAcE8,-Satisfacción del Curso virtual - SELLO DE NO DISCRIMINACIÓN 1°C 2025 - (SELLO_012025),2025-10-28T04:22:50.354Z,,Femenino,Vejez (60 años o más),Pregrado,Área de la salud,5,4,3,3,3,3,3,3,2,2,2,2,3,COMUNA 6,
11XjArl7gChPvlxKeA_0APY5pJLeRv53_mZqZUCjAcE8,-Satisfacción del Curso virtual - SELLO DE NO DISCRIMINACIÓN 1°C 2025 - (SELLO_012025),2025-09-19T23:41:11.724Z,,Femenino,Juventud (18 - 28 años),Pregrado,Área de la salud,5,5,5,5,5,5,5,5,5,5,5,5,5,COMUNA 16,
11XjArl7gChPvlxKeA_0APY5pJLeRv53_mZqZUCjAcE8,-Satisfacción del Curso virtual - SELLO DE NO DISCRIMINACIÓN 1°C 2025 - (SELLO_012025),2025-09-29T14:17:19.899Z,,Masculino,Adultez (29 - 59 años),Pregrado,Otro,5,5,5,5,5,5,5,4,4,4,5,5,5,COMUNA 19,
11XjArl7gChPvlxKeA_0APY5pJLeRv53_mZqZUCjAcE8,-Satisfacción del Curso virtual - SELLO DE NO DISCRIMINACIÓN 1°C 2025 - (SELLO_012025),2025-11-18T18:24:59.756Z,,Femenino,Adultez (29 - 59 años),Postgrado,Otro,5,5,5,5,5,5,5,5,5,5,5,5,5,COMUNA 22,
11XjArl7gChPvlxKeA_0APY5pJLeRv53_mZqZUCjAcE8,-Satisfacción del Curso virtual - SELLO DE NO DISCRIMINACIÓN 1°C 2025 - (SELLO_012025),2025-09-25T22:36:40.476Z,,Femenino,Adultez (29 - 59 años),Postgrado,Área de la salud,5,5,5,5,5,5,5,5,5,5,5,5,5,COMUNA 16,
11XjArl7gChPvlxKeA_0APY5pJLeRv53_mZqZUCjAcE8,-Satisfacción del Curso virtual - SELLO DE NO DISCRIMINACIÓN 1°C 2025 - (SELLO_012025),2026-04-15T22:56:29.258Z,,Masculino,Adultez (29 - 59 años),Postgrado,Otro,5,5,5,5,5,5,4,5,1,1,5,5,5,COMUNA 2,
11XjArl7gChPvlxKeA_0APY5pJLeRv53_mZqZUCjAcE8,-Satisfacción del Curso virtual - SELLO DE NO DISCRIMINACIÓN 1°C 2025 - (SELLO_012025),2025-09-26T19:27:12.412Z,,Masculino,Adultez (29 - 59 años),Postgrado,Otro,5,5,5,5,5,5,5,5,5,5,5,5,5,COMUNA 17,
11XjArl7gChPvlxKeA_0APY5pJLeRv53_mZqZUCjAcE8,-Satisfacción del Curso virtual - SELLO DE NO DISCRIMINACIÓN 1°C 2025 - (SELLO_012025),2025-10-06T15:02:54.135Z,,Femenino,Adultez (29 - 59 años),Pregrado,Área de la salud,4,4,4,4,4,4,4,4,4,4,4,4,4,COMUNA 3,
11XjArl7gChPvlxKeA_0APY5pJLeRv53_mZqZUCjAcE8,-Satisfacción del Curso virtual - SELLO DE NO DISCRIMINACIÓN 1°C 2025 - (SELLO_012025),2025-09-22T21:57:03.310Z,,Femenino,Adultez (29 - 59 años),Postgrado,Área de la salud,5,5,5,5,5,5,5,5,4,4,4,5,5,COMUNA 19,
11XjArl7gChPvlxKeA_0APY5pJLeRv53_mZqZUCjAcE8,-Satisfacción del Curso virtual - SELLO DE NO DISCRIMINACIÓN 1°C 2025 - (SELLO_012025),2025-11-21T05:08:58.668Z,,Femenino,Juventud (18 - 28 años),Pregrado,Área de la salud,5,5,5,5,5,5,5,5,3,3,5,5,5,COMUNA 5,
11XjArl7gChPvlxKeA_0APY5pJLeRv53_mZqZUCjAcE8,-Satisfacción del Curso virtual - SELLO DE NO DISCRIMINACIÓN 1°C 2025 - (SELLO_012025),2025-08-22T15:57:25.571Z,,Femenino,Juventud (18 - 28 años),Pregrado,Otro,5,5,5,5,5,5,5,5,5,3,4,5,5,COMUNA 19,
11XjArl7gChPvlxKeA_0APY5pJLeRv53_mZqZUCjAcE8,-Satisfacción del Curso virtual - SELLO DE NO DISCRIMINACIÓN 1°C 2025 - (SELLO_012025),2025-10-21T15:26:31.294Z,,Masculino,Adultez (29 - 59 años),Bachiller,Área de la salud,5,5,5,5,5,5,5,5,5,5,5,5,5,COMUNA 9,
11XjArl7gChPvlxKeA_0APY5pJLeRv53_mZqZUCjAcE8,-Satisfacción del Curso virtual - SELLO DE NO DISCRIMINACIÓN 1°C 2025 - (SELLO_012025),2025-09-29T15:18:14.957Z,,Femenino,Adultez (29 - 59 años),Pregrado,Área de la salud,5,5,5,5,5,5,5,5,5,5,4,4,5,COMUNA 5,
11XjArl7gChPvlxKeA_0APY5pJLeRv53_mZqZUCjAcE8,-Satisfacción del Curso virtual - SELLO DE NO DISCRIMINACIÓN 1°C 2025 - (SELLO_012025),2025-09-30T03:04:32.649Z,,Femenino,Adultez (29 - 59 años),Bachiller,Área de la salud,5,5,5,5,5,5,5,5,5,5,5,5,5,COMUNA 18,
11XjArl7gChPvlxKeA_0APY5pJLeRv53_mZqZUCjAcE8,-Satisfacción del Curso virtual - SELLO DE NO DISCRIMINACIÓN 1°C 2025 - (SELLO_012025),2025-09-18T19:31:35.846Z,,Masculino,Vejez (60 años o más),Pregrado,Otro,4,4,4,4,4,4,4,4,4,4,4,4,4,COMUNA 15,
11XjArl7gChPvlxKeA_0APY5pJLeRv53_mZqZUCjAcE8,-Satisfacción del Curso virtual - SELLO DE NO DISCRIMINACIÓN 1°C 2025 - (SELLO_012025),2025-10-11T04:11:55.142Z,,Masculino,Vejez (60 años o más),Postgrado,Área de la salud,5,5,5,5,5,5,5,5,4,3,5,4,4,COMUNA 10,
11XjArl7gChPvlxKeA_0APY5pJLeRv53_mZqZUCjAcE8,-Satisfacción del Curso virtual - SELLO DE NO DISCRIMINACIÓN 1°C 2025 - (SELLO_012025),2025-10-07T17:20:25.885Z,,Femenino,Adultez (29 - 59 años),Pregrado,Área de la salud,3,3,3,3,3,3,1,2,2,1,2,2,2,COMUNA 6,
11XjArl7gChPvlxKeA_0APY5pJLeRv53_mZqZUCjAcE8,-Satisfacción del Curso virtual - SELLO DE NO DISCRIMINACIÓN 1°C 2025 - (SELLO_012025),2025-09-22T19:51:52.826Z,,Femenino,Adultez (29 - 59 años),Postgrado,Área de la salud,5,5,5,5,5,5,5,5,5,5,5,5,5,C. DE PANCE,
11XjArl7gChPvlxKeA_0APY5pJLeRv53_mZqZUCjAcE8,-Satisfacción del Curso virtual - SELLO DE NO DISCRIMINACIÓN 1°C 2025 - (SELLO_012025),2025-09-26T18:01:19.931Z,,Femenino,Adultez (29 - 59 años),Bachiller,Otro,5,5,5,5,5,5,5,5,4,5,5,5,5,COMUNA 6,
11XjArl7gChPvlxKeA_0APY5pJLeRv53_mZqZUCjAcE8,-Satisfacción del Curso virtual - SELLO DE NO DISCRIMINACIÓN 1°C 2025 - (SELLO_012025),2025-10-07T17:34:57.669Z,,Masculino,Adultez (29 - 59 años),Postgrado,Área de la salud,5,5,5,5,5,5,5,5,1,1,5,5,5,COMUNA 12,
11XjArl7gChPvlxKeA_0APY5pJLeRv53_mZqZUCjAcE8,-Satisfacción del Curso virtual - SELLO DE NO DISCRIMINACIÓN 1°C 2025 - (SELLO_012025),2025-10-01T14:01:15.426Z,,Masculino,Adultez (29 - 59 años),Pregrado,Otro,5,5,5,5,5,5,5,5,5,5,5,5,5,COMUNA 17,
11XjArl7gChPvlxKeA_0APY5pJLeRv53_mZqZUCjAcE8,-Satisfacción del Curso virtual - SELLO DE NO DISCRIMINACIÓN 1°C 2025 - (SELLO_012025),2025-10-29T23:07:52.446Z,,Femenino,Adultez (29 - 59 años),Postgrado,Otro,5,5,5,5,5,5,5,5,5,5,5,5,5,COMUNA 21,
11XjArl7gChPvlxKeA_0APY5pJLeRv53_mZqZUCjAcE8,-Satisfacción del Curso virtual - SELLO DE NO DISCRIMINACIÓN 1°C 2025 - (SELLO_012025),2025-10-01T19:39:07.671Z,,Masculino,Adultez (29 - 59 años),Postgrado,Área de la salud,5,5,5,5,5,5,5,5,5,5,5,5,5,COMUNA 19,
11XjArl7gChPvlxKeA_0APY5pJLeRv53_mZqZUCjAcE8,-Satisfacción del Curso virtual - SELLO DE NO DISCRIMINACIÓN 1°C 2025 - (SELLO_012025),2025-09-19T03:39:26.185Z,,Femenino,Adultez (29 - 59 años),Pregrado,Área de la salud,4,4,4,4,4,4,4,4,2,1,4,4,4,COMUNA 17,
11XjArl7gChPvlxKeA_0APY5pJLeRv53_mZqZUCjAcE8,-Satisfacción del Curso virtual - SELLO DE NO DISCRIMINACIÓN 1°C 2025 - (SELLO_012025),2025-12-03T00:54:35.570Z,,Femenino,Adultez (29 - 59 años),Pregrado,Área de la salud,5,5,5,5,5,5,5,5,5,5,5,5,5,C. DE FELIDIA,
11XjArl7gChPvlxKeA_0APY5pJLeRv53_mZqZUCjAcE8,-Satisfacción del Curso virtual - SELLO DE NO DISCRIMINACIÓN 1°C 2025 - (SELLO_012025),2025-09-17T18:25:36.694Z,,Femenino,Adultez (29 - 59 años),Pregrado,Área de la salud,5,5,5,5,5,5,5,5,5,5,5,5,5,COMUNA 17,
11XjArl7gChPvlxKeA_0APY5pJLeRv53_mZqZUCjAcE8,-Satisfacción del Curso virtual - SELLO DE NO DISCRIMINACIÓN 1°C 2025 - (SELLO_012025),2026-04-02T23:02:55.325Z,,Femenino,Adultez (29 - 59 años),Postgrado,Área de la salud,5,5,5,5,5,5,5,5,5,5,5,5,5,COMUNA 17,
11XjArl7gChPvlxKeA_0APY5pJLeRv53_mZqZUCjAcE8,-Satisfacción del Curso virtual - SELLO DE NO DISCRIMINACIÓN 1°C 2025 - (SELLO_012025),2025-09-17T20:57:40.881Z,,Femenino,Adultez (29 - 59 años),Pregrado,Área de la salud,5,5,5,5,5,5,5,5,5,5,5,5,5,COMUNA 10,
11XjArl7gChPvlxKeA_0APY5pJLeRv53_mZqZUCjAcE8,-Satisfacción del Curso virtual - SELLO DE NO DISCRIMINACIÓN 1°C 2025 - (SELLO_012025),2025-09-23T21:14:39.044Z,,Masculino,Adultez (29 - 59 años),Postgrado,Área de la salud,5,5,5,5,5,5,5,5,5,5,5,5,5,COMUNA 17,
11XjArl7gChPvlxKeA_0APY5pJLeRv53_mZqZUCjAcE8,-Satisfacción del Curso virtual - SELLO DE NO DISCRIMINACIÓN 1°C 2025 - (SELLO_012025),2025-10-04T21:15:16.634Z,,Femenino,Adultez (29 - 59 años),Postgrado,Área de la salud,5,5,5,5,5,5,5,5,5,5,5,5,5,COMUNA 22,
11XjArl7gChPvlxKeA_0APY5pJLeRv53_mZqZUCjAcE8,-Satisfacción del Curso virtual - SELLO DE NO DISCRIMINACIÓN 1°C 2025 - (SELLO_012025),2025-10-05T22:00:47.384Z,,Masculino,Adultez (29 - 59 años),Bachiller,Área de la salud,5,5,5,5,5,5,5,4,3,4,5,5,5,COMUNA 15,
11XjArl7gChPvlxKeA_0APY5pJLeRv53_mZqZUCjAcE8,-Satisfacción del Curso virtual - SELLO DE NO DISCRIMINACIÓN 1°C 2025 - (SELLO_012025),2025-09-25T01:32:11.962Z,,Femenino,Adultez (29 - 59 años),Pregrado,Área de la salud,5,5,5,5,5,5,5,5,5,5,5,5,5,COMUNA 5,
11XjArl7gChPvlxKeA_0APY5pJLeRv53_mZqZUCjAcE8,-Satisfacción del Curso virtual - SELLO DE NO DISCRIMINACIÓN 1°C 2025 - (SELLO_012025),2025-10-01T23:14:37.943Z,,Femenino,Vejez (60 años o más),Pregrado,Área de la salud,5,5,5,5,5,5,5,5,5,5,5,5,5,COMUNA 22,
11XjArl7gChPvlxKeA_0APY5pJLeRv53_mZqZUCjAcE8,-Satisfacción del Curso virtual - SELLO DE NO DISCRIMINACIÓN 1°C 2025 - (SELLO_012025),2025-08-25T03:37:22.685Z,,Femenino,Adultez (29 - 59 años),Pregrado,Área de la salud,4,5,5,5,5,5,5,5,4,4,4,4,5,COMUNA 15,
11XjArl7gChPvlxKeA_0APY5pJLeRv53_mZqZUCjAcE8,-Satisfacción del Curso virtual - SELLO DE NO DISCRIMINACIÓN 1°C 2025 - (SELLO_012025),2025-09-26T22:14:39.205Z,,Masculino,Adultez (29 - 59 años),Pregrado,Área de la salud,5,5,5,5,5,5,5,5,5,5,5,5,5,COMUNA 17,
11XjArl7gChPvlxKeA_0APY5pJLeRv53_mZqZUCjAcE8,-Satisfacción del Curso virtual - SELLO DE NO DISCRIMINACIÓN 1°C 2025 - (SELLO_012025),2025-10-03T01:32:43.684Z,,Femenino,Adultez (29 - 59 años),Postgrado,Área de la salud,5,5,5,5,5,5,5,5,3,3,3,3,4,COMUNA 17,
11XjArl7gChPvlxKeA_0APY5pJLeRv53_mZqZUCjAcE8,-Satisfacción del Curso virtual - SELLO DE NO DISCRIMINACIÓN 1°C 2025 - (SELLO_012025),2025-09-16T22:21:22.791Z,,Femenino,Vejez (60 años o más),Pregrado,Área de la salud,5,5,4,5,4,4,4,4,4,4,4,4,4,COMUNA 10,
11XjArl7gChPvlxKeA_0APY5pJLeRv53_mZqZUCjAcE8,-Satisfacción del Curso virtual - SELLO DE NO DISCRIMINACIÓN 1°C 2025 - (SELLO_012025),2025-09-24T16:50:06.080Z,,Femenino,Adultez (29 - 59 años),Bachiller,Otro,5,5,5,5,5,5,5,5,5,5,5,5,5,COMUNA 13,
11XjArl7gChPvlxKeA_0APY5pJLeRv53_mZqZUCjAcE8,-Satisfacción del Curso virtual - SELLO DE NO DISCRIMINACIÓN 1°C 2025 - (SELLO_012025),2025-09-26T00:09:55.900Z,,Femenino,Adultez (29 - 59 años),Pregrado,Área de la salud,5,5,5,5,5,5,5,5,5,5,5,5,5,COMUNA 17,
11XjArl7gChPvlxKeA_0APY5pJLeRv53_mZqZUCjAcE8,-Satisfacción del Curso virtual - SELLO DE NO DISCRIMINACIÓN 1°C 2025 - (SELLO_012025),2026-04-19T04:03:47.639Z,,Femenino,Adultez (29 - 59 años),Pregrado,Otro,5,5,5,5,5,5,5,5,5,5,5,5,5,COMUNA 6,
11XjArl7gChPvlxKeA_0APY5pJLeRv53_mZqZUCjAcE8,-Satisfacción del Curso virtual - SELLO DE NO DISCRIMINACIÓN 1°C 2025 - (SELLO_012025),2025-10-07T01:49:41.969Z,,Femenino,Adultez (29 - 59 años),Postgrado,Área de la salud,5,5,5,5,5,5,5,5,4,3,4,5,5,COMUNA 8,
11XjArl7gChPvlxKeA_0APY5pJLeRv53_mZqZUCjAcE8,-Satisfacción del Curso virtual - SELLO DE NO DISCRIMINACIÓN 1°C 2025 - (SELLO_012025),2025-10-21T15:42:26.566Z,,Femenino,Adultez (29 - 59 años),Pregrado,Otro,5,5,5,5,4,4,4,4,4,4,4,4,4,COMUNA 5,
11XjArl7gChPvlxKeA_0APY5pJLeRv53_mZqZUCjAcE8,-Satisfacción del Curso virtual - SELLO DE NO DISCRIMINACIÓN 1°C 2025 - (SELLO_012025),2025-09-24T14:56:33.762Z,,Femenino,Adultez (29 - 59 años),Postgrado,Área de la salud,5,5,4,5,4,3,5,5,3,5,5,5,3,COMUNA 22,
11XjArl7gChPvlxKeA_0APY5pJLeRv53_mZqZUCjAcE8,-Satisfacción del Curso virtual - SELLO DE NO DISCRIMINACIÓN 1°C 2025 - (SELLO_012025),2025-10-01T16:39:30.045Z,,Femenino,Adultez (29 - 59 años),Pregrado,Área de la salud,4,4,4,4,4,4,3,3,2,4,2,2,2,COMUNA 8,
11XjArl7gChPvlxKeA_0APY5pJLeRv53_mZqZUCjAcE8,-Satisfacción del Curso virtual - SELLO DE NO DISCRIMINACIÓN 1°C 2025 - (SELLO_012025),2025-09-23T22:26:19.615Z,,Femenino,Adultez (29 - 59 años),Pregrado,Área de la salud,5,5,5,5,5,5,5,5,4,5,5,5,5,COMUNA 9,
11XjArl7gChPvlxKeA_0APY5pJLeRv53_mZqZUCjAcE8,-Satisfacción del Curso virtual - SELLO DE NO DISCRIMINACIÓN 1°C 2025 - (SELLO_012025),2025-09-25T04:27:41.216Z,,Masculino,Vejez (60 años o más),Pregrado,Área de la salud,5,5,5,4,4,5,5,4,1,1,1,3,3,COMUNA 2,
11XjArl7gChPvlxKeA_0APY5pJLeRv53_mZqZUCjAcE8,-Satisfacción del Curso virtual - SELLO DE NO DISCRIMINACIÓN 1°C 2025 - (SELLO_012025),2025-09-24T18:49:42.185Z,,Femenino,Juventud (18 - 28 años),Pregrado,Otro,5,5,5,5,5,5,5,5,5,5,5,5,5,COMUNA 3,
11XjArl7gChPvlxKeA_0APY5pJLeRv53_mZqZUCjAcE8,-Satisfacción del Curso virtual - SELLO DE NO DISCRIMINACIÓN 1°C 2025 - (SELLO_012025),2025-09-30T05:40:36.118Z,,Masculino,Adultez (29 - 59 años),Postgrado,Área de la salud,5,5,5,5,5,5,5,5,4,4,4,4,4,COMUNA 16,
11XjArl7gChPvlxKeA_0APY5pJLeRv53_mZqZUCjAcE8,-Satisfacción del Curso virtual - SELLO DE NO DISCRIMINACIÓN 1°C 2025 - (SELLO_012025),2025-10-01T19:00:32.036Z,,Femenino,Vejez (60 años o más),Pregrado,Otro,5,5,5,5,5,5,5,5,5,5,5,5,5,COMUNA 21,
11XjArl7gChPvlxKeA_0APY5pJLeRv53_mZqZUCjAcE8,-Satisfacción del Curso virtual - SELLO DE NO DISCRIMINACIÓN 1°C 2025 - (SELLO_012025),2025-10-03T15:15:37.448Z,,Masculino,Vejez (60 años o más),Bachiller,Área de la salud,5,5,4,5,5,5,5,5,5,5,5,5,5,COMUNA 4,
11XjArl7gChPvlxKeA_0APY5pJLeRv53_mZqZUCjAcE8,-Satisfacción del Curso virtual - SELLO DE NO DISCRIMINACIÓN 1°C 2025 - (SELLO_012025),2025-11-06T14:36:23.223Z,,Femenino,Adultez (29 - 59 años),Postgrado,Área de la salud,5,5,5,5,5,5,5,5,5,5,5,5,5,COMUNA 17,
11XjArl7gChPvlxKeA_0APY5pJLeRv53_mZqZUCjAcE8,-Satisfacción del Curso virtual - SELLO DE NO DISCRIMINACIÓN 1°C 2025 - (SELLO_012025),2025-09-29T17:21:35.933Z,,Masculino,Adultez (29 - 59 años),Pregrado,Otro,5,5,5,5,5,5,5,5,5,5,5,5,5,COMUNA 10,
11XjArl7gChPvlxKeA_0APY5pJLeRv53_mZqZUCjAcE8,-Satisfacción del Curso virtual - SELLO DE NO DISCRIMINACIÓN 1°C 2025 - (SELLO_012025),2025-10-26T02:43:36.991Z,,Masculino,Adultez (29 - 59 años),Pregrado,Área de la salud,5,5,5,4,5,4,5,5,4,4,5,5,5,COMUNA 8,
11XjArl7gChPvlxKeA_0APY5pJLeRv53_mZqZUCjAcE8,-Satisfacción del Curso virtual - SELLO DE NO DISCRIMINACIÓN 1°C 2025 - (SELLO_012025),2025-09-24T14:54:25.419Z,,Masculino,Adultez (29 - 59 años),Postgrado,Otro,4,4,3,4,4,4,4,3,3,3,3,4,4,COMUNA 22,
11XjArl7gChPvlxKeA_0APY5pJLeRv53_mZqZUCjAcE8,-Satisfacción del Curso virtual - SELLO DE NO DISCRIMINACIÓN 1°C 2025 - (SELLO_012025),2025-09-19T18:04:11.267Z,,Femenino,Adultez (29 - 59 años),Pregrado,Área de la salud,4,4,4,4,4,5,4,4,1,4,3,4,4,COMUNA 8,
11XjArl7gChPvlxKeA_0APY5pJLeRv53_mZqZUCjAcE8,-Satisfacción del Curso virtual - SELLO DE NO DISCRIMINACIÓN 1°C 2025 - (SELLO_012025),2025-09-24T13:03:46.269Z,,Masculino,Adultez (29 - 59 años),Postgrado,Área de la salud,5,5,5,5,5,5,5,5,5,5,5,5,5,COMUNA 4,
11XjArl7gChPvlxKeA_0APY5pJLeRv53_mZqZUCjAcE8,-Satisfacción del Curso virtual - SELLO DE NO DISCRIMINACIÓN 1°C 2025 - (SELLO_012025),2025-09-26T17:09:05.987Z,,Femenino,Adultez (29 - 59 años),Pregrado,Área de la salud,4,4,4,4,4,4,4,4,4,4,4,4,4,COMUNA 22,
11XjArl7gChPvlxKeA_0APY5pJLeRv53_mZqZUCjAcE8,-Satisfacción del Curso virtual - SELLO DE NO DISCRIMINACIÓN 1°C 2025 - (SELLO_012025),2025-09-24T00:43:52.179Z,,Femenino,Adultez (29 - 59 años),Postgrado,Área de la salud,5,5,5,5,5,5,5,5,5,5,5,5,5,COMUNA 22,
11XjArl7gChPvlxKeA_0APY5pJLeRv53_mZqZUCjAcE8,-Satisfacción del Curso virtual - SELLO DE NO DISCRIMINACIÓN 1°C 2025 - (SELLO_012025),2025-09-22T23:19:59.102Z,,Femenino,Juventud (18 - 28 años),Pregrado,Área de la salud,5,5,5,5,5,5,5,5,5,5,5,5,5,COMUNA 8,
11XjArl7gChPvlxKeA_0APY5pJLeRv53_mZqZUCjAcE8,-Satisfacción del Curso virtual - SELLO DE NO DISCRIMINACIÓN 1°C 2025 - (SELLO_012025),2025-09-25T05:42:13.702Z,,Femenino,Adultez (29 - 59 años),Postgrado,Área de la salud,5,5,5,5,5,5,5,5,5,5,5,5,5,COMUNA 2,
11XjArl7gChPvlxKeA_0APY5pJLeRv53_mZqZUCjAcE8,-Satisfacción del Curso virtual - SELLO DE NO DISCRIMINACIÓN 1°C 2025 - (SELLO_012025),2025-09-23T23:08:17.376Z,,Masculino,Adultez (29 - 59 años),Pregrado,Área de la salud,3,4,4,4,4,4,4,4,4,4,4,4,4,COMUNA 17,
11XjArl7gChPvlxKeA_0APY5pJLeRv53_mZqZUCjAcE8,-Satisfacción del Curso virtual - SELLO DE NO DISCRIMINACIÓN 1°C 2025 - (SELLO_012025),2025-09-16T22:48:55.456Z,,Femenino,Adultez (29 - 59 años),Pregrado,Área de la salud,4,4,4,4,4,4,4,4,4,2,4,4,4,COMUNA 10,
11XjArl7gChPvlxKeA_0APY5pJLeRv53_mZqZUCjAcE8,-Satisfacción del Curso virtual - SELLO DE NO DISCRIMINACIÓN 1°C 2025 - (SELLO_012025),2025-09-24T00:42:26.008Z,,Femenino,Adultez (29 - 59 años),Bachiller,Área de la salud,5,5,5,5,5,5,5,5,5,5,5,5,5,COMUNA 12,
11XjArl7gChPvlxKeA_0APY5pJLeRv53_mZqZUCjAcE8,-Satisfacción del Curso virtual - SELLO DE NO DISCRIMINACIÓN 1°C 2025 - (SELLO_012025),2025-09-30T01:49:56.099Z,,Femenino,Adultez (29 - 59 años),Postgrado,Área de la salud,5,5,5,5,5,5,5,5,5,5,5,5,5,COMUNA 2,
11XjArl7gChPvlxKeA_0APY5pJLeRv53_mZqZUCjAcE8,-Satisfacción del Curso virtual - SELLO DE NO DISCRIMINACIÓN 1°C 2025 - (SELLO_012025),2025-10-10T15:06:23.618Z,,Femenino,Adultez (29 - 59 años),Pregrado,Área de la salud,4,4,4,4,4,4,4,4,4,4,4,4,4,COMUNA 19,
11XjArl7gChPvlxKeA_0APY5pJLeRv53_mZqZUCjAcE8,-Satisfacción del Curso virtual - SELLO DE NO DISCRIMINACIÓN 1°C 2025 - (SELLO_012025),2025-09-29T21:37:50.015Z,,Femenino,Adultez (29 - 59 años),Postgrado,Otro,5,5,5,5,5,5,5,5,5,5,5,5,5,COMUNA 22,
11XjArl7gChPvlxKeA_0APY5pJLeRv53_mZqZUCjAcE8,-Satisfacción del Curso virtual - SELLO DE NO DISCRIMINACIÓN 1°C 2025 - (SELLO_012025),2025-10-07T20:55:35.470Z,,Masculino,Adultez (29 - 59 años),Bachiller,Otro,5,5,5,5,5,5,5,5,5,5,5,5,5,COMUNA 10,
11XjArl7gChPvlxKeA_0APY5pJLeRv53_mZqZUCjAcE8,-Satisfacción del Curso virtual - SELLO DE NO DISCRIMINACIÓN 1°C 2025 - (SELLO_012025),2025-09-16T23:47:29.830Z,,Femenino,Adultez (29 - 59 años),Pregrado,Área de la salud,5,5,5,5,5,5,5,5,5,5,5,5,5,COMUNA 11,
11XjArl7gChPvlxKeA_0APY5pJLeRv53_mZqZUCjAcE8,-Satisfacción del Curso virtual - SELLO DE NO DISCRIMINACIÓN 1°C 2025 - (SELLO_012025),2025-08-21T13:43:41.330Z,,Masculino,Vejez (60 años o más),Postgrado,Área de la salud,2,3,2,2,3,2,3,3,3,3,4,3,3,COMUNA 17,
11XjArl7gChPvlxKeA_0APY5pJLeRv53_mZqZUCjAcE8,-Satisfacción del Curso virtual - SELLO DE NO DISCRIMINACIÓN 1°C 2025 - (SELLO_012025),2025-09-26T21:39:50.905Z,,Femenino,Adultez (29 - 59 años),Pregrado,Área de la salud,4,4,4,4,4,4,4,4,4,4,4,4,4,COMUNA 8,
11XjArl7gChPvlxKeA_0APY5pJLeRv53_mZqZUCjAcE8,-Satisfacción del Curso virtual - SELLO DE NO DISCRIMINACIÓN 1°C 2025 - (SELLO_012025),2025-10-09T17:11:36.217Z,,Femenino,Adultez (29 - 59 años),Pregrado,Otro,5,5,5,4,5,5,5,5,5,5,5,5,5,COMUNA 8,
11XjArl7gChPvlxKeA_0APY5pJLeRv53_mZqZUCjAcE8,-Satisfacción del Curso virtual - SELLO DE NO DISCRIMINACIÓN 1°C 2025 - (SELLO_012025),2026-03-30T19:37:40.387Z,,Femenino,Adultez (29 - 59 años),Postgrado,Área de la salud,5,5,5,5,5,5,5,5,5,3,4,4,4,COMUNA 8,
11XjArl7gChPvlxKeA_0APY5pJLeRv53_mZqZUCjAcE8,-Satisfacción del Curso virtual - SELLO DE NO DISCRIMINACIÓN 1°C 2025 - (SELLO_012025),2025-09-26T15:04:23.689Z,,Masculino,Adultez (29 - 59 años),Bachiller,Otro,4,4,4,4,4,4,4,4,4,4,4,4,4,COMUNA 14,
11XjArl7gChPvlxKeA_0APY5pJLeRv53_mZqZUCjAcE8,-Satisfacción del Curso virtual - SELLO DE NO DISCRIMINACIÓN 1°C 2025 - (SELLO_012025),2025-10-02T03:44:29.486Z,,Femenino,Adultez (29 - 59 años),Pregrado,Otro,4,4,4,4,4,4,4,4,4,4,4,4,4,COMUNA 4,
11XjArl7gChPvlxKeA_0APY5pJLeRv53_mZqZUCjAcE8,-Satisfacción del Curso virtual - SELLO DE NO DISCRIMINACIÓN 1°C 2025 - (SELLO_012025),2025-09-25T05:00:57.462Z,,Masculino,Adultez (29 - 59 años),Bachiller,Área de la salud,1,3,3,3,3,3,1,3,1,2,1,1,1,COMUNA 21,
11XjArl7gChPvlxKeA_0APY5pJLeRv53_mZqZUCjAcE8,-Satisfacción del Curso virtual - SELLO DE NO DISCRIMINACIÓN 1°C 2025 - (SELLO_012025),2025-09-24T16:26:19.653Z,,Femenino,Adultez (29 - 59 años),Bachiller,Otro,5,5,5,5,5,5,5,5,5,5,5,5,5,COMUNA 17,
11XjArl7gChPvlxKeA_0APY5pJLeRv53_mZqZUCjAcE8,-Satisfacción del Curso virtual - SELLO DE NO DISCRIMINACIÓN 1°C 2025 - (SELLO_012025),2025-10-06T23:10:19.828Z,,Masculino,Adultez (29 - 59 años),Pregrado,Área de la salud,5,5,5,5,5,5,5,5,5,5,5,5,5,C. DE PANCE,
11XjArl7gChPvlxKeA_0APY5pJLeRv53_mZqZUCjAcE8,-Satisfacción del Curso virtual - SELLO DE NO DISCRIMINACIÓN 1°C 2025 - (SELLO_012025),2025-09-30T04:28:30.896Z,,Femenino,Vejez (60 años o más),Pregrado,Área de la salud,5,5,5,5,5,5,5,5,5,5,5,5,5,COMUNA 19,
11XjArl7gChPvlxKeA_0APY5pJLeRv53_mZqZUCjAcE8,-Satisfacción del Curso virtual - SELLO DE NO DISCRIMINACIÓN 1°C 2025 - (SELLO_012025),2025-09-23T00:11:08.543Z,,Femenino,Adultez (29 - 59 años),Pregrado,Área de la salud,5,5,4,4,5,5,4,4,5,4,5,5,5,COMUNA 19,
11XjArl7gChPvlxKeA_0APY5pJLeRv53_mZqZUCjAcE8,-Satisfacción del Curso virtual - SELLO DE NO DISCRIMINACIÓN 1°C 2025 - (SELLO_012025),2025-08-21T17:46:36.306Z,,Femenino,Adultez (29 - 59 años),Postgrado,Otro,5,5,5,5,5,5,5,5,5,5,5,5,5,COMUNA 22,
11XjArl7gChPvlxKeA_0APY5pJLeRv53_mZqZUCjAcE8,-Satisfacción del Curso virtual - SELLO DE NO DISCRIMINACIÓN 1°C 2025 - (SELLO_012025),2025-09-23T23:20:29.667Z,,Femenino,Adultez (29 - 59 años),Pregrado,Otro,4,4,4,4,4,4,4,4,4,4,4,4,4,COMUNA 17,
11XjArl7gChPvlxKeA_0APY5pJLeRv53_mZqZUCjAcE8,-Satisfacción del Curso virtual - SELLO DE NO DISCRIMINACIÓN 1°C 2025 - (SELLO_012025),2025-09-25T16:25:21.601Z,,Femenino,Adultez (29 - 59 años),Postgrado,Área de la salud,5,5,5,5,4,4,5,5,5,5,5,5,5,COMUNA 22,
11XjArl7gChPvlxKeA_0APY5pJLeRv53_mZqZUCjAcE8,-Satisfacción del Curso virtual - SELLO DE NO DISCRIMINACIÓN 1°C 2025 - (SELLO_012025),2025-10-08T20:09:55.536Z,,Femenino,Adultez (29 - 59 años),Postgrado,Otro,5,5,5,5,5,5,5,5,5,5,5,5,5,C. DE PANCE,
11XjArl7gChPvlxKeA_0APY5pJLeRv53_mZqZUCjAcE8,-Satisfacción del Curso virtual - SELLO DE NO DISCRIMINACIÓN 1°C 2025 - (SELLO_012025),2025-09-24T19:30:40.647Z,,Femenino,Adultez (29 - 59 años),Postgrado,Área de la salud,5,5,5,5,5,5,5,5,5,5,5,5,5,COMUNA 19,
11XjArl7gChPvlxKeA_0APY5pJLeRv53_mZqZUCjAcE8,-Satisfacción del Curso virtual - SELLO DE NO DISCRIMINACIÓN 1°C 2025 - (SELLO_012025),2025-08-19T19:51:16.195Z,,Masculino,Adultez (29 - 59 años),Pregrado,Otro,5,5,5,5,5,5,5,5,5,5,5,5,5,COMUNA 15,
11XjArl7gChPvlxKeA_0APY5pJLeRv53_mZqZUCjAcE8,-Satisfacción del Curso virtual - SELLO DE NO DISCRIMINACIÓN 1°C 2025 - (SELLO_012025),2025-10-01T18:14:41.139Z,,Femenino,Adultez (29 - 59 años),Postgrado,Área de la salud,4,4,4,4,4,4,4,4,4,4,4,4,4,COMUNA 16,
11XjArl7gChPvlxKeA_0APY5pJLeRv53_mZqZUCjAcE8,-Satisfacción del Curso virtual - SELLO DE NO DISCRIMINACIÓN 1°C 2025 - (SELLO_012025),2026-06-24T19:54:54.968Z,,Femenino,Adultez (29 - 59 años),Pregrado,Área de la salud,5,5,5,5,5,5,5,5,5,5,5,5,5,COMUNA 17,
11XjArl7gChPvlxKeA_0APY5pJLeRv53_mZqZUCjAcE8,-Satisfacción del Curso virtual - SELLO DE NO DISCRIMINACIÓN 1°C 2025 - (SELLO_012025),2026-06-05T00:17:08.495Z,,Femenino,Adultez (29 - 59 años),Pregrado,Área de la salud,5,5,5,5,5,5,1,1,1,1,5,5,5,COMUNA 19,
11XjArl7gChPvlxKeA_0APY5pJLeRv53_mZqZUCjAcE8,-Satisfacción del Curso virtual - SELLO DE NO DISCRIMINACIÓN 1°C 2025 - (SELLO_012025),2025-09-24T19:34:13.098Z,,Femenino,Adultez (29 - 59 años),Pregrado,Área de la salud,4,5,5,5,4,5,5,5,4,4,4,4,5,COMUNA 4,
11XjArl7gChPvlxKeA_0APY5pJLeRv53_mZqZUCjAcE8,-Satisfacción del Curso virtual - SELLO DE NO DISCRIMINACIÓN 1°C 2025 - (SELLO_012025),2025-09-17T19:35:40.153Z,,Femenino,Adultez (29 - 59 años),Postgrado,Otro,5,5,5,5,5,5,5,5,5,5,5,5,5,COMUNA 17,
11XjArl7gChPvlxKeA_0APY5pJLeRv53_mZqZUCjAcE8,-Satisfacción del Curso virtual - SELLO DE NO DISCRIMINACIÓN 1°C 2025 - (SELLO_012025),2025-11-03T21:23:49.527Z,,Masculino,Adultez (29 - 59 años),Postgrado,Área de la salud,5,5,5,5,4,4,5,4,3,3,4,5,4,COMUNA 7,
11XjArl7gChPvlxKeA_0APY5pJLeRv53_mZqZUCjAcE8,-Satisfacción del Curso virtual - SELLO DE NO DISCRIMINACIÓN 1°C 2025 - (SELLO_012025),2026-02-11T21:28:52.061Z,,Masculino,Adultez (29 - 59 años),Postgrado,Otro,5,5,5,5,5,5,5,5,5,5,5,5,5,COMUNA 18,
11XjArl7gChPvlxKeA_0APY5pJLeRv53_mZqZUCjAcE8,-Satisfacción del Curso virtual - SELLO DE NO DISCRIMINACIÓN 1°C 2025 - (SELLO_012025),2025-09-24T01:15:04.218Z,,Femenino,Adultez (29 - 59 años),Pregrado,Área de la salud,4,4,4,4,4,4,4,4,4,4,4,4,4,COMUNA 10,
11XjArl7gChPvlxKeA_0APY5pJLeRv53_mZqZUCjAcE8,-Satisfacción del Curso virtual - SELLO DE NO DISCRIMINACIÓN 1°C 2025 - (SELLO_012025),2025-09-23T20:41:25.023Z,,Femenino,Adultez (29 - 59 años),Pregrado,Área de la salud,4,4,4,4,4,4,4,3,4,4,4,4,4,COMUNA 19,
11XjArl7gChPvlxKeA_0APY5pJLeRv53_mZqZUCjAcE8,-Satisfacción del Curso virtual - SELLO DE NO DISCRIMINACIÓN 1°C 2025 - (SELLO_012025),2025-10-21T19:45:01.555Z,,Masculino,Adultez (29 - 59 años),Pregrado,Otro,5,5,5,5,5,5,5,5,5,5,5,5,5,COMUNA 17,
11XjArl7gChPvlxKeA_0APY5pJLeRv53_mZqZUCjAcE8,-Satisfacción del Curso virtual - SELLO DE NO DISCRIMINACIÓN 1°C 2025 - (SELLO_012025),2025-09-23T22:27:42.783Z,,Masculino,Adultez (29 - 59 años),Pregrado,Otro,4,4,4,4,4,4,4,5,5,5,5,5,5,COMUNA 2,
11XjArl7gChPvlxKeA_0APY5pJLeRv53_mZqZUCjAcE8,-Satisfacción del Curso virtual - SELLO DE NO DISCRIMINACIÓN 1°C 2025 - (SELLO_012025),2025-09-24T02:50:10.167Z,,Femenino,Adultez (29 - 59 años),Pregrado,Área de la salud,5,5,5,5,4,5,4,5,5,4,5,4,5,COMUNA 17,
11XjArl7gChPvlxKeA_0APY5pJLeRv53_mZqZUCjAcE8,-Satisfacción del Curso virtual - SELLO DE NO DISCRIMINACIÓN 1°C 2025 - (SELLO_012025),2025-09-25T16:47:51.482Z,,Femenino,Adultez (29 - 59 años),Pregrado,Área de la salud,4,4,4,4,4,4,4,4,4,4,4,4,4,COMUNA 2,
11XjArl7gChPvlxKeA_0APY5pJLeRv53_mZqZUCjAcE8,-Satisfacción del Curso virtual - SELLO DE NO DISCRIMINACIÓN 1°C 2025 - (SELLO_012025),2025-08-20T21:47:00.452Z,,Masculino,Vejez (60 años o más),Postgrado,Área de la salud,5,5,5,5,4,5,5,5,5,3,5,5,5,C. DE EL HORMIGUERO,
11XjArl7gChPvlxKeA_0APY5pJLeRv53_mZqZUCjAcE8,-Satisfacción del Curso virtual - SELLO DE NO DISCRIMINACIÓN 1°C 2025 - (SELLO_012025),2025-11-26T17:15:16.782Z,,Femenino,Juventud (18 - 28 años),Postgrado,Estudiante,5,5,5,5,5,5,5,5,5,5,5,5,5,COMUNA 3,
11XjArl7gChPvlxKeA_0APY5pJLeRv53_mZqZUCjAcE8,-Satisfacción del Curso virtual - SELLO DE NO DISCRIMINACIÓN 1°C 2025 - (SELLO_012025),2025-09-25T21:30:34.211Z,,Masculino,Adultez (29 - 59 años),Pregrado,Área de la salud,5,5,5,5,5,5,5,5,5,5,5,5,5,COMUNA 22,
11XjArl7gChPvlxKeA_0APY5pJLeRv53_mZqZUCjAcE8,-Satisfacción del Curso virtual - SELLO DE NO DISCRIMINACIÓN 1°C 2025 - (SELLO_012025),2026-03-05T21:16:15.080Z,,Masculino,Adultez (29 - 59 años),Pregrado,Área de la salud,5,5,5,5,5,5,5,5,5,5,5,5,5,COMUNA 10,
11XjArl7gChPvlxKeA_0APY5pJLeRv53_mZqZUCjAcE8,-Satisfacción del Curso virtual - SELLO DE NO DISCRIMINACIÓN 1°C 2025 - (SELLO_012025),2025-10-08T00:29:12.062Z,,Femenino,Juventud (18 - 28 años),Pregrado,Área de la salud,4,4,2,3,4,5,5,5,5,5,5,5,5,COMUNA 5,
11XjArl7gChPvlxKeA_0APY5pJLeRv53_mZqZUCjAcE8,-Satisfacción del Curso virtual - SELLO DE NO DISCRIMINACIÓN 1°C 2025 - (SELLO_012025),2025-09-24T19:13:00.069Z,,Femenino,Adultez (29 - 59 años),Bachiller,Otro,4,4,4,4,4,4,4,4,4,4,4,4,4,COMUNA 2,
11XjArl7gChPvlxKeA_0APY5pJLeRv53_mZqZUCjAcE8,-Satisfacción del Curso virtual - SELLO DE NO DISCRIMINACIÓN 1°C 2025 - (SELLO_012025),2025-09-25T16:03:18.979Z,,Femenino,Adultez (29 - 59 años),Postgrado,Otro,4,4,4,4,4,4,4,4,4,4,4,4,4,COMUNA 22,
11XjArl7gChPvlxKeA_0APY5pJLeRv53_mZqZUCjAcE8,-Satisfacción del Curso virtual - SELLO DE NO DISCRIMINACIÓN 1°C 2025 - (SELLO_012025),2025-09-01T22:08:12.411Z,,Femenino,Adultez (29 - 59 años),Postgrado,Área de la salud,5,5,5,5,5,5,5,5,5,5,5,5,5,COMUNA 19,
11XjArl7gChPvlxKeA_0APY5pJLeRv53_mZqZUCjAcE8,-Satisfacción del Curso virtual - SELLO DE NO DISCRIMINACIÓN 1°C 2025 - (SELLO_012025),2025-10-08T00:26:26.591Z,,Masculino,Juventud (18 - 28 años),Postgrado,Área de la salud,4,4,4,4,4,4,2,1,4,5,4,2,3,COMUNA 6,
11XjArl7gChPvlxKeA_0APY5pJLeRv53_mZqZUCjAcE8,-Satisfacción del Curso virtual - SELLO DE NO DISCRIMINACIÓN 1°C 2025 - (SELLO_012025),2025-09-28T23:44:57.410Z,,Femenino,Adultez (29 - 59 años),Bachiller,Área de la salud,5,5,4,4,5,5,4,4,5,4,5,5,5,COMUNA 15,
11XjArl7gChPvlxKeA_0APY5pJLeRv53_mZqZUCjAcE8,-Satisfacción del Curso virtual - SELLO DE NO DISCRIMINACIÓN 1°C 2025 - (SELLO_012025),2025-09-26T05:20:08.898Z,,Masculino,Juventud (18 - 28 años),Pregrado,Área de la salud,5,5,5,4,5,5,5,5,5,5,5,5,5,COMUNA 6,
11XjArl7gChPvlxKeA_0APY5pJLeRv53_mZqZUCjAcE8,-Satisfacción del Curso virtual - SELLO DE NO DISCRIMINACIÓN 1°C 2025 - (SELLO_012025),2025-09-26T01:00:46.602Z,,Masculino,Adultez (29 - 59 años),Postgrado,Área de la salud,5,5,5,5,5,5,5,5,5,5,5,5,5,COMUNA 18,
11XjArl7gChPvlxKeA_0APY5pJLeRv53_mZqZUCjAcE8,-Satisfacción del Curso virtual - SELLO DE NO DISCRIMINACIÓN 1°C 2025 - (SELLO_012025),2025-09-25T05:48:35.403Z,,Femenino,Adultez (29 - 59 años),Pregrado,Área de la salud,1,1,1,1,1,1,1,1,1,1,1,1,1,COMUNA 17,
11XjArl7gChPvlxKeA_0APY5pJLeRv53_mZqZUCjAcE8,-Satisfacción del Curso virtual - SELLO DE NO DISCRIMINACIÓN 1°C 2025 - (SELLO_012025),2025-10-06T01:59:45.284Z,,Masculino,Juventud (18 - 28 años),Bachiller,Otro,5,5,5,5,5,5,5,5,5,5,5,5,5,COMUNA 6,
11XjArl7gChPvlxKeA_0APY5pJLeRv53_mZqZUCjAcE8,-Satisfacción del Curso virtual - SELLO DE NO DISCRIMINACIÓN 1°C 2025 - (SELLO_012025),2025-09-25T15:46:28.013Z,,Masculino,Adultez (29 - 59 años),Postgrado,Área de la salud,5,5,5,4,5,5,4,5,5,5,5,5,5,COMUNA 4,
11XjArl7gChPvlxKeA_0APY5pJLeRv53_mZqZUCjAcE8,-Satisfacción del Curso virtual - SELLO DE NO DISCRIMINACIÓN 1°C 2025 - (SELLO_012025),2025-10-01T20:29:11.956Z,,Femenino,Adultez (29 - 59 años),Pregrado,Área de la salud,5,5,5,5,5,5,5,5,5,5,5,5,5,COMUNA 10,
11XjArl7gChPvlxKeA_0APY5pJLeRv53_mZqZUCjAcE8,-Satisfacción del Curso virtual - SELLO DE NO DISCRIMINACIÓN 1°C 2025 - (SELLO_012025),2026-05-11T20:33:11.710Z,,Femenino,Adultez (29 - 59 años),Postgrado,Otro,5,5,5,5,5,5,5,5,5,5,5,5,5,COMUNA 22,
11XjArl7gChPvlxKeA_0APY5pJLeRv53_mZqZUCjAcE8,-Satisfacción del Curso virtual - SELLO DE NO DISCRIMINACIÓN 1°C 2025 - (SELLO_012025),2025-09-24T15:46:01.366Z,,Masculino,Juventud (18 - 28 años),Bachiller,Otro,5,5,5,5,5,5,5,5,5,5,5,5,5,COMUNA 19,
11XjArl7gChPvlxKeA_0APY5pJLeRv53_mZqZUCjAcE8,-Satisfacción del Curso virtual - SELLO DE NO DISCRIMINACIÓN 1°C 2025 - (SELLO_012025),2025-09-24T03:24:12.195Z,,Femenino,Adultez (29 - 59 años),Pregrado,Área de la salud,5,5,5,5,5,5,5,5,5,5,5,5,5,COMUNA 1,
11XjArl7gChPvlxKeA_0APY5pJLeRv53_mZqZUCjAcE8,-Satisfacción del Curso virtual - SELLO DE NO DISCRIMINACIÓN 1°C 2025 - (SELLO_012025),2025-09-23T18:58:30.222Z,,Femenino,Adultez (29 - 59 años),Postgrado,Otro,5,5,5,5,5,5,5,5,5,5,5,5,5,COMUNA 2,
11XjArl7gChPvlxKeA_0APY5pJLeRv53_mZqZUCjAcE8,-Satisfacción del Curso virtual - SELLO DE NO DISCRIMINACIÓN 1°C 2025 - (SELLO_012025),2025-09-24T01:41:12.003Z,,Masculino,Adultez (29 - 59 años),Postgrado,Área de la salud,5,5,5,5,5,5,5,5,5,5,5,5,5,COMUNA 2,
11XjArl7gChPvlxKeA_0APY5pJLeRv53_mZqZUCjAcE8,-Satisfacción del Curso virtual - SELLO DE NO DISCRIMINACIÓN 1°C 2025 - (SELLO_012025),2025-10-07T17:26:18.693Z,,Masculino,Adultez (29 - 59 años),Bachiller,Área de la salud,5,5,5,5,5,5,5,5,5,5,5,5,5,COMUNA 11,
11XjArl7gChPvlxKeA_0APY5pJLeRv53_mZqZUCjAcE8,-Satisfacción del Curso virtual - SELLO DE NO DISCRIMINACIÓN 1°C 2025 - (SELLO_012025),2026-06-22T15:58:03.411Z,,Masculino,Adultez (29 - 59 años),Pregrado,Área de la salud,4,4,4,4,4,4,4,3,3,3,5,5,4,COMUNA 6,
11XjArl7gChPvlxKeA_0APY5pJLeRv53_mZqZUCjAcE8,-Satisfacción del Curso virtual - SELLO DE NO DISCRIMINACIÓN 1°C 2025 - (SELLO_012025),2025-09-23T19:38:31.593Z,,Femenino,Adultez (29 - 59 años),Pregrado,Área de la salud,4,4,4,4,4,4,4,4,4,4,4,4,4,COMUNA 7,
11XjArl7gChPvlxKeA_0APY5pJLeRv53_mZqZUCjAcE8,-Satisfacción del Curso virtual - SELLO DE NO DISCRIMINACIÓN 1°C 2025 - (SELLO_012025),2025-09-29T17:00:09.717Z,,Femenino,Adultez (29 - 59 años),Pregrado,Otro,3,3,3,4,3,3,4,4,4,4,4,4,3,COMUNA 8,
11XjArl7gChPvlxKeA_0APY5pJLeRv53_mZqZUCjAcE8,-Satisfacción del Curso virtual - SELLO DE NO DISCRIMINACIÓN 1°C 2025 - (SELLO_012025),2025-11-28T22:15:46.586Z,,Femenino,Juventud (18 - 28 años),Pregrado,Área de la salud,5,5,5,5,5,5,5,5,5,4,5,5,5,COMUNA 2,
11XjArl7gChPvlxKeA_0APY5pJLeRv53_mZqZUCjAcE8,-Satisfacción del Curso virtual - SELLO DE NO DISCRIMINACIÓN 1°C 2025 - (SELLO_012025),2025-09-24T16:25:46.286Z,,Masculino,Adultez (29 - 59 años),Postgrado,Área de la salud,5,5,5,5,5,5,5,5,5,5,5,5,5,COMUNA 19,
11XjArl7gChPvlxKeA_0APY5pJLeRv53_mZqZUCjAcE8,-Satisfacción del Curso virtual - SELLO DE NO DISCRIMINACIÓN 1°C 2025 - (SELLO_012025),2025-10-23T01:43:29.303Z,,Masculino,Adultez (29 - 59 años),Postgrado,Área de la salud,5,5,5,5,5,5,5,5,5,5,5,5,5,COMUNA 16,
11XjArl7gChPvlxKeA_0APY5pJLeRv53_mZqZUCjAcE8,-Satisfacción del Curso virtual - SELLO DE NO DISCRIMINACIÓN 1°C 2025 - (SELLO_012025),2025-09-24T16:31:49.866Z,,Femenino,Adultez (29 - 59 años),Postgrado,Otro,5,5,5,5,5,5,5,5,5,5,5,5,5,COMUNA 22,
11XjArl7gChPvlxKeA_0APY5pJLeRv53_mZqZUCjAcE8,-Satisfacción del Curso virtual - SELLO DE NO DISCRIMINACIÓN 1°C 2025 - (SELLO_012025),2025-09-23T22:47:44.832Z,,Femenino,Adultez (29 - 59 años),Bachiller,Área de la salud,4,4,4,4,4,4,5,4,4,3,4,4,4,COMUNA 12,
11XjArl7gChPvlxKeA_0APY5pJLeRv53_mZqZUCjAcE8,-Satisfacción del Curso virtual - SELLO DE NO DISCRIMINACIÓN 1°C 2025 - (SELLO_012025),2025-10-01T00:17:52.490Z,,Femenino,Vejez (60 años o más),Pregrado,Área de la salud,5,5,5,5,5,5,5,5,5,5,5,5,5,COMUNA 15,
11XjArl7gChPvlxKeA_0APY5pJLeRv53_mZqZUCjAcE8,-Satisfacción del Curso virtual - SELLO DE NO DISCRIMINACIÓN 1°C 2025 - (SELLO_012025),2025-09-28T23:19:59.329Z,,Femenino,Adultez (29 - 59 años),Postgrado,Área de la salud,4,4,5,4,5,5,4,5,5,4,5,4,5,COMUNA 4,
11XjArl7gChPvlxKeA_0APY5pJLeRv53_mZqZUCjAcE8,-Satisfacción del Curso virtual - SELLO DE NO DISCRIMINACIÓN 1°C 2025 - (SELLO_012025),2025-09-24T16:02:33.035Z,,Femenino,Adultez (29 - 59 años),Pregrado,Área de la salud,4,4,5,4,5,4,5,5,5,4,4,4,4,COMUNA 2,
11XjArl7gChPvlxKeA_0APY5pJLeRv53_mZqZUCjAcE8,-Satisfacción del Curso virtual - SELLO DE NO DISCRIMINACIÓN 1°C 2025 - (SELLO_012025),2026-01-25T03:46:46.506Z,,Femenino,Adultez (29 - 59 años),Postgrado,Área de la salud,4,4,4,4,4,4,4,4,4,4,4,4,4,COMUNA 19,
11XjArl7gChPvlxKeA_0APY5pJLeRv53_mZqZUCjAcE8,-Satisfacción del Curso virtual - SELLO DE NO DISCRIMINACIÓN 1°C 2025 - (SELLO_012025),2025-10-30T04:39:32.982Z,,Femenino,Juventud (18 - 28 años),Postgrado,Área de la salud,5,5,5,5,5,5,5,5,5,5,5,5,5,COMUNA 19,
11XjArl7gChPvlxKeA_0APY5pJLeRv53_mZqZUCjAcE8,-Satisfacción del Curso virtual - SELLO DE NO DISCRIMINACIÓN 1°C 2025 - (SELLO_012025),2025-11-16T21:51:38.581Z,,Femenino,Adultez (29 - 59 años),Postgrado,Área de la salud,5,5,5,5,5,5,5,5,5,5,5,5,5,COMUNA 10,
11XjArl7gChPvlxKeA_0APY5pJLeRv53_mZqZUCjAcE8,-Satisfacción del Curso virtual - SELLO DE NO DISCRIMINACIÓN 1°C 2025 - (SELLO_012025),2026-05-01T00:52:28.922Z,,Femenino,Adultez (29 - 59 años),Postgrado,Área de la salud,5,5,5,5,5,5,4,4,1,1,4,4,4,COMUNA 19,
11XjArl7gChPvlxKeA_0APY5pJLeRv53_mZqZUCjAcE8,-Satisfacción del Curso virtual - SELLO DE NO DISCRIMINACIÓN 1°C 2025 - (SELLO_012025),2026-04-20T23:36:16.897Z,,Femenino,Adultez (29 - 59 años),Postgrado,Área de la salud,5,5,5,5,5,5,5,5,5,5,5,5,5,COMUNA 5,
11XjArl7gChPvlxKeA_0APY5pJLeRv53_mZqZUCjAcE8,-Satisfacción del Curso virtual - SELLO DE NO DISCRIMINACIÓN 1°C 2025 - (SELLO_012025),2025-09-24T19:05:42.177Z,,Masculino,Adultez (29 - 59 años),Pregrado,Área de la salud,5,5,5,5,5,5,5,5,5,5,5,5,5,COMUNA 10,
11XjArl7gChPvlxKeA_0APY5pJLeRv53_mZqZUCjAcE8,-Satisfacción del Curso virtual - SELLO DE NO DISCRIMINACIÓN 1°C 2025 - (SELLO_012025),2025-09-24T21:09:08.581Z,,Masculino,Adultez (29 - 59 años),Postgrado,Área de la salud,5,5,5,5,5,5,5,5,5,5,5,5,5,COMUNA 10,
11XjArl7gChPvlxKeA_0APY5pJLeRv53_mZqZUCjAcE8,-Satisfacción del Curso virtual - SELLO DE NO DISCRIMINACIÓN 1°C 2025 - (SELLO_012025),2025-09-20T01:48:16.112Z,,Femenino,Adultez (29 - 59 años),Bachiller,Área de la salud,5,5,5,5,5,5,5,5,5,5,5,5,5,COMUNA 5,
11XjArl7gChPvlxKeA_0APY5pJLeRv53_mZqZUCjAcE8,-Satisfacción del Curso virtual - SELLO DE NO DISCRIMINACIÓN 1°C 2025 - (SELLO_012025),2025-09-30T01:18:39.394Z,,Femenino,Adultez (29 - 59 años),Bachiller,Otro,5,5,5,5,5,5,5,5,5,5,5,5,5,COMUNA 13,
11XjArl7gChPvlxKeA_0APY5pJLeRv53_mZqZUCjAcE8,-Satisfacción del Curso virtual - SELLO DE NO DISCRIMINACIÓN 1°C 2025 - (SELLO_012025),2025-09-16T15:50:02.052Z,,Femenino,Adultez (29 - 59 años),Postgrado,Área de la salud,5,5,5,5,5,5,5,5,5,5,5,5,5,COMUNA 19,
11XjArl7gChPvlxKeA_0APY5pJLeRv53_mZqZUCjAcE8,-Satisfacción del Curso virtual - SELLO DE NO DISCRIMINACIÓN 1°C 2025 - (SELLO_012025),2025-09-03T21:54:32.579Z,,Femenino,Adultez (29 - 59 años),Postgrado,Otro,4,4,3,4,4,3,4,4,4,3,5,5,4,COMUNA 18,
11XjArl7gChPvlxKeA_0APY5pJLeRv53_mZqZUCjAcE8,-Satisfacción del Curso virtual - SELLO DE NO DISCRIMINACIÓN 1°C 2025 - (SELLO_012025),2025-09-26T05:39:57.203Z,,Femenino,Adultez (29 - 59 años),Postgrado,Área de la salud,5,5,5,5,5,5,4,4,5,3,5,5,5,COMUNA 6,
11XjArl7gChPvlxKeA_0APY5pJLeRv53_mZqZUCjAcE8,-Satisfacción del Curso virtual - SELLO DE NO DISCRIMINACIÓN 1°C 2025 - (SELLO_012025),2025-09-30T21:25:14.360Z,,Femenino,Vejez (60 años o más),Postgrado,Área de la salud,5,5,5,5,5,5,5,5,5,5,5,5,5,COMUNA 12,
11XjArl7gChPvlxKeA_0APY5pJLeRv53_mZqZUCjAcE8,-Satisfacción del Curso virtual - SELLO DE NO DISCRIMINACIÓN 1°C 2025 - (SELLO_012025),2025-09-22T21:38:29.916Z,,Femenino,Adultez (29 - 59 años),Postgrado,Otro,5,5,5,5,5,5,5,5,5,5,5,5,5,COMUNA 17,
11XjArl7gChPvlxKeA_0APY5pJLeRv53_mZqZUCjAcE8,-Satisfacción del Curso virtual - SELLO DE NO DISCRIMINACIÓN 1°C 2025 - (SELLO_012025),2025-10-06T03:00:58.468Z,,Femenino,Adultez (29 - 59 años),Postgrado,Otro,5,5,5,5,5,5,5,5,5,5,5,5,5,COMUNA 8,
11XjArl7gChPvlxKeA_0APY5pJLeRv53_mZqZUCjAcE8,-Satisfacción del Curso virtual - SELLO DE NO DISCRIMINACIÓN 1°C 2025 - (SELLO_012025),2025-08-20T18:40:28.971Z,,Femenino,Adultez (29 - 59 años),Bachiller,Otro,5,5,5,5,5,5,5,5,5,5,5,5,5,COMUNA 12,
11XjArl7gChPvlxKeA_0APY5pJLeRv53_mZqZUCjAcE8,-Satisfacción del Curso virtual - SELLO DE NO DISCRIMINACIÓN 1°C 2025 - (SELLO_012025),2025-10-07T03:35:00.629Z,,Masculino,Adultez (29 - 59 años),Postgrado,Área de la salud,4,4,5,4,5,4,5,4,4,4,4,4,4,COMUNA 8,
11XjArl7gChPvlxKeA_0APY5pJLeRv53_mZqZUCjAcE8,-Satisfacción del Curso virtual - SELLO DE NO DISCRIMINACIÓN 1°C 2025 - (SELLO_012025),2025-09-13T04:22:34.810Z,,Femenino,Adultez (29 - 59 años),Pregrado,Área de la salud,4,4,4,4,4,4,4,4,4,4,4,3,4,COMUNA 8,
11XjArl7gChPvlxKeA_0APY5pJLeRv53_mZqZUCjAcE8,-Satisfacción del Curso virtual - SELLO DE NO DISCRIMINACIÓN 1°C 2025 - (SELLO_012025),2025-09-29T17:55:01.649Z,,Femenino,Adultez (29 - 59 años),Pregrado,Otro,5,5,5,5,5,4,5,4,4,4,5,5,5,COMUNA 19,
11XjArl7gChPvlxKeA_0APY5pJLeRv53_mZqZUCjAcE8,-Satisfacción del Curso virtual - SELLO DE NO DISCRIMINACIÓN 1°C 2025 - (SELLO_012025),2025-09-12T16:32:14.638Z,,Masculino,Adultez (29 - 59 años),Postgrado,Área de la salud,5,5,5,5,5,5,5,5,5,5,5,5,5,COMUNA 10,
11XjArl7gChPvlxKeA_0APY5pJLeRv53_mZqZUCjAcE8,-Satisfacción del Curso virtual - SELLO DE NO DISCRIMINACIÓN 1°C 2025 - (SELLO_012025),2025-09-26T15:23:29.039Z,,Femenino,Juventud (18 - 28 años),Pregrado,Área de la salud,5,5,5,5,5,5,5,5,5,5,5,5,5,COMUNA 12,
11XjArl7gChPvlxKeA_0APY5pJLeRv53_mZqZUCjAcE8,-Satisfacción del Curso virtual - SELLO DE NO DISCRIMINACIÓN 1°C 2025 - (SELLO_012025),2025-10-09T18:36:27.757Z,,Masculino,Adultez (29 - 59 años),Pregrado,Área de la salud,5,5,5,5,5,5,5,5,5,5,5,5,5,COMUNA 17,
11XjArl7gChPvlxKeA_0APY5pJLeRv53_mZqZUCjAcE8,-Satisfacción del Curso virtual - SELLO DE NO DISCRIMINACIÓN 1°C 2025 - (SELLO_012025),2025-09-24T17:12:19.732Z,,Masculino,Adultez (29 - 59 años),Postgrado,Área de la salud,5,5,5,5,5,5,5,5,5,5,5,5,5,COMUNA 16,
11XjArl7gChPvlxKeA_0APY5pJLeRv53_mZqZUCjAcE8,-Satisfacción del Curso virtual - SELLO DE NO DISCRIMINACIÓN 1°C 2025 - (SELLO_012025),2025-10-04T20:04:22Z,,Femenino,Adultez (29 - 59 años),Postgrado,Área de la salud,4,5,5,5,5,5,5,5,5,5,4,5,5,COMUNA 22,
11XjArl7gChPvlxKeA_0APY5pJLeRv53_mZqZUCjAcE8,-Satisfacción del Curso virtual - SELLO DE NO DISCRIMINACIÓN 1°C 2025 - (SELLO_012025),2025-09-25T17:26:08.968Z,,Masculino,Vejez (60 años o más),Pregrado,Otro,5,5,5,5,5,5,5,5,5,5,5,5,5,COMUNA 10,
11XjArl7gChPvlxKeA_0APY5pJLeRv53_mZqZUCjAcE8,-Satisfacción del Curso virtual - SELLO DE NO DISCRIMINACIÓN 1°C 2025 - (SELLO_012025),2025-09-26T01:39:32.720Z,,Masculino,Vejez (60 años o más),Bachiller,Otro,4,4,4,4,4,4,4,4,5,4,5,4,4,COMUNA 3,
11XjArl7gChPvlxKeA_0APY5pJLeRv53_mZqZUCjAcE8,-Satisfacción del Curso virtual - SELLO DE NO DISCRIMINACIÓN 1°C 2025 - (SELLO_012025),2025-09-25T19:08:43.016Z,,Femenino,Vejez (60 años o más),Postgrado,Área de la salud,4,5,5,4,5,4,4,4,4,4,4,4,4,COMUNA 10,
11XjArl7gChPvlxKeA_0APY5pJLeRv53_mZqZUCjAcE8,-Satisfacción del Curso virtual - SELLO DE NO DISCRIMINACIÓN 1°C 2025 - (SELLO_012025),2025-09-16T16:01:02.295Z,,Femenino,Juventud (18 - 28 años),Pregrado,Área de la salud,5,5,5,5,5,5,5,5,5,5,5,5,5,COMUNA 17,
11XjArl7gChPvlxKeA_0APY5pJLeRv53_mZqZUCjAcE8,-Satisfacción del Curso virtual - SELLO DE NO DISCRIMINACIÓN 1°C 2025 - (SELLO_012025),2025-10-07T02:38:12.640Z,,Masculino,Adultez (29 - 59 años),Postgrado,Área de la salud,5,5,5,5,5,5,5,5,5,5,5,5,5,COMUNA 2,
11XjArl7gChPvlxKeA_0APY5pJLeRv53_mZqZUCjAcE8,-Satisfacción del Curso virtual - SELLO DE NO DISCRIMINACIÓN 1°C 2025 - (SELLO_012025),2025-10-09T19:51:37.239Z,,Masculino,Adultez (29 - 59 años),Pregrado,Otro,5,5,5,5,5,5,5,5,5,5,5,5,5,COMUNA 17,
11XjArl7gChPvlxKeA_0APY5pJLeRv53_mZqZUCjAcE8,-Satisfacción del Curso virtual - SELLO DE NO DISCRIMINACIÓN 1°C 2025 - (SELLO_012025),2026-06-03T23:52:49.018Z,,Masculino,Adultez (29 - 59 años),Pregrado,Área de la salud,5,5,5,5,5,5,5,5,5,5,5,5,5,COMUNA 22,
11XjArl7gChPvlxKeA_0APY5pJLeRv53_mZqZUCjAcE8,-Satisfacción del Curso virtual - SELLO DE NO DISCRIMINACIÓN 1°C 2025 - (SELLO_012025),2025-10-02T00:58:33.576Z,,Femenino,Adultez (29 - 59 años),Postgrado,Otro,4,4,4,5,4,4,4,4,4,4,4,4,4,COMUNA 10,
11XjArl7gChPvlxKeA_0APY5pJLeRv53_mZqZUCjAcE8,-Satisfacción del Curso virtual - SELLO DE NO DISCRIMINACIÓN 1°C 2025 - (SELLO_012025),2026-02-06T14:03:33.746Z,,Masculino,Juventud (18 - 28 años),Pregrado,Área de la salud,5,5,5,5,5,5,5,5,5,5,5,5,5,COMUNA 4,
11XjArl7gChPvlxKeA_0APY5pJLeRv53_mZqZUCjAcE8,-Satisfacción del Curso virtual - SELLO DE NO DISCRIMINACIÓN 1°C 2025 - (SELLO_012025),2025-09-25T01:32:33.903Z,,Femenino,Adultez (29 - 59 años),Bachiller,Área de la salud,4,3,4,3,4,4,3,4,3,3,3,3,3,COMUNA 15,
11XjArl7gChPvlxKeA_0APY5pJLeRv53_mZqZUCjAcE8,-Satisfacción del Curso virtual - SELLO DE NO DISCRIMINACIÓN 1°C 2025 - (SELLO_012025),2025-09-29T21:42:12.862Z,,Femenino,Adultez (29 - 59 años),Postgrado,Otro,4,4,5,4,5,5,4,4,5,5,5,4,4,COMUNA 10,
11XjArl7gChPvlxKeA_0APY5pJLeRv53_mZqZUCjAcE8,-Satisfacción del Curso virtual - SELLO DE NO DISCRIMINACIÓN 1°C 2025 - (SELLO_012025),2025-09-28T15:50:44.974Z,,Femenino,Adultez (29 - 59 años),Pregrado,Área de la salud,5,5,5,5,5,5,5,5,5,5,5,5,5,COMUNA 18,
11XjArl7gChPvlxKeA_0APY5pJLeRv53_mZqZUCjAcE8,-Satisfacción del Curso virtual - SELLO DE NO DISCRIMINACIÓN 1°C 2025 - (SELLO_012025),2025-09-03T23:10:08.965Z,,Femenino,Vejez (60 años o más),Postgrado,Área de la salud,5,5,5,5,5,5,5,5,5,5,5,5,5,COMUNA 17,
11XjArl7gChPvlxKeA_0APY5pJLeRv53_mZqZUCjAcE8,-Satisfacción del Curso virtual - SELLO DE NO DISCRIMINACIÓN 1°C 2025 - (SELLO_012025),2025-09-25T15:22:35.761Z,,Femenino,Adultez (29 - 59 años),Bachiller,Otro,4,4,4,4,5,5,4,4,4,4,4,4,5,C. DE EL HORMIGUERO,
11XjArl7gChPvlxKeA_0APY5pJLeRv53_mZqZUCjAcE8,-Satisfacción del Curso virtual - SELLO DE NO DISCRIMINACIÓN 1°C 2025 - (SELLO_012025),2025-09-24T18:18:10.680Z,,Masculino,Adultez (29 - 59 años),Pregrado,Área de la salud,4,4,5,5,5,4,5,5,5,4,4,4,5,COMUNA 12,
11XjArl7gChPvlxKeA_0APY5pJLeRv53_mZqZUCjAcE8,-Satisfacción del Curso virtual - SELLO DE NO DISCRIMINACIÓN 1°C 2025 - (SELLO_012025),2025-11-24T18:43:51.123Z,,Femenino,Adultez (29 - 59 años),Postgrado,Área de la salud,5,5,5,5,5,5,5,5,5,5,5,5,5,COMUNA 10,
11XjArl7gChPvlxKeA_0APY5pJLeRv53_mZqZUCjAcE8,-Satisfacción del Curso virtual - SELLO DE NO DISCRIMINACIÓN 1°C 2025 - (SELLO_012025),2025-08-23T15:08:09.089Z,,Masculino,Adultez (29 - 59 años),Postgrado,Área de la salud,5,5,5,5,5,5,5,5,5,5,5,5,5,COMUNA 16,
11XjArl7gChPvlxKeA_0APY5pJLeRv53_mZqZUCjAcE8,-Satisfacción del Curso virtual - SELLO DE NO DISCRIMINACIÓN 1°C 2025 - (SELLO_012025),2025-09-20T01:47:28.490Z,,Femenino,Adultez (29 - 59 años),Postgrado,Área de la salud,5,5,5,5,5,5,5,5,5,5,5,5,5,COMUNA 17,
11XjArl7gChPvlxKeA_0APY5pJLeRv53_mZqZUCjAcE8,-Satisfacción del Curso virtual - SELLO DE NO DISCRIMINACIÓN 1°C 2025 - (SELLO_012025),2025-09-24T05:08:24.853Z,,Masculino,Juventud (18 - 28 años),Pregrado,Área de la salud,4,4,4,4,4,4,4,4,4,3,3,3,3,COMUNA 17,
11XjArl7gChPvlxKeA_0APY5pJLeRv53_mZqZUCjAcE8,-Satisfacción del Curso virtual - SELLO DE NO DISCRIMINACIÓN 1°C 2025 - (SELLO_012025),2025-08-23T01:43:02.188Z,,Femenino,Adultez (29 - 59 años),Postgrado,Área de la salud,4,4,3,5,5,4,4,4,4,1,4,4,4,COMUNA 22,
11XjArl7gChPvlxKeA_0APY5pJLeRv53_mZqZUCjAcE8,-Satisfacción del Curso virtual - SELLO DE NO DISCRIMINACIÓN 1°C 2025 - (SELLO_012025),2025-09-23T21:19:44.577Z,,Femenino,Juventud (18 - 28 años),Postgrado,Área de la salud,5,5,5,5,5,5,5,5,5,5,5,5,5,COMUNA 18,
11XjArl7gChPvlxKeA_0APY5pJLeRv53_mZqZUCjAcE8,-Satisfacción del Curso virtual - SELLO DE NO DISCRIMINACIÓN 1°C 2025 - (SELLO_012025),2025-09-25T20:03:31.814Z,,Femenino,Adultez (29 - 59 años),Bachiller,Área de la salud,5,5,5,5,5,5,5,5,4,4,5,5,4,COMUNA 13,
11XjArl7gChPvlxKeA_0APY5pJLeRv53_mZqZUCjAcE8,-Satisfacción del Curso virtual - SELLO DE NO DISCRIMINACIÓN 1°C 2025 - (SELLO_012025),2025-08-29T20:41:05.067Z,,Femenino,Adultez (29 - 59 años),Postgrado,Otro,5,5,5,5,5,5,5,5,5,5,5,5,5,COMUNA 17,
11XjArl7gChPvlxKeA_0APY5pJLeRv53_mZqZUCjAcE8,-Satisfacción del Curso virtual - SELLO DE NO DISCRIMINACIÓN 1°C 2025 - (SELLO_012025),2025-09-19T20:36:14.556Z,,Femenino,Adultez (29 - 59 años),Pregrado,Área de la salud,4,4,2,4,4,4,3,3,3,3,3,4,3,COMUNA 10,
11XjArl7gChPvlxKeA_0APY5pJLeRv53_mZqZUCjAcE8,-Satisfacción del Curso virtual - SELLO DE NO DISCRIMINACIÓN 1°C 2025 - (SELLO_012025),2025-09-30T16:23:13.971Z,,Femenino,Adultez (29 - 59 años),Bachiller,Otro,5,5,5,5,5,5,5,5,5,5,5,5,5,COMUNA 5,
11XjArl7gChPvlxKeA_0APY5pJLeRv53_mZqZUCjAcE8,-Satisfacción del Curso virtual - SELLO DE NO DISCRIMINACIÓN 1°C 2025 - (SELLO_012025),2025-10-07T23:27:08.181Z,,Femenino,Adultez (29 - 59 años),Postgrado,Área de la salud,5,5,5,5,5,5,5,5,5,5,5,5,5,C. DE LA BUITRERA,
11XjArl7gChPvlxKeA_0APY5pJLeRv53_mZqZUCjAcE8,-Satisfacción del Curso virtual - SELLO DE NO DISCRIMINACIÓN 1°C 2025 - (SELLO_012025),2025-10-08T02:19:27.663Z,,Masculino,Adultez (29 - 59 años),Pregrado,Área de la salud,3,3,3,3,3,3,3,3,3,3,3,3,3,COMUNA 2,
11XjArl7gChPvlxKeA_0APY5pJLeRv53_mZqZUCjAcE8,-Satisfacción del Curso virtual - SELLO DE NO DISCRIMINACIÓN 1°C 2025 - (SELLO_012025),2025-09-24T16:05:28.793Z,,Femenino,Adultez (29 - 59 años),Postgrado,Otro,5,5,5,5,5,5,5,5,5,5,5,5,5,COMUNA 19,
11XjArl7gChPvlxKeA_0APY5pJLeRv53_mZqZUCjAcE8,-Satisfacción del Curso virtual - SELLO DE NO DISCRIMINACIÓN 1°C 2025 - (SELLO_012025),2026-05-26T15:56:34.509Z,,Femenino,Adultez (29 - 59 años),Pregrado,Área de la salud,5,5,5,5,5,5,5,5,5,5,5,5,5,COMUNA 17,
11XjArl7gChPvlxKeA_0APY5pJLeRv53_mZqZUCjAcE8,-Satisfacción del Curso virtual - SELLO DE NO DISCRIMINACIÓN 1°C 2025 - (SELLO_012025),2025-09-19T23:55:24.706Z,,Femenino,Adultez (29 - 59 años),Postgrado,Área de la salud,5,5,5,5,5,5,5,5,3,2,4,5,4,COMUNA 2,
11XjArl7gChPvlxKeA_0APY5pJLeRv53_mZqZUCjAcE8,-Satisfacción del Curso virtual - SELLO DE NO DISCRIMINACIÓN 1°C 2025 - (SELLO_012025),2025-09-28T03:44:30.205Z,,Femenino,Adultez (29 - 59 años),Postgrado,Área de la salud,5,5,5,5,5,5,5,5,4,4,5,4,5,COMUNA 20,
11XjArl7gChPvlxKeA_0APY5pJLeRv53_mZqZUCjAcE8,-Satisfacción del Curso virtual - SELLO DE NO DISCRIMINACIÓN 1°C 2025 - (SELLO_012025),2025-10-03T22:07:11.757Z,,Femenino,Adultez (29 - 59 años),Pregrado,Área de la salud,5,5,5,5,5,5,5,5,5,5,5,5,5,COMUNA 15,
11XjArl7gChPvlxKeA_0APY5pJLeRv53_mZqZUCjAcE8,-Satisfacción del Curso virtual - SELLO DE NO DISCRIMINACIÓN 1°C 2025 - (SELLO_012025),2025-09-25T01:46:13.179Z,,Femenino,Adultez (29 - 59 años),Pregrado,Área de la salud,5,5,5,5,5,5,5,4,5,4,5,5,5,C. DE LA BUITRERA,
11XjArl7gChPvlxKeA_0APY5pJLeRv53_mZqZUCjAcE8,-Satisfacción del Curso virtual - SELLO DE NO DISCRIMINACIÓN 1°C 2025 - (SELLO_012025),2025-09-29T16:15:44.866Z,,Masculino,Adultez (29 - 59 años),Pregrado,Otro,5,5,5,5,5,5,5,5,5,5,5,5,5,COMUNA 10,
11XjArl7gChPvlxKeA_0APY5pJLeRv53_mZqZUCjAcE8,-Satisfacción del Curso virtual - SELLO DE NO DISCRIMINACIÓN 1°C 2025 - (SELLO_012025),2025-10-07T06:48:22.617Z,,Masculino,Adultez (29 - 59 años),Pregrado,Área de la salud,5,5,5,5,5,5,5,5,5,5,5,5,5,COMUNA 18,
11XjArl7gChPvlxKeA_0APY5pJLeRv53_mZqZUCjAcE8,-Satisfacción del Curso virtual - SELLO DE NO DISCRIMINACIÓN 1°C 2025 - (SELLO_012025),2025-09-29T00:55:26.158Z,,Masculino,Vejez (60 años o más),Bachiller,Área de la salud,4,4,4,4,4,4,4,4,4,4,4,4,4,COMUNA 10,
11XjArl7gChPvlxKeA_0APY5pJLeRv53_mZqZUCjAcE8,-Satisfacción del Curso virtual - SELLO DE NO DISCRIMINACIÓN 1°C 2025 - (SELLO_012025),2025-09-30T13:35:33.298Z,,Femenino,Adultez (29 - 59 años),Pregrado,Área de la salud,5,5,5,5,5,5,5,5,5,5,5,5,5,COMUNA 5,
11XjArl7gChPvlxKeA_0APY5pJLeRv53_mZqZUCjAcE8,-Satisfacción del Curso virtual - SELLO DE NO DISCRIMINACIÓN 1°C 2025 - (SELLO_012025),2025-09-19T20:02:43.200Z,,Femenino,Adultez (29 - 59 años),Postgrado,Otro,4,4,4,4,4,4,4,4,4,4,4,4,4,COMUNA 15,
11XjArl7gChPvlxKeA_0APY5pJLeRv53_mZqZUCjAcE8,-Satisfacción del Curso virtual - SELLO DE NO DISCRIMINACIÓN 1°C 2025 - (SELLO_012025),2025-09-22T18:34:09.129Z,,Femenino,Juventud (18 - 28 años),Postgrado,Área de la salud,5,3,1,5,5,5,5,5,5,5,5,5,5,COMUNA 6,
11XjArl7gChPvlxKeA_0APY5pJLeRv53_mZqZUCjAcE8,-Satisfacción del Curso virtual - SELLO DE NO DISCRIMINACIÓN 1°C 2025 - (SELLO_012025),2025-09-29T06:02:19.400Z,,Femenino,Adultez (29 - 59 años),Postgrado,Área de la salud,4,3,3,4,5,4,4,4,3,3,3,3,3,COMUNA 10,
11XjArl7gChPvlxKeA_0APY5pJLeRv53_mZqZUCjAcE8,-Satisfacción del Curso virtual - SELLO DE NO DISCRIMINACIÓN 1°C 2025 - (SELLO_012025),2025-09-24T16:24:02.011Z,,Femenino,Adultez (29 - 59 años),Pregrado,Área de la salud,3,3,3,3,3,3,3,3,3,3,3,3,3,COMUNA 21,
11XjArl7gChPvlxKeA_0APY5pJLeRv53_mZqZUCjAcE8,-Satisfacción del Curso virtual - SELLO DE NO DISCRIMINACIÓN 1°C 2025 - (SELLO_012025),2025-09-29T14:37:00.376Z,,Femenino,Adultez (29 - 59 años),Pregrado,Área de la salud,4,4,4,4,4,4,4,4,4,4,4,4,4,COMUNA 4,
11XjArl7gChPvlxKeA_0APY5pJLeRv53_mZqZUCjAcE8,-Satisfacción del Curso virtual - SELLO DE NO DISCRIMINACIÓN 1°C 2025 - (SELLO_012025),2025-09-26T01:05:47.594Z,,Femenino,Adultez (29 - 59 años),Bachiller,Área de la salud,4,4,4,4,5,4,5,4,4,5,4,5,5,COMUNA 16,
11XjArl7gChPvlxKeA_0APY5pJLeRv53_mZqZUCjAcE8,-Satisfacción del Curso virtual - SELLO DE NO DISCRIMINACIÓN 1°C 2025 - (SELLO_012025),2025-10-01T16:19:42.854Z,,Femenino,Adultez (29 - 59 años),Pregrado,Área de la salud,4,4,4,2,4,4,4,4,4,4,4,4,4,COMUNA 17,
11XjArl7gChPvlxKeA_0APY5pJLeRv53_mZqZUCjAcE8,-Satisfacción del Curso virtual - SELLO DE NO DISCRIMINACIÓN 1°C 2025 - (SELLO_012025),2025-10-22T20:06:28.042Z,,Femenino,Juventud (18 - 28 años),Postgrado,Área de la salud,5,5,5,5,5,5,5,5,5,5,5,5,5,COMUNA 10,
11XjArl7gChPvlxKeA_0APY5pJLeRv53_mZqZUCjAcE8,-Satisfacción del Curso virtual - SELLO DE NO DISCRIMINACIÓN 1°C 2025 - (SELLO_012025),2025-09-24T14:41:22.885Z,,Masculino,Vejez (60 años o más),Bachiller,Área de la salud,4,4,4,4,4,4,4,4,4,4,4,4,4,COMUNA 2,
11XjArl7gChPvlxKeA_0APY5pJLeRv53_mZqZUCjAcE8,-Satisfacción del Curso virtual - SELLO DE NO DISCRIMINACIÓN 1°C 2025 - (SELLO_012025),2025-10-02T11:22:02.782Z,,Femenino,Adultez (29 - 59 años),Pregrado,Área de la salud,5,4,4,4,5,5,4,4,1,1,5,4,4,COMUNA 19,
11XjArl7gChPvlxKeA_0APY5pJLeRv53_mZqZUCjAcE8,-Satisfacción del Curso virtual - SELLO DE NO DISCRIMINACIÓN 1°C 2025 - (SELLO_012025),2025-10-30T02:05:06.872Z,,Masculino,Adultez (29 - 59 años),Bachiller,Área de la salud,5,5,5,5,5,5,5,5,5,5,5,5,5,COMUNA 11,
11XjArl7gChPvlxKeA_0APY5pJLeRv53_mZqZUCjAcE8,-Satisfacción del Curso virtual - SELLO DE NO DISCRIMINACIÓN 1°C 2025 - (SELLO_012025),2025-09-25T21:07:24.899Z,,Femenino,Juventud (18 - 28 años),Pregrado,Área de la salud,5,5,5,5,5,5,5,5,5,5,5,5,5,COMUNA 17,
11XjArl7gChPvlxKeA_0APY5pJLeRv53_mZqZUCjAcE8,-Satisfacción del Curso virtual - SELLO DE NO DISCRIMINACIÓN 1°C 2025 - (SELLO_012025),2025-09-23T19:03:41.398Z,,Masculino,Adultez (29 - 59 años),Bachiller,Área de la salud,4,4,5,5,5,5,5,5,5,5,5,5,4,COMUNA 11,
11XjArl7gChPvlxKeA_0APY5pJLeRv53_mZqZUCjAcE8,-Satisfacción del Curso virtual - SELLO DE NO DISCRIMINACIÓN 1°C 2025 - (SELLO_012025),2026-06-09T13:45:49.286Z,,Masculino,Adultez (29 - 59 años),Postgrado,Área de la salud,5,5,5,5,5,5,5,5,5,5,5,5,5,COMUNA 19,
11XjArl7gChPvlxKeA_0APY5pJLeRv53_mZqZUCjAcE8,-Satisfacción del Curso virtual - SELLO DE NO DISCRIMINACIÓN 1°C 2025 - (SELLO_012025),2025-09-24T20:31:27.307Z,,Femenino,Juventud (18 - 28 años),Pregrado,Otro,5,5,4,5,5,4,4,5,5,3,5,5,4,COMUNA 7,
11XjArl7gChPvlxKeA_0APY5pJLeRv53_mZqZUCjAcE8,-Satisfacción del Curso virtual - SELLO DE NO DISCRIMINACIÓN 1°C 2025 - (SELLO_012025),2025-09-30T22:59:46.906Z,,Femenino,Adultez (29 - 59 años),Pregrado,Otro,5,5,5,5,5,5,5,5,5,5,5,5,5,COMUNA 19,
11XjArl7gChPvlxKeA_0APY5pJLeRv53_mZqZUCjAcE8,-Satisfacción del Curso virtual - SELLO DE NO DISCRIMINACIÓN 1°C 2025 - (SELLO_012025),2025-09-26T15:45:26.609Z,,Femenino,Adultez (29 - 59 años),Pregrado,Otro,5,5,5,5,5,5,5,5,5,5,5,5,5,COMUNA 5,
11XjArl7gChPvlxKeA_0APY5pJLeRv53_mZqZUCjAcE8,-Satisfacción del Curso virtual - SELLO DE NO DISCRIMINACIÓN 1°C 2025 - (SELLO_012025),2025-09-24T18:22:53.476Z,,Femenino,Adultez (29 - 59 años),Postgrado,Área de la salud,1,1,2,2,1,3,2,1,1,4,1,1,2,COMUNA 17,
11XjArl7gChPvlxKeA_0APY5pJLeRv53_mZqZUCjAcE8,-Satisfacción del Curso virtual - SELLO DE NO DISCRIMINACIÓN 1°C 2025 - (SELLO_012025),2025-09-22T17:08:14.907Z,,Femenino,Adultez (29 - 59 años),Pregrado,Área de la salud,5,5,5,5,5,5,5,5,5,5,5,5,5,COMUNA 19,
11XjArl7gChPvlxKeA_0APY5pJLeRv53_mZqZUCjAcE8,-Satisfacción del Curso virtual - SELLO DE NO DISCRIMINACIÓN 1°C 2025 - (SELLO_012025),2025-11-06T16:58:33.514Z,,Femenino,Juventud (18 - 28 años),Pregrado,Área de la salud,5,5,5,5,5,5,5,5,5,5,5,5,5,COMUNA 7,
11XjArl7gChPvlxKeA_0APY5pJLeRv53_mZqZUCjAcE8,-Satisfacción del Curso virtual - SELLO DE NO DISCRIMINACIÓN 1°C 2025 - (SELLO_012025),2025-08-28T14:18:01.587Z,,Femenino,Adultez (29 - 59 años),Postgrado,Otro,5,5,5,5,4,5,3,3,3,1,5,5,5,COMUNA 2,
11XjArl7gChPvlxKeA_0APY5pJLeRv53_mZqZUCjAcE8,-Satisfacción del Curso virtual - SELLO DE NO DISCRIMINACIÓN 1°C 2025 - (SELLO_012025),2025-09-25T21:07:34.234Z,,Masculino,Adultez (29 - 59 años),Pregrado,Otro,5,4,4,3,5,5,4,5,3,4,4,5,5,COMUNA 19,
11XjArl7gChPvlxKeA_0APY5pJLeRv53_mZqZUCjAcE8,-Satisfacción del Curso virtual - SELLO DE NO DISCRIMINACIÓN 1°C 2025 - (SELLO_012025),2025-09-26T02:57:43.410Z,,Masculino,Adultez (29 - 59 años),Bachiller,Otro,4,4,4,4,4,4,3,3,3,3,3,3,4,COMUNA 17,
11XjArl7gChPvlxKeA_0APY5pJLeRv53_mZqZUCjAcE8,-Satisfacción del Curso virtual - SELLO DE NO DISCRIMINACIÓN 1°C 2025 - (SELLO_012025),2025-09-26T00:55:18.099Z,,Femenino,Juventud (18 - 28 años),Bachiller,Área de la salud,5,5,5,5,5,4,4,4,4,4,4,4,4,COMUNA 19,
11XjArl7gChPvlxKeA_0APY5pJLeRv53_mZqZUCjAcE8,-Satisfacción del Curso virtual - SELLO DE NO DISCRIMINACIÓN 1°C 2025 - (SELLO_012025),2025-09-29T16:34:02.825Z,,Masculino,Adultez (29 - 59 años),Ninguna,Área de la salud,4,4,4,4,4,4,4,4,4,4,4,4,3,COMUNA 19,
11XjArl7gChPvlxKeA_0APY5pJLeRv53_mZqZUCjAcE8,-Satisfacción del Curso virtual - SELLO DE NO DISCRIMINACIÓN 1°C 2025 - (SELLO_012025),2025-09-28T21:09:36.483Z,,Femenino,Adultez (29 - 59 años),Pregrado,Área de la salud,5,5,5,5,5,5,5,5,5,4,5,5,5,COMUNA 6,
11XjArl7gChPvlxKeA_0APY5pJLeRv53_mZqZUCjAcE8,-Satisfacción del Curso virtual - SELLO DE NO DISCRIMINACIÓN 1°C 2025 - (SELLO_012025),2025-09-26T23:44:11.180Z,,Masculino,Adultez (29 - 59 años),Bachiller,Área de la salud,5,5,5,5,5,5,5,5,5,5,5,5,5,COMUNA 21,
11XjArl7gChPvlxKeA_0APY5pJLeRv53_mZqZUCjAcE8,-Satisfacción del Curso virtual - SELLO DE NO DISCRIMINACIÓN 1°C 2025 - (SELLO_012025),2026-05-17T02:57:53.203Z,,Femenino,Adultez (29 - 59 años),Postgrado,Área de la salud,5,5,5,5,5,5,5,5,5,5,5,5,5,COMUNA 2,
11XjArl7gChPvlxKeA_0APY5pJLeRv53_mZqZUCjAcE8,-Satisfacción del Curso virtual - SELLO DE NO DISCRIMINACIÓN 1°C 2025 - (SELLO_012025),2025-08-26T21:30:33.873Z,,Masculino,Adultez (29 - 59 años),Pregrado,Área de la salud,5,5,5,5,5,5,5,5,5,5,5,5,5,COMUNA 5,
11XjArl7gChPvlxKeA_0APY5pJLeRv53_mZqZUCjAcE8,-Satisfacción del Curso virtual - SELLO DE NO DISCRIMINACIÓN 1°C 2025 - (SELLO_012025),2025-09-03T20:00:21.527Z,,Femenino,Adultez (29 - 59 años),Pregrado,Otro,5,5,5,5,5,5,5,5,5,5,5,5,5,COMUNA 8,
11XjArl7gChPvlxKeA_0APY5pJLeRv53_mZqZUCjAcE8,-Satisfacción del Curso virtual - SELLO DE NO DISCRIMINACIÓN 1°C 2025 - (SELLO_012025),2025-09-23T20:58:51.916Z,,Femenino,Adultez (29 - 59 años),Postgrado,Área de la salud,4,4,4,4,4,4,4,4,4,4,4,4,4,COMUNA 17,
11XjArl7gChPvlxKeA_0APY5pJLeRv53_mZqZUCjAcE8,-Satisfacción del Curso virtual - SELLO DE NO DISCRIMINACIÓN 1°C 2025 - (SELLO_012025),2025-11-11T17:28:56.986Z,,Femenino,Adultez (29 - 59 años),Pregrado,Área de la salud,5,5,5,5,5,5,5,5,5,4,4,4,4,COMUNA 3,
11XjArl7gChPvlxKeA_0APY5pJLeRv53_mZqZUCjAcE8,-Satisfacción del Curso virtual - SELLO DE NO DISCRIMINACIÓN 1°C 2025 - (SELLO_012025),2025-09-25T20:13:18.026Z,,Femenino,Adultez (29 - 59 años),Bachiller,Área de la salud,5,5,5,5,5,5,5,5,5,5,5,5,5,COMUNA 15,
11XjArl7gChPvlxKeA_0APY5pJLeRv53_mZqZUCjAcE8,-Satisfacción del Curso virtual - SELLO DE NO DISCRIMINACIÓN 1°C 2025 - (SELLO_012025),2025-10-01T19:11:38.021Z,,Femenino,Adultez (29 - 59 años),Postgrado,Área de la salud,5,5,5,5,5,5,5,5,5,5,5,5,5,COMUNA 10,
11XjArl7gChPvlxKeA_0APY5pJLeRv53_mZqZUCjAcE8,-Satisfacción del Curso virtual - SELLO DE NO DISCRIMINACIÓN 1°C 2025 - (SELLO_012025),2025-09-18T16:29:57.603Z,,Masculino,Adultez (29 - 59 años),Pregrado,Área de la salud,5,5,5,5,5,5,5,5,5,5,5,5,5,COMUNA 10,
11XjArl7gChPvlxKeA_0APY5pJLeRv53_mZqZUCjAcE8,-Satisfacción del Curso virtual - SELLO DE NO DISCRIMINACIÓN 1°C 2025 - (SELLO_012025),2025-10-01T18:51:41.083Z,,Femenino,Adultez (29 - 59 años),Postgrado,Área de la salud,5,5,5,5,5,5,5,5,5,5,5,5,5,COMUNA 19,
11XjArl7gChPvlxKeA_0APY5pJLeRv53_mZqZUCjAcE8,-Satisfacción del Curso virtual - SELLO DE NO DISCRIMINACIÓN 1°C 2025 - (SELLO_012025),2025-10-07T20:58:08.345Z,,Masculino,Vejez (60 años o más),Pregrado,Área de la salud,5,5,5,5,5,5,5,5,5,5,5,5,5,COMUNA 18,
11XjArl7gChPvlxKeA_0APY5pJLeRv53_mZqZUCjAcE8,-Satisfacción del Curso virtual - SELLO DE NO DISCRIMINACIÓN 1°C 2025 - (SELLO_012025),2025-09-25T03:41:08.135Z,,Masculino,Adultez (29 - 59 años),Pregrado,Área de la salud,4,4,4,4,4,4,4,4,4,4,4,4,4,COMUNA 2,
11XjArl7gChPvlxKeA_0APY5pJLeRv53_mZqZUCjAcE8,-Satisfacción del Curso virtual - SELLO DE NO DISCRIMINACIÓN 1°C 2025 - (SELLO_012025),2025-10-04T19:47:30.373Z,,Femenino,Adultez (29 - 59 años),Pregrado,Área de la salud,5,5,5,5,5,5,5,5,5,4,5,5,5,COMUNA 5,
11XjArl7gChPvlxKeA_0APY5pJLeRv53_mZqZUCjAcE8,-Satisfacción del Curso virtual - SELLO DE NO DISCRIMINACIÓN 1°C 2025 - (SELLO_012025),2025-10-27T22:03:07.461Z,,Masculino,Adultez (29 - 59 años),Postgrado,Área de la salud,4,4,4,4,4,3,4,4,3,3,4,4,4,COMUNA 8,
11XjArl7gChPvlxKeA_0APY5pJLeRv53_mZqZUCjAcE8,-Satisfacción del Curso virtual - SELLO DE NO DISCRIMINACIÓN 1°C 2025 - (SELLO_012025),2025-10-03T02:06:42.221Z,,Masculino,Juventud (18 - 28 años),Pregrado,Otro,5,5,5,5,5,5,5,5,5,5,5,5,5,COMUNA 11,
11XjArl7gChPvlxKeA_0APY5pJLeRv53_mZqZUCjAcE8,-Satisfacción del Curso virtual - SELLO DE NO DISCRIMINACIÓN 1°C 2025 - (SELLO_012025),2025-09-25T18:42:05.180Z,,Femenino,Adultez (29 - 59 años),Pregrado,Área de la salud,5,5,4,4,5,5,5,4,4,4,5,5,5,COMUNA 10,
11XjArl7gChPvlxKeA_0APY5pJLeRv53_mZqZUCjAcE8,-Satisfacción del Curso virtual - SELLO DE NO DISCRIMINACIÓN 1°C 2025 - (SELLO_012025),2025-10-08T16:44:22.053Z,,Masculino,Adultez (29 - 59 años),Postgrado,Área de la salud,5,5,5,5,5,5,5,5,5,5,5,5,5,COMUNA 19,
11XjArl7gChPvlxKeA_0APY5pJLeRv53_mZqZUCjAcE8,-Satisfacción del Curso virtual - SELLO DE NO DISCRIMINACIÓN 1°C 2025 - (SELLO_012025),2025-09-26T17:24:58.278Z,,Masculino,Adultez (29 - 59 años),Pregrado,Área de la salud,5,5,4,5,5,5,5,5,5,5,5,5,5,COMUNA 4,
11XjArl7gChPvlxKeA_0APY5pJLeRv53_mZqZUCjAcE8,-Satisfacción del Curso virtual - SELLO DE NO DISCRIMINACIÓN 1°C 2025 - (SELLO_012025),2025-10-21T20:49:28.170Z,,Femenino,Adultez (29 - 59 años),Pregrado,Área de la salud,5,4,5,5,5,4,5,5,5,5,5,5,5,COMUNA 5,
11XjArl7gChPvlxKeA_0APY5pJLeRv53_mZqZUCjAcE8,-Satisfacción del Curso virtual - SELLO DE NO DISCRIMINACIÓN 1°C 2025 - (SELLO_012025),2025-08-21T17:18:42.475Z,,Masculino,Vejez (60 años o más),Postgrado,Área de la salud,3,3,3,3,3,3,3,3,3,3,3,3,3,COMUNA 19,
11XjArl7gChPvlxKeA_0APY5pJLeRv53_mZqZUCjAcE8,-Satisfacción del Curso virtual - SELLO DE NO DISCRIMINACIÓN 1°C 2025 - (SELLO_012025),2025-10-14T21:36:58.504Z,,Femenino,Adultez (29 - 59 años),Pregrado,Otro,2,2,2,2,2,2,2,2,2,2,2,2,2,COMUNA 18,
11XjArl7gChPvlxKeA_0APY5pJLeRv53_mZqZUCjAcE8,-Satisfacción del Curso virtual - SELLO DE NO DISCRIMINACIÓN 1°C 2025 - (SELLO_012025),2026-03-13T20:56:51.287Z,,Femenino,Adultez (29 - 59 años),Pregrado,Área de la salud,5,5,5,5,5,5,5,5,5,5,5,5,5,COMUNA 17,
11XjArl7gChPvlxKeA_0APY5pJLeRv53_mZqZUCjAcE8,-Satisfacción del Curso virtual - SELLO DE NO DISCRIMINACIÓN 1°C 2025 - (SELLO_012025),2025-12-01T02:10:21.733Z,,Masculino,Adultez (29 - 59 años),Pregrado,Otro,4,4,4,4,4,4,4,4,4,4,4,4,4,COMUNA 1,
11XjArl7gChPvlxKeA_0APY5pJLeRv53_mZqZUCjAcE8,-Satisfacción del Curso virtual - SELLO DE NO DISCRIMINACIÓN 1°C 2025 - (SELLO_012025),2025-10-29T23:35:31.993Z,,Femenino,Adultez (29 - 59 años),Pregrado,Área de la salud,5,5,5,5,5,5,5,5,5,5,5,5,5,COMUNA 17,
11XjArl7gChPvlxKeA_0APY5pJLeRv53_mZqZUCjAcE8,-Satisfacción del Curso virtual - SELLO DE NO DISCRIMINACIÓN 1°C 2025 - (SELLO_012025),2025-08-21T03:46:06.581Z,,Masculino,Adultez (29 - 59 años),Pregrado,Área de la salud,5,5,5,5,5,5,5,5,5,5,5,5,5,COMUNA 11,
11XjArl7gChPvlxKeA_0APY5pJLeRv53_mZqZUCjAcE8,-Satisfacción del Curso virtual - SELLO DE NO DISCRIMINACIÓN 1°C 2025 - (SELLO_012025),2025-10-06T21:46:41.292Z,,Femenino,Adultez (29 - 59 años),Bachiller,Área de la salud,5,5,5,5,5,5,5,5,5,5,5,5,5,COMUNA 5,
11XjArl7gChPvlxKeA_0APY5pJLeRv53_mZqZUCjAcE8,-Satisfacción del Curso virtual - SELLO DE NO DISCRIMINACIÓN 1°C 2025 - (SELLO_012025),2025-10-15T21:39:30.744Z,,Masculino,Adultez (29 - 59 años),Bachiller,Área de la salud,5,5,5,5,5,5,5,5,5,5,5,5,5,COMUNA 16,
11XjArl7gChPvlxKeA_0APY5pJLeRv53_mZqZUCjAcE8,-Satisfacción del Curso virtual - SELLO DE NO DISCRIMINACIÓN 1°C 2025 - (SELLO_012025),2025-09-30T20:42:34.741Z,,Femenino,Adultez (29 - 59 años),Pregrado,Área de la salud,4,4,5,3,4,4,4,3,5,4,4,4,4,COMUNA 6,
11XjArl7gChPvlxKeA_0APY5pJLeRv53_mZqZUCjAcE8,-Satisfacción del Curso virtual - SELLO DE NO DISCRIMINACIÓN 1°C 2025 - (SELLO_012025),2025-09-20T19:39:44.408Z,,Femenino,Adultez (29 - 59 años),Pregrado,Área de la salud,5,5,5,5,5,5,5,5,5,5,5,5,5,COMUNA 3,
11XjArl7gChPvlxKeA_0APY5pJLeRv53_mZqZUCjAcE8,-Satisfacción del Curso virtual - SELLO DE NO DISCRIMINACIÓN 1°C 2025 - (SELLO_012025),2025-10-01T19:57:52.487Z,,Masculino,Vejez (60 años o más),Pregrado,Área de la salud,5,5,5,5,5,5,5,5,5,5,5,5,5,COMUNA 17,
11XjArl7gChPvlxKeA_0APY5pJLeRv53_mZqZUCjAcE8,-Satisfacción del Curso virtual - SELLO DE NO DISCRIMINACIÓN 1°C 2025 - (SELLO_012025),2025-12-08T15:41:09.161Z,,Femenino,Adultez (29 - 59 años),Postgrado,Área de la salud,5,5,5,5,5,5,5,5,5,5,5,5,5,COMUNA 20,
11XjArl7gChPvlxKeA_0APY5pJLeRv53_mZqZUCjAcE8,-Satisfacción del Curso virtual - SELLO DE NO DISCRIMINACIÓN 1°C 2025 - (SELLO_012025),2025-09-24T01:36:47.545Z,,Femenino,Adultez (29 - 59 años),Bachiller,Área de la salud,5,5,5,5,5,5,5,5,5,5,5,5,5,COMUNA 14,
11XjArl7gChPvlxKeA_0APY5pJLeRv53_mZqZUCjAcE8,-Satisfacción del Curso virtual - SELLO DE NO DISCRIMINACIÓN 1°C 2025 - (SELLO_012025),2025-09-25T00:02:55.926Z,,Femenino,Adultez (29 - 59 años),Bachiller,Área de la salud,5,5,5,4,5,5,4,5,2,5,5,5,5,COMUNA 3,
11XjArl7gChPvlxKeA_0APY5pJLeRv53_mZqZUCjAcE8,-Satisfacción del Curso virtual - SELLO DE NO DISCRIMINACIÓN 1°C 2025 - (SELLO_012025),2025-09-25T02:35:06.485Z,,Femenino,Adultez (29 - 59 años),Bachiller,Área de la salud,5,5,5,5,5,5,5,5,5,5,5,5,5,COMUNA 15,
11XjArl7gChPvlxKeA_0APY5pJLeRv53_mZqZUCjAcE8,-Satisfacción del Curso virtual - SELLO DE NO DISCRIMINACIÓN 1°C 2025 - (SELLO_012025),2025-09-24T00:07:09.518Z,,Femenino,Adultez (29 - 59 años),Postgrado,Área de la salud,5,5,5,5,5,5,5,5,5,5,5,5,5,COMUNA 5,
11XjArl7gChPvlxKeA_0APY5pJLeRv53_mZqZUCjAcE8,-Satisfacción del Curso virtual - SELLO DE NO DISCRIMINACIÓN 1°C 2025 - (SELLO_012025),2025-11-10T02:16:17.147Z,,Masculino,Juventud (18 - 28 años),Pregrado,Área de la salud,5,5,5,5,5,5,5,5,5,5,5,5,5,COMUNA 17,
11XjArl7gChPvlxKeA_0APY5pJLeRv53_mZqZUCjAcE8,-Satisfacción del Curso virtual - SELLO DE NO DISCRIMINACIÓN 1°C 2025 - (SELLO_012025),2025-09-29T16:54:48.949Z,,Femenino,Adultez (29 - 59 años),Bachiller,Área de la salud,5,5,5,5,5,5,5,5,5,5,5,5,5,COMUNA 8,
11XjArl7gChPvlxKeA_0APY5pJLeRv53_mZqZUCjAcE8,-Satisfacción del Curso virtual - SELLO DE NO DISCRIMINACIÓN 1°C 2025 - (SELLO_012025),2026-02-28T20:36:38.576Z,,Femenino,Adultez (29 - 59 años),Pregrado,Área de la salud,5,5,5,5,5,5,5,5,5,5,5,5,5,COMUNA 4,
11XjArl7gChPvlxKeA_0APY5pJLeRv53_mZqZUCjAcE8,-Satisfacción del Curso virtual - SELLO DE NO DISCRIMINACIÓN 1°C 2025 - (SELLO_012025),2025-10-09T17:22:44.605Z,,Femenino,Adultez (29 - 59 años),Pregrado,Área de la salud,5,3,5,3,5,5,3,5,5,2,2,3,1,COMUNA 5,
11XjArl7gChPvlxKeA_0APY5pJLeRv53_mZqZUCjAcE8,-Satisfacción del Curso virtual - SELLO DE NO DISCRIMINACIÓN 1°C 2025 - (SELLO_012025),2025-09-24T21:15:14.842Z,,Femenino,Adultez (29 - 59 años),Pregrado,Estudiante,5,5,4,4,5,4,5,4,4,4,4,5,4,COMUNA 17,
11XjArl7gChPvlxKeA_0APY5pJLeRv53_mZqZUCjAcE8,-Satisfacción del Curso virtual - SELLO DE NO DISCRIMINACIÓN 1°C 2025 - (SELLO_012025),2025-09-24T02:14:02.053Z,,Masculino,Adultez (29 - 59 años),Postgrado,Área de la salud,1,1,1,1,1,1,1,1,1,1,1,1,1,COMUNA 17,
11XjArl7gChPvlxKeA_0APY5pJLeRv53_mZqZUCjAcE8,-Satisfacción del Curso virtual - SELLO DE NO DISCRIMINACIÓN 1°C 2025 - (SELLO_012025),2025-10-08T03:50:20.597Z,,Masculino,Vejez (60 años o más),Pregrado,Área de la salud,3,3,3,3,3,4,2,3,3,3,3,3,2,COMUNA 14,
11XjArl7gChPvlxKeA_0APY5pJLeRv53_mZqZUCjAcE8,-Satisfacción del Curso virtual - SELLO DE NO DISCRIMINACIÓN 1°C 2025 - (SELLO_012025),2026-02-13T22:40:10.637Z,,Masculino,Adultez (29 - 59 años),Postgrado,Otro,5,5,5,5,5,5,5,5,5,5,5,5,5,COMUNA 19,
11XjArl7gChPvlxKeA_0APY5pJLeRv53_mZqZUCjAcE8,-Satisfacción del Curso virtual - SELLO DE NO DISCRIMINACIÓN 1°C 2025 - (SELLO_012025),2025-09-24T15:48:26.151Z,,Femenino,Adultez (29 - 59 años),Bachiller,Área de la salud,5,5,5,5,5,5,5,5,4,4,5,5,5,COMUNA 6,
11XjArl7gChPvlxKeA_0APY5pJLeRv53_mZqZUCjAcE8,-Satisfacción del Curso virtual - SELLO DE NO DISCRIMINACIÓN 1°C 2025 - (SELLO_012025),2025-09-24T23:53:51.832Z,,Masculino,Vejez (60 años o más),Pregrado,Área de la salud,4,4,4,4,5,5,3,4,3,3,3,4,4,COMUNA 19,
11XjArl7gChPvlxKeA_0APY5pJLeRv53_mZqZUCjAcE8,-Satisfacción del Curso virtual - SELLO DE NO DISCRIMINACIÓN 1°C 2025 - (SELLO_012025),2025-09-24T17:16:05.204Z,,Masculino,Adultez (29 - 59 años),Pregrado,Estudiante,4,4,4,4,4,4,4,4,4,4,4,4,4,COMUNA 16,
11XjArl7gChPvlxKeA_0APY5pJLeRv53_mZqZUCjAcE8,-Satisfacción del Curso virtual - SELLO DE NO DISCRIMINACIÓN 1°C 2025 - (SELLO_012025),2025-09-23T20:38:02.195Z,,Femenino,Adultez (29 - 59 años),Postgrado,Área de la salud,4,4,4,4,4,4,4,4,4,4,4,4,4,COMUNA 19,
11XjArl7gChPvlxKeA_0APY5pJLeRv53_mZqZUCjAcE8,-Satisfacción del Curso virtual - SELLO DE NO DISCRIMINACIÓN 1°C 2025 - (SELLO_012025),2025-09-24T21:18:18.993Z,,Femenino,Adultez (29 - 59 años),Pregrado,Área de la salud,2,3,3,2,2,3,3,2,4,5,4,3,3,COMUNA 10,
11XjArl7gChPvlxKeA_0APY5pJLeRv53_mZqZUCjAcE8,-Satisfacción del Curso virtual - SELLO DE NO DISCRIMINACIÓN 1°C 2025 - (SELLO_012025),2025-09-29T14:59:40.173Z,,Masculino,Juventud (18 - 28 años),Bachiller,Estudiante,5,5,5,5,5,5,5,5,5,5,5,5,5,COMUNA 2,
11XjArl7gChPvlxKeA_0APY5pJLeRv53_mZqZUCjAcE8,-Satisfacción del Curso virtual - SELLO DE NO DISCRIMINACIÓN 1°C 2025 - (SELLO_012025),2025-09-23T21:15:22.026Z,,Femenino,Adultez (29 - 59 años),Pregrado,Área de la salud,5,5,5,5,5,5,5,5,5,5,5,5,5,COMUNA 17,
11XjArl7gChPvlxKeA_0APY5pJLeRv53_mZqZUCjAcE8,-Satisfacción del Curso virtual - SELLO DE NO DISCRIMINACIÓN 1°C 2025 - (SELLO_012025),2025-09-24T00:20:47.248Z,,Femenino,Adultez (29 - 59 años),Postgrado,Área de la salud,5,5,5,5,5,5,5,5,5,5,5,5,5,COMUNA 19,
11XjArl7gChPvlxKeA_0APY5pJLeRv53_mZqZUCjAcE8,-Satisfacción del Curso virtual - SELLO DE NO DISCRIMINACIÓN 1°C 2025 - (SELLO_012025),2025-10-07T01:23:09.148Z,,Masculino,Adultez (29 - 59 años),Pregrado,Área de la salud,5,5,5,5,5,5,5,5,5,5,3,5,5,C. DE EL SALADITO,
11XjArl7gChPvlxKeA_0APY5pJLeRv53_mZqZUCjAcE8,-Satisfacción del Curso virtual - SELLO DE NO DISCRIMINACIÓN 1°C 2025 - (SELLO_012025),2025-12-01T00:43:23.703Z,,Masculino,Adultez (29 - 59 años),Pregrado,Área de la salud,4,4,4,4,4,4,4,4,4,4,4,4,4,COMUNA 13,
11XjArl7gChPvlxKeA_0APY5pJLeRv53_mZqZUCjAcE8,-Satisfacción del Curso virtual - SELLO DE NO DISCRIMINACIÓN 1°C 2025 - (SELLO_012025),2025-10-22T22:12:58.317Z,,Masculino,Adultez (29 - 59 años),Postgrado,Área de la salud,4,4,4,4,4,3,4,4,4,4,4,4,4,COMUNA 22,
11XjArl7gChPvlxKeA_0APY5pJLeRv53_mZqZUCjAcE8,-Satisfacción del Curso virtual - SELLO DE NO DISCRIMINACIÓN 1°C 2025 - (SELLO_012025),2025-09-25T04:26:06.688Z,,Femenino,Juventud (18 - 28 años),Pregrado,Área de la salud,5,5,5,5,5,5,5,5,5,5,5,5,5,COMUNA 8,
11XjArl7gChPvlxKeA_0APY5pJLeRv53_mZqZUCjAcE8,-Satisfacción del Curso virtual - SELLO DE NO DISCRIMINACIÓN 1°C 2025 - (SELLO_012025),2025-09-24T19:58:20.938Z,,Femenino,Adultez (29 - 59 años),Bachiller,Área de la salud,5,5,5,5,5,5,5,5,5,5,5,5,5,COMUNA 18,
11XjArl7gChPvlxKeA_0APY5pJLeRv53_mZqZUCjAcE8,-Satisfacción del Curso virtual - SELLO DE NO DISCRIMINACIÓN 1°C 2025 - (SELLO_012025),2025-09-30T17:20:34.033Z,,Masculino,Adultez (29 - 59 años),Pregrado,Área de la salud,5,5,5,5,5,5,5,5,5,5,5,4,4,COMUNA 13,
11XjArl7gChPvlxKeA_0APY5pJLeRv53_mZqZUCjAcE8,-Satisfacción del Curso virtual - SELLO DE NO DISCRIMINACIÓN 1°C 2025 - (SELLO_012025),2025-10-24T03:19:04.356Z,,Masculino,Vejez (60 años o más),Postgrado,Área de la salud,4,4,4,4,4,4,4,4,4,4,4,4,4,COMUNA 18,
11XjArl7gChPvlxKeA_0APY5pJLeRv53_mZqZUCjAcE8,-Satisfacción del Curso virtual - SELLO DE NO DISCRIMINACIÓN 1°C 2025 - (SELLO_012025),2025-10-31T17:43:00.108Z,,Masculino,Adultez (29 - 59 años),Postgrado,Área de la salud,5,5,5,5,5,5,5,5,5,5,5,5,5,C. DE LA PAZ,
11XjArl7gChPvlxKeA_0APY5pJLeRv53_mZqZUCjAcE8,-Satisfacción del Curso virtual - SELLO DE NO DISCRIMINACIÓN 1°C 2025 - (SELLO_012025),2025-10-01T19:35:59.706Z,,Masculino,Adultez (29 - 59 años),Postgrado,Área de la salud,5,5,5,5,5,5,5,5,5,5,5,5,5,COMUNA 10,
11XjArl7gChPvlxKeA_0APY5pJLeRv53_mZqZUCjAcE8,-Satisfacción del Curso virtual - SELLO DE NO DISCRIMINACIÓN 1°C 2025 - (SELLO_012025),2025-10-07T01:11:09.121Z,,Masculino,Juventud (18 - 28 años),Pregrado,Área de la salud,5,5,5,5,5,5,5,5,5,5,5,5,5,COMUNA 17,
11XjArl7gChPvlxKeA_0APY5pJLeRv53_mZqZUCjAcE8,-Satisfacción del Curso virtual - SELLO DE NO DISCRIMINACIÓN 1°C 2025 - (SELLO_012025),2026-03-04T22:33:23.722Z,,Femenino,Adultez (29 - 59 años),Pregrado,Área de la salud,5,5,5,5,5,5,5,5,5,5,5,5,5,COMUNA 13,
11XjArl7gChPvlxKeA_0APY5pJLeRv53_mZqZUCjAcE8,-Satisfacción del Curso virtual - SELLO DE NO DISCRIMINACIÓN 1°C 2025 - (SELLO_012025),2025-10-07T19:46:19.501Z,,Masculino,Adultez (29 - 59 años),Pregrado,Área de la salud,3,3,3,3,3,3,2,3,3,3,1,1,1,COMUNA 7,
11XjArl7gChPvlxKeA_0APY5pJLeRv53_mZqZUCjAcE8,-Satisfacción del Curso virtual - SELLO DE NO DISCRIMINACIÓN 1°C 2025 - (SELLO_012025),2025-09-29T15:19:07.698Z,,Femenino,Adultez (29 - 59 años),Postgrado,Área de la salud,5,5,5,5,5,5,5,5,5,5,5,5,5,COMUNA 1,
11XjArl7gChPvlxKeA_0APY5pJLeRv53_mZqZUCjAcE8,-Satisfacción del Curso virtual - SELLO DE NO DISCRIMINACIÓN 1°C 2025 - (SELLO_012025),2025-09-17T17:15:24.806Z,,Femenino,Vejez (60 años o más),Postgrado,Otro,5,5,5,5,5,5,5,5,5,5,5,5,5,COMUNA 8,
11XjArl7gChPvlxKeA_0APY5pJLeRv53_mZqZUCjAcE8,-Satisfacción del Curso virtual - SELLO DE NO DISCRIMINACIÓN 1°C 2025 - (SELLO_012025),2025-09-26T00:23:39.208Z,,Masculino,Adultez (29 - 59 años),Postgrado,Otro,3,3,3,3,3,3,3,3,3,3,3,3,3,COMUNA 5,
11XjArl7gChPvlxKeA_0APY5pJLeRv53_mZqZUCjAcE8,-Satisfacción del Curso virtual - SELLO DE NO DISCRIMINACIÓN 1°C 2025 - (SELLO_012025),2025-11-10T20:11:21.852Z,,Masculino,Adultez (29 - 59 años),Pregrado,Otro,1,1,1,1,3,1,3,3,3,1,3,1,1,COMUNA 15,
11XjArl7gChPvlxKeA_0APY5pJLeRv53_mZqZUCjAcE8,-Satisfacción del Curso virtual - SELLO DE NO DISCRIMINACIÓN 1°C 2025 - (SELLO_012025),2025-09-23T21:17:01.430Z,,Femenino,Juventud (18 - 28 años),Postgrado,Otro,5,5,5,5,5,5,5,5,5,5,5,5,5,COMUNA 17,
11XjArl7gChPvlxKeA_0APY5pJLeRv53_mZqZUCjAcE8,-Satisfacción del Curso virtual - SELLO DE NO DISCRIMINACIÓN 1°C 2025 - (SELLO_012025),2025-09-11T21:48:59.615Z,,Femenino,Adultez (29 - 59 años),Bachiller,Otro,4,3,4,4,3,3,4,3,3,3,3,3,3,COMUNA 17,
11XjArl7gChPvlxKeA_0APY5pJLeRv53_mZqZUCjAcE8,-Satisfacción del Curso virtual - SELLO DE NO DISCRIMINACIÓN 1°C 2025 - (SELLO_012025),2025-10-08T03:16:31.048Z,,Femenino,Adultez (29 - 59 años),Pregrado,Área de la salud,5,5,5,5,5,5,5,5,5,5,5,5,5,COMUNA 10,
11XjArl7gChPvlxKeA_0APY5pJLeRv53_mZqZUCjAcE8,-Satisfacción del Curso virtual - SELLO DE NO DISCRIMINACIÓN 1°C 2025 - (SELLO_012025),2025-10-30T16:04:58.387Z,,Masculino,Adultez (29 - 59 años),Pregrado,Estudiante,5,5,5,5,5,4,2,4,4,4,4,5,4,COMUNA 2,
11XjArl7gChPvlxKeA_0APY5pJLeRv53_mZqZUCjAcE8,-Satisfacción del Curso virtual - SELLO DE NO DISCRIMINACIÓN 1°C 2025 - (SELLO_012025),2025-09-25T15:16:23.991Z,,Femenino,Adultez (29 - 59 años),Bachiller,Otro,5,5,5,5,5,5,5,5,5,5,5,5,5,COMUNA 13,
11XjArl7gChPvlxKeA_0APY5pJLeRv53_mZqZUCjAcE8,-Satisfacción del Curso virtual - SELLO DE NO DISCRIMINACIÓN 1°C 2025 - (SELLO_012025),2025-09-22T16:54:37.699Z,,Masculino,Adultez (29 - 59 años),Postgrado,Área de la salud,5,5,5,5,5,5,5,5,5,5,5,5,5,COMUNA 9,
11XjArl7gChPvlxKeA_0APY5pJLeRv53_mZqZUCjAcE8,-Satisfacción del Curso virtual - SELLO DE NO DISCRIMINACIÓN 1°C 2025 - (SELLO_012025),2025-09-26T16:48:45.221Z,,Femenino,Adultez (29 - 59 años),Pregrado,Otro,5,5,5,5,5,5,5,5,5,5,5,5,5,COMUNA 11,
11XjArl7gChPvlxKeA_0APY5pJLeRv53_mZqZUCjAcE8,-Satisfacción del Curso virtual - SELLO DE NO DISCRIMINACIÓN 1°C 2025 - (SELLO_012025),2025-10-04T00:50:46.566Z,,Masculino,Adultez (29 - 59 años),Bachiller,Otro,5,5,4,4,5,5,5,5,5,5,5,5,5,COMUNA 8,
11XjArl7gChPvlxKeA_0APY5pJLeRv53_mZqZUCjAcE8,-Satisfacción del Curso virtual - SELLO DE NO DISCRIMINACIÓN 1°C 2025 - (SELLO_012025),2025-10-28T18:15:51.487Z,,Femenino,Adultez (29 - 59 años),Postgrado,Área de la salud,5,5,5,5,5,5,5,5,5,5,5,5,5,COMUNA 19,
11XjArl7gChPvlxKeA_0APY5pJLeRv53_mZqZUCjAcE8,-Satisfacción del Curso virtual - SELLO DE NO DISCRIMINACIÓN 1°C 2025 - (SELLO_012025),2025-09-22T16:19:17.421Z,,Masculino,Adultez (29 - 59 años),Postgrado,Área de la salud,5,5,5,5,5,5,5,5,5,5,5,5,5,COMUNA 2,
11XjArl7gChPvlxKeA_0APY5pJLeRv53_mZqZUCjAcE8,-Satisfacción del Curso virtual - SELLO DE NO DISCRIMINACIÓN 1°C 2025 - (SELLO_012025),2025-09-17T03:26:55.674Z,,Femenino,Adultez (29 - 59 años),Postgrado,Área de la salud,5,5,5,5,5,5,5,5,5,5,5,5,5,COMUNA 17,
11XjArl7gChPvlxKeA_0APY5pJLeRv53_mZqZUCjAcE8,-Satisfacción del Curso virtual - SELLO DE NO DISCRIMINACIÓN 1°C 2025 - (SELLO_012025),2025-10-07T18:22:46.815Z,,Masculino,Juventud (18 - 28 años),Postgrado,Área de la salud,5,5,5,5,5,5,5,5,5,5,5,5,5,COMUNA 5,
11XjArl7gChPvlxKeA_0APY5pJLeRv53_mZqZUCjAcE8,-Satisfacción del Curso virtual - SELLO DE NO DISCRIMINACIÓN 1°C 2025 - (SELLO_012025),2025-11-25T17:47:40.852Z,,Femenino,Adultez (29 - 59 años),Postgrado,Otro,5,5,5,5,5,5,5,5,5,5,5,5,5,COMUNA 2,
11XjArl7gChPvlxKeA_0APY5pJLeRv53_mZqZUCjAcE8,-Satisfacción del Curso virtual - SELLO DE NO DISCRIMINACIÓN 1°C 2025 - (SELLO_012025),2025-09-30T17:31:09.770Z,,Femenino,Juventud (18 - 28 años),Postgrado,Otro,5,5,5,5,5,5,5,5,5,5,5,5,5,COMUNA 17,
11XjArl7gChPvlxKeA_0APY5pJLeRv53_mZqZUCjAcE8,-Satisfacción del Curso virtual - SELLO DE NO DISCRIMINACIÓN 1°C 2025 - (SELLO_012025),2025-09-24T23:41:28.597Z,,Femenino,Adultez (29 - 59 años),Postgrado,Área de la salud,3,3,4,4,4,4,4,4,4,4,4,4,4,COMUNA 17,
11XjArl7gChPvlxKeA_0APY5pJLeRv53_mZqZUCjAcE8,-Satisfacción del Curso virtual - SELLO DE NO DISCRIMINACIÓN 1°C 2025 - (SELLO_012025),2025-10-07T21:33:50.811Z,,Masculino,Adultez (29 - 59 años),Bachiller,Área de la salud,5,5,5,4,5,5,4,5,5,4,5,5,5,COMUNA 19,
11XjArl7gChPvlxKeA_0APY5pJLeRv53_mZqZUCjAcE8,-Satisfacción del Curso virtual - SELLO DE NO DISCRIMINACIÓN 1°C 2025 - (SELLO_012025),2025-09-25T19:20:13.524Z,,Femenino,Adultez (29 - 59 años),Bachiller,Otro,5,5,5,5,5,5,5,5,5,5,5,5,5,COMUNA 15,
11XjArl7gChPvlxKeA_0APY5pJLeRv53_mZqZUCjAcE8,-Satisfacción del Curso virtual - SELLO DE NO DISCRIMINACIÓN 1°C 2025 - (SELLO_012025),2025-10-16T00:13:02.162Z,,Femenino,Adultez (29 - 59 años),Postgrado,Otro,5,5,5,5,5,5,5,5,5,5,5,5,5,COMUNA 22,
11XjArl7gChPvlxKeA_0APY5pJLeRv53_mZqZUCjAcE8,-Satisfacción del Curso virtual - SELLO DE NO DISCRIMINACIÓN 1°C 2025 - (SELLO_012025),2025-10-08T15:30:50.796Z,,Femenino,Vejez (60 años o más),Postgrado,Área de la salud,5,5,5,5,5,5,5,5,5,5,5,5,5,COMUNA 19,
11XjArl7gChPvlxKeA_0APY5pJLeRv53_mZqZUCjAcE8,-Satisfacción del Curso virtual - SELLO DE NO DISCRIMINACIÓN 1°C 2025 - (SELLO_012025),2025-09-28T20:51:52.997Z,,Femenino,Adultez (29 - 59 años),Postgrado,Otro,5,5,5,5,5,5,5,5,5,5,5,5,5,COMUNA 19,
11XjArl7gChPvlxKeA_0APY5pJLeRv53_mZqZUCjAcE8,-Satisfacción del Curso virtual - SELLO DE NO DISCRIMINACIÓN 1°C 2025 - (SELLO_012025),2025-09-25T19:26:11.131Z,,Masculino,Vejez (60 años o más),Pregrado,Otro,5,4,5,5,5,5,3,5,5,5,5,4,5,COMUNA 19,
11XjArl7gChPvlxKeA_0APY5pJLeRv53_mZqZUCjAcE8,-Satisfacción del Curso virtual - SELLO DE NO DISCRIMINACIÓN 1°C 2025 - (SELLO_012025),2025-10-07T20:27:11.114Z,,Masculino,Adultez (29 - 59 años),Postgrado,Área de la salud,5,5,5,5,5,5,4,4,4,1,4,5,4,COMUNA 18,
11XjArl7gChPvlxKeA_0APY5pJLeRv53_mZqZUCjAcE8,-Satisfacción del Curso virtual - SELLO DE NO DISCRIMINACIÓN 1°C 2025 - (SELLO_012025),2025-09-24T22:05:55.190Z,,Masculino,Adultez (29 - 59 años),Pregrado,Área de la salud,4,5,4,4,5,5,4,4,5,5,4,4,4,COMUNA 9,
11XjArl7gChPvlxKeA_0APY5pJLeRv53_mZqZUCjAcE8,-Satisfacción del Curso virtual - SELLO DE NO DISCRIMINACIÓN 1°C 2025 - (SELLO_012025),2026-06-26T02:20:54.572Z,,Femenino,Adultez (29 - 59 años),Bachiller,Área de la salud,5,5,5,5,5,5,5,5,5,5,5,5,5,COMUNA 7,
11XjArl7gChPvlxKeA_0APY5pJLeRv53_mZqZUCjAcE8,-Satisfacción del Curso virtual - SELLO DE NO DISCRIMINACIÓN 1°C 2025 - (SELLO_012025),2026-03-06T21:02:10.234Z,,Masculino,Adultez (29 - 59 años),Postgrado,Otro,5,5,5,5,5,5,5,5,5,5,5,5,5,COMUNA 22,
11XjArl7gChPvlxKeA_0APY5pJLeRv53_mZqZUCjAcE8,-Satisfacción del Curso virtual - SELLO DE NO DISCRIMINACIÓN 1°C 2025 - (SELLO_012025),2025-09-02T17:35:36.317Z,,Femenino,Adultez (29 - 59 años),Pregrado,Área de la salud,4,4,4,4,4,4,4,4,2,2,4,4,4,COMUNA 20,
11XjArl7gChPvlxKeA_0APY5pJLeRv53_mZqZUCjAcE8,-Satisfacción del Curso virtual - SELLO DE NO DISCRIMINACIÓN 1°C 2025 - (SELLO_012025),2025-09-24T16:31:19.566Z,,Masculino,Juventud (18 - 28 años),Pregrado,Área de la salud,3,3,3,3,3,3,3,3,3,3,3,3,3,COMUNA 17,
11XjArl7gChPvlxKeA_0APY5pJLeRv53_mZqZUCjAcE8,-Satisfacción del Curso virtual - SELLO DE NO DISCRIMINACIÓN 1°C 2025 - (SELLO_012025),2025-09-25T19:02:33.587Z,,Femenino,Adultez (29 - 59 años),Pregrado,Área de la salud,5,5,4,5,4,3,4,4,5,5,5,4,4,COMUNA 11,
11XjArl7gChPvlxKeA_0APY5pJLeRv53_mZqZUCjAcE8,-Satisfacción del Curso virtual - SELLO DE NO DISCRIMINACIÓN 1°C 2025 - (SELLO_012025),2025-09-25T04:44:06.461Z,,Femenino,Adultez (29 - 59 años),Pregrado,Área de la salud,5,5,5,5,5,5,5,5,5,5,5,5,5,COMUNA 4,
11XjArl7gChPvlxKeA_0APY5pJLeRv53_mZqZUCjAcE8,-Satisfacción del Curso virtual - SELLO DE NO DISCRIMINACIÓN 1°C 2025 - (SELLO_012025),2025-09-25T01:35:44.132Z,,Masculino,Adultez (29 - 59 años),Bachiller,Área de la salud,5,5,5,5,5,5,5,5,5,5,5,5,5,COMUNA 14,
11XjArl7gChPvlxKeA_0APY5pJLeRv53_mZqZUCjAcE8,-Satisfacción del Curso virtual - SELLO DE NO DISCRIMINACIÓN 1°C 2025 - (SELLO_012025),2025-09-24T19:28:10.045Z,,Femenino,Vejez (60 años o más),Bachiller,Área de la salud,5,5,5,5,5,5,5,5,5,5,5,5,5,COMUNA 19,
11XjArl7gChPvlxKeA_0APY5pJLeRv53_mZqZUCjAcE8,-Satisfacción del Curso virtual - SELLO DE NO DISCRIMINACIÓN 1°C 2025 - (SELLO_012025),2025-09-26T17:46:13.043Z,,Masculino,Adultez (29 - 59 años),Pregrado,Área de la salud,5,5,5,5,5,5,5,5,5,5,5,5,5,COMUNA 3,
11XjArl7gChPvlxKeA_0APY5pJLeRv53_mZqZUCjAcE8,-Satisfacción del Curso virtual - SELLO DE NO DISCRIMINACIÓN 1°C 2025 - (SELLO_012025),2025-08-21T16:06:54.153Z,,Femenino,Juventud (18 - 28 años),Pregrado,Área de la salud,1,1,1,1,1,1,1,1,1,1,3,3,3,COMUNA 10,
11XjArl7gChPvlxKeA_0APY5pJLeRv53_mZqZUCjAcE8,-Satisfacción del Curso virtual - SELLO DE NO DISCRIMINACIÓN 1°C 2025 - (SELLO_012025),2025-10-09T02:30:37.372Z,,Femenino,Adultez (29 - 59 años),Pregrado,Área de la salud,1,1,2,3,5,5,1,5,1,5,5,5,3,COMUNA 10,
11XjArl7gChPvlxKeA_0APY5pJLeRv53_mZqZUCjAcE8,-Satisfacción del Curso virtual - SELLO DE NO DISCRIMINACIÓN 1°C 2025 - (SELLO_012025),2025-10-07T17:16:57.513Z,,Masculino,Adultez (29 - 59 años),Pregrado,Área de la salud,3,4,4,3,4,4,3,3,3,2,3,3,3,COMUNA 2,
11XjArl7gChPvlxKeA_0APY5pJLeRv53_mZqZUCjAcE8,-Satisfacción del Curso virtual - SELLO DE NO DISCRIMINACIÓN 1°C 2025 - (SELLO_012025),2025-09-26T05:43:25.485Z,,Masculino,Adultez (29 - 59 años),Pregrado,Área de la salud,5,5,5,5,5,5,5,5,5,5,5,5,5,COMUNA 1,
11XjArl7gChPvlxKeA_0APY5pJLeRv53_mZqZUCjAcE8,-Satisfacción del Curso virtual - SELLO DE NO DISCRIMINACIÓN 1°C 2025 - (SELLO_012025),2025-09-24T16:38:37.421Z,,Femenino,Vejez (60 años o más),Pregrado,Otro,5,5,5,5,5,5,5,5,5,5,5,5,5,COMUNA 19,
11XjArl7gChPvlxKeA_0APY5pJLeRv53_mZqZUCjAcE8,-Satisfacción del Curso virtual - SELLO DE NO DISCRIMINACIÓN 1°C 2025 - (SELLO_012025),2025-10-02T20:58:54.159Z,,Masculino,Adultez (29 - 59 años),Bachiller,Área de la salud,4,4,5,5,4,5,5,4,5,5,5,4,5,COMUNA 19,
11XjArl7gChPvlxKeA_0APY5pJLeRv53_mZqZUCjAcE8,-Satisfacción del Curso virtual - SELLO DE NO DISCRIMINACIÓN 1°C 2025 - (SELLO_012025),2025-09-24T17:04:42.023Z,,Femenino,Vejez (60 años o más),Postgrado,Área de la salud,5,5,5,5,5,5,5,5,5,5,5,5,5,C. DE LA BUITRERA,
11XjArl7gChPvlxKeA_0APY5pJLeRv53_mZqZUCjAcE8,-Satisfacción del Curso virtual - SELLO DE NO DISCRIMINACIÓN 1°C 2025 - (SELLO_012025),2025-09-26T03:03:23.845Z,,Femenino,Adultez (29 - 59 años),Postgrado,Área de la salud,5,5,5,5,5,5,5,5,5,5,5,5,5,COMUNA 19,
11XjArl7gChPvlxKeA_0APY5pJLeRv53_mZqZUCjAcE8,-Satisfacción del Curso virtual - SELLO DE NO DISCRIMINACIÓN 1°C 2025 - (SELLO_012025),2025-09-30T20:04:01.899Z,,Femenino,Adultez (29 - 59 años),Pregrado,Área de la salud,5,5,5,5,5,5,5,5,5,5,5,5,5,COMUNA 16,
11XjArl7gChPvlxKeA_0APY5pJLeRv53_mZqZUCjAcE8,-Satisfacción del Curso virtual - SELLO DE NO DISCRIMINACIÓN 1°C 2025 - (SELLO_012025),2025-10-01T22:02:13.769Z,,Femenino,Adultez (29 - 59 años),Postgrado,Área de la salud,5,5,5,5,5,5,5,5,5,5,5,5,5,COMUNA 19,
11XjArl7gChPvlxKeA_0APY5pJLeRv53_mZqZUCjAcE8,-Satisfacción del Curso virtual - SELLO DE NO DISCRIMINACIÓN 1°C 2025 - (SELLO_012025),2025-10-31T16:22:30.747Z,,Masculino,Adultez (29 - 59 años),Pregrado,Área de la salud,1,1,1,2,2,1,1,1,1,1,1,1,1,COMUNA 15,
11XjArl7gChPvlxKeA_0APY5pJLeRv53_mZqZUCjAcE8,-Satisfacción del Curso virtual - SELLO DE NO DISCRIMINACIÓN 1°C 2025 - (SELLO_012025),2025-12-05T16:46:51.131Z,,Masculino,Adultez (29 - 59 años),Postgrado,Área de la salud,4,4,4,4,4,4,4,4,4,4,4,4,4,COMUNA 3,
11XjArl7gChPvlxKeA_0APY5pJLeRv53_mZqZUCjAcE8,-Satisfacción del Curso virtual - SELLO DE NO DISCRIMINACIÓN 1°C 2025 - (SELLO_012025),2025-09-24T18:26:25.243Z,,Femenino,Adultez (29 - 59 años),Pregrado,Área de la salud,5,5,5,5,5,5,5,5,5,5,5,5,5,COMUNA 17,
11XjArl7gChPvlxKeA_0APY5pJLeRv53_mZqZUCjAcE8,-Satisfacción del Curso virtual - SELLO DE NO DISCRIMINACIÓN 1°C 2025 - (SELLO_012025),2025-09-17T00:00:39.665Z,,Masculino,Adultez (29 - 59 años),Pregrado,Área de la salud,4,4,4,4,4,2,4,4,4,4,4,4,2,COMUNA 19,
11XjArl7gChPvlxKeA_0APY5pJLeRv53_mZqZUCjAcE8,-Satisfacción del Curso virtual - SELLO DE NO DISCRIMINACIÓN 1°C 2025 - (SELLO_012025),2025-10-04T00:31:16.174Z,,Masculino,Adultez (29 - 59 años),Postgrado,Otro,4,4,4,4,4,4,4,4,4,4,4,4,4,COMUNA 19,
11XjArl7gChPvlxKeA_0APY5pJLeRv53_mZqZUCjAcE8,-Satisfacción del Curso virtual - SELLO DE NO DISCRIMINACIÓN 1°C 2025 - (SELLO_012025),2025-10-03T16:52:38.043Z,,Femenino,Adultez (29 - 59 años),Postgrado,Área de la salud,5,5,5,5,5,5,5,3,3,3,5,5,5,COMUNA 8,
11XjArl7gChPvlxKeA_0APY5pJLeRv53_mZqZUCjAcE8,-Satisfacción del Curso virtual - SELLO DE NO DISCRIMINACIÓN 1°C 2025 - (SELLO_012025),2025-10-28T23:46:04.463Z,,Femenino,Adultez (29 - 59 años),Postgrado,Área de la salud,4,4,4,4,4,4,4,4,4,4,4,4,4,COMUNA 8,
11XjArl7gChPvlxKeA_0APY5pJLeRv53_mZqZUCjAcE8,-Satisfacción del Curso virtual - SELLO DE NO DISCRIMINACIÓN 1°C 2025 - (SELLO_012025),2025-10-07T01:31:27.541Z,,Femenino,Adultez (29 - 59 años),Pregrado,Otro,5,5,5,5,5,5,5,5,5,5,5,5,5,COMUNA 19,
11XjArl7gChPvlxKeA_0APY5pJLeRv53_mZqZUCjAcE8,-Satisfacción del Curso virtual - SELLO DE NO DISCRIMINACIÓN 1°C 2025 - (SELLO_012025),2025-09-30T20:20:52.337Z,,Femenino,Adultez (29 - 59 años),Postgrado,Otro,5,5,5,5,5,5,5,5,5,5,5,5,5,COMUNA 17,
11XjArl7gChPvlxKeA_0APY5pJLeRv53_mZqZUCjAcE8,-Satisfacción del Curso virtual - SELLO DE NO DISCRIMINACIÓN 1°C 2025 - (SELLO_012025),2025-09-25T01:23:18.409Z,,Masculino,Adultez (29 - 59 años),Pregrado,Área de la salud,1,1,1,1,1,1,1,1,1,1,1,1,1,COMUNA 4,
11XjArl7gChPvlxKeA_0APY5pJLeRv53_mZqZUCjAcE8,-Satisfacción del Curso virtual - SELLO DE NO DISCRIMINACIÓN 1°C 2025 - (SELLO_012025),2025-09-19T21:20:17.723Z,,Femenino,Adultez (29 - 59 años),Pregrado,Área de la salud,5,5,5,5,5,5,5,5,5,5,5,5,5,COMUNA 10,
11XjArl7gChPvlxKeA_0APY5pJLeRv53_mZqZUCjAcE8,-Satisfacción del Curso virtual - SELLO DE NO DISCRIMINACIÓN 1°C 2025 - (SELLO_012025),2025-10-02T15:43:23.034Z,,Masculino,Vejez (60 años o más),Postgrado,Área de la salud,5,5,5,5,5,5,5,5,5,5,5,5,5,COMUNA 17,
11XjArl7gChPvlxKeA_0APY5pJLeRv53_mZqZUCjAcE8,-Satisfacción del Curso virtual - SELLO DE NO DISCRIMINACIÓN 1°C 2025 - (SELLO_012025),2025-09-24T19:58:07.837Z,,Femenino,Adultez (29 - 59 años),Bachiller,Área de la salud,5,5,5,5,5,5,5,5,5,5,5,5,5,COMUNA 8,
11XjArl7gChPvlxKeA_0APY5pJLeRv53_mZqZUCjAcE8,-Satisfacción del Curso virtual - SELLO DE NO DISCRIMINACIÓN 1°C 2025 - (SELLO_012025),2025-10-30T02:32:09.980Z,,Masculino,Adultez (29 - 59 años),Postgrado,Área de la salud,4,4,4,4,4,4,4,4,4,4,4,4,4,COMUNA 4,
11XjArl7gChPvlxKeA_0APY5pJLeRv53_mZqZUCjAcE8,-Satisfacción del Curso virtual - SELLO DE NO DISCRIMINACIÓN 1°C 2025 - (SELLO_012025),2025-09-18T19:49:51.675Z,,Femenino,Adultez (29 - 59 años),Pregrado,Área de la salud,5,5,5,5,5,5,5,5,5,5,5,5,5,COMUNA 16,
11XjArl7gChPvlxKeA_0APY5pJLeRv53_mZqZUCjAcE8,-Satisfacción del Curso virtual - SELLO DE NO DISCRIMINACIÓN 1°C 2025 - (SELLO_012025),2025-10-01T13:55:00.800Z,,Femenino,Adultez (29 - 59 años),Postgrado,Área de la salud,4,4,4,3,4,4,4,4,4,4,4,4,4,COMUNA 6,
11XjArl7gChPvlxKeA_0APY5pJLeRv53_mZqZUCjAcE8,-Satisfacción del Curso virtual - SELLO DE NO DISCRIMINACIÓN 1°C 2025 - (SELLO_012025),2025-10-22T21:18:01.327Z,,Femenino,Juventud (18 - 28 años),Pregrado,Área de la salud,5,5,5,5,5,5,5,5,5,5,5,5,5,COMUNA 17,
11XjArl7gChPvlxKeA_0APY5pJLeRv53_mZqZUCjAcE8,-Satisfacción del Curso virtual - SELLO DE NO DISCRIMINACIÓN 1°C 2025 - (SELLO_012025),2025-10-07T02:12:30.740Z,,Femenino,Adultez (29 - 59 años),Postgrado,Área de la salud,5,5,5,5,5,5,5,5,5,5,5,5,5,COMUNA 5,
11XjArl7gChPvlxKeA_0APY5pJLeRv53_mZqZUCjAcE8,-Satisfacción del Curso virtual - SELLO DE NO DISCRIMINACIÓN 1°C 2025 - (SELLO_012025),2025-09-25T01:13:32.642Z,,Femenino,Juventud (18 - 28 años),Pregrado,Área de la salud,4,4,4,3,4,3,4,3,1,3,3,5,4,COMUNA 21,
11XjArl7gChPvlxKeA_0APY5pJLeRv53_mZqZUCjAcE8,-Satisfacción del Curso virtual - SELLO DE NO DISCRIMINACIÓN 1°C 2025 - (SELLO_012025),2025-09-21T03:41:02.088Z,,Femenino,Adultez (29 - 59 años),Pregrado,Área de la salud,5,5,5,5,5,5,5,5,5,5,5,5,5,COMUNA 17,
11XjArl7gChPvlxKeA_0APY5pJLeRv53_mZqZUCjAcE8,-Satisfacción del Curso virtual - SELLO DE NO DISCRIMINACIÓN 1°C 2025 - (SELLO_012025),2025-09-24T22:10:37.772Z,,Masculino,Adultez (29 - 59 años),Pregrado,Otro,4,4,4,4,4,4,4,4,4,4,4,4,4,COMUNA 6,
11XjArl7gChPvlxKeA_0APY5pJLeRv53_mZqZUCjAcE8,-Satisfacción del Curso virtual - SELLO DE NO DISCRIMINACIÓN 1°C 2025 - (SELLO_012025),2025-08-26T22:42:17.391Z,,Femenino,Adultez (29 - 59 años),Postgrado,Área de la salud,5,5,5,5,5,5,5,5,5,5,5,5,5,COMUNA 17,
11XjArl7gChPvlxKeA_0APY5pJLeRv53_mZqZUCjAcE8,-Satisfacción del Curso virtual - SELLO DE NO DISCRIMINACIÓN 1°C 2025 - (SELLO_012025),2025-09-24T21:06:51.403Z,,Femenino,Juventud (18 - 28 años),Pregrado,Área de la salud,5,5,5,5,5,5,5,5,5,5,5,5,5,COMUNA 15,
11XjArl7gChPvlxKeA_0APY5pJLeRv53_mZqZUCjAcE8,-Satisfacción del Curso virtual - SELLO DE NO DISCRIMINACIÓN 1°C 2025 - (SELLO_012025),2025-10-07T17:32:41.350Z,,Masculino,Adultez (29 - 59 años),Pregrado,Otro,3,3,3,3,3,3,3,3,3,3,3,3,3,COMUNA 17,
11XjArl7gChPvlxKeA_0APY5pJLeRv53_mZqZUCjAcE8,-Satisfacción del Curso virtual - SELLO DE NO DISCRIMINACIÓN 1°C 2025 - (SELLO_012025),2025-09-29T17:14:55.440Z,,Masculino,Adultez (29 - 59 años),Pregrado,Área de la salud,4,4,4,4,4,4,4,4,4,4,4,4,4,COMUNA 19,
11XjArl7gChPvlxKeA_0APY5pJLeRv53_mZqZUCjAcE8,-Satisfacción del Curso virtual - SELLO DE NO DISCRIMINACIÓN 1°C 2025 - (SELLO_012025),2025-09-20T19:39:21.129Z,,Femenino,Adultez (29 - 59 años),Pregrado,Estudiante,4,4,4,4,4,5,4,4,4,4,4,4,4,COMUNA 13,
11XjArl7gChPvlxKeA_0APY5pJLeRv53_mZqZUCjAcE8,-Satisfacción del Curso virtual - SELLO DE NO DISCRIMINACIÓN 1°C 2025 - (SELLO_012025),2025-09-26T04:53:02.260Z,,Femenino,Adultez (29 - 59 años),Postgrado,Área de la salud,5,5,5,5,5,5,5,5,5,4,4,5,5,COMUNA 2,
11XjArl7gChPvlxKeA_0APY5pJLeRv53_mZqZUCjAcE8,-Satisfacción del Curso virtual - SELLO DE NO DISCRIMINACIÓN 1°C 2025 - (SELLO_012025),2025-09-11T21:51:30.182Z,,Femenino,Adultez (29 - 59 años),Pregrado,Área de la salud,5,5,5,5,5,5,5,5,5,5,5,5,5,C. DE PANCE,
11XjArl7gChPvlxKeA_0APY5pJLeRv53_mZqZUCjAcE8,-Satisfacción del Curso virtual - SELLO DE NO DISCRIMINACIÓN 1°C 2025 - (SELLO_012025),2025-10-07T16:39:07.627Z,,Masculino,Vejez (60 años o más),Pregrado,Área de la salud,4,4,4,4,4,4,4,4,4,3,4,4,4,COMUNA 13,
11XjArl7gChPvlxKeA_0APY5pJLeRv53_mZqZUCjAcE8,-Satisfacción del Curso virtual - SELLO DE NO DISCRIMINACIÓN 1°C 2025 - (SELLO_012025),2025-10-01T17:40:07.940Z,,Femenino,Adultez (29 - 59 años),Pregrado,Área de la salud,4,4,4,4,4,4,4,4,4,4,4,4,4,COMUNA 22,
11XjArl7gChPvlxKeA_0APY5pJLeRv53_mZqZUCjAcE8,-Satisfacción del Curso virtual - SELLO DE NO DISCRIMINACIÓN 1°C 2025 - (SELLO_012025),2025-09-24T00:51:23.294Z,,Femenino,Adultez (29 - 59 años),Pregrado,Otro,4,4,4,3,4,4,4,5,5,5,5,5,5,COMUNA 10,
11XjArl7gChPvlxKeA_0APY5pJLeRv53_mZqZUCjAcE8,-Satisfacción del Curso virtual - SELLO DE NO DISCRIMINACIÓN 1°C 2025 - (SELLO_012025),2025-09-25T00:04:13.446Z,,Masculino,Vejez (60 años o más),Postgrado,Área de la salud,5,5,5,4,5,5,4,4,4,4,4,4,5,COMUNA 12,
11XjArl7gChPvlxKeA_0APY5pJLeRv53_mZqZUCjAcE8,-Satisfacción del Curso virtual - SELLO DE NO DISCRIMINACIÓN 1°C 2025 - (SELLO_012025),2025-10-03T20:09:45.852Z,,Masculino,Adultez (29 - 59 años),Bachiller,Área de la salud,4,4,4,4,4,4,4,4,4,4,4,4,4,COMUNA 20,
11XjArl7gChPvlxKeA_0APY5pJLeRv53_mZqZUCjAcE8,-Satisfacción del Curso virtual - SELLO DE NO DISCRIMINACIÓN 1°C 2025 - (SELLO_012025),2025-09-29T04:41:56.283Z,,Femenino,Vejez (60 años o más),Postgrado,Otro,4,5,4,4,5,5,5,5,4,4,4,4,4,COMUNA 17,
11XjArl7gChPvlxKeA_0APY5pJLeRv53_mZqZUCjAcE8,-Satisfacción del Curso virtual - SELLO DE NO DISCRIMINACIÓN 1°C 2025 - (SELLO_012025),2025-09-27T01:58:32.525Z,,Femenino,Adultez (29 - 59 años),Bachiller,Área de la salud,5,5,5,5,5,5,5,5,5,5,5,5,5,COMUNA 6,
11XjArl7gChPvlxKeA_0APY5pJLeRv53_mZqZUCjAcE8,-Satisfacción del Curso virtual - SELLO DE NO DISCRIMINACIÓN 1°C 2025 - (SELLO_012025),2025-08-20T16:49:47.959Z,,Femenino,Adultez (29 - 59 años),Postgrado,Área de la salud,4,4,4,4,4,4,4,4,4,4,4,4,4,COMUNA 17,
11XjArl7gChPvlxKeA_0APY5pJLeRv53_mZqZUCjAcE8,-Satisfacción del Curso virtual - SELLO DE NO DISCRIMINACIÓN 1°C 2025 - (SELLO_012025),2025-10-05T01:58:31.782Z,,Masculino,Vejez (60 años o más),Bachiller,Área de la salud,5,5,5,5,5,5,5,5,5,5,5,5,5,COMUNA 17,
11XjArl7gChPvlxKeA_0APY5pJLeRv53_mZqZUCjAcE8,-Satisfacción del Curso virtual - SELLO DE NO DISCRIMINACIÓN 1°C 2025 - (SELLO_012025),2025-10-28T22:32:58.234Z,,Masculino,Juventud (18 - 28 años),Pregrado,Área de la salud,4,4,4,4,4,4,4,4,4,4,4,4,4,COMUNA 18,
11XjArl7gChPvlxKeA_0APY5pJLeRv53_mZqZUCjAcE8,-Satisfacción del Curso virtual - SELLO DE NO DISCRIMINACIÓN 1°C 2025 - (SELLO_012025),2025-09-25T18:08:32.618Z,,Masculino,Adultez (29 - 59 años),Pregrado,Otro,4,4,3,3,4,3,4,3,3,3,4,4,3,COMUNA 17,
11XjArl7gChPvlxKeA_0APY5pJLeRv53_mZqZUCjAcE8,-Satisfacción del Curso virtual - SELLO DE NO DISCRIMINACIÓN 1°C 2025 - (SELLO_012025),2025-09-26T04:20:31.794Z,,Femenino,Juventud (18 - 28 años),Pregrado,Área de la salud,4,4,4,5,5,4,4,4,5,5,5,4,4,COMUNA 16,
11XjArl7gChPvlxKeA_0APY5pJLeRv53_mZqZUCjAcE8,-Satisfacción del Curso virtual - SELLO DE NO DISCRIMINACIÓN 1°C 2025 - (SELLO_012025),2025-10-07T20:44:35.596Z,,Masculino,Adultez (29 - 59 años),Pregrado,Área de la salud,5,5,5,5,5,5,5,5,5,5,5,5,5,COMUNA 7,
11XjArl7gChPvlxKeA_0APY5pJLeRv53_mZqZUCjAcE8,-Satisfacción del Curso virtual - SELLO DE NO DISCRIMINACIÓN 1°C 2025 - (SELLO_012025),2025-08-26T19:13:26.615Z,,Femenino,Adultez (29 - 59 años),Pregrado,Área de la salud,5,5,5,5,5,5,5,5,5,5,5,5,5,COMUNA 7,
11XjArl7gChPvlxKeA_0APY5pJLeRv53_mZqZUCjAcE8,-Satisfacción del Curso virtual - SELLO DE NO DISCRIMINACIÓN 1°C 2025 - (SELLO_012025),2025-09-16T16:21:07.621Z,,Femenino,Adultez (29 - 59 años),Pregrado,Área de la salud,4,4,4,4,4,4,4,4,4,4,3,4,3,COMUNA 17,
11XjArl7gChPvlxKeA_0APY5pJLeRv53_mZqZUCjAcE8,-Satisfacción del Curso virtual - SELLO DE NO DISCRIMINACIÓN 1°C 2025 - (SELLO_012025),2025-09-25T20:25:36.475Z,,Femenino,Adultez (29 - 59 años),Pregrado,Otro,5,5,5,5,5,5,5,5,5,5,5,5,5,COMUNA 12,
11XjArl7gChPvlxKeA_0APY5pJLeRv53_mZqZUCjAcE8,-Satisfacción del Curso virtual - SELLO DE NO DISCRIMINACIÓN 1°C 2025 - (SELLO_012025),2025-09-24T00:49:49.360Z,,Femenino,Adultez (29 - 59 años),Pregrado,Área de la salud,5,5,4,5,5,5,5,5,4,5,5,5,5,COMUNA 18,
11XjArl7gChPvlxKeA_0APY5pJLeRv53_mZqZUCjAcE8,-Satisfacción del Curso virtual - SELLO DE NO DISCRIMINACIÓN 1°C 2025 - (SELLO_012025),2025-11-26T02:26:25.499Z,,Masculino,Vejez (60 años o más),Pregrado,Área de la salud,4,4,4,4,4,4,4,4,4,4,4,4,4,COMUNA 17,
11XjArl7gChPvlxKeA_0APY5pJLeRv53_mZqZUCjAcE8,-Satisfacción del Curso virtual - SELLO DE NO DISCRIMINACIÓN 1°C 2025 - (SELLO_012025),2025-10-03T16:52:01.222Z,,Femenino,Juventud (18 - 28 años),Pregrado,Área de la salud,5,5,5,5,5,5,5,5,5,5,5,5,5,COMUNA 5,
11XjArl7gChPvlxKeA_0APY5pJLeRv53_mZqZUCjAcE8,-Satisfacción del Curso virtual - SELLO DE NO DISCRIMINACIÓN 1°C 2025 - (SELLO_012025),2025-09-24T18:37:43.766Z,,Femenino,Adultez (29 - 59 años),Pregrado,Área de la salud,4,4,4,4,4,4,4,4,4,4,4,4,4,COMUNA 8,
11XjArl7gChPvlxKeA_0APY5pJLeRv53_mZqZUCjAcE8,-Satisfacción del Curso virtual - SELLO DE NO DISCRIMINACIÓN 1°C 2025 - (SELLO_012025),2025-09-25T15:57:58.251Z,,Femenino,Adultez (29 - 59 años),Postgrado,Otro,5,4,5,3,5,3,4,5,3,3,5,5,4,COMUNA 10,
11XjArl7gChPvlxKeA_0APY5pJLeRv53_mZqZUCjAcE8,-Satisfacción del Curso virtual - SELLO DE NO DISCRIMINACIÓN 1°C 2025 - (SELLO_012025),2025-09-03T20:21:43.036Z,,Masculino,Adultez (29 - 59 años),Postgrado,Otro,5,5,5,5,5,5,5,5,5,5,5,5,5,COMUNA 19,
11XjArl7gChPvlxKeA_0APY5pJLeRv53_mZqZUCjAcE8,-Satisfacción del Curso virtual - SELLO DE NO DISCRIMINACIÓN 1°C 2025 - (SELLO_012025),2025-08-22T16:50:42.251Z,,Masculino,Adultez (29 - 59 años),Postgrado,Área de la salud,4,4,4,4,4,4,4,4,3,3,3,3,4,COMUNA 2,
11XjArl7gChPvlxKeA_0APY5pJLeRv53_mZqZUCjAcE8,-Satisfacción del Curso virtual - SELLO DE NO DISCRIMINACIÓN 1°C 2025 - (SELLO_012025),2025-09-26T21:15:48.123Z,,Femenino,Vejez (60 años o más),Pregrado,Área de la salud,4,3,4,4,4,4,4,4,1,1,4,4,3,COMUNA 15,
11XjArl7gChPvlxKeA_0APY5pJLeRv53_mZqZUCjAcE8,-Satisfacción del Curso virtual - SELLO DE NO DISCRIMINACIÓN 1°C 2025 - (SELLO_012025),2025-09-25T19:24:54.016Z,,Femenino,Adultez (29 - 59 años),Pregrado,Área de la salud,4,4,4,4,4,4,4,4,4,4,4,4,4,COMUNA 7,
11XjArl7gChPvlxKeA_0APY5pJLeRv53_mZqZUCjAcE8,-Satisfacción del Curso virtual - SELLO DE NO DISCRIMINACIÓN 1°C 2025 - (SELLO_012025),2025-10-05T18:02:37.615Z,,Masculino,Adultez (29 - 59 años),Postgrado,Otro,4,4,4,4,4,4,4,4,4,4,4,4,4,COMUNA 11,
11XjArl7gChPvlxKeA_0APY5pJLeRv53_mZqZUCjAcE8,-Satisfacción del Curso virtual - SELLO DE NO DISCRIMINACIÓN 1°C 2025 - (SELLO_012025),2025-09-23T22:45:38.135Z,,Femenino,Adultez (29 - 59 años),Bachiller,Área de la salud,5,5,5,5,5,5,5,5,5,5,5,5,5,COMUNA 7,
11XjArl7gChPvlxKeA_0APY5pJLeRv53_mZqZUCjAcE8,-Satisfacción del Curso virtual - SELLO DE NO DISCRIMINACIÓN 1°C 2025 - (SELLO_012025),2025-08-25T21:46:59.828Z,,Masculino,Adultez (29 - 59 años),Postgrado,Otro,5,5,5,5,5,5,5,5,5,5,5,5,5,COMUNA 10,
11XjArl7gChPvlxKeA_0APY5pJLeRv53_mZqZUCjAcE8,-Satisfacción del Curso virtual - SELLO DE NO DISCRIMINACIÓN 1°C 2025 - (SELLO_012025),2026-05-12T14:48:02.632Z,,Femenino,Adultez (29 - 59 años),Pregrado,Área de la salud,5,5,5,5,5,5,5,5,5,5,5,5,5,COMUNA 3,
11XjArl7gChPvlxKeA_0APY5pJLeRv53_mZqZUCjAcE8,-Satisfacción del Curso virtual - SELLO DE NO DISCRIMINACIÓN 1°C 2025 - (SELLO_012025),2025-11-11T16:36:05.297Z,,Femenino,Juventud (18 - 28 años),Pregrado,Área de la salud,3,4,4,4,5,5,3,4,4,1,4,4,3,COMUNA 5,
11XjArl7gChPvlxKeA_0APY5pJLeRv53_mZqZUCjAcE8,-Satisfacción del Curso virtual - SELLO DE NO DISCRIMINACIÓN 1°C 2025 - (SELLO_012025),2025-10-07T20:42:24.746Z,,Masculino,Adultez (29 - 59 años),Bachiller,Área de la salud,5,5,5,5,5,5,5,5,4,5,4,4,5,COMUNA 17,
11XjArl7gChPvlxKeA_0APY5pJLeRv53_mZqZUCjAcE8,-Satisfacción del Curso virtual - SELLO DE NO DISCRIMINACIÓN 1°C 2025 - (SELLO_012025),2025-09-29T14:48:18.701Z,,Masculino,Juventud (18 - 28 años),Pregrado,Área de la salud,4,4,4,4,4,4,4,4,4,4,4,3,4,COMUNA 13,
11XjArl7gChPvlxKeA_0APY5pJLeRv53_mZqZUCjAcE8,-Satisfacción del Curso virtual - SELLO DE NO DISCRIMINACIÓN 1°C 2025 - (SELLO_012025),2025-09-26T16:51:37.871Z,,Masculino,Adultez (29 - 59 años),Pregrado,Área de la salud,5,5,5,5,5,5,5,5,5,5,5,5,5,COMUNA 15,
11XjArl7gChPvlxKeA_0APY5pJLeRv53_mZqZUCjAcE8,-Satisfacción del Curso virtual - SELLO DE NO DISCRIMINACIÓN 1°C 2025 - (SELLO_012025),2025-10-21T22:31:18.884Z,,Masculino,Adultez (29 - 59 años),Pregrado,Área de la salud,4,5,5,5,5,5,5,5,5,5,5,5,5,COMUNA 17,
11XjArl7gChPvlxKeA_0APY5pJLeRv53_mZqZUCjAcE8,-Satisfacción del Curso virtual - SELLO DE NO DISCRIMINACIÓN 1°C 2025 - (SELLO_012025),2025-09-24T04:05:26.016Z,,Masculino,Adultez (29 - 59 años),Pregrado,Área de la salud,5,5,5,5,5,5,5,5,5,5,5,5,5,COMUNA 20,
11XjArl7gChPvlxKeA_0APY5pJLeRv53_mZqZUCjAcE8,-Satisfacción del Curso virtual - SELLO DE NO DISCRIMINACIÓN 1°C 2025 - (SELLO_012025),2025-09-19T13:14:09.839Z,,Femenino,Adultez (29 - 59 años),Pregrado,Área de la salud,5,4,4,5,4,5,5,5,5,3,5,5,5,COMUNA 6,
11XjArl7gChPvlxKeA_0APY5pJLeRv53_mZqZUCjAcE8,-Satisfacción del Curso virtual - SELLO DE NO DISCRIMINACIÓN 1°C 2025 - (SELLO_012025),2025-09-24T15:59:42.524Z,,Intersexual,Adultez (29 - 59 años),Postgrado,Área de la salud,3,3,4,3,4,3,4,3,3,3,3,4,3,COMUNA 19,
11XjArl7gChPvlxKeA_0APY5pJLeRv53_mZqZUCjAcE8,-Satisfacción del Curso virtual - SELLO DE NO DISCRIMINACIÓN 1°C 2025 - (SELLO_012025),2025-10-01T16:21:43.816Z,,Masculino,Adultez (29 - 59 años),Bachiller,Área de la salud,5,5,5,5,5,5,5,5,5,5,5,5,5,COMUNA 4,
11XjArl7gChPvlxKeA_0APY5pJLeRv53_mZqZUCjAcE8,-Satisfacción del Curso virtual - SELLO DE NO DISCRIMINACIÓN 1°C 2025 - (SELLO_012025),2025-09-23T23:11:42.892Z,,Masculino,Adultez (29 - 59 años),Pregrado,Estudiante,5,5,5,5,5,5,5,4,2,3,5,4,5,COMUNA 7,
11XjArl7gChPvlxKeA_0APY5pJLeRv53_mZqZUCjAcE8,-Satisfacción del Curso virtual - SELLO DE NO DISCRIMINACIÓN 1°C 2025 - (SELLO_012025),2026-03-06T16:58:29.134Z,,Masculino,Vejez (60 años o más),Postgrado,Área de la salud,4,4,4,4,4,4,4,4,4,4,5,5,5,COMUNA 3,
11XjArl7gChPvlxKeA_0APY5pJLeRv53_mZqZUCjAcE8,-Satisfacción del Curso virtual - SELLO DE NO DISCRIMINACIÓN 1°C 2025 - (SELLO_012025),2025-09-29T16:36:25.051Z,,Femenino,Adultez (29 - 59 años),Postgrado,Área de la salud,4,4,4,4,5,4,4,4,4,4,4,4,4,COMUNA 12,
11XjArl7gChPvlxKeA_0APY5pJLeRv53_mZqZUCjAcE8,-Satisfacción del Curso virtual - SELLO DE NO DISCRIMINACIÓN 1°C 2025 - (SELLO_012025),2025-09-30T03:32:35.889Z,,Femenino,Adultez (29 - 59 años),Pregrado,Área de la salud,4,4,4,4,5,5,3,4,4,4,4,4,4,COMUNA 2,
11XjArl7gChPvlxKeA_0APY5pJLeRv53_mZqZUCjAcE8,-Satisfacción del Curso virtual - SELLO DE NO DISCRIMINACIÓN 1°C 2025 - (SELLO_012025),2025-08-19T22:10:47.581Z,,Femenino,Adultez (29 - 59 años),Bachiller,Otro,5,5,5,5,5,5,5,5,5,5,5,5,5,COMUNA 12,
11XjArl7gChPvlxKeA_0APY5pJLeRv53_mZqZUCjAcE8,-Satisfacción del Curso virtual - SELLO DE NO DISCRIMINACIÓN 1°C 2025 - (SELLO_012025),2025-09-24T15:17:13.293Z,,Masculino,Adultez (29 - 59 años),Pregrado,Área de la salud,5,5,5,5,5,5,5,5,5,5,5,5,5,COMUNA 16,
11XjArl7gChPvlxKeA_0APY5pJLeRv53_mZqZUCjAcE8,-Satisfacción del Curso virtual - SELLO DE NO DISCRIMINACIÓN 1°C 2025 - (SELLO_012025),2025-10-02T13:04:03.014Z,,Femenino,Adultez (29 - 59 años),Pregrado,Otro,5,5,5,4,5,5,5,5,5,5,5,5,5,COMUNA 20,
11XjArl7gChPvlxKeA_0APY5pJLeRv53_mZqZUCjAcE8,-Satisfacción del Curso virtual - SELLO DE NO DISCRIMINACIÓN 1°C 2025 - (SELLO_012025),2025-11-06T17:02:29.822Z,,Masculino,Adultez (29 - 59 años),Pregrado,Otro,5,5,5,5,5,5,5,5,5,5,5,5,5,COMUNA 5,
11XjArl7gChPvlxKeA_0APY5pJLeRv53_mZqZUCjAcE8,-Satisfacción del Curso virtual - SELLO DE NO DISCRIMINACIÓN 1°C 2025 - (SELLO_012025),2025-11-05T17:53:39.383Z,,Femenino,Adultez (29 - 59 años),Postgrado,Área de la salud,5,5,4,5,4,5,4,4,4,3,4,4,4,COMUNA 17,
11XjArl7gChPvlxKeA_0APY5pJLeRv53_mZqZUCjAcE8,-Satisfacción del Curso virtual - SELLO DE NO DISCRIMINACIÓN 1°C 2025 - (SELLO_012025),2025-09-30T04:27:18.727Z,,Femenino,Juventud (18 - 28 años),Pregrado,Área de la salud,5,5,5,5,5,5,5,5,5,5,5,5,5,COMUNA 21,
11XjArl7gChPvlxKeA_0APY5pJLeRv53_mZqZUCjAcE8,-Satisfacción del Curso virtual - SELLO DE NO DISCRIMINACIÓN 1°C 2025 - (SELLO_012025),2025-09-26T05:41:58.874Z,,Femenino,Adultez (29 - 59 años),Pregrado,Área de la salud,5,5,5,5,5,5,4,4,4,4,3,4,4,COMUNA 15,
11XjArl7gChPvlxKeA_0APY5pJLeRv53_mZqZUCjAcE8,-Satisfacción del Curso virtual - SELLO DE NO DISCRIMINACIÓN 1°C 2025 - (SELLO_012025),2025-09-26T02:01:46.771Z,,Masculino,Adultez (29 - 59 años),Postgrado,Área de la salud,3,4,4,5,4,4,2,4,4,2,5,4,4,COMUNA 17,
11XjArl7gChPvlxKeA_0APY5pJLeRv53_mZqZUCjAcE8,-Satisfacción del Curso virtual - SELLO DE NO DISCRIMINACIÓN 1°C 2025 - (SELLO_012025),2025-09-25T02:02:01.711Z,,Masculino,Adultez (29 - 59 años),Bachiller,Área de la salud,5,5,5,5,5,5,5,5,5,5,5,5,5,COMUNA 13,
11XjArl7gChPvlxKeA_0APY5pJLeRv53_mZqZUCjAcE8,-Satisfacción del Curso virtual - SELLO DE NO DISCRIMINACIÓN 1°C 2025 - (SELLO_012025),2025-09-24T15:40:09.600Z,,Femenino,Adultez (29 - 59 años),Bachiller,Otro,5,5,5,5,5,5,5,5,5,5,5,5,5,COMUNA 1,
11XjArl7gChPvlxKeA_0APY5pJLeRv53_mZqZUCjAcE8,-Satisfacción del Curso virtual - SELLO DE NO DISCRIMINACIÓN 1°C 2025 - (SELLO_012025),2025-09-29T03:04:57.703Z,,Masculino,Adultez (29 - 59 años),Postgrado,Área de la salud,5,5,4,5,5,5,4,5,4,4,4,4,5,COMUNA 14,
11XjArl7gChPvlxKeA_0APY5pJLeRv53_mZqZUCjAcE8,-Satisfacción del Curso virtual - SELLO DE NO DISCRIMINACIÓN 1°C 2025 - (SELLO_012025),2025-09-25T01:21:31.249Z,,Femenino,Adultez (29 - 59 años),Pregrado,Área de la salud,5,5,5,4,4,4,5,4,4,4,5,5,5,COMUNA 13,
11XjArl7gChPvlxKeA_0APY5pJLeRv53_mZqZUCjAcE8,-Satisfacción del Curso virtual - SELLO DE NO DISCRIMINACIÓN 1°C 2025 - (SELLO_012025),2025-10-04T04:37:44.343Z,,Femenino,Adultez (29 - 59 años),Postgrado,Área de la salud,5,5,5,5,5,5,5,5,5,5,5,5,5,COMUNA 7,
11XjArl7gChPvlxKeA_0APY5pJLeRv53_mZqZUCjAcE8,-Satisfacción del Curso virtual - SELLO DE NO DISCRIMINACIÓN 1°C 2025 - (SELLO_012025),2025-10-31T03:20:14.501Z,,Femenino,Juventud (18 - 28 años),Bachiller,Otro,5,5,5,5,5,5,5,5,5,5,5,5,5,C. DE EL HORMIGUERO,
11XjArl7gChPvlxKeA_0APY5pJLeRv53_mZqZUCjAcE8,-Satisfacción del Curso virtual - SELLO DE NO DISCRIMINACIÓN 1°C 2025 - (SELLO_012025),2025-10-30T14:00:54.977Z,,Femenino,Adultez (29 - 59 años),Bachiller,Área de la salud,5,5,5,5,5,5,5,5,5,5,5,5,5,COMUNA 17,
11XjArl7gChPvlxKeA_0APY5pJLeRv53_mZqZUCjAcE8,-Satisfacción del Curso virtual - SELLO DE NO DISCRIMINACIÓN 1°C 2025 - (SELLO_012025),2025-09-25T21:44:16.378Z,,Masculino,Vejez (60 años o más),Pregrado,Área de la salud,5,5,5,5,5,5,5,5,5,5,5,5,5,COMUNA 5,
11XjArl7gChPvlxKeA_0APY5pJLeRv53_mZqZUCjAcE8,-Satisfacción del Curso virtual - SELLO DE NO DISCRIMINACIÓN 1°C 2025 - (SELLO_012025),2025-10-01T14:29:35.486Z,,Masculino,Adultez (29 - 59 años),Pregrado,Otro,4,4,4,3,4,4,4,4,4,3,3,4,3,COMUNA 3,
11XjArl7gChPvlxKeA_0APY5pJLeRv53_mZqZUCjAcE8,-Satisfacción del Curso virtual - SELLO DE NO DISCRIMINACIÓN 1°C 2025 - (SELLO_012025),2025-10-22T03:32:08.041Z,,Masculino,Juventud (18 - 28 años),Pregrado,Área de la salud,4,4,4,4,4,4,4,4,4,4,4,4,4,COMUNA 18,
11XjArl7gChPvlxKeA_0APY5pJLeRv53_mZqZUCjAcE8,-Satisfacción del Curso virtual - SELLO DE NO DISCRIMINACIÓN 1°C 2025 - (SELLO_012025),2025-09-11T20:09:07.075Z,,Femenino,Adultez (29 - 59 años),Pregrado,Área de la salud,5,5,5,5,5,5,5,5,5,5,5,5,5,COMUNA 2,
11XjArl7gChPvlxKeA_0APY5pJLeRv53_mZqZUCjAcE8,-Satisfacción del Curso virtual - SELLO DE NO DISCRIMINACIÓN 1°C 2025 - (SELLO_012025),2025-09-26T20:42:24.604Z,,Masculino,Adultez (29 - 59 años),Postgrado,Otro,5,5,5,5,5,5,5,5,5,5,5,5,5,COMUNA 8,
11XjArl7gChPvlxKeA_0APY5pJLeRv53_mZqZUCjAcE8,-Satisfacción del Curso virtual - SELLO DE NO DISCRIMINACIÓN 1°C 2025 - (SELLO_012025),2025-10-28T14:58:37.831Z,,Femenino,Adultez (29 - 59 años),Postgrado,Otro,5,5,5,5,5,5,4,4,5,5,5,5,5,COMUNA 3,
11XjArl7gChPvlxKeA_0APY5pJLeRv53_mZqZUCjAcE8,-Satisfacción del Curso virtual - SELLO DE NO DISCRIMINACIÓN 1°C 2025 - (SELLO_012025),2025-09-26T19:47:44.466Z,,Masculino,Adultez (29 - 59 años),Postgrado,Área de la salud,5,5,5,5,5,5,5,4,5,4,5,5,5,COMUNA 8,
11XjArl7gChPvlxKeA_0APY5pJLeRv53_mZqZUCjAcE8,-Satisfacción del Curso virtual - SELLO DE NO DISCRIMINACIÓN 1°C 2025 - (SELLO_012025),2025-10-22T21:07:07.408Z,,Masculino,Adultez (29 - 59 años),Postgrado,Área de la salud,5,5,5,5,5,5,5,5,5,5,5,5,5,COMUNA 19,
11XjArl7gChPvlxKeA_0APY5pJLeRv53_mZqZUCjAcE8,-Satisfacción del Curso virtual - SELLO DE NO DISCRIMINACIÓN 1°C 2025 - (SELLO_012025),2025-10-07T15:10:15.969Z,,Masculino,Vejez (60 años o más),Bachiller,Área de la salud,3,4,2,2,2,3,3,3,1,1,2,2,1,COMUNA 5,
11XjArl7gChPvlxKeA_0APY5pJLeRv53_mZqZUCjAcE8,-Satisfacción del Curso virtual - SELLO DE NO DISCRIMINACIÓN 1°C 2025 - (SELLO_012025),2026-06-24T17:05:29.738Z,,Femenino,Adultez (29 - 59 años),Postgrado,Otro,5,5,5,5,5,5,5,5,4,5,5,5,5,COMUNA 6,
11XjArl7gChPvlxKeA_0APY5pJLeRv53_mZqZUCjAcE8,-Satisfacción del Curso virtual - SELLO DE NO DISCRIMINACIÓN 1°C 2025 - (SELLO_012025),2025-08-20T16:56:45.324Z,,Femenino,Adultez (29 - 59 años),Pregrado,Otro,5,5,5,5,5,4,4,5,4,5,5,5,5,COMUNA 8,
11XjArl7gChPvlxKeA_0APY5pJLeRv53_mZqZUCjAcE8,-Satisfacción del Curso virtual - SELLO DE NO DISCRIMINACIÓN 1°C 2025 - (SELLO_012025),2025-09-24T19:12:01.599Z,,Femenino,Adultez (29 - 59 años),Pregrado,Área de la salud,4,4,4,3,4,4,4,4,4,3,4,4,4,COMUNA 19,
11XjArl7gChPvlxKeA_0APY5pJLeRv53_mZqZUCjAcE8,-Satisfacción del Curso virtual - SELLO DE NO DISCRIMINACIÓN 1°C 2025 - (SELLO_012025),2025-09-24T17:14:25.648Z,,Masculino,Vejez (60 años o más),Bachiller,Área de la salud,5,5,5,5,5,5,5,5,5,5,5,5,5,COMUNA 19,
11XjArl7gChPvlxKeA_0APY5pJLeRv53_mZqZUCjAcE8,-Satisfacción del Curso virtual - SELLO DE NO DISCRIMINACIÓN 1°C 2025 - (SELLO_012025),2025-10-02T23:17:49.553Z,,Femenino,Juventud (18 - 28 años),Pregrado,Otro,5,5,5,5,5,5,5,5,5,5,5,5,5,COMUNA 19,
11XjArl7gChPvlxKeA_0APY5pJLeRv53_mZqZUCjAcE8,-Satisfacción del Curso virtual - SELLO DE NO DISCRIMINACIÓN 1°C 2025 - (SELLO_012025),2026-05-13T01:57:53.515Z,,Masculino,Adultez (29 - 59 años),Pregrado,Área de la salud,5,5,5,5,5,5,4,5,4,5,5,4,5,COMUNA 17,
11XjArl7gChPvlxKeA_0APY5pJLeRv53_mZqZUCjAcE8,-Satisfacción del Curso virtual - SELLO DE NO DISCRIMINACIÓN 1°C 2025 - (SELLO_012025),2025-11-30T02:57:52.561Z,,Femenino,Adultez (29 - 59 años),Pregrado,Área de la salud,5,5,5,5,5,5,5,5,5,5,5,5,5,C. DE FELIDIA,
11XjArl7gChPvlxKeA_0APY5pJLeRv53_mZqZUCjAcE8,-Satisfacción del Curso virtual - SELLO DE NO DISCRIMINACIÓN 1°C 2025 - (SELLO_012025),2025-09-25T16:46:06.717Z,,Femenino,Adultez (29 - 59 años),Bachiller,Área de la salud,4,5,4,3,5,5,4,3,1,4,4,5,5,COMUNA 2,
11XjArl7gChPvlxKeA_0APY5pJLeRv53_mZqZUCjAcE8,-Satisfacción del Curso virtual - SELLO DE NO DISCRIMINACIÓN 1°C 2025 - (SELLO_012025),2026-04-01T20:31:36.677Z,,Masculino,Adultez (29 - 59 años),Postgrado,Área de la salud,5,5,5,5,5,5,5,5,5,5,5,5,5,COMUNA 10,
11XjArl7gChPvlxKeA_0APY5pJLeRv53_mZqZUCjAcE8,-Satisfacción del Curso virtual - SELLO DE NO DISCRIMINACIÓN 1°C 2025 - (SELLO_012025),2025-10-06T15:46:20.022Z,,Masculino,Adultez (29 - 59 años),Bachiller,Área de la salud,5,5,5,5,5,5,5,5,5,5,5,5,5,COMUNA 21,
11XjArl7gChPvlxKeA_0APY5pJLeRv53_mZqZUCjAcE8,-Satisfacción del Curso virtual - SELLO DE NO DISCRIMINACIÓN 1°C 2025 - (SELLO_012025),2025-09-25T18:52:18.652Z,,Femenino,Juventud (18 - 28 años),Pregrado,Área de la salud,5,5,5,5,5,5,5,5,5,5,5,5,4,COMUNA 6,
11XjArl7gChPvlxKeA_0APY5pJLeRv53_mZqZUCjAcE8,-Satisfacción del Curso virtual - SELLO DE NO DISCRIMINACIÓN 1°C 2025 - (SELLO_012025),2025-11-20T17:09:32.789Z,,Femenino,Adultez (29 - 59 años),Postgrado,Otro,5,5,5,5,5,5,5,5,5,5,5,5,5,COMUNA 21,
11XjArl7gChPvlxKeA_0APY5pJLeRv53_mZqZUCjAcE8,-Satisfacción del Curso virtual - SELLO DE NO DISCRIMINACIÓN 1°C 2025 - (SELLO_012025),2025-10-09T17:37:21.657Z,,Femenino,Adultez (29 - 59 años),Postgrado,Área de la salud,5,5,5,5,5,5,5,5,5,5,5,5,5,COMUNA 4,
11XjArl7gChPvlxKeA_0APY5pJLeRv53_mZqZUCjAcE8,-Satisfacción del Curso virtual - SELLO DE NO DISCRIMINACIÓN 1°C 2025 - (SELLO_012025),2025-10-07T14:10:44.920Z,,Masculino,Adultez (29 - 59 años),Ninguna,Área de la salud,4,5,4,4,4,5,4,4,4,4,4,5,4,COMUNA 1,
11XjArl7gChPvlxKeA_0APY5pJLeRv53_mZqZUCjAcE8,-Satisfacción del Curso virtual - SELLO DE NO DISCRIMINACIÓN 1°C 2025 - (SELLO_012025),2025-09-24T04:47:36.003Z,,Femenino,Adultez (29 - 59 años),Pregrado,Área de la salud,5,5,5,5,5,5,5,5,5,5,5,5,5,COMUNA 6,
11XjArl7gChPvlxKeA_0APY5pJLeRv53_mZqZUCjAcE8,-Satisfacción del Curso virtual - SELLO DE NO DISCRIMINACIÓN 1°C 2025 - (SELLO_012025),2025-09-25T00:26:04.557Z,,Femenino,Adultez (29 - 59 años),Postgrado,Área de la salud,5,5,5,5,5,5,5,5,5,5,5,5,5,COMUNA 19,
11XjArl7gChPvlxKeA_0APY5pJLeRv53_mZqZUCjAcE8,-Satisfacción del Curso virtual - SELLO DE NO DISCRIMINACIÓN 1°C 2025 - (SELLO_012025),2025-12-17T21:21:40.020Z,,Femenino,Adultez (29 - 59 años),Postgrado,Otro,5,5,5,5,5,5,5,5,5,5,5,5,5,COMUNA 20,
11XjArl7gChPvlxKeA_0APY5pJLeRv53_mZqZUCjAcE8,-Satisfacción del Curso virtual - SELLO DE NO DISCRIMINACIÓN 1°C 2025 - (SELLO_012025),2025-10-19T01:14:21.956Z,,Femenino,Juventud (18 - 28 años),Pregrado,Área de la salud,5,5,5,5,5,5,5,5,5,5,5,5,5,COMUNA 17,
11XjArl7gChPvlxKeA_0APY5pJLeRv53_mZqZUCjAcE8,-Satisfacción del Curso virtual - SELLO DE NO DISCRIMINACIÓN 1°C 2025 - (SELLO_012025),2025-10-01T20:57:24.291Z,,Femenino,Adultez (29 - 59 años),Postgrado,Otro,5,5,4,4,5,4,5,5,4,4,4,5,5,C. DE LOS ANDES,
11XjArl7gChPvlxKeA_0APY5pJLeRv53_mZqZUCjAcE8,-Satisfacción del Curso virtual - SELLO DE NO DISCRIMINACIÓN 1°C 2025 - (SELLO_012025),2025-10-07T13:50:45.466Z,,Femenino,Juventud (18 - 28 años),Pregrado,Área de la salud,5,5,5,5,5,5,5,5,5,5,5,5,5,COMUNA 9,
11XjArl7gChPvlxKeA_0APY5pJLeRv53_mZqZUCjAcE8,-Satisfacción del Curso virtual - SELLO DE NO DISCRIMINACIÓN 1°C 2025 - (SELLO_012025),2025-10-06T19:03:12.160Z,,Masculino,Adultez (29 - 59 años),Postgrado,Área de la salud,5,4,4,5,4,4,5,4,5,5,5,4,5,COMUNA 5,
11XjArl7gChPvlxKeA_0APY5pJLeRv53_mZqZUCjAcE8,-Satisfacción del Curso virtual - SELLO DE NO DISCRIMINACIÓN 1°C 2025 - (SELLO_012025),2025-10-01T19:48:26.009Z,,Masculino,Adultez (29 - 59 años),Pregrado,Área de la salud,5,5,5,5,5,5,5,5,5,5,5,5,5,COMUNA 13,
11XjArl7gChPvlxKeA_0APY5pJLeRv53_mZqZUCjAcE8,-Satisfacción del Curso virtual - SELLO DE NO DISCRIMINACIÓN 1°C 2025 - (SELLO_012025),2025-09-25T19:56:25.933Z,,Masculino,Adultez (29 - 59 años),Bachiller,Área de la salud,5,5,5,5,5,5,5,5,5,5,5,5,5,COMUNA 9,
11XjArl7gChPvlxKeA_0APY5pJLeRv53_mZqZUCjAcE8,-Satisfacción del Curso virtual - SELLO DE NO DISCRIMINACIÓN 1°C 2025 - (SELLO_012025),2025-09-24T01:33:56.802Z,,Masculino,Adultez (29 - 59 años),Pregrado,Área de la salud,5,5,5,5,5,5,5,5,5,5,5,5,5,COMUNA 19,
11XjArl7gChPvlxKeA_0APY5pJLeRv53_mZqZUCjAcE8,-Satisfacción del Curso virtual - SELLO DE NO DISCRIMINACIÓN 1°C 2025 - (SELLO_012025),2025-09-24T23:26:08.087Z,,Femenino,Adultez (29 - 59 años),Pregrado,Otro,5,5,5,5,5,5,5,5,5,5,5,5,5,COMUNA 2,
11XjArl7gChPvlxKeA_0APY5pJLeRv53_mZqZUCjAcE8,-Satisfacción del Curso virtual - SELLO DE NO DISCRIMINACIÓN 1°C 2025 - (SELLO_012025),2026-06-25T21:15:21.654Z,,Femenino,Adultez (29 - 59 años),Pregrado,Área de la salud,4,4,5,4,4,4,4,4,4,4,4,4,4,COMUNA 11,
11XjArl7gChPvlxKeA_0APY5pJLeRv53_mZqZUCjAcE8,-Satisfacción del Curso virtual - SELLO DE NO DISCRIMINACIÓN 1°C 2025 - (SELLO_012025),2025-10-31T19:10:57.967Z,,Femenino,Adultez (29 - 59 años),Bachiller,Otro,4,4,5,5,5,5,5,5,3,3,5,5,4,COMUNA 17,
11XjArl7gChPvlxKeA_0APY5pJLeRv53_mZqZUCjAcE8,-Satisfacción del Curso virtual - SELLO DE NO DISCRIMINACIÓN 1°C 2025 - (SELLO_012025),2025-09-25T03:43:13.589Z,,Masculino,Adultez (29 - 59 años),Pregrado,Área de la salud,1,1,1,1,1,1,1,1,1,1,1,1,1,COMUNA 16,
11XjArl7gChPvlxKeA_0APY5pJLeRv53_mZqZUCjAcE8,-Satisfacción del Curso virtual - SELLO DE NO DISCRIMINACIÓN 1°C 2025 - (SELLO_012025),2025-09-27T02:01:01.591Z,,Masculino,Vejez (60 años o más),Bachiller,Área de la salud,5,5,5,5,5,5,5,5,5,5,5,5,5,COMUNA 10,
11XjArl7gChPvlxKeA_0APY5pJLeRv53_mZqZUCjAcE8,-Satisfacción del Curso virtual - SELLO DE NO DISCRIMINACIÓN 1°C 2025 - (SELLO_012025),2025-10-07T20:43:02.255Z,,Masculino,Adultez (29 - 59 años),Pregrado,Área de la salud,5,5,5,4,5,5,4,5,5,5,5,4,5,COMUNA 6,
11XjArl7gChPvlxKeA_0APY5pJLeRv53_mZqZUCjAcE8,-Satisfacción del Curso virtual - SELLO DE NO DISCRIMINACIÓN 1°C 2025 - (SELLO_012025),2025-11-14T02:13:47.930Z,,Femenino,Adultez (29 - 59 años),Pregrado,Otro,5,5,5,5,4,4,5,4,5,5,5,5,5,COMUNA 19,
11XjArl7gChPvlxKeA_0APY5pJLeRv53_mZqZUCjAcE8,-Satisfacción del Curso virtual - SELLO DE NO DISCRIMINACIÓN 1°C 2025 - (SELLO_012025),2025-09-24T03:36:14.366Z,,Femenino,Adultez (29 - 59 años),Pregrado,Área de la salud,5,4,4,4,4,4,4,4,4,4,4,4,4,COMUNA 8,
11XjArl7gChPvlxKeA_0APY5pJLeRv53_mZqZUCjAcE8,-Satisfacción del Curso virtual - SELLO DE NO DISCRIMINACIÓN 1°C 2025 - (SELLO_012025),2025-09-19T03:28:29.940Z,,Femenino,Adultez (29 - 59 años),Pregrado,Área de la salud,2,2,3,3,4,5,5,4,4,3,3,4,4,COMUNA 6,
11XjArl7gChPvlxKeA_0APY5pJLeRv53_mZqZUCjAcE8,-Satisfacción del Curso virtual - SELLO DE NO DISCRIMINACIÓN 1°C 2025 - (SELLO_012025),2025-09-26T23:44:05.647Z,,Femenino,Adultez (29 - 59 años),Pregrado,Área de la salud,5,5,5,5,5,4,5,5,5,5,5,5,5,COMUNA 14,
11XjArl7gChPvlxKeA_0APY5pJLeRv53_mZqZUCjAcE8,-Satisfacción del Curso virtual - SELLO DE NO DISCRIMINACIÓN 1°C 2025 - (SELLO_012025),2025-10-01T20:53:40.179Z,,Masculino,Adultez (29 - 59 años),Postgrado,Área de la salud,5,5,5,5,5,5,5,5,5,5,5,5,5,COMUNA 6,
11XjArl7gChPvlxKeA_0APY5pJLeRv53_mZqZUCjAcE8,-Satisfacción del Curso virtual - SELLO DE NO DISCRIMINACIÓN 1°C 2025 - (SELLO_012025),2025-09-29T14:40:39.673Z,,Femenino,Adultez (29 - 59 años),Postgrado,Área de la salud,5,5,5,5,5,5,5,5,5,3,5,5,5,COMUNA 17,
11XjArl7gChPvlxKeA_0APY5pJLeRv53_mZqZUCjAcE8,-Satisfacción del Curso virtual - SELLO DE NO DISCRIMINACIÓN 1°C 2025 - (SELLO_012025),2025-09-26T01:12:46.649Z,,Masculino,Adultez (29 - 59 años),Bachiller,Área de la salud,5,5,5,5,5,5,5,5,5,5,5,5,5,COMUNA 17,
11XjArl7gChPvlxKeA_0APY5pJLeRv53_mZqZUCjAcE8,-Satisfacción del Curso virtual - SELLO DE NO DISCRIMINACIÓN 1°C 2025 - (SELLO_012025),2025-10-15T18:22:21.544Z,,Femenino,Juventud (18 - 28 años),Pregrado,Área de la salud,5,5,5,5,5,5,5,5,5,5,5,5,5,COMUNA 14,
11XjArl7gChPvlxKeA_0APY5pJLeRv53_mZqZUCjAcE8,-Satisfacción del Curso virtual - SELLO DE NO DISCRIMINACIÓN 1°C 2025 - (SELLO_012025),2025-09-25T17:25:19.415Z,,Femenino,Adultez (29 - 59 años),Postgrado,Área de la salud,5,5,5,5,5,5,5,5,5,5,5,5,5,COMUNA 5,
11XjArl7gChPvlxKeA_0APY5pJLeRv53_mZqZUCjAcE8,-Satisfacción del Curso virtual - SELLO DE NO DISCRIMINACIÓN 1°C 2025 - (SELLO_012025),2026-06-26T03:07:20.646Z,,Femenino,Adultez (29 - 59 años),Pregrado,Área de la salud,5,5,5,5,5,5,5,5,4,5,5,5,5,COMUNA 19,
11XjArl7gChPvlxKeA_0APY5pJLeRv53_mZqZUCjAcE8,-Satisfacción del Curso virtual - SELLO DE NO DISCRIMINACIÓN 1°C 2025 - (SELLO_012025),2025-09-18T20:15:54.011Z,,Femenino,Adultez (29 - 59 años),Pregrado,Área de la salud,4,3,3,4,4,4,3,3,3,3,3,3,3,C. DE EL SALADITO,
11XjArl7gChPvlxKeA_0APY5pJLeRv53_mZqZUCjAcE8,-Satisfacción del Curso virtual - SELLO DE NO DISCRIMINACIÓN 1°C 2025 - (SELLO_012025),2025-10-16T02:10:33.860Z,,Femenino,Adultez (29 - 59 años),Postgrado,Área de la salud,5,5,5,5,5,5,4,4,4,4,5,5,5,COMUNA 17,
11XjArl7gChPvlxKeA_0APY5pJLeRv53_mZqZUCjAcE8,-Satisfacción del Curso virtual - SELLO DE NO DISCRIMINACIÓN 1°C 2025 - (SELLO_012025),2025-10-21T15:48:04.201Z,,Femenino,Adultez (29 - 59 años),Postgrado,Área de la salud,5,5,5,5,5,5,5,5,5,5,5,5,5,COMUNA 5,
11XjArl7gChPvlxKeA_0APY5pJLeRv53_mZqZUCjAcE8,-Satisfacción del Curso virtual - SELLO DE NO DISCRIMINACIÓN 1°C 2025 - (SELLO_012025),2025-09-30T21:36:37.569Z,,Femenino,Adultez (29 - 59 años),Postgrado,Otro,5,5,5,5,5,5,5,5,5,5,5,5,5,COMUNA 10,
11XjArl7gChPvlxKeA_0APY5pJLeRv53_mZqZUCjAcE8,-Satisfacción del Curso virtual - SELLO DE NO DISCRIMINACIÓN 1°C 2025 - (SELLO_012025),2025-09-30T19:38:50.909Z,,Femenino,Juventud (18 - 28 años),Bachiller,Área de la salud,5,5,5,5,5,5,5,5,5,5,5,5,5,COMUNA 16,
11XjArl7gChPvlxKeA_0APY5pJLeRv53_mZqZUCjAcE8,-Satisfacción del Curso virtual - SELLO DE NO DISCRIMINACIÓN 1°C 2025 - (SELLO_012025),2025-09-25T04:00:55.626Z,,Femenino,Juventud (18 - 28 años),Pregrado,Área de la salud,5,5,5,5,5,5,5,5,5,5,5,5,5,COMUNA 22,
11XjArl7gChPvlxKeA_0APY5pJLeRv53_mZqZUCjAcE8,-Satisfacción del Curso virtual - SELLO DE NO DISCRIMINACIÓN 1°C 2025 - (SELLO_012025),2025-10-01T19:37:38.042Z,,Femenino,Adultez (29 - 59 años),Pregrado,Otro,5,5,5,5,5,5,5,5,5,5,5,5,5,COMUNA 19,
11XjArl7gChPvlxKeA_0APY5pJLeRv53_mZqZUCjAcE8,-Satisfacción del Curso virtual - SELLO DE NO DISCRIMINACIÓN 1°C 2025 - (SELLO_012025),2025-09-29T21:34:53.190Z,,Femenino,Juventud (18 - 28 años),Bachiller,Otro,4,5,5,5,5,5,5,5,5,5,5,5,5,COMUNA 20,
11XjArl7gChPvlxKeA_0APY5pJLeRv53_mZqZUCjAcE8,-Satisfacción del Curso virtual - SELLO DE NO DISCRIMINACIÓN 1°C 2025 - (SELLO_012025),2025-09-25T04:25:31.389Z,,Femenino,Adultez (29 - 59 años),Pregrado,Área de la salud,5,5,5,5,5,4,5,5,3,4,5,5,5,COMUNA 11,
11XjArl7gChPvlxKeA_0APY5pJLeRv53_mZqZUCjAcE8,-Satisfacción del Curso virtual - SELLO DE NO DISCRIMINACIÓN 1°C 2025 - (SELLO_012025),2025-09-24T22:34:54.065Z,,Femenino,Adultez (29 - 59 años),Pregrado,Área de la salud,5,5,5,5,5,5,5,5,3,2,5,5,5,COMUNA 17,
11XjArl7gChPvlxKeA_0APY5pJLeRv53_mZqZUCjAcE8,-Satisfacción del Curso virtual - SELLO DE NO DISCRIMINACIÓN 1°C 2025 - (SELLO_012025),2025-09-30T23:02:28.953Z,,Femenino,Juventud (18 - 28 años),Pregrado,Otro,5,5,5,5,5,5,5,5,5,5,5,5,5,COMUNA 17,
11XjArl7gChPvlxKeA_0APY5pJLeRv53_mZqZUCjAcE8,-Satisfacción del Curso virtual - SELLO DE NO DISCRIMINACIÓN 1°C 2025 - (SELLO_012025),2025-09-24T23:15:13.855Z,,Masculino,Adultez (29 - 59 años),Pregrado,Área de la salud,5,5,5,5,5,5,5,5,5,5,5,5,5,COMUNA 10,
11XjArl7gChPvlxKeA_0APY5pJLeRv53_mZqZUCjAcE8,-Satisfacción del Curso virtual - SELLO DE NO DISCRIMINACIÓN 1°C 2025 - (SELLO_012025),2025-08-20T14:11:10.717Z,,Femenino,Adultez (29 - 59 años),Bachiller,Otro,4,4,4,4,4,4,4,4,4,4,5,4,5,COMUNA 11,
11XjArl7gChPvlxKeA_0APY5pJLeRv53_mZqZUCjAcE8,-Satisfacción del Curso virtual - SELLO DE NO DISCRIMINACIÓN 1°C 2025 - (SELLO_012025),2025-09-22T19:39:57.308Z,,Masculino,Adultez (29 - 59 años),Pregrado,Otro,3,4,4,3,4,4,4,4,3,3,3,4,4,COMUNA 17,
11XjArl7gChPvlxKeA_0APY5pJLeRv53_mZqZUCjAcE8,-Satisfacción del Curso virtual - SELLO DE NO DISCRIMINACIÓN 1°C 2025 - (SELLO_012025),2025-10-02T05:52:48.781Z,,Masculino,Adultez (29 - 59 años),Pregrado,Área de la salud,4,4,4,4,4,4,4,4,4,4,4,4,4,COMUNA 5,
11XjArl7gChPvlxKeA_0APY5pJLeRv53_mZqZUCjAcE8,-Satisfacción del Curso virtual - SELLO DE NO DISCRIMINACIÓN 1°C 2025 - (SELLO_012025),2025-10-08T07:21:29.571Z,,Masculino,Vejez (60 años o más),Pregrado,Área de la salud,5,5,5,5,5,5,5,5,4,4,5,5,5,COMUNA 6,
11XjArl7gChPvlxKeA_0APY5pJLeRv53_mZqZUCjAcE8,-Satisfacción del Curso virtual - SELLO DE NO DISCRIMINACIÓN 1°C 2025 - (SELLO_012025),2025-10-08T04:06:16.054Z,,Masculino,Juventud (18 - 28 años),Bachiller,Área de la salud,5,5,5,5,5,5,5,5,5,5,5,5,5,COMUNA 18,
11XjArl7gChPvlxKeA_0APY5pJLeRv53_mZqZUCjAcE8,-Satisfacción del Curso virtual - SELLO DE NO DISCRIMINACIÓN 1°C 2025 - (SELLO_012025),2025-10-15T22:12:12.237Z,,Masculino,Adultez (29 - 59 años),Pregrado,Área de la salud,5,5,5,5,5,5,5,5,5,5,5,5,5,COMUNA 19,
11XjArl7gChPvlxKeA_0APY5pJLeRv53_mZqZUCjAcE8,-Satisfacción del Curso virtual - SELLO DE NO DISCRIMINACIÓN 1°C 2025 - (SELLO_012025),2025-10-09T15:54:12.982Z,,Masculino,Vejez (60 años o más),Pregrado,Otro,5,5,5,5,5,5,5,5,5,5,5,5,5,COMUNA 2,
11XjArl7gChPvlxKeA_0APY5pJLeRv53_mZqZUCjAcE8,-Satisfacción del Curso virtual - SELLO DE NO DISCRIMINACIÓN 1°C 2025 - (SELLO_012025),2025-09-16T14:55:24.893Z,,Femenino,Adultez (29 - 59 años),Pregrado,Área de la salud,4,4,4,4,4,4,4,4,4,4,4,4,4,C. DE PANCE,
11XjArl7gChPvlxKeA_0APY5pJLeRv53_mZqZUCjAcE8,-Satisfacción del Curso virtual - SELLO DE NO DISCRIMINACIÓN 1°C 2025 - (SELLO_012025),2025-09-24T16:19:03.589Z,,Masculino,Adultez (29 - 59 años),Pregrado,Otro,4,4,4,5,5,5,4,5,4,4,4,4,4,COMUNA 3,
11XjArl7gChPvlxKeA_0APY5pJLeRv53_mZqZUCjAcE8,-Satisfacción del Curso virtual - SELLO DE NO DISCRIMINACIÓN 1°C 2025 - (SELLO_012025),2025-09-18T01:08:42.318Z,,Femenino,Adultez (29 - 59 años),Postgrado,Área de la salud,4,4,4,4,4,4,4,4,4,4,4,4,4,COMUNA 11,
11XjArl7gChPvlxKeA_0APY5pJLeRv53_mZqZUCjAcE8,-Satisfacción del Curso virtual - SELLO DE NO DISCRIMINACIÓN 1°C 2025 - (SELLO_012025),2025-11-18T19:08:26.999Z,,Masculino,Adultez (29 - 59 años),Pregrado,Área de la salud,5,5,5,5,5,5,5,5,5,5,5,5,5,COMUNA 18,
11XjArl7gChPvlxKeA_0APY5pJLeRv53_mZqZUCjAcE8,-Satisfacción del Curso virtual - SELLO DE NO DISCRIMINACIÓN 1°C 2025 - (SELLO_012025),2025-09-25T21:17:26.128Z,,Femenino,Adultez (29 - 59 años),Pregrado,Otro,4,4,4,4,4,4,4,4,4,4,4,4,4,COMUNA 20,
11XjArl7gChPvlxKeA_0APY5pJLeRv53_mZqZUCjAcE8,-Satisfacción del Curso virtual - SELLO DE NO DISCRIMINACIÓN 1°C 2025 - (SELLO_012025),2025-09-24T00:10:38.606Z,,Femenino,Adultez (29 - 59 años),Postgrado,Área de la salud,5,5,5,5,5,5,5,5,5,5,5,5,5,COMUNA 10,
11XjArl7gChPvlxKeA_0APY5pJLeRv53_mZqZUCjAcE8,-Satisfacción del Curso virtual - SELLO DE NO DISCRIMINACIÓN 1°C 2025 - (SELLO_012025),2025-09-24T00:01:29.192Z,,Femenino,Adultez (29 - 59 años),Postgrado,Área de la salud,5,5,5,5,5,5,5,5,5,5,5,5,5,COMUNA 17,
11XjArl7gChPvlxKeA_0APY5pJLeRv53_mZqZUCjAcE8,-Satisfacción del Curso virtual - SELLO DE NO DISCRIMINACIÓN 1°C 2025 - (SELLO_012025),2025-09-26T01:03:49.104Z,,Femenino,Vejez (60 años o más),Postgrado,Área de la salud,4,4,5,4,5,5,4,4,4,4,4,4,4,COMUNA 6,
11XjArl7gChPvlxKeA_0APY5pJLeRv53_mZqZUCjAcE8,-Satisfacción del Curso virtual - SELLO DE NO DISCRIMINACIÓN 1°C 2025 - (SELLO_012025),2025-09-29T18:40:02.794Z,,Femenino,Adultez (29 - 59 años),Pregrado,Otro,5,5,5,5,5,5,5,5,5,5,5,5,5,COMUNA 5,
11XjArl7gChPvlxKeA_0APY5pJLeRv53_mZqZUCjAcE8,-Satisfacción del Curso virtual - SELLO DE NO DISCRIMINACIÓN 1°C 2025 - (SELLO_012025),2025-10-09T02:33:55.655Z,,Masculino,Adultez (29 - 59 años),Pregrado,Otro,5,5,5,5,5,5,5,5,5,5,5,5,5,COMUNA 9,
11XjArl7gChPvlxKeA_0APY5pJLeRv53_mZqZUCjAcE8,-Satisfacción del Curso virtual - SELLO DE NO DISCRIMINACIÓN 1°C 2025 - (SELLO_012025),2025-10-08T06:42:29.404Z,,Femenino,Adultez (29 - 59 años),Postgrado,Área de la salud,5,5,4,4,5,5,5,5,5,5,4,4,4,COMUNA 2,
11XjArl7gChPvlxKeA_0APY5pJLeRv53_mZqZUCjAcE8,-Satisfacción del Curso virtual - SELLO DE NO DISCRIMINACIÓN 1°C 2025 - (SELLO_012025),2025-09-29T14:39:27.103Z,,Femenino,Adultez (29 - 59 años),Pregrado,Otro,5,5,5,5,5,5,5,5,5,5,5,5,5,COMUNA 17,
11XjArl7gChPvlxKeA_0APY5pJLeRv53_mZqZUCjAcE8,-Satisfacción del Curso virtual - SELLO DE NO DISCRIMINACIÓN 1°C 2025 - (SELLO_012025),2025-09-24T00:26:27.069Z,,Femenino,Adultez (29 - 59 años),Postgrado,Área de la salud,5,5,5,4,5,5,4,5,5,5,5,5,4,COMUNA 15,
11XjArl7gChPvlxKeA_0APY5pJLeRv53_mZqZUCjAcE8,-Satisfacción del Curso virtual - SELLO DE NO DISCRIMINACIÓN 1°C 2025 - (SELLO_012025),2025-10-01T16:04:11.830Z,,Femenino,Adultez (29 - 59 años),Bachiller,Otro,5,5,5,5,5,5,5,5,5,5,5,5,5,COMUNA 11,
11XjArl7gChPvlxKeA_0APY5pJLeRv53_mZqZUCjAcE8,-Satisfacción del Curso virtual - SELLO DE NO DISCRIMINACIÓN 1°C 2025 - (SELLO_012025),2025-10-07T14:00:24.272Z,,Femenino,Adultez (29 - 59 años),Postgrado,Área de la salud,5,5,5,5,5,5,5,5,5,5,5,5,5,COMUNA 10,
11XjArl7gChPvlxKeA_0APY5pJLeRv53_mZqZUCjAcE8,-Satisfacción del Curso virtual - SELLO DE NO DISCRIMINACIÓN 1°C 2025 - (SELLO_012025),2025-12-06T06:44:36.109Z,,Femenino,Adultez (29 - 59 años),Pregrado,Área de la salud,5,5,5,5,5,5,5,5,5,5,5,5,5,COMUNA 17,
11XjArl7gChPvlxKeA_0APY5pJLeRv53_mZqZUCjAcE8,-Satisfacción del Curso virtual - SELLO DE NO DISCRIMINACIÓN 1°C 2025 - (SELLO_012025),2025-09-19T13:48:43.035Z,,Femenino,Adultez (29 - 59 años),Postgrado,Área de la salud,5,5,5,5,5,5,5,5,5,5,5,5,5,COMUNA 17,
11XjArl7gChPvlxKeA_0APY5pJLeRv53_mZqZUCjAcE8,-Satisfacción del Curso virtual - SELLO DE NO DISCRIMINACIÓN 1°C 2025 - (SELLO_012025),2025-09-30T01:13:08.530Z,,Femenino,Adultez (29 - 59 años),Bachiller,Área de la salud,5,5,5,5,5,5,5,5,4,4,5,5,5,COMUNA 10,
11XjArl7gChPvlxKeA_0APY5pJLeRv53_mZqZUCjAcE8,-Satisfacción del Curso virtual - SELLO DE NO DISCRIMINACIÓN 1°C 2025 - (SELLO_012025),2025-10-05T13:32:29.628Z,,Femenino,Juventud (18 - 28 años),Pregrado,Área de la salud,5,5,5,5,5,5,5,5,5,5,5,5,5,COMUNA 10,
11XjArl7gChPvlxKeA_0APY5pJLeRv53_mZqZUCjAcE8,-Satisfacción del Curso virtual - SELLO DE NO DISCRIMINACIÓN 1°C 2025 - (SELLO_012025),2025-09-22T19:33:53.021Z,,Femenino,Adultez (29 - 59 años),Postgrado,Área de la salud,4,4,4,3,3,3,4,4,4,4,4,4,4,COMUNA 17,
11XjArl7gChPvlxKeA_0APY5pJLeRv53_mZqZUCjAcE8,-Satisfacción del Curso virtual - SELLO DE NO DISCRIMINACIÓN 1°C 2025 - (SELLO_012025),2026-06-16T21:25:45.227Z,,Femenino,Adultez (29 - 59 años),Postgrado,Área de la salud,5,5,5,5,5,5,5,5,3,4,5,5,5,COMUNA 17,
11XjArl7gChPvlxKeA_0APY5pJLeRv53_mZqZUCjAcE8,-Satisfacción del Curso virtual - SELLO DE NO DISCRIMINACIÓN 1°C 2025 - (SELLO_012025),2025-09-26T20:46:02.422Z,,Femenino,Juventud (18 - 28 años),Pregrado,Estudiante,5,5,5,5,5,5,5,5,5,5,5,5,5,COMUNA 17,
11XjArl7gChPvlxKeA_0APY5pJLeRv53_mZqZUCjAcE8,-Satisfacción del Curso virtual - SELLO DE NO DISCRIMINACIÓN 1°C 2025 - (SELLO_012025),2025-10-08T19:03:54.952Z,,Masculino,Adultez (29 - 59 años),Pregrado,Área de la salud,5,5,5,4,5,5,5,5,5,5,5,5,5,COMUNA 19,
11XjArl7gChPvlxKeA_0APY5pJLeRv53_mZqZUCjAcE8,-Satisfacción del Curso virtual - SELLO DE NO DISCRIMINACIÓN 1°C 2025 - (SELLO_012025),2025-10-06T17:56:32.690Z,,Femenino,Adultez (29 - 59 años),Postgrado,Área de la salud,4,4,4,4,4,4,3,4,3,3,5,5,5,COMUNA 19,
11XjArl7gChPvlxKeA_0APY5pJLeRv53_mZqZUCjAcE8,-Satisfacción del Curso virtual - SELLO DE NO DISCRIMINACIÓN 1°C 2025 - (SELLO_012025),2025-10-23T00:02:50.673Z,,Femenino,Juventud (18 - 28 años),Bachiller,Otro,4,4,4,4,4,3,4,4,4,3,5,3,4,C. DE FELIDIA,
11XjArl7gChPvlxKeA_0APY5pJLeRv53_mZqZUCjAcE8,-Satisfacción del Curso virtual - SELLO DE NO DISCRIMINACIÓN 1°C 2025 - (SELLO_012025),2025-09-22T14:59:27.311Z,,Femenino,Adultez (29 - 59 años),Bachiller,Área de la salud,5,5,5,5,5,5,5,5,5,3,5,5,5,COMUNA 10,
11XjArl7gChPvlxKeA_0APY5pJLeRv53_mZqZUCjAcE8,-Satisfacción del Curso virtual - SELLO DE NO DISCRIMINACIÓN 1°C 2025 - (SELLO_012025),2025-10-01T23:32:20.017Z,,Femenino,Juventud (18 - 28 años),Postgrado,Área de la salud,5,4,4,4,4,4,4,4,4,2,4,4,4,COMUNA 19,
11XjArl7gChPvlxKeA_0APY5pJLeRv53_mZqZUCjAcE8,-Satisfacción del Curso virtual - SELLO DE NO DISCRIMINACIÓN 1°C 2025 - (SELLO_012025),2025-09-23T18:51:45.945Z,,Masculino,Adultez (29 - 59 años),Pregrado,Área de la salud,5,5,5,5,5,5,5,5,5,5,5,5,5,COMUNA 9,
11XjArl7gChPvlxKeA_0APY5pJLeRv53_mZqZUCjAcE8,-Satisfacción del Curso virtual - SELLO DE NO DISCRIMINACIÓN 1°C 2025 - (SELLO_012025),2025-09-29T16:25:26.701Z,,Masculino,Adultez (29 - 59 años),Postgrado,Área de la salud,5,5,5,5,5,5,5,5,5,5,5,5,5,C. DE LA ELVIRA,
11XjArl7gChPvlxKeA_0APY5pJLeRv53_mZqZUCjAcE8,-Satisfacción del Curso virtual - SELLO DE NO DISCRIMINACIÓN 1°C 2025 - (SELLO_012025),2025-09-23T00:41:26.101Z,,Femenino,Adultez (29 - 59 años),Pregrado,Área de la salud,5,5,5,5,5,5,5,5,5,5,5,5,5,COMUNA 14,
11XjArl7gChPvlxKeA_0APY5pJLeRv53_mZqZUCjAcE8,-Satisfacción del Curso virtual - SELLO DE NO DISCRIMINACIÓN 1°C 2025 - (SELLO_012025),2025-10-02T17:14:18.226Z,,Femenino,Adultez (29 - 59 años),Pregrado,Área de la salud,5,5,5,5,5,5,5,5,5,5,5,5,5,COMUNA 9,
11XjArl7gChPvlxKeA_0APY5pJLeRv53_mZqZUCjAcE8,-Satisfacción del Curso virtual - SELLO DE NO DISCRIMINACIÓN 1°C 2025 - (SELLO_012025),2025-10-08T04:10:16.511Z,,Masculino,Adultez (29 - 59 años),Postgrado,Área de la salud,4,4,4,4,4,4,4,4,4,4,4,4,4,COMUNA 8,
11XjArl7gChPvlxKeA_0APY5pJLeRv53_mZqZUCjAcE8,-Satisfacción del Curso virtual - SELLO DE NO DISCRIMINACIÓN 1°C 2025 - (SELLO_012025),2025-09-17T14:13:20.620Z,,Femenino,Juventud (18 - 28 años),Pregrado,Área de la salud,5,5,5,5,5,5,5,5,5,5,5,5,5,COMUNA 12,
11XjArl7gChPvlxKeA_0APY5pJLeRv53_mZqZUCjAcE8,-Satisfacción del Curso virtual - SELLO DE NO DISCRIMINACIÓN 1°C 2025 - (SELLO_012025),2025-09-30T02:51:31.658Z,,Femenino,Adultez (29 - 59 años),Pregrado,Área de la salud,5,5,5,5,5,5,5,5,5,5,5,5,5,COMUNA 11,
11XjArl7gChPvlxKeA_0APY5pJLeRv53_mZqZUCjAcE8,-Satisfacción del Curso virtual - SELLO DE NO DISCRIMINACIÓN 1°C 2025 - (SELLO_012025),2025-09-29T23:09:39.395Z,,Femenino,Adultez (29 - 59 años),Postgrado,Otro,5,5,5,5,5,5,5,5,5,5,5,5,5,COMUNA 9,
11XjArl7gChPvlxKeA_0APY5pJLeRv53_mZqZUCjAcE8,-Satisfacción del Curso virtual - SELLO DE NO DISCRIMINACIÓN 1°C 2025 - (SELLO_012025),2025-09-18T20:02:19.022Z,,Femenino,Adultez (29 - 59 años),Pregrado,Área de la salud,4,4,2,4,4,4,2,2,4,3,4,3,3,COMUNA 17,
11XjArl7gChPvlxKeA_0APY5pJLeRv53_mZqZUCjAcE8,-Satisfacción del Curso virtual - SELLO DE NO DISCRIMINACIÓN 1°C 2025 - (SELLO_012025),2025-10-01T00:41:05.306Z,,Femenino,Adultez (29 - 59 años),Pregrado,Área de la salud,5,5,5,5,5,5,5,5,5,5,5,5,5,COMUNA 13,
11XjArl7gChPvlxKeA_0APY5pJLeRv53_mZqZUCjAcE8,-Satisfacción del Curso virtual - SELLO DE NO DISCRIMINACIÓN 1°C 2025 - (SELLO_012025),2025-09-20T15:08:28.426Z,,Masculino,Adultez (29 - 59 años),Pregrado,Área de la salud,5,5,5,5,5,5,5,5,2,2,4,4,4,COMUNA 9,
11XjArl7gChPvlxKeA_0APY5pJLeRv53_mZqZUCjAcE8,-Satisfacción del Curso virtual - SELLO DE NO DISCRIMINACIÓN 1°C 2025 - (SELLO_012025),2026-03-24T16:41:33.205Z,,Masculino,Adultez (29 - 59 años),Pregrado,Otro,4,4,4,4,4,4,4,4,4,4,4,4,4,COMUNA 2,
11XjArl7gChPvlxKeA_0APY5pJLeRv53_mZqZUCjAcE8,-Satisfacción del Curso virtual - SELLO DE NO DISCRIMINACIÓN 1°C 2025 - (SELLO_012025),2025-10-03T23:03:59.883Z,,Femenino,Adultez (29 - 59 años),Postgrado,Otro,5,5,5,5,5,5,5,5,5,5,5,5,5,COMUNA 15,
11XjArl7gChPvlxKeA_0APY5pJLeRv53_mZqZUCjAcE8,-Satisfacción del Curso virtual - SELLO DE NO DISCRIMINACIÓN 1°C 2025 - (SELLO_012025),2025-08-20T03:02:51.016Z,,Masculino,Adultez (29 - 59 años),Pregrado,Otro,5,5,5,5,4,5,5,5,4,4,4,4,4,COMUNA 17,
11XjArl7gChPvlxKeA_0APY5pJLeRv53_mZqZUCjAcE8,-Satisfacción del Curso virtual - SELLO DE NO DISCRIMINACIÓN 1°C 2025 - (SELLO_012025),2025-10-16T15:47:11.466Z,,Femenino,Juventud (18 - 28 años),Postgrado,Área de la salud,5,5,5,5,5,5,5,5,5,5,5,5,5,C. DE FELIDIA,
11XjArl7gChPvlxKeA_0APY5pJLeRv53_mZqZUCjAcE8,-Satisfacción del Curso virtual - SELLO DE NO DISCRIMINACIÓN 1°C 2025 - (SELLO_012025),2025-09-24T15:26:01.727Z,,Masculino,Adultez (29 - 59 años),Postgrado,Otro,5,5,5,5,5,5,5,5,5,5,5,5,5,COMUNA 22,
11XjArl7gChPvlxKeA_0APY5pJLeRv53_mZqZUCjAcE8,-Satisfacción del Curso virtual - SELLO DE NO DISCRIMINACIÓN 1°C 2025 - (SELLO_012025),2025-10-07T19:48:31.431Z,,Masculino,Adultez (29 - 59 años),Postgrado,Área de la salud,4,5,5,4,5,5,4,5,5,5,5,5,4,COMUNA 19,
11XjArl7gChPvlxKeA_0APY5pJLeRv53_mZqZUCjAcE8,-Satisfacción del Curso virtual - SELLO DE NO DISCRIMINACIÓN 1°C 2025 - (SELLO_012025),2025-09-28T03:54:36.947Z,,Femenino,Adultez (29 - 59 años),Postgrado,Área de la salud,5,5,5,5,5,5,5,5,5,5,5,5,5,COMUNA 1,
11XjArl7gChPvlxKeA_0APY5pJLeRv53_mZqZUCjAcE8,-Satisfacción del Curso virtual - SELLO DE NO DISCRIMINACIÓN 1°C 2025 - (SELLO_012025),2025-09-27T16:21:52.983Z,,Femenino,Adultez (29 - 59 años),Bachiller,Área de la salud,4,5,4,4,5,4,4,4,3,4,4,4,4,COMUNA 20,
11XjArl7gChPvlxKeA_0APY5pJLeRv53_mZqZUCjAcE8,-Satisfacción del Curso virtual - SELLO DE NO DISCRIMINACIÓN 1°C 2025 - (SELLO_012025),2025-10-10T20:29:11.315Z,,Femenino,Adultez (29 - 59 años),Postgrado,Otro,5,5,5,5,5,5,5,5,5,5,5,5,5,COMUNA 16,
11XjArl7gChPvlxKeA_0APY5pJLeRv53_mZqZUCjAcE8,-Satisfacción del Curso virtual - SELLO DE NO DISCRIMINACIÓN 1°C 2025 - (SELLO_012025),2025-09-23T17:09:00.104Z,,Femenino,Adultez (29 - 59 años),Postgrado,Otro,5,5,5,5,5,5,5,5,5,5,5,5,5,COMUNA 18,
11XjArl7gChPvlxKeA_0APY5pJLeRv53_mZqZUCjAcE8,-Satisfacción del Curso virtual - SELLO DE NO DISCRIMINACIÓN 1°C 2025 - (SELLO_012025),2025-09-24T16:34:47.364Z,,Masculino,Adultez (29 - 59 años),Pregrado,Área de la salud,4,4,3,4,5,5,4,4,4,4,4,4,4,COMUNA 15,
11XjArl7gChPvlxKeA_0APY5pJLeRv53_mZqZUCjAcE8,-Satisfacción del Curso virtual - SELLO DE NO DISCRIMINACIÓN 1°C 2025 - (SELLO_012025),2025-09-24T16:40:50.870Z,,Femenino,Adultez (29 - 59 años),Pregrado,Otro,5,5,5,5,5,5,5,5,5,5,5,5,5,COMUNA 15,
11XjArl7gChPvlxKeA_0APY5pJLeRv53_mZqZUCjAcE8,-Satisfacción del Curso virtual - SELLO DE NO DISCRIMINACIÓN 1°C 2025 - (SELLO_012025),2025-09-25T00:43:16.537Z,,Femenino,Adultez (29 - 59 años),Postgrado,Área de la salud,5,5,5,4,5,5,5,5,5,4,4,5,5,COMUNA 17,
11XjArl7gChPvlxKeA_0APY5pJLeRv53_mZqZUCjAcE8,-Satisfacción del Curso virtual - SELLO DE NO DISCRIMINACIÓN 1°C 2025 - (SELLO_012025),2025-09-19T02:24:41.129Z,,Femenino,Adultez (29 - 59 años),Postgrado,Área de la salud,5,5,5,5,5,5,5,5,5,5,5,5,5,COMUNA 16,
11XjArl7gChPvlxKeA_0APY5pJLeRv53_mZqZUCjAcE8,-Satisfacción del Curso virtual - SELLO DE NO DISCRIMINACIÓN 1°C 2025 - (SELLO_012025),2025-09-26T04:32:30.536Z,,Femenino,Adultez (29 - 59 años),Bachiller,Área de la salud,5,5,5,5,5,5,5,5,4,5,5,5,5,COMUNA 6,
11XjArl7gChPvlxKeA_0APY5pJLeRv53_mZqZUCjAcE8,-Satisfacción del Curso virtual - SELLO DE NO DISCRIMINACIÓN 1°C 2025 - (SELLO_012025),2025-09-23T19:31:30.544Z,,Femenino,Adultez (29 - 59 años),Pregrado,Área de la salud,5,5,5,5,4,4,4,4,5,4,4,4,4,COMUNA 14,
11XjArl7gChPvlxKeA_0APY5pJLeRv53_mZqZUCjAcE8,-Satisfacción del Curso virtual - SELLO DE NO DISCRIMINACIÓN 1°C 2025 - (SELLO_012025),2025-09-25T17:18:06.948Z,,Masculino,Vejez (60 años o más),Postgrado,Área de la salud,5,5,5,5,5,5,5,5,5,5,5,5,5,COMUNA 19,
11XjArl7gChPvlxKeA_0APY5pJLeRv53_mZqZUCjAcE8,-Satisfacción del Curso virtual - SELLO DE NO DISCRIMINACIÓN 1°C 2025 - (SELLO_012025),2025-09-26T04:47:01.087Z,,Femenino,Adultez (29 - 59 años),Bachiller,Área de la salud,5,5,5,5,5,5,5,4,5,5,5,5,5,COMUNA 14,
11XjArl7gChPvlxKeA_0APY5pJLeRv53_mZqZUCjAcE8,-Satisfacción del Curso virtual - SELLO DE NO DISCRIMINACIÓN 1°C 2025 - (SELLO_012025),2025-10-05T19:01:25.874Z,,Masculino,Adultez (29 - 59 años),Postgrado,Área de la salud,2,1,4,1,3,4,1,3,1,1,1,1,1,COMUNA 17,
11XjArl7gChPvlxKeA_0APY5pJLeRv53_mZqZUCjAcE8,-Satisfacción del Curso virtual - SELLO DE NO DISCRIMINACIÓN 1°C 2025 - (SELLO_012025),2025-09-25T15:01:36.286Z,,Femenino,Adultez (29 - 59 años),Pregrado,Estudiante,5,5,5,5,5,5,5,4,4,4,5,5,5,COMUNA 14,
11XjArl7gChPvlxKeA_0APY5pJLeRv53_mZqZUCjAcE8,-Satisfacción del Curso virtual - SELLO DE NO DISCRIMINACIÓN 1°C 2025 - (SELLO_012025),2025-09-24T22:25:52.606Z,,Masculino,Adultez (29 - 59 años),Postgrado,Otro,5,5,5,5,5,5,5,5,3,3,4,5,5,COMUNA 17,
11XjArl7gChPvlxKeA_0APY5pJLeRv53_mZqZUCjAcE8,-Satisfacción del Curso virtual - SELLO DE NO DISCRIMINACIÓN 1°C 2025 - (SELLO_012025),2025-09-25T22:19:11.554Z,,Femenino,Adultez (29 - 59 años),Bachiller,Área de la salud,5,5,5,5,5,5,5,5,5,5,5,5,5,COMUNA 12,
11XjArl7gChPvlxKeA_0APY5pJLeRv53_mZqZUCjAcE8,-Satisfacción del Curso virtual - SELLO DE NO DISCRIMINACIÓN 1°C 2025 - (SELLO_012025),2025-08-20T15:11:52.053Z,,Masculino,Adultez (29 - 59 años),Pregrado,Área de la salud,4,4,4,4,4,4,4,4,4,3,3,4,4,COMUNA 2,
11XjArl7gChPvlxKeA_0APY5pJLeRv53_mZqZUCjAcE8,-Satisfacción del Curso virtual - SELLO DE NO DISCRIMINACIÓN 1°C 2025 - (SELLO_012025),2025-09-15T18:32:38.794Z,,Femenino,Adultez (29 - 59 años),Postgrado,Área de la salud,5,5,5,5,5,5,5,5,5,5,5,5,5,COMUNA 17,
11XjArl7gChPvlxKeA_0APY5pJLeRv53_mZqZUCjAcE8,-Satisfacción del Curso virtual - SELLO DE NO DISCRIMINACIÓN 1°C 2025 - (SELLO_012025),2026-02-27T00:58:13.292Z,,Femenino,Adultez (29 - 59 años),Postgrado,Área de la salud,3,3,2,3,2,3,2,1,1,1,1,1,1,COMUNA 17,
11XjArl7gChPvlxKeA_0APY5pJLeRv53_mZqZUCjAcE8,-Satisfacción del Curso virtual - SELLO DE NO DISCRIMINACIÓN 1°C 2025 - (SELLO_012025),2025-09-24T17:22:52.275Z,,Masculino,Adultez (29 - 59 años),Postgrado,Área de la salud,5,5,5,5,5,5,5,5,5,5,5,5,5,COMUNA 17,
11XjArl7gChPvlxKeA_0APY5pJLeRv53_mZqZUCjAcE8,-Satisfacción del Curso virtual - SELLO DE NO DISCRIMINACIÓN 1°C 2025 - (SELLO_012025),2025-10-02T18:06:50.897Z,,Femenino,Adultez (29 - 59 años),Postgrado,Otro,5,5,5,5,5,5,5,5,5,5,5,5,5,COMUNA 18,
11XjArl7gChPvlxKeA_0APY5pJLeRv53_mZqZUCjAcE8,-Satisfacción del Curso virtual - SELLO DE NO DISCRIMINACIÓN 1°C 2025 - (SELLO_012025),2025-09-25T19:38:02.862Z,,Femenino,Vejez (60 años o más),Bachiller,Otro,4,4,4,4,4,4,4,4,4,4,4,4,4,COMUNA 6,
11XjArl7gChPvlxKeA_0APY5pJLeRv53_mZqZUCjAcE8,-Satisfacción del Curso virtual - SELLO DE NO DISCRIMINACIÓN 1°C 2025 - (SELLO_012025),2025-10-04T05:02:29.446Z,,Femenino,Juventud (18 - 28 años),Postgrado,Área de la salud,5,4,4,4,5,5,5,5,4,4,4,5,5,COMUNA 5,
11XjArl7gChPvlxKeA_0APY5pJLeRv53_mZqZUCjAcE8,-Satisfacción del Curso virtual - SELLO DE NO DISCRIMINACIÓN 1°C 2025 - (SELLO_012025),2025-10-06T21:21:40.132Z,,Femenino,Adultez (29 - 59 años),Postgrado,Otro,4,4,4,4,4,4,4,4,4,4,4,4,4,COMUNA 17,
11XjArl7gChPvlxKeA_0APY5pJLeRv53_mZqZUCjAcE8,-Satisfacción del Curso virtual - SELLO DE NO DISCRIMINACIÓN 1°C 2025 - (SELLO_012025),2025-10-01T16:48:26.402Z,,Femenino,Adultez (29 - 59 años),Pregrado,Área de la salud,4,5,5,5,5,5,5,5,5,5,5,5,5,COMUNA 5,
11XjArl7gChPvlxKeA_0APY5pJLeRv53_mZqZUCjAcE8,-Satisfacción del Curso virtual - SELLO DE NO DISCRIMINACIÓN 1°C 2025 - (SELLO_012025),2025-10-07T22:25:59.180Z,,Masculino,Vejez (60 años o más),Postgrado,Área de la salud,4,4,5,4,4,4,4,4,4,4,4,4,4,COMUNA 17,
11XjArl7gChPvlxKeA_0APY5pJLeRv53_mZqZUCjAcE8,-Satisfacción del Curso virtual - SELLO DE NO DISCRIMINACIÓN 1°C 2025 - (SELLO_012025),2025-10-08T01:27:31.971Z,,Masculino,Juventud (18 - 28 años),Bachiller,Otro,5,5,5,5,5,5,5,5,5,5,5,5,5,COMUNA 11,
11XjArl7gChPvlxKeA_0APY5pJLeRv53_mZqZUCjAcE8,-Satisfacción del Curso virtual - SELLO DE NO DISCRIMINACIÓN 1°C 2025 - (SELLO_012025),2025-09-27T16:43:55.384Z,,Femenino,Adultez (29 - 59 años),Postgrado,Área de la salud,4,4,4,4,4,4,4,4,4,4,4,4,4,COMUNA 1,
11XjArl7gChPvlxKeA_0APY5pJLeRv53_mZqZUCjAcE8,-Satisfacción del Curso virtual - SELLO DE NO DISCRIMINACIÓN 1°C 2025 - (SELLO_012025),2025-09-24T04:13:09.389Z,,Femenino,Adultez (29 - 59 años),Pregrado,Otro,4,4,4,4,4,4,4,4,4,4,4,4,4,COMUNA 17,
11XjArl7gChPvlxKeA_0APY5pJLeRv53_mZqZUCjAcE8,-Satisfacción del Curso virtual - SELLO DE NO DISCRIMINACIÓN 1°C 2025 - (SELLO_012025),2025-10-01T19:59:47.584Z,,Femenino,Adultez (29 - 59 años),Pregrado,Área de la salud,4,4,4,4,5,5,4,4,4,4,3,4,4,COMUNA 13,
11XjArl7gChPvlxKeA_0APY5pJLeRv53_mZqZUCjAcE8,-Satisfacción del Curso virtual - SELLO DE NO DISCRIMINACIÓN 1°C 2025 - (SELLO_012025),2025-09-25T20:34:27.899Z,,Masculino,Adultez (29 - 59 años),Bachiller,Otro,4,5,5,5,5,4,5,5,4,5,5,4,4,COMUNA 19,
11XjArl7gChPvlxKeA_0APY5pJLeRv53_mZqZUCjAcE8,-Satisfacción del Curso virtual - SELLO DE NO DISCRIMINACIÓN 1°C 2025 - (SELLO_012025),2025-08-22T17:25:15.877Z,,Femenino,Adultez (29 - 59 años),Postgrado,Área de la salud,5,4,4,4,5,5,4,4,5,3,3,5,5,COMUNA 19,
11XjArl7gChPvlxKeA_0APY5pJLeRv53_mZqZUCjAcE8,-Satisfacción del Curso virtual - SELLO DE NO DISCRIMINACIÓN 1°C 2025 - (SELLO_012025),2025-09-24T23:43:05.959Z,,Masculino,Adultez (29 - 59 años),Bachiller,Área de la salud,5,5,5,5,5,5,5,5,5,5,5,5,5,COMUNA 7,
11XjArl7gChPvlxKeA_0APY5pJLeRv53_mZqZUCjAcE8,-Satisfacción del Curso virtual - SELLO DE NO DISCRIMINACIÓN 1°C 2025 - (SELLO_012025),2025-09-20T23:20:37.189Z,,Femenino,Adultez (29 - 59 años),Bachiller,Área de la salud,5,5,5,5,5,5,5,5,5,5,5,5,5,COMUNA 13,
11XjArl7gChPvlxKeA_0APY5pJLeRv53_mZqZUCjAcE8,-Satisfacción del Curso virtual - SELLO DE NO DISCRIMINACIÓN 1°C 2025 - (SELLO_012025),2025-09-24T17:24:35.113Z,,Femenino,Adultez (29 - 59 años),Bachiller,Estudiante,5,5,4,4,5,4,4,4,4,4,4,4,4,COMUNA 8,
11XjArl7gChPvlxKeA_0APY5pJLeRv53_mZqZUCjAcE8,-Satisfacción del Curso virtual - SELLO DE NO DISCRIMINACIÓN 1°C 2025 - (SELLO_012025),2025-11-04T19:31:53.662Z,,Femenino,Adultez (29 - 59 años),Postgrado,Área de la salud,5,5,5,5,5,5,5,5,5,3,5,5,5,COMUNA 5,
11XjArl7gChPvlxKeA_0APY5pJLeRv53_mZqZUCjAcE8,-Satisfacción del Curso virtual - SELLO DE NO DISCRIMINACIÓN 1°C 2025 - (SELLO_012025),2025-10-14T15:16:02.703Z,,Femenino,Vejez (60 años o más),Postgrado,Área de la salud,5,5,5,5,5,5,5,5,5,5,5,5,5,C. DE LA BUITRERA,
11XjArl7gChPvlxKeA_0APY5pJLeRv53_mZqZUCjAcE8,-Satisfacción del Curso virtual - SELLO DE NO DISCRIMINACIÓN 1°C 2025 - (SELLO_012025),2025-10-07T18:40:51.077Z,,Femenino,Adultez (29 - 59 años),Postgrado,Área de la salud,5,5,5,5,5,5,5,5,5,5,5,5,5,COMUNA 11,
11XjArl7gChPvlxKeA_0APY5pJLeRv53_mZqZUCjAcE8,-Satisfacción del Curso virtual - SELLO DE NO DISCRIMINACIÓN 1°C 2025 - (SELLO_012025),2025-09-25T15:41:39.384Z,,Femenino,Adultez (29 - 59 años),Pregrado,Área de la salud,4,4,4,4,4,4,4,4,4,4,4,4,4,COMUNA 10,
11XjArl7gChPvlxKeA_0APY5pJLeRv53_mZqZUCjAcE8,-Satisfacción del Curso virtual - SELLO DE NO DISCRIMINACIÓN 1°C 2025 - (SELLO_012025),2025-12-12T04:56:32.678Z,,Femenino,Adultez (29 - 59 años),Postgrado,Área de la salud,5,5,5,5,5,5,5,5,5,5,5,5,5,COMUNA 17,
11XjArl7gChPvlxKeA_0APY5pJLeRv53_mZqZUCjAcE8,-Satisfacción del Curso virtual - SELLO DE NO DISCRIMINACIÓN 1°C 2025 - (SELLO_012025),2025-09-20T04:00:17.568Z,,Femenino,Vejez (60 años o más),Postgrado,Área de la salud,5,5,5,4,5,5,4,4,4,4,4,4,4,COMUNA 17,
11XjArl7gChPvlxKeA_0APY5pJLeRv53_mZqZUCjAcE8,-Satisfacción del Curso virtual - SELLO DE NO DISCRIMINACIÓN 1°C 2025 - (SELLO_012025),2025-09-29T02:23:55.562Z,,Femenino,Vejez (60 años o más),Postgrado,Área de la salud,5,5,5,5,4,5,5,5,5,5,5,5,5,COMUNA 17,
1_NKff3xvAloLzW0WTwoVK-OnWQd0FoAuMJS4-60w1D8,-Satisfacción del Curso virtual - TB Farmacorresistente - (TBFR_012026),2026-05-24T15:28:22.724Z,N/A,Femenino,Adultez (29 - 59 años),Pregrado,Área de la salud,4,4,4,4,5,5,4,4,4,4,4,4,4,,
1_NKff3xvAloLzW0WTwoVK-OnWQd0FoAuMJS4-60w1D8,-Satisfacción del Curso virtual - TB Farmacorresistente - (TBFR_012026),2026-05-28T02:56:54.917Z,COMUNA 4,Femenino,Adultez (29 - 59 años),Postgrado,Área de la salud,5,5,5,5,5,5,5,5,5,4,5,5,5,,
1_NKff3xvAloLzW0WTwoVK-OnWQd0FoAuMJS4-60w1D8,-Satisfacción del Curso virtual - TB Farmacorresistente - (TBFR_012026),2026-05-29T00:01:56.684Z,N/A,Femenino,Juventud (18 - 28 años),Pregrado,Área de la salud,5,4,4,4,5,5,5,5,5,5,5,5,5,,
1_NKff3xvAloLzW0WTwoVK-OnWQd0FoAuMJS4-60w1D8,-Satisfacción del Curso virtual - TB Farmacorresistente - (TBFR_012026),2026-05-28T21:36:37.893Z,COMUNA 17,Femenino,Juventud (18 - 28 años),Postgrado,Área de la salud,5,5,5,5,5,5,5,5,5,5,5,4,5,,
1_NKff3xvAloLzW0WTwoVK-OnWQd0FoAuMJS4-60w1D8,-Satisfacción del Curso virtual - TB Farmacorresistente - (TBFR_012026),2026-06-01T04:58:34.984Z,COMUNA 17,Masculino,Adultez (29 - 59 años),Pregrado,Área de la salud,4,4,4,4,4,4,4,4,4,4,4,4,4,,
1_NKff3xvAloLzW0WTwoVK-OnWQd0FoAuMJS4-60w1D8,-Satisfacción del Curso virtual - TB Farmacorresistente - (TBFR_012026),2026-05-27T22:11:01.980Z,N/A,Femenino,Adultez (29 - 59 años),Postgrado,Área de la salud,5,5,5,5,5,5,5,5,5,5,5,5,5,,
1_NKff3xvAloLzW0WTwoVK-OnWQd0FoAuMJS4-60w1D8,-Satisfacción del Curso virtual - TB Farmacorresistente - (TBFR_012026),2026-05-22T19:40:10.806Z,COMUNA 8,Femenino,Adultez (29 - 59 años),Bachiller,Área de la salud,5,4,5,5,5,5,5,5,5,5,5,5,5,,
1_NKff3xvAloLzW0WTwoVK-OnWQd0FoAuMJS4-60w1D8,-Satisfacción del Curso virtual - TB Farmacorresistente - (TBFR_012026),2026-06-02T19:19:29.105Z,N/A,Femenino,Adultez (29 - 59 años),Postgrado,Área de la salud,5,5,5,5,5,5,5,5,5,5,5,5,5,,
1_NKff3xvAloLzW0WTwoVK-OnWQd0FoAuMJS4-60w1D8,-Satisfacción del Curso virtual - TB Farmacorresistente - (TBFR_012026),2026-05-22T21:57:18.180Z,N/A,Masculino,Adultez (29 - 59 años),Pregrado,Área de la salud,5,5,5,5,5,5,5,5,5,5,5,5,5,,
1_NKff3xvAloLzW0WTwoVK-OnWQd0FoAuMJS4-60w1D8,-Satisfacción del Curso virtual - TB Farmacorresistente - (TBFR_012026),2026-05-24T06:24:53.968Z,COMUNA 17,Femenino,Adultez (29 - 59 años),Postgrado,Área de la salud,4,4,4,5,5,4,4,4,4,4,4,4,4,,
1_NKff3xvAloLzW0WTwoVK-OnWQd0FoAuMJS4-60w1D8,-Satisfacción del Curso virtual - TB Farmacorresistente - (TBFR_012026),2026-05-28T03:18:25.059Z,N/A,Femenino,Adultez (29 - 59 años),Pregrado,Área de la salud,5,5,5,5,5,5,5,5,5,5,5,5,5,,
1_NKff3xvAloLzW0WTwoVK-OnWQd0FoAuMJS4-60w1D8,-Satisfacción del Curso virtual - TB Farmacorresistente - (TBFR_012026),2026-06-02T16:05:51.826Z,COMUNA 17,Masculino,Adultez (29 - 59 años),Postgrado,Área de la salud,5,5,5,5,5,5,5,5,5,5,5,5,5,,
1_NKff3xvAloLzW0WTwoVK-OnWQd0FoAuMJS4-60w1D8,-Satisfacción del Curso virtual - TB Farmacorresistente - (TBFR_012026),2026-05-16T00:28:49.906Z,N/A,Femenino,Adultez (29 - 59 años),Bachiller,Área de la salud,5,5,5,5,5,5,5,5,5,5,5,5,5,,
1_NKff3xvAloLzW0WTwoVK-OnWQd0FoAuMJS4-60w1D8,-Satisfacción del Curso virtual - TB Farmacorresistente - (TBFR_012026),2026-05-27T23:11:13.495Z,COMUNA 8,Femenino,Juventud (18 - 28 años),Pregrado,Área de la salud,5,5,5,5,5,5,5,5,5,3,5,5,5,,
1_NKff3xvAloLzW0WTwoVK-OnWQd0FoAuMJS4-60w1D8,-Satisfacción del Curso virtual - TB Farmacorresistente - (TBFR_012026),2026-05-27T21:08:44.376Z,COMUNA 11,Femenino,Adultez (29 - 59 años),Pregrado,Área de la salud,5,5,5,5,5,5,5,5,5,5,5,5,5,,
1_NKff3xvAloLzW0WTwoVK-OnWQd0FoAuMJS4-60w1D8,-Satisfacción del Curso virtual - TB Farmacorresistente - (TBFR_012026),2026-05-25T17:52:45.177Z,COMUNA 10,Femenino,Adultez (29 - 59 años),Bachiller,Área de la salud,5,5,5,5,5,5,5,5,5,5,5,5,5,,
1_NKff3xvAloLzW0WTwoVK-OnWQd0FoAuMJS4-60w1D8,-Satisfacción del Curso virtual - TB Farmacorresistente - (TBFR_012026),2026-05-29T00:55:10.156Z,COMUNA 22,Femenino,Adultez (29 - 59 años),Postgrado,Área de la salud,5,5,5,5,5,5,4,5,5,4,5,5,4,,
1_NKff3xvAloLzW0WTwoVK-OnWQd0FoAuMJS4-60w1D8,-Satisfacción del Curso virtual - TB Farmacorresistente - (TBFR_012026),2026-05-25T21:39:49.061Z,COMUNA 21,Femenino,Juventud (18 - 28 años),Bachiller,Área de la salud,5,5,5,4,5,5,5,5,4,5,5,5,5,,
1_NKff3xvAloLzW0WTwoVK-OnWQd0FoAuMJS4-60w1D8,-Satisfacción del Curso virtual - TB Farmacorresistente - (TBFR_012026),2026-05-29T02:02:58.957Z,COMUNA 18,Femenino,Adultez (29 - 59 años),Postgrado,Área de la salud,5,5,5,5,5,5,5,5,5,5,5,5,5,,
1_NKff3xvAloLzW0WTwoVK-OnWQd0FoAuMJS4-60w1D8,-Satisfacción del Curso virtual - TB Farmacorresistente - (TBFR_012026),2026-05-24T14:46:17.862Z,COMUNA 6,Masculino,Adultez (29 - 59 años),Pregrado,Área de la salud,5,5,5,5,5,5,5,5,5,5,5,5,5,,
1_NKff3xvAloLzW0WTwoVK-OnWQd0FoAuMJS4-60w1D8,-Satisfacción del Curso virtual - TB Farmacorresistente - (TBFR_012026),2026-05-25T21:54:02.150Z,N/A,Masculino,Adultez (29 - 59 años),Postgrado,Área de la salud,5,5,5,5,5,5,5,5,5,5,5,5,5,,
1_NKff3xvAloLzW0WTwoVK-OnWQd0FoAuMJS4-60w1D8,-Satisfacción del Curso virtual - TB Farmacorresistente - (TBFR_012026),2026-06-01T19:40:22.062Z,COMUNA 12,Femenino,Juventud (18 - 28 años),Pregrado,Área de la salud,5,5,5,5,5,5,5,5,5,5,5,5,5,,
1_NKff3xvAloLzW0WTwoVK-OnWQd0FoAuMJS4-60w1D8,-Satisfacción del Curso virtual - TB Farmacorresistente - (TBFR_012026),2026-05-18T21:27:34.945Z,COMUNA 1,Femenino,Juventud (18 - 28 años),Pregrado,Área de la salud,5,5,5,5,5,5,5,5,5,5,5,5,5,,
1_NKff3xvAloLzW0WTwoVK-OnWQd0FoAuMJS4-60w1D8,-Satisfacción del Curso virtual - TB Farmacorresistente - (TBFR_012026),2026-05-24T16:27:41.568Z,N/A,Femenino,Adultez (29 - 59 años),Postgrado,Área de la salud,4,4,4,4,4,4,4,4,4,4,5,5,5,,
1_NKff3xvAloLzW0WTwoVK-OnWQd0FoAuMJS4-60w1D8,-Satisfacción del Curso virtual - TB Farmacorresistente - (TBFR_012026),2026-06-01T00:14:36.473Z,COMUNA 12,Masculino,Adultez (29 - 59 años),Pregrado,Área de la salud,4,4,4,4,4,4,4,4,4,4,4,4,4,,
1_NKff3xvAloLzW0WTwoVK-OnWQd0FoAuMJS4-60w1D8,-Satisfacción del Curso virtual - TB Farmacorresistente - (TBFR_012026),2026-06-06T20:39:23.617Z,COMUNA 10,Masculino,Juventud (18 - 28 años),Bachiller,Área de la salud,5,5,5,5,5,5,5,5,5,5,5,5,5,,
1_NKff3xvAloLzW0WTwoVK-OnWQd0FoAuMJS4-60w1D8,-Satisfacción del Curso virtual - TB Farmacorresistente - (TBFR_012026),2026-05-26T04:35:13.784Z,N/A,Femenino,Adultez (29 - 59 años),Postgrado,Área de la salud,5,5,5,5,5,5,5,5,5,5,5,5,5,,
1_NKff3xvAloLzW0WTwoVK-OnWQd0FoAuMJS4-60w1D8,-Satisfacción del Curso virtual - TB Farmacorresistente - (TBFR_012026),2026-05-28T22:23:57.078Z,N/A,Masculino,Juventud (18 - 28 años),Postgrado,Área de la salud,4,4,4,4,4,4,4,4,4,4,4,4,4,,
1_NKff3xvAloLzW0WTwoVK-OnWQd0FoAuMJS4-60w1D8,-Satisfacción del Curso virtual - TB Farmacorresistente - (TBFR_012026),2026-05-30T03:23:21.251Z,COMUNA 10,Femenino,Adultez (29 - 59 años),Postgrado,Área de la salud,5,5,5,5,5,5,5,5,5,5,5,5,5,,
1_NKff3xvAloLzW0WTwoVK-OnWQd0FoAuMJS4-60w1D8,-Satisfacción del Curso virtual - TB Farmacorresistente - (TBFR_012026),2026-05-27T18:58:05.788Z,N/A,Femenino,Adultez (29 - 59 años),Pregrado,Área de la salud,5,5,5,5,5,5,5,5,5,5,5,5,5,,
1_NKff3xvAloLzW0WTwoVK-OnWQd0FoAuMJS4-60w1D8,-Satisfacción del Curso virtual - TB Farmacorresistente - (TBFR_012026),2026-05-22T00:58:08.277Z,COMUNA 15,Femenino,Adultez (29 - 59 años),Postgrado,Área de la salud,5,5,5,5,5,5,5,5,5,5,5,5,5,,
1_NKff3xvAloLzW0WTwoVK-OnWQd0FoAuMJS4-60w1D8,-Satisfacción del Curso virtual - TB Farmacorresistente - (TBFR_012026),2026-05-23T01:32:07.089Z,COMUNA 5,Femenino,Adultez (29 - 59 años),Pregrado,Área de la salud,5,5,5,5,5,5,5,5,5,5,5,5,5,,
1_NKff3xvAloLzW0WTwoVK-OnWQd0FoAuMJS4-60w1D8,-Satisfacción del Curso virtual - TB Farmacorresistente - (TBFR_012026),2026-05-27T22:03:28.254Z,COMUNA 17,Femenino,Adultez (29 - 59 años),Pregrado,Área de la salud,5,5,5,5,5,5,5,5,5,5,5,5,5,,
1_NKff3xvAloLzW0WTwoVK-OnWQd0FoAuMJS4-60w1D8,-Satisfacción del Curso virtual - TB Farmacorresistente - (TBFR_012026),2026-05-23T03:41:43.424Z,N/A,Femenino,Juventud (18 - 28 años),Postgrado,Área de la salud,5,5,5,5,5,5,5,5,5,5,5,5,5,,
1_NKff3xvAloLzW0WTwoVK-OnWQd0FoAuMJS4-60w1D8,-Satisfacción del Curso virtual - TB Farmacorresistente - (TBFR_012026),2026-05-28T04:47:33.192Z,COMUNA 19,Femenino,Adultez (29 - 59 años),Postgrado,Área de la salud,5,5,5,5,5,5,5,5,5,5,5,5,5,,
1_NKff3xvAloLzW0WTwoVK-OnWQd0FoAuMJS4-60w1D8,-Satisfacción del Curso virtual - TB Farmacorresistente - (TBFR_012026),2026-06-01T02:29:30.305Z,COMUNA 17,Femenino,Juventud (18 - 28 años),Pregrado,Área de la salud,5,5,5,5,5,5,5,5,5,5,5,5,5,,
1_NKff3xvAloLzW0WTwoVK-OnWQd0FoAuMJS4-60w1D8,-Satisfacción del Curso virtual - TB Farmacorresistente - (TBFR_012026),2026-05-20T13:31:02.840Z,N/A,Femenino,Adultez (29 - 59 años),Pregrado,Área de la salud,5,5,5,5,5,5,5,5,5,5,5,5,5,,
1_NKff3xvAloLzW0WTwoVK-OnWQd0FoAuMJS4-60w1D8,-Satisfacción del Curso virtual - TB Farmacorresistente - (TBFR_012026),2026-06-02T05:57:14.463Z,COMUNA 17,Femenino,Adultez (29 - 59 años),Postgrado,Área de la salud,5,5,4,5,5,5,5,5,5,4,5,4,5,,
1_NKff3xvAloLzW0WTwoVK-OnWQd0FoAuMJS4-60w1D8,-Satisfacción del Curso virtual - TB Farmacorresistente - (TBFR_012026),2026-06-02T14:50:11.777Z,COMUNA 19,Masculino,Adultez (29 - 59 años),Postgrado,Otro,5,5,5,5,5,5,5,5,5,5,5,5,5,,
1_NKff3xvAloLzW0WTwoVK-OnWQd0FoAuMJS4-60w1D8,-Satisfacción del Curso virtual - TB Farmacorresistente - (TBFR_012026),2026-05-25T16:35:09.390Z,N/A,Femenino,Juventud (18 - 28 años),Pregrado,Área de la salud,5,5,5,5,5,5,5,5,5,5,5,5,5,,
1_NKff3xvAloLzW0WTwoVK-OnWQd0FoAuMJS4-60w1D8,-Satisfacción del Curso virtual - TB Farmacorresistente - (TBFR_012026),2026-05-20T15:27:25.059Z,N/A,Femenino,Adultez (29 - 59 años),Postgrado,Área de la salud,5,5,5,5,5,5,5,5,5,5,5,5,5,,
1_NKff3xvAloLzW0WTwoVK-OnWQd0FoAuMJS4-60w1D8,-Satisfacción del Curso virtual - TB Farmacorresistente - (TBFR_012026),2026-05-25T13:31:19.889Z,COMUNA 5,Femenino,Adultez (29 - 59 años),Pregrado,Área de la salud,5,5,5,5,5,5,5,5,5,5,5,5,5,,
1_NKff3xvAloLzW0WTwoVK-OnWQd0FoAuMJS4-60w1D8,-Satisfacción del Curso virtual - TB Farmacorresistente - (TBFR_012026),2026-06-04T22:46:40.038Z,COMUNA 19,Femenino,Juventud (18 - 28 años),Pregrado,Área de la salud,5,5,5,5,5,5,5,5,5,5,5,5,5,,
1_NKff3xvAloLzW0WTwoVK-OnWQd0FoAuMJS4-60w1D8,-Satisfacción del Curso virtual - TB Farmacorresistente - (TBFR_012026),2026-05-22T17:09:17.155Z,COMUNA 19,Femenino,Adultez (29 - 59 años),Postgrado,Área de la salud,5,5,5,5,5,5,5,5,5,5,5,5,5,,
1_NKff3xvAloLzW0WTwoVK-OnWQd0FoAuMJS4-60w1D8,-Satisfacción del Curso virtual - TB Farmacorresistente - (TBFR_012026),2026-05-23T03:13:56.471Z,COMUNA 13,Femenino,Adultez (29 - 59 años),Postgrado,Área de la salud,4,4,4,4,4,4,4,4,4,4,4,4,4,,
1_NKff3xvAloLzW0WTwoVK-OnWQd0FoAuMJS4-60w1D8,-Satisfacción del Curso virtual - TB Farmacorresistente - (TBFR_012026),2026-06-06T04:29:43.911Z,COMUNA 21,Femenino,Adultez (29 - 59 años),Pregrado,Área de la salud,5,5,5,5,5,5,5,5,5,5,5,5,5,,
1_NKff3xvAloLzW0WTwoVK-OnWQd0FoAuMJS4-60w1D8,-Satisfacción del Curso virtual - TB Farmacorresistente - (TBFR_012026),2026-06-05T05:06:30.173Z,N/A,Femenino,Adultez (29 - 59 años),Pregrado,Área de la salud,5,5,5,5,5,5,5,5,5,5,5,5,5,,
1_NKff3xvAloLzW0WTwoVK-OnWQd0FoAuMJS4-60w1D8,-Satisfacción del Curso virtual - TB Farmacorresistente - (TBFR_012026),2026-05-23T21:50:35.863Z,N/A,Femenino,Adultez (29 - 59 años),Pregrado,Área de la salud,5,5,5,5,5,5,5,5,5,5,3,5,5,,
1_NKff3xvAloLzW0WTwoVK-OnWQd0FoAuMJS4-60w1D8,-Satisfacción del Curso virtual - TB Farmacorresistente - (TBFR_012026),2026-06-03T18:44:30.427Z,COMUNA 1,Femenino,Adultez (29 - 59 años),Pregrado,Área de la salud,5,5,5,5,5,5,5,5,5,5,5,5,5,,
1_NKff3xvAloLzW0WTwoVK-OnWQd0FoAuMJS4-60w1D8,-Satisfacción del Curso virtual - TB Farmacorresistente - (TBFR_012026),2026-06-01T13:13:27.767Z,COMUNA 10,Femenino,Adultez (29 - 59 años),Pregrado,Área de la salud,5,5,5,5,5,5,5,5,5,5,5,5,5,,
1_NKff3xvAloLzW0WTwoVK-OnWQd0FoAuMJS4-60w1D8,-Satisfacción del Curso virtual - TB Farmacorresistente - (TBFR_012026),2026-05-27T18:31:11.496Z,N/A,Femenino,Adultez (29 - 59 años),Pregrado,Área de la salud,4,4,4,4,4,5,4,4,4,4,4,4,4,,
1_NKff3xvAloLzW0WTwoVK-OnWQd0FoAuMJS4-60w1D8,-Satisfacción del Curso virtual - TB Farmacorresistente - (TBFR_012026),2026-05-23T19:07:31.740Z,N/A,Femenino,Adultez (29 - 59 años),Pregrado,Área de la salud,5,5,5,5,5,5,5,5,5,5,5,5,5,,
1_NKff3xvAloLzW0WTwoVK-OnWQd0FoAuMJS4-60w1D8,-Satisfacción del Curso virtual - TB Farmacorresistente - (TBFR_012026),2026-05-27T20:54:22.692Z,COMUNA 6,Femenino,Adultez (29 - 59 años),Pregrado,Área de la salud,5,5,5,5,5,5,5,5,5,5,5,5,5,,
1_NKff3xvAloLzW0WTwoVK-OnWQd0FoAuMJS4-60w1D8,-Satisfacción del Curso virtual - TB Farmacorresistente - (TBFR_012026),2026-05-19T17:08:09.621Z,COMUNA 5,Femenino,Adultez (29 - 59 años),Pregrado,Área de la salud,5,5,5,5,5,5,5,5,5,5,5,5,5,,
1_NKff3xvAloLzW0WTwoVK-OnWQd0FoAuMJS4-60w1D8,-Satisfacción del Curso virtual - TB Farmacorresistente - (TBFR_012026),2026-06-05T00:01:55.416Z,COMUNA 10,Femenino,Adultez (29 - 59 años),Pregrado,Área de la salud,5,5,5,5,5,5,5,5,5,5,5,5,5,,
1_NKff3xvAloLzW0WTwoVK-OnWQd0FoAuMJS4-60w1D8,-Satisfacción del Curso virtual - TB Farmacorresistente - (TBFR_012026),2026-05-21T20:22:30.143Z,COMUNA 17,Femenino,Adultez (29 - 59 años),Postgrado,Área de la salud,5,5,5,5,5,5,5,5,5,5,5,5,5,,
1_NKff3xvAloLzW0WTwoVK-OnWQd0FoAuMJS4-60w1D8,-Satisfacción del Curso virtual - TB Farmacorresistente - (TBFR_012026),2026-06-12T19:29:11.400Z,COMUNA 10,Femenino,Juventud (18 - 28 años),Pregrado,Área de la salud,5,5,5,5,5,5,5,5,5,5,5,5,5,,
1_NKff3xvAloLzW0WTwoVK-OnWQd0FoAuMJS4-60w1D8,-Satisfacción del Curso virtual - TB Farmacorresistente - (TBFR_012026),2026-06-04T22:10:04.811Z,COMUNA 17,Femenino,Adultez (29 - 59 años),Postgrado,Área de la salud,5,5,5,5,5,5,5,5,5,5,5,5,5,,
1_NKff3xvAloLzW0WTwoVK-OnWQd0FoAuMJS4-60w1D8,-Satisfacción del Curso virtual - TB Farmacorresistente - (TBFR_012026),2026-05-28T03:07:33.215Z,N/A,Femenino,Adultez (29 - 59 años),Pregrado,Otro,5,5,5,5,5,5,5,5,5,5,5,5,5,,
1_NKff3xvAloLzW0WTwoVK-OnWQd0FoAuMJS4-60w1D8,-Satisfacción del Curso virtual - TB Farmacorresistente - (TBFR_012026),2026-05-16T23:34:00.380Z,COMUNA 9,Masculino,Adultez (29 - 59 años),Postgrado,Área de la salud,5,5,5,5,5,5,5,5,5,5,5,5,5,,
1_NKff3xvAloLzW0WTwoVK-OnWQd0FoAuMJS4-60w1D8,-Satisfacción del Curso virtual - TB Farmacorresistente - (TBFR_012026),2026-05-29T14:41:43.025Z,COMUNA 3,Masculino,Adultez (29 - 59 años),Postgrado,Área de la salud,5,5,5,5,5,5,5,5,5,5,5,5,5,,
1_NKff3xvAloLzW0WTwoVK-OnWQd0FoAuMJS4-60w1D8,-Satisfacción del Curso virtual - TB Farmacorresistente - (TBFR_012026),2026-05-26T15:25:45.929Z,COMUNA 10,Masculino,Adultez (29 - 59 años),Postgrado,Área de la salud,5,5,5,5,5,5,5,5,5,5,5,5,5,,
1_NKff3xvAloLzW0WTwoVK-OnWQd0FoAuMJS4-60w1D8,-Satisfacción del Curso virtual - TB Farmacorresistente - (TBFR_012026),2026-06-03T21:09:44.473Z,COMUNA 17,Femenino,Adultez (29 - 59 años),Postgrado,Área de la salud,5,5,5,5,5,5,5,5,5,5,5,5,5,,
1_NKff3xvAloLzW0WTwoVK-OnWQd0FoAuMJS4-60w1D8,-Satisfacción del Curso virtual - TB Farmacorresistente - (TBFR_012026),2026-05-22T19:42:37.646Z,COMUNA 1,Masculino,Adultez (29 - 59 años),Bachiller,Área de la salud,5,5,5,5,5,5,5,5,5,5,5,5,5,,
1_NKff3xvAloLzW0WTwoVK-OnWQd0FoAuMJS4-60w1D8,-Satisfacción del Curso virtual - TB Farmacorresistente - (TBFR_012026),2026-05-25T00:48:52.844Z,COMUNA 13,Femenino,Juventud (18 - 28 años),Pregrado,Estudiante,5,5,5,5,5,5,5,5,5,5,5,5,5,,
1_NKff3xvAloLzW0WTwoVK-OnWQd0FoAuMJS4-60w1D8,-Satisfacción del Curso virtual - TB Farmacorresistente - (TBFR_012026),2026-05-27T03:51:36.243Z,COMUNA 17,Masculino,Adultez (29 - 59 años),Postgrado,Área de la salud,5,5,5,5,5,5,5,5,5,5,5,5,5,,
1_NKff3xvAloLzW0WTwoVK-OnWQd0FoAuMJS4-60w1D8,-Satisfacción del Curso virtual - TB Farmacorresistente - (TBFR_012026),2026-05-27T01:43:29.105Z,COMUNA 20,Femenino,Adultez (29 - 59 años),Postgrado,Área de la salud,5,5,5,5,5,5,5,5,5,5,5,5,5,,
1_NKff3xvAloLzW0WTwoVK-OnWQd0FoAuMJS4-60w1D8,-Satisfacción del Curso virtual - TB Farmacorresistente - (TBFR_012026),2026-05-28T19:17:33.461Z,N/A,Femenino,Adultez (29 - 59 años),Bachiller,Área de la salud,5,5,5,5,5,5,5,5,5,5,5,5,5,,
1_NKff3xvAloLzW0WTwoVK-OnWQd0FoAuMJS4-60w1D8,-Satisfacción del Curso virtual - TB Farmacorresistente - (TBFR_012026),2026-05-26T18:41:30.434Z,COMUNA 2,Femenino,Juventud (18 - 28 años),Postgrado,Área de la salud,5,5,5,5,5,5,5,5,5,5,5,5,5,,
1_NKff3xvAloLzW0WTwoVK-OnWQd0FoAuMJS4-60w1D8,-Satisfacción del Curso virtual - TB Farmacorresistente - (TBFR_012026),2026-05-20T03:08:06.189Z,COMUNA 7,Masculino,Juventud (18 - 28 años),Pregrado,Área de la salud,5,5,5,5,5,5,5,5,5,5,5,5,5,,
1_NKff3xvAloLzW0WTwoVK-OnWQd0FoAuMJS4-60w1D8,-Satisfacción del Curso virtual - TB Farmacorresistente - (TBFR_012026),2026-05-28T02:28:36.505Z,COMUNA 7,Femenino,Adultez (29 - 59 años),Pregrado,Área de la salud,5,5,5,5,5,5,5,5,5,5,5,5,5,,
1_NKff3xvAloLzW0WTwoVK-OnWQd0FoAuMJS4-60w1D8,-Satisfacción del Curso virtual - TB Farmacorresistente - (TBFR_012026),2026-05-23T20:38:09.513Z,COMUNA 16,Femenino,Adultez (29 - 59 años),Postgrado,Área de la salud,5,5,5,5,5,5,5,5,5,5,5,5,5,,
1U5_ujvFwSzpnz6olIFt2Ci8Edxkj9N6wUdipVn-4-EU,-Satisfacción del Curso virtual - CÁNCER DE CÉRVIX 1°C 2025 - (ACC_1_2025),2025-04-23T23:40:59.739Z,,Femenino,Adultez (29 - 59 años),Pregrado,Área de la salud,5,5,5,5,5,5,5,5,5,5,5,5,5,COMUNA 7,
1U5_ujvFwSzpnz6olIFt2Ci8Edxkj9N6wUdipVn-4-EU,-Satisfacción del Curso virtual - CÁNCER DE CÉRVIX 1°C 2025 - (ACC_1_2025),2025-03-29T00:57:18.474Z,,Masculino,Adultez (29 - 59 años),Pregrado,Área de la salud,5,5,5,5,5,5,5,5,5,5,5,5,5,COMUNA 17,
1U5_ujvFwSzpnz6olIFt2Ci8Edxkj9N6wUdipVn-4-EU,-Satisfacción del Curso virtual - CÁNCER DE CÉRVIX 1°C 2025 - (ACC_1_2025),2025-04-25T02:17:14.043Z,,Masculino,Juventud (18 - 28 años),Pregrado,Área de la salud,5,5,5,5,3,5,5,5,5,3,5,5,5,COMUNA 8,
1U5_ujvFwSzpnz6olIFt2Ci8Edxkj9N6wUdipVn-4-EU,-Satisfacción del Curso virtual - CÁNCER DE CÉRVIX 1°C 2025 - (ACC_1_2025),2025-04-22T15:01:02.078Z,,Masculino,Adultez (29 - 59 años),Pregrado,Área de la salud,5,5,5,5,5,5,5,5,5,5,5,5,5,COMUNA 6,
1U5_ujvFwSzpnz6olIFt2Ci8Edxkj9N6wUdipVn-4-EU,-Satisfacción del Curso virtual - CÁNCER DE CÉRVIX 1°C 2025 - (ACC_1_2025),2025-03-30T22:08:56.298Z,,Femenino,Adultez (29 - 59 años),Ninguna,Área de la salud,5,5,5,5,5,5,5,5,5,5,5,5,5,COMUNA 5,
1U5_ujvFwSzpnz6olIFt2Ci8Edxkj9N6wUdipVn-4-EU,-Satisfacción del Curso virtual - CÁNCER DE CÉRVIX 1°C 2025 - (ACC_1_2025),2025-04-01T23:36:33.029Z,,Femenino,Juventud (18 - 28 años),Pregrado,Área de la salud,5,5,5,5,5,5,5,5,5,5,5,5,5,COMUNA 5,
1U5_ujvFwSzpnz6olIFt2Ci8Edxkj9N6wUdipVn-4-EU,-Satisfacción del Curso virtual - CÁNCER DE CÉRVIX 1°C 2025 - (ACC_1_2025),2025-04-04T01:42:39.147Z,,Femenino,Adultez (29 - 59 años),Postgrado,Área de la salud,5,5,5,5,5,5,5,5,5,5,5,5,5,COMUNA 4,
1U5_ujvFwSzpnz6olIFt2Ci8Edxkj9N6wUdipVn-4-EU,-Satisfacción del Curso virtual - CÁNCER DE CÉRVIX 1°C 2025 - (ACC_1_2025),2025-04-06T22:51:41.384Z,,Femenino,Juventud (18 - 28 años),Pregrado,Área de la salud,5,5,5,5,4,4,5,5,5,5,4,4,4,COMUNA 1,
1U5_ujvFwSzpnz6olIFt2Ci8Edxkj9N6wUdipVn-4-EU,-Satisfacción del Curso virtual - CÁNCER DE CÉRVIX 1°C 2025 - (ACC_1_2025),2025-03-31T02:49:42.724Z,,Femenino,Adultez (29 - 59 años),Postgrado,Área de la salud,4,4,4,4,4,4,4,4,4,4,4,4,4,COMUNA 1,
1U5_ujvFwSzpnz6olIFt2Ci8Edxkj9N6wUdipVn-4-EU,-Satisfacción del Curso virtual - CÁNCER DE CÉRVIX 1°C 2025 - (ACC_1_2025),2025-04-02T03:03:46.404Z,,Femenino,Juventud (18 - 28 años),Bachiller,Área de la salud,4,4,4,4,5,4,4,4,4,5,5,5,5,COMUNA 1,
1U5_ujvFwSzpnz6olIFt2Ci8Edxkj9N6wUdipVn-4-EU,-Satisfacción del Curso virtual - CÁNCER DE CÉRVIX 1°C 2025 - (ACC_1_2025),2025-03-29T20:43:16.784Z,,Masculino,Adultez (29 - 59 años),Pregrado,Área de la salud,5,5,5,5,5,5,5,5,5,5,5,5,5,COMUNA 12,
1U5_ujvFwSzpnz6olIFt2Ci8Edxkj9N6wUdipVn-4-EU,-Satisfacción del Curso virtual - CÁNCER DE CÉRVIX 1°C 2025 - (ACC_1_2025),2025-03-27T00:09:40.248Z,,Femenino,Adultez (29 - 59 años),Pregrado,Área de la salud,5,5,5,5,5,5,5,5,5,5,5,5,5,COMUNA 1,
1U5_ujvFwSzpnz6olIFt2Ci8Edxkj9N6wUdipVn-4-EU,-Satisfacción del Curso virtual - CÁNCER DE CÉRVIX 1°C 2025 - (ACC_1_2025),2025-03-27T03:20:25.699Z,,Femenino,Adultez (29 - 59 años),Pregrado,Área de la salud,4,4,3,4,3,4,2,2,3,3,2,2,3,COMUNA 6,
1U5_ujvFwSzpnz6olIFt2Ci8Edxkj9N6wUdipVn-4-EU,-Satisfacción del Curso virtual - CÁNCER DE CÉRVIX 1°C 2025 - (ACC_1_2025),2025-04-19T03:39:03.868Z,,Femenino,Adultez (29 - 59 años),Postgrado,Área de la salud,5,5,5,5,5,5,5,5,4,3,4,4,4,COMUNA 22,
1U5_ujvFwSzpnz6olIFt2Ci8Edxkj9N6wUdipVn-4-EU,-Satisfacción del Curso virtual - CÁNCER DE CÉRVIX 1°C 2025 - (ACC_1_2025),2025-04-21T02:39:11.971Z,,Masculino,Juventud (18 - 28 años),Pregrado,Área de la salud,4,5,4,5,4,5,4,5,4,4,5,5,5,COMUNA 19,
1U5_ujvFwSzpnz6olIFt2Ci8Edxkj9N6wUdipVn-4-EU,-Satisfacción del Curso virtual - CÁNCER DE CÉRVIX 1°C 2025 - (ACC_1_2025),2025-04-23T02:15:40.693Z,,Femenino,Adultez (29 - 59 años),Pregrado,Área de la salud,1,1,1,1,1,1,1,1,1,1,1,1,1,COMUNA 1,
1U5_ujvFwSzpnz6olIFt2Ci8Edxkj9N6wUdipVn-4-EU,-Satisfacción del Curso virtual - CÁNCER DE CÉRVIX 1°C 2025 - (ACC_1_2025),2025-03-27T18:27:17.503Z,,Femenino,Adultez (29 - 59 años),Pregrado,Área de la salud,5,5,5,5,5,5,5,5,1,1,5,5,5,COMUNA 6,
1U5_ujvFwSzpnz6olIFt2Ci8Edxkj9N6wUdipVn-4-EU,-Satisfacción del Curso virtual - CÁNCER DE CÉRVIX 1°C 2025 - (ACC_1_2025),2025-04-16T13:24:10.161Z,,Femenino,Adultez (29 - 59 años),Postgrado,Área de la salud,5,5,5,5,5,5,5,5,5,5,5,5,5,COMUNA 1,
1U5_ujvFwSzpnz6olIFt2Ci8Edxkj9N6wUdipVn-4-EU,-Satisfacción del Curso virtual - CÁNCER DE CÉRVIX 1°C 2025 - (ACC_1_2025),2025-04-13T18:37:41.954Z,,Femenino,Adultez (29 - 59 años),Pregrado,Área de la salud,5,5,5,5,5,5,5,5,5,5,5,5,5,COMUNA 5,
1U5_ujvFwSzpnz6olIFt2Ci8Edxkj9N6wUdipVn-4-EU,-Satisfacción del Curso virtual - CÁNCER DE CÉRVIX 1°C 2025 - (ACC_1_2025),2025-04-02T00:54:36.350Z,,Femenino,Adultez (29 - 59 años),Postgrado,Área de la salud,5,5,5,5,5,5,5,5,5,5,5,5,5,COMUNA 5,
1U5_ujvFwSzpnz6olIFt2Ci8Edxkj9N6wUdipVn-4-EU,-Satisfacción del Curso virtual - CÁNCER DE CÉRVIX 1°C 2025 - (ACC_1_2025),2025-04-01T03:38:24.965Z,,Femenino,Adultez (29 - 59 años),Postgrado,Área de la salud,5,5,5,5,5,5,5,5,5,5,5,5,5,COMUNA 17,
1U5_ujvFwSzpnz6olIFt2Ci8Edxkj9N6wUdipVn-4-EU,-Satisfacción del Curso virtual - CÁNCER DE CÉRVIX 1°C 2025 - (ACC_1_2025),2025-04-21T03:13:03.608Z,,Femenino,Adultez (29 - 59 años),Pregrado,Área de la salud,4,4,4,4,4,4,4,4,4,4,4,4,4,COMUNA 17,
1U5_ujvFwSzpnz6olIFt2Ci8Edxkj9N6wUdipVn-4-EU,-Satisfacción del Curso virtual - CÁNCER DE CÉRVIX 1°C 2025 - (ACC_1_2025),2025-03-29T22:38:13.134Z,,Femenino,Adultez (29 - 59 años),Postgrado,Área de la salud,5,5,5,4,5,5,4,4,3,3,5,4,4,COMUNA 17,
1U5_ujvFwSzpnz6olIFt2Ci8Edxkj9N6wUdipVn-4-EU,-Satisfacción del Curso virtual - CÁNCER DE CÉRVIX 1°C 2025 - (ACC_1_2025),2025-04-01T20:28:20.208Z,,Femenino,Juventud (18 - 28 años),Pregrado,Estudiante,5,5,5,5,5,5,5,5,5,5,5,5,5,COMUNA 19,
1U5_ujvFwSzpnz6olIFt2Ci8Edxkj9N6wUdipVn-4-EU,-Satisfacción del Curso virtual - CÁNCER DE CÉRVIX 1°C 2025 - (ACC_1_2025),2025-03-28T01:31:28.069Z,,Masculino,Adultez (29 - 59 años),Pregrado,Área de la salud,4,4,5,4,4,4,4,4,3,3,4,5,5,COMUNA 17,
1U5_ujvFwSzpnz6olIFt2Ci8Edxkj9N6wUdipVn-4-EU,-Satisfacción del Curso virtual - CÁNCER DE CÉRVIX 1°C 2025 - (ACC_1_2025),2025-04-22T15:00:09.562Z,,Femenino,Adultez (29 - 59 años),Postgrado,Área de la salud,4,4,5,4,4,4,3,3,3,3,5,4,4,COMUNA 1,
1U5_ujvFwSzpnz6olIFt2Ci8Edxkj9N6wUdipVn-4-EU,-Satisfacción del Curso virtual - CÁNCER DE CÉRVIX 1°C 2025 - (ACC_1_2025),2025-03-30T20:20:51.578Z,,Masculino,Adultez (29 - 59 años),Pregrado,Área de la salud,5,5,5,5,5,5,5,5,5,5,5,5,5,COMUNA 16,
1U5_ujvFwSzpnz6olIFt2Ci8Edxkj9N6wUdipVn-4-EU,-Satisfacción del Curso virtual - CÁNCER DE CÉRVIX 1°C 2025 - (ACC_1_2025),2025-03-26T00:36:24.205Z,,Femenino,Adultez (29 - 59 años),Postgrado,Área de la salud,5,5,5,5,5,5,5,5,5,5,5,5,5,C. DE PANCE,
1U5_ujvFwSzpnz6olIFt2Ci8Edxkj9N6wUdipVn-4-EU,-Satisfacción del Curso virtual - CÁNCER DE CÉRVIX 1°C 2025 - (ACC_1_2025),2025-03-27T04:45:41.531Z,,Femenino,Juventud (18 - 28 años),Pregrado,Área de la salud,5,5,5,5,4,5,5,5,4,2,4,5,5,COMUNA 5,
1U5_ujvFwSzpnz6olIFt2Ci8Edxkj9N6wUdipVn-4-EU,-Satisfacción del Curso virtual - CÁNCER DE CÉRVIX 1°C 2025 - (ACC_1_2025),2025-04-08T13:28:40.954Z,,Femenino,Juventud (18 - 28 años),Pregrado,Área de la salud,5,5,5,5,5,5,5,5,5,5,5,5,5,COMUNA 1,
1U5_ujvFwSzpnz6olIFt2Ci8Edxkj9N6wUdipVn-4-EU,-Satisfacción del Curso virtual - CÁNCER DE CÉRVIX 1°C 2025 - (ACC_1_2025),2025-04-12T13:43:15.684Z,,Masculino,Adultez (29 - 59 años),Pregrado,Área de la salud,5,5,5,5,5,5,5,5,5,5,5,5,5,COMUNA 17,
1U5_ujvFwSzpnz6olIFt2Ci8Edxkj9N6wUdipVn-4-EU,-Satisfacción del Curso virtual - CÁNCER DE CÉRVIX 1°C 2025 - (ACC_1_2025),2025-03-27T00:36:05.110Z,,Masculino,Adultez (29 - 59 años),Pregrado,Área de la salud,5,5,5,5,5,5,5,5,5,5,5,5,5,C. DE PANCE,
1U5_ujvFwSzpnz6olIFt2Ci8Edxkj9N6wUdipVn-4-EU,-Satisfacción del Curso virtual - CÁNCER DE CÉRVIX 1°C 2025 - (ACC_1_2025),2025-03-25T23:54:40.369Z,,Femenino,Juventud (18 - 28 años),Pregrado,Área de la salud,5,5,5,5,4,5,5,5,4,4,5,5,5,COMUNA 17,
1U5_ujvFwSzpnz6olIFt2Ci8Edxkj9N6wUdipVn-4-EU,-Satisfacción del Curso virtual - CÁNCER DE CÉRVIX 1°C 2025 - (ACC_1_2025),2025-03-28T17:48:25.070Z,,Femenino,Adultez (29 - 59 años),Pregrado,Área de la salud,5,5,5,5,5,5,5,5,5,5,5,5,5,COMUNA 4,
1U5_ujvFwSzpnz6olIFt2Ci8Edxkj9N6wUdipVn-4-EU,-Satisfacción del Curso virtual - CÁNCER DE CÉRVIX 1°C 2025 - (ACC_1_2025),2025-03-27T21:51:06.829Z,,Femenino,Adultez (29 - 59 años),Pregrado,Área de la salud,5,5,5,5,5,5,5,5,5,5,5,5,5,COMUNA 1,
1U5_ujvFwSzpnz6olIFt2Ci8Edxkj9N6wUdipVn-4-EU,-Satisfacción del Curso virtual - CÁNCER DE CÉRVIX 1°C 2025 - (ACC_1_2025),2025-04-26T03:27:14.527Z,,Femenino,Juventud (18 - 28 años),Pregrado,Área de la salud,5,5,5,5,5,5,5,5,5,5,5,5,5,COMUNA 17,
1EZpWR_Tw-68Nrqfc0j0DL5Sg3dgcLdGobM9ks62HuQE,-Satisfacción del Curso virtual - CÁNCER DE MAMA 1°C 2025 - (CM_2025),2025-08-27T14:42:27.789Z,,Femenino,Adultez (29 - 59 años),Pregrado,Área de la salud,5,5,5,5,5,5,5,5,5,5,5,5,5,COMUNA 6,
1EZpWR_Tw-68Nrqfc0j0DL5Sg3dgcLdGobM9ks62HuQE,-Satisfacción del Curso virtual - CÁNCER DE MAMA 1°C 2025 - (CM_2025),2025-09-17T16:07:33.420Z,,Femenino,Adultez (29 - 59 años),Postgrado,Área de la salud,4,4,5,5,4,5,5,5,4,4,5,5,5,COMUNA 1,
1EZpWR_Tw-68Nrqfc0j0DL5Sg3dgcLdGobM9ks62HuQE,-Satisfacción del Curso virtual - CÁNCER DE MAMA 1°C 2025 - (CM_2025),2025-09-08T20:17:52.818Z,,Femenino,Adultez (29 - 59 años),Pregrado,Área de la salud,4,4,4,4,4,4,4,4,4,4,4,4,4,COMUNA 16,
1EZpWR_Tw-68Nrqfc0j0DL5Sg3dgcLdGobM9ks62HuQE,-Satisfacción del Curso virtual - CÁNCER DE MAMA 1°C 2025 - (CM_2025),2025-09-28T23:06:58.235Z,,Femenino,Juventud (18 - 28 años),Pregrado,Área de la salud,5,5,5,5,5,5,5,5,5,5,5,5,5,COMUNA 1,
1EZpWR_Tw-68Nrqfc0j0DL5Sg3dgcLdGobM9ks62HuQE,-Satisfacción del Curso virtual - CÁNCER DE MAMA 1°C 2025 - (CM_2025),2025-09-08T14:10:14.604Z,,Femenino,Adultez (29 - 59 años),Pregrado,Área de la salud,5,4,5,4,4,4,3,1,1,1,3,5,4,COMUNA 7,
1EZpWR_Tw-68Nrqfc0j0DL5Sg3dgcLdGobM9ks62HuQE,-Satisfacción del Curso virtual - CÁNCER DE MAMA 1°C 2025 - (CM_2025),2025-09-28T18:16:23.905Z,,Femenino,Adultez (29 - 59 años),Pregrado,Área de la salud,3,3,3,3,3,3,3,3,3,3,3,3,3,COMUNA 7,
1EZpWR_Tw-68Nrqfc0j0DL5Sg3dgcLdGobM9ks62HuQE,-Satisfacción del Curso virtual - CÁNCER DE MAMA 1°C 2025 - (CM_2025),2025-08-21T21:24:45.762Z,,Femenino,Adultez (29 - 59 años),Pregrado,Área de la salud,5,5,5,5,5,5,5,5,5,5,5,5,5,COMUNA 17,
1EZpWR_Tw-68Nrqfc0j0DL5Sg3dgcLdGobM9ks62HuQE,-Satisfacción del Curso virtual - CÁNCER DE MAMA 1°C 2025 - (CM_2025),2025-09-17T14:34:36.294Z,,Femenino,Adultez (29 - 59 años),Postgrado,Área de la salud,4,4,4,4,4,4,4,4,4,4,4,4,4,C. DE PANCE,
1EZpWR_Tw-68Nrqfc0j0DL5Sg3dgcLdGobM9ks62HuQE,-Satisfacción del Curso virtual - CÁNCER DE MAMA 1°C 2025 - (CM_2025),2025-09-29T14:06:37.661Z,,Masculino,Juventud (18 - 28 años),Pregrado,Área de la salud,5,5,5,5,5,5,5,5,5,5,5,5,5,COMUNA 19,
1EZpWR_Tw-68Nrqfc0j0DL5Sg3dgcLdGobM9ks62HuQE,-Satisfacción del Curso virtual - CÁNCER DE MAMA 1°C 2025 - (CM_2025),2025-09-18T01:26:20.312Z,,Femenino,Adultez (29 - 59 años),Pregrado,Área de la salud,5,5,5,5,5,5,5,5,5,5,5,5,5,COMUNA 16,
1EZpWR_Tw-68Nrqfc0j0DL5Sg3dgcLdGobM9ks62HuQE,-Satisfacción del Curso virtual - CÁNCER DE MAMA 1°C 2025 - (CM_2025),2025-08-28T04:02:08.268Z,,Femenino,Adultez (29 - 59 años),Postgrado,Área de la salud,5,5,5,5,5,5,5,5,4,4,5,5,5,COMUNA 22,
1EZpWR_Tw-68Nrqfc0j0DL5Sg3dgcLdGobM9ks62HuQE,-Satisfacción del Curso virtual - CÁNCER DE MAMA 1°C 2025 - (CM_2025),2025-08-22T12:16:55.454Z,,Femenino,Juventud (18 - 28 años),Pregrado,Área de la salud,5,5,5,5,5,5,5,5,5,5,5,5,5,COMUNA 2,
1EZpWR_Tw-68Nrqfc0j0DL5Sg3dgcLdGobM9ks62HuQE,-Satisfacción del Curso virtual - CÁNCER DE MAMA 1°C 2025 - (CM_2025),2025-09-01T23:11:36.312Z,,Femenino,Adultez (29 - 59 años),Pregrado,Área de la salud,4,5,5,5,5,5,5,5,5,5,5,5,5,COMUNA 6,
1EZpWR_Tw-68Nrqfc0j0DL5Sg3dgcLdGobM9ks62HuQE,-Satisfacción del Curso virtual - CÁNCER DE MAMA 1°C 2025 - (CM_2025),2025-09-12T16:11:55.810Z,,Femenino,Juventud (18 - 28 años),Pregrado,Área de la salud,5,5,5,5,5,5,5,5,5,5,5,5,5,C. DE PANCE,
1EZpWR_Tw-68Nrqfc0j0DL5Sg3dgcLdGobM9ks62HuQE,-Satisfacción del Curso virtual - CÁNCER DE MAMA 1°C 2025 - (CM_2025),2025-08-25T15:36:24.822Z,,Masculino,Adultez (29 - 59 años),Pregrado,Área de la salud,5,5,5,5,5,5,5,5,5,5,5,5,5,COMUNA 14,
1EZpWR_Tw-68Nrqfc0j0DL5Sg3dgcLdGobM9ks62HuQE,-Satisfacción del Curso virtual - CÁNCER DE MAMA 1°C 2025 - (CM_2025),2025-08-26T23:04:14.742Z,,Femenino,Adultez (29 - 59 años),Pregrado,Área de la salud,5,5,5,5,5,5,5,5,5,5,5,5,5,COMUNA 13,
1EZpWR_Tw-68Nrqfc0j0DL5Sg3dgcLdGobM9ks62HuQE,-Satisfacción del Curso virtual - CÁNCER DE MAMA 1°C 2025 - (CM_2025),2025-10-04T22:28:29.020Z,,Femenino,Adultez (29 - 59 años),Bachiller,Área de la salud,5,5,5,5,5,5,5,5,5,5,5,5,5,COMUNA 1,
1kVhvpXnfKye9Cdw3hjJgRDBmKH2jSpPWBU9F5QP5Ifs,-Satisfacción del Curso virtual - CÁNCER PRÓSTATA 2°C 2025 - (ACP_2C_2025),2025-11-09T19:03:17.135Z,,Femenino,Adultez (29 - 59 años),Bachiller,Área de la salud,5,5,5,5,5,5,5,5,5,5,5,5,5,COMUNA 2,
1kVhvpXnfKye9Cdw3hjJgRDBmKH2jSpPWBU9F5QP5Ifs,-Satisfacción del Curso virtual - CÁNCER PRÓSTATA 2°C 2025 - (ACP_2C_2025),2025-11-11T02:46:43.142Z,,Masculino,Juventud (18 - 28 años),Pregrado,Área de la salud,5,5,5,5,5,5,5,5,5,5,5,5,5,COMUNA 7,
1kVhvpXnfKye9Cdw3hjJgRDBmKH2jSpPWBU9F5QP5Ifs,-Satisfacción del Curso virtual - CÁNCER PRÓSTATA 2°C 2025 - (ACP_2C_2025),2025-11-24T03:53:59.050Z,,Femenino,Adultez (29 - 59 años),Pregrado,Área de la salud,5,5,5,5,5,5,5,5,5,5,5,5,5,C. DE LA CASTILLA,
1kVhvpXnfKye9Cdw3hjJgRDBmKH2jSpPWBU9F5QP5Ifs,-Satisfacción del Curso virtual - CÁNCER PRÓSTATA 2°C 2025 - (ACP_2C_2025),2025-12-03T03:03:51.362Z,,Femenino,Adultez (29 - 59 años),Postgrado,Área de la salud,4,4,4,4,3,4,4,4,3,3,4,4,4,COMUNA 2,
1kVhvpXnfKye9Cdw3hjJgRDBmKH2jSpPWBU9F5QP5Ifs,-Satisfacción del Curso virtual - CÁNCER PRÓSTATA 2°C 2025 - (ACP_2C_2025),2025-11-12T21:28:30.732Z,,Femenino,Adultez (29 - 59 años),Postgrado,Área de la salud,5,5,5,5,5,5,5,5,5,5,5,5,5,COMUNA 17,
1kVhvpXnfKye9Cdw3hjJgRDBmKH2jSpPWBU9F5QP5Ifs,-Satisfacción del Curso virtual - CÁNCER PRÓSTATA 2°C 2025 - (ACP_2C_2025),2025-11-25T22:26:43.644Z,,Masculino,Adultez (29 - 59 años),Pregrado,Área de la salud,5,5,5,5,5,5,5,5,4,4,5,5,5,COMUNA 22,
1SvBn1B3iW8J7V2xi9uhdrsw0e9xPpvVvCjSgMOuzl00,-Satisfacción del Curso virtual - CÁNCER INFANTIL 2°C 2025 - (CI_022025) (ACI_01_2026),2026-03-02T02:47:04.060Z,,Femenino,Adultez (29 - 59 años),Pregrado,Área de la salud,5,5,5,5,5,5,5,5,5,5,5,5,5,COMUNA 3,
1SvBn1B3iW8J7V2xi9uhdrsw0e9xPpvVvCjSgMOuzl00,-Satisfacción del Curso virtual - CÁNCER INFANTIL 2°C 2025 - (CI_022025) (ACI_01_2026),2026-03-01T22:10:23.413Z,,Femenino,Juventud (18 - 28 años),Pregrado,Área de la salud,5,5,5,5,5,5,5,5,5,5,5,5,5,COMUNA 17,
1SvBn1B3iW8J7V2xi9uhdrsw0e9xPpvVvCjSgMOuzl00,-Satisfacción del Curso virtual - CÁNCER INFANTIL 2°C 2025 - (CI_022025) (ACI_01_2026),2026-04-11T02:32:01.153Z,,Masculino,Adultez (29 - 59 años),Pregrado,Área de la salud,5,5,5,5,5,5,5,5,5,4,5,5,5,COMUNA 7,
1SvBn1B3iW8J7V2xi9uhdrsw0e9xPpvVvCjSgMOuzl00,-Satisfacción del Curso virtual - CÁNCER INFANTIL 2°C 2025 - (CI_022025) (ACI_01_2026),2025-12-02T18:33:10.746Z,,Masculino,Vejez (60 años o más),Postgrado,Área de la salud,4,4,4,4,4,4,2,2,2,2,3,3,3,COMUNA 4,
1SvBn1B3iW8J7V2xi9uhdrsw0e9xPpvVvCjSgMOuzl00,-Satisfacción del Curso virtual - CÁNCER INFANTIL 2°C 2025 - (CI_022025) (ACI_01_2026),2026-03-10T03:11:28.085Z,,Femenino,Adultez (29 - 59 años),Pregrado,Área de la salud,5,5,5,5,5,5,5,5,5,5,5,5,5,COMUNA 5,
1SvBn1B3iW8J7V2xi9uhdrsw0e9xPpvVvCjSgMOuzl00,-Satisfacción del Curso virtual - CÁNCER INFANTIL 2°C 2025 - (CI_022025) (ACI_01_2026),2026-03-21T02:16:48.315Z,,Femenino,Adultez (29 - 59 años),Pregrado,Área de la salud,5,5,5,5,5,5,5,5,5,5,5,5,5,COMUNA 2,
1SvBn1B3iW8J7V2xi9uhdrsw0e9xPpvVvCjSgMOuzl00,-Satisfacción del Curso virtual - CÁNCER INFANTIL 2°C 2025 - (CI_022025) (ACI_01_2026),2025-11-26T21:53:54.819Z,,Masculino,Adultez (29 - 59 años),Pregrado,Área de la salud,5,5,5,5,5,5,5,5,5,5,5,5,5,C. DE PICHINDE,
1SvBn1B3iW8J7V2xi9uhdrsw0e9xPpvVvCjSgMOuzl00,-Satisfacción del Curso virtual - CÁNCER INFANTIL 2°C 2025 - (CI_022025) (ACI_01_2026),2026-03-26T19:13:57.902Z,,Femenino,Adultez (29 - 59 años),Bachiller,Área de la salud,1,1,5,5,5,5,5,5,5,5,5,5,5,COMUNA 2,
1SvBn1B3iW8J7V2xi9uhdrsw0e9xPpvVvCjSgMOuzl00,-Satisfacción del Curso virtual - CÁNCER INFANTIL 2°C 2025 - (CI_022025) (ACI_01_2026),2026-03-06T21:30:38.964Z,,Femenino,Juventud (18 - 28 años),Pregrado,Área de la salud,4,4,4,4,4,5,5,4,3,3,4,4,5,COMUNA 8,
1SvBn1B3iW8J7V2xi9uhdrsw0e9xPpvVvCjSgMOuzl00,-Satisfacción del Curso virtual - CÁNCER INFANTIL 2°C 2025 - (CI_022025) (ACI_01_2026),2026-02-26T16:53:39.173Z,,Femenino,Adolescencia (12 - 17 años),Bachiller,Área de la salud,5,5,5,5,5,5,5,5,5,5,5,5,5,COMUNA 11,
1SvBn1B3iW8J7V2xi9uhdrsw0e9xPpvVvCjSgMOuzl00,-Satisfacción del Curso virtual - CÁNCER INFANTIL 2°C 2025 - (CI_022025) (ACI_01_2026),2026-03-17T14:05:05.699Z,,Femenino,Juventud (18 - 28 años),Pregrado,Área de la salud,5,5,4,4,5,5,4,5,4,4,5,4,4,COMUNA 14,
1SvBn1B3iW8J7V2xi9uhdrsw0e9xPpvVvCjSgMOuzl00,-Satisfacción del Curso virtual - CÁNCER INFANTIL 2°C 2025 - (CI_022025) (ACI_01_2026),2026-03-09T19:54:21.548Z,,Femenino,Adultez (29 - 59 años),Pregrado,Área de la salud,4,4,4,4,4,4,4,4,4,4,4,4,4,COMUNA 2,
1SvBn1B3iW8J7V2xi9uhdrsw0e9xPpvVvCjSgMOuzl00,-Satisfacción del Curso virtual - CÁNCER INFANTIL 2°C 2025 - (CI_022025) (ACI_01_2026),2026-02-27T20:29:49.933Z,,Femenino,Adultez (29 - 59 años),Bachiller,Área de la salud,5,5,5,5,5,5,5,5,5,5,5,5,5,COMUNA 4,
1SvBn1B3iW8J7V2xi9uhdrsw0e9xPpvVvCjSgMOuzl00,-Satisfacción del Curso virtual - CÁNCER INFANTIL 2°C 2025 - (CI_022025) (ACI_01_2026),2026-04-08T00:40:48.175Z,,Femenino,Adultez (29 - 59 años),Pregrado,Área de la salud,1,1,1,1,1,1,1,1,1,1,1,1,1,COMUNA 3,
1SvBn1B3iW8J7V2xi9uhdrsw0e9xPpvVvCjSgMOuzl00,-Satisfacción del Curso virtual - CÁNCER INFANTIL 2°C 2025 - (CI_022025) (ACI_01_2026),2026-03-06T23:34:05.738Z,,Femenino,Juventud (18 - 28 años),Bachiller,Área de la salud,4,4,4,4,4,4,4,4,4,4,4,4,4,COMUNA 21,
1SvBn1B3iW8J7V2xi9uhdrsw0e9xPpvVvCjSgMOuzl00,-Satisfacción del Curso virtual - CÁNCER INFANTIL 2°C 2025 - (CI_022025) (ACI_01_2026),2026-03-03T22:15:28.743Z,,Masculino,Juventud (18 - 28 años),Pregrado,Área de la salud,5,5,5,5,5,5,5,5,5,5,5,5,5,COMUNA 6,
1SvBn1B3iW8J7V2xi9uhdrsw0e9xPpvVvCjSgMOuzl00,-Satisfacción del Curso virtual - CÁNCER INFANTIL 2°C 2025 - (CI_022025) (ACI_01_2026),2026-04-03T02:21:54.638Z,,Masculino,Adultez (29 - 59 años),Postgrado,Área de la salud,5,5,5,5,5,5,5,5,5,5,5,5,5,COMUNA 17,
1SvBn1B3iW8J7V2xi9uhdrsw0e9xPpvVvCjSgMOuzl00,-Satisfacción del Curso virtual - CÁNCER INFANTIL 2°C 2025 - (CI_022025) (ACI_01_2026),2026-04-06T17:49:05.820Z,,Femenino,Juventud (18 - 28 años),Pregrado,Área de la salud,5,5,5,5,5,5,5,5,5,5,5,5,5,COMUNA 18,
1SvBn1B3iW8J7V2xi9uhdrsw0e9xPpvVvCjSgMOuzl00,-Satisfacción del Curso virtual - CÁNCER INFANTIL 2°C 2025 - (CI_022025) (ACI_01_2026),2026-04-08T02:59:41.961Z,,Femenino,Adultez (29 - 59 años),Pregrado,Área de la salud,5,5,5,5,5,5,5,5,5,5,5,5,5,COMUNA 15,
1SvBn1B3iW8J7V2xi9uhdrsw0e9xPpvVvCjSgMOuzl00,-Satisfacción del Curso virtual - CÁNCER INFANTIL 2°C 2025 - (CI_022025) (ACI_01_2026),2026-03-12T21:21:37.219Z,,Femenino,Adolescencia (12 - 17 años),Pregrado,Área de la salud,1,1,1,1,1,1,1,1,1,1,1,1,1,COMUNA 17,
1SvBn1B3iW8J7V2xi9uhdrsw0e9xPpvVvCjSgMOuzl00,-Satisfacción del Curso virtual - CÁNCER INFANTIL 2°C 2025 - (CI_022025) (ACI_01_2026),2026-03-17T22:53:55.014Z,,Femenino,Adultez (29 - 59 años),Postgrado,Área de la salud,5,5,5,5,5,5,5,4,4,5,5,5,5,COMUNA 18,
1SvBn1B3iW8J7V2xi9uhdrsw0e9xPpvVvCjSgMOuzl00,-Satisfacción del Curso virtual - CÁNCER INFANTIL 2°C 2025 - (CI_022025) (ACI_01_2026),2026-03-07T16:24:16.370Z,,Femenino,Adultez (29 - 59 años),Pregrado,Área de la salud,5,5,5,5,5,5,5,5,5,5,5,5,5,COMUNA 12,
1SvBn1B3iW8J7V2xi9uhdrsw0e9xPpvVvCjSgMOuzl00,-Satisfacción del Curso virtual - CÁNCER INFANTIL 2°C 2025 - (CI_022025) (ACI_01_2026),2026-03-04T21:43:42.493Z,,Femenino,Adultez (29 - 59 años),Pregrado,Área de la salud,4,4,5,4,4,4,4,4,4,4,5,4,4,COMUNA 10,
1SvBn1B3iW8J7V2xi9uhdrsw0e9xPpvVvCjSgMOuzl00,-Satisfacción del Curso virtual - CÁNCER INFANTIL 2°C 2025 - (CI_022025) (ACI_01_2026),2026-03-18T16:51:46.029Z,,Femenino,Adultez (29 - 59 años),Postgrado,Área de la salud,4,4,4,4,4,4,4,4,4,4,4,4,4,COMUNA 10,
1SvBn1B3iW8J7V2xi9uhdrsw0e9xPpvVvCjSgMOuzl00,-Satisfacción del Curso virtual - CÁNCER INFANTIL 2°C 2025 - (CI_022025) (ACI_01_2026),2026-03-09T21:06:11.773Z,,Femenino,Juventud (18 - 28 años),Pregrado,Área de la salud,4,4,4,4,5,4,4,3,4,3,4,4,4,COMUNA 1,
1SvBn1B3iW8J7V2xi9uhdrsw0e9xPpvVvCjSgMOuzl00,-Satisfacción del Curso virtual - CÁNCER INFANTIL 2°C 2025 - (CI_022025) (ACI_01_2026),2026-03-04T01:19:01.924Z,,Femenino,Juventud (18 - 28 años),Pregrado,Área de la salud,1,1,1,1,1,1,1,1,1,1,1,1,1,COMUNA 18,
1SvBn1B3iW8J7V2xi9uhdrsw0e9xPpvVvCjSgMOuzl00,-Satisfacción del Curso virtual - CÁNCER INFANTIL 2°C 2025 - (CI_022025) (ACI_01_2026),2026-04-16T03:16:39.780Z,,Masculino,Adultez (29 - 59 años),Pregrado,Área de la salud,5,5,5,5,5,5,5,5,5,5,5,5,5,C. DE EL HORMIGUERO,
1SvBn1B3iW8J7V2xi9uhdrsw0e9xPpvVvCjSgMOuzl00,-Satisfacción del Curso virtual - CÁNCER INFANTIL 2°C 2025 - (CI_022025) (ACI_01_2026),2026-03-23T01:19:33.929Z,,Femenino,Juventud (18 - 28 años),Bachiller,Área de la salud,5,5,5,4,5,5,5,5,4,4,4,5,5,COMUNA 9,
1SvBn1B3iW8J7V2xi9uhdrsw0e9xPpvVvCjSgMOuzl00,-Satisfacción del Curso virtual - CÁNCER INFANTIL 2°C 2025 - (CI_022025) (ACI_01_2026),2026-04-07T03:36:47.296Z,,Masculino,Juventud (18 - 28 años),Pregrado,Área de la salud,4,5,4,4,4,4,4,4,4,4,4,4,4,COMUNA 2,
1SvBn1B3iW8J7V2xi9uhdrsw0e9xPpvVvCjSgMOuzl00,-Satisfacción del Curso virtual - CÁNCER INFANTIL 2°C 2025 - (CI_022025) (ACI_01_2026),2026-03-02T15:42:38.321Z,,Femenino,Juventud (18 - 28 años),Pregrado,Área de la salud,5,5,5,5,5,5,5,5,5,5,5,5,5,COMUNA 10,
1SvBn1B3iW8J7V2xi9uhdrsw0e9xPpvVvCjSgMOuzl00,-Satisfacción del Curso virtual - CÁNCER INFANTIL 2°C 2025 - (CI_022025) (ACI_01_2026),2026-04-08T17:58:40.496Z,,Femenino,Adultez (29 - 59 años),Postgrado,Área de la salud,5,5,5,5,5,5,5,5,5,5,5,5,5,COMUNA 6,
1SvBn1B3iW8J7V2xi9uhdrsw0e9xPpvVvCjSgMOuzl00,-Satisfacción del Curso virtual - CÁNCER INFANTIL 2°C 2025 - (CI_022025) (ACI_01_2026),2025-11-22T21:18:07.660Z,,Femenino,Adultez (29 - 59 años),Postgrado,Área de la salud,4,4,4,4,4,4,4,4,4,4,4,4,4,COMUNA 2,
1SvBn1B3iW8J7V2xi9uhdrsw0e9xPpvVvCjSgMOuzl00,-Satisfacción del Curso virtual - CÁNCER INFANTIL 2°C 2025 - (CI_022025) (ACI_01_2026),2025-12-03T00:11:37.528Z,,Masculino,Adultez (29 - 59 años),Pregrado,Área de la salud,5,5,5,5,5,4,5,5,3,4,5,5,5,COMUNA 16,
1SvBn1B3iW8J7V2xi9uhdrsw0e9xPpvVvCjSgMOuzl00,-Satisfacción del Curso virtual - CÁNCER INFANTIL 2°C 2025 - (CI_022025) (ACI_01_2026),2026-03-01T07:00:45.533Z,,Femenino,Adultez (29 - 59 años),Postgrado,Área de la salud,5,5,5,5,5,5,5,5,4,1,5,5,5,COMUNA 17,
1SvBn1B3iW8J7V2xi9uhdrsw0e9xPpvVvCjSgMOuzl00,-Satisfacción del Curso virtual - CÁNCER INFANTIL 2°C 2025 - (CI_022025) (ACI_01_2026),2026-03-02T22:34:18.757Z,,Femenino,Adultez (29 - 59 años),Pregrado,Área de la salud,5,5,5,5,5,5,5,5,5,5,5,5,5,COMUNA 17,
1SvBn1B3iW8J7V2xi9uhdrsw0e9xPpvVvCjSgMOuzl00,-Satisfacción del Curso virtual - CÁNCER INFANTIL 2°C 2025 - (CI_022025) (ACI_01_2026),2026-03-20T15:26:25.837Z,,Masculino,Adultez (29 - 59 años),Postgrado,Área de la salud,5,5,5,5,5,5,5,5,5,5,5,5,5,COMUNA 1,
1SvBn1B3iW8J7V2xi9uhdrsw0e9xPpvVvCjSgMOuzl00,-Satisfacción del Curso virtual - CÁNCER INFANTIL 2°C 2025 - (CI_022025) (ACI_01_2026),2026-03-19T14:47:14.228Z,,Femenino,Adultez (29 - 59 años),Postgrado,Área de la salud,5,5,5,5,5,5,5,4,5,5,5,5,5,COMUNA 2,
1SvBn1B3iW8J7V2xi9uhdrsw0e9xPpvVvCjSgMOuzl00,-Satisfacción del Curso virtual - CÁNCER INFANTIL 2°C 2025 - (CI_022025) (ACI_01_2026),2026-04-15T19:51:54.148Z,,Femenino,Adultez (29 - 59 años),Postgrado,Área de la salud,4,4,4,4,4,4,4,4,4,4,4,4,4,COMUNA 17,
1SvBn1B3iW8J7V2xi9uhdrsw0e9xPpvVvCjSgMOuzl00,-Satisfacción del Curso virtual - CÁNCER INFANTIL 2°C 2025 - (CI_022025) (ACI_01_2026),2026-03-19T16:50:23.406Z,,Femenino,Adultez (29 - 59 años),Postgrado,Área de la salud,5,4,4,5,3,4,4,3,4,3,4,4,4,COMUNA 2,
1SvBn1B3iW8J7V2xi9uhdrsw0e9xPpvVvCjSgMOuzl00,-Satisfacción del Curso virtual - CÁNCER INFANTIL 2°C 2025 - (CI_022025) (ACI_01_2026),2026-03-01T16:34:05.073Z,,Femenino,Adultez (29 - 59 años),Pregrado,Área de la salud,4,4,4,4,4,4,4,4,4,4,4,4,4,COMUNA 19,
1SvBn1B3iW8J7V2xi9uhdrsw0e9xPpvVvCjSgMOuzl00,-Satisfacción del Curso virtual - CÁNCER INFANTIL 2°C 2025 - (CI_022025) (ACI_01_2026),2026-03-18T23:38:51.213Z,,Femenino,Adultez (29 - 59 años),Postgrado,Área de la salud,5,5,5,5,5,5,4,4,4,4,5,5,4,COMUNA 17,
1SvBn1B3iW8J7V2xi9uhdrsw0e9xPpvVvCjSgMOuzl00,-Satisfacción del Curso virtual - CÁNCER INFANTIL 2°C 2025 - (CI_022025) (ACI_01_2026),2025-11-12T16:55:38.385Z,,Femenino,Juventud (18 - 28 años),Postgrado,Área de la salud,5,5,5,5,5,5,5,5,5,5,5,5,5,COMUNA 7,
1SvBn1B3iW8J7V2xi9uhdrsw0e9xPpvVvCjSgMOuzl00,-Satisfacción del Curso virtual - CÁNCER INFANTIL 2°C 2025 - (CI_022025) (ACI_01_2026),2026-03-06T16:27:26.640Z,,Masculino,Adultez (29 - 59 años),Postgrado,Área de la salud,5,5,5,5,3,5,5,4,5,5,5,5,5,COMUNA 19,
1SvBn1B3iW8J7V2xi9uhdrsw0e9xPpvVvCjSgMOuzl00,-Satisfacción del Curso virtual - CÁNCER INFANTIL 2°C 2025 - (CI_022025) (ACI_01_2026),2026-03-28T23:48:33.007Z,,Femenino,Adultez (29 - 59 años),Postgrado,Área de la salud,5,5,5,5,5,5,5,5,5,5,5,5,5,COMUNA 19,
1SvBn1B3iW8J7V2xi9uhdrsw0e9xPpvVvCjSgMOuzl00,-Satisfacción del Curso virtual - CÁNCER INFANTIL 2°C 2025 - (CI_022025) (ACI_01_2026),2025-12-02T15:20:06.618Z,,Femenino,Vejez (60 años o más),Pregrado,Área de la salud,5,5,5,5,5,5,5,5,5,5,5,5,5,COMUNA 1,
1SvBn1B3iW8J7V2xi9uhdrsw0e9xPpvVvCjSgMOuzl00,-Satisfacción del Curso virtual - CÁNCER INFANTIL 2°C 2025 - (CI_022025) (ACI_01_2026),2026-03-07T15:21:54.405Z,,Femenino,Adultez (29 - 59 años),Postgrado,Área de la salud,5,5,5,5,5,5,5,5,5,5,5,5,5,COMUNA 21,
1SvBn1B3iW8J7V2xi9uhdrsw0e9xPpvVvCjSgMOuzl00,-Satisfacción del Curso virtual - CÁNCER INFANTIL 2°C 2025 - (CI_022025) (ACI_01_2026),2025-11-08T07:45:40.576Z,,Femenino,Adultez (29 - 59 años),Pregrado,Área de la salud,5,5,5,5,5,5,5,5,5,5,5,5,5,COMUNA 6,
1SvBn1B3iW8J7V2xi9uhdrsw0e9xPpvVvCjSgMOuzl00,-Satisfacción del Curso virtual - CÁNCER INFANTIL 2°C 2025 - (CI_022025) (ACI_01_2026),2026-03-02T20:38:31.658Z,,Femenino,Juventud (18 - 28 años),Pregrado,Área de la salud,5,5,5,5,5,5,5,5,5,5,5,5,5,COMUNA 7,
1SvBn1B3iW8J7V2xi9uhdrsw0e9xPpvVvCjSgMOuzl00,-Satisfacción del Curso virtual - CÁNCER INFANTIL 2°C 2025 - (CI_022025) (ACI_01_2026),2026-03-06T00:48:49.100Z,,Masculino,Juventud (18 - 28 años),Bachiller,Área de la salud,5,5,5,5,5,5,5,5,5,5,5,5,5,COMUNA 10,
1SvBn1B3iW8J7V2xi9uhdrsw0e9xPpvVvCjSgMOuzl00,-Satisfacción del Curso virtual - CÁNCER INFANTIL 2°C 2025 - (CI_022025) (ACI_01_2026),2026-04-06T20:58:47.481Z,,Femenino,Adultez (29 - 59 años),Postgrado,Área de la salud,5,5,5,5,5,5,5,5,5,5,5,5,5,COMUNA 17,
1SvBn1B3iW8J7V2xi9uhdrsw0e9xPpvVvCjSgMOuzl00,-Satisfacción del Curso virtual - CÁNCER INFANTIL 2°C 2025 - (CI_022025) (ACI_01_2026),2026-03-16T15:58:08.904Z,,Femenino,Adultez (29 - 59 años),Pregrado,Área de la salud,4,4,4,4,5,5,4,4,4,3,5,5,4,COMUNA 12,
1SvBn1B3iW8J7V2xi9uhdrsw0e9xPpvVvCjSgMOuzl00,-Satisfacción del Curso virtual - CÁNCER INFANTIL 2°C 2025 - (CI_022025) (ACI_01_2026),2026-03-07T16:37:51.686Z,,Masculino,Adultez (29 - 59 años),Pregrado,Área de la salud,5,5,5,5,5,5,5,5,5,5,5,5,5,COMUNA 5,
1-_7T9hg-5OCeDQRGg50q65zyOt8aRwAM6sw8z7_e6fM,-Satisfacción del Curso virtual - RPMS ADOLESCENCIA 2°C 2025 - (AISPPMSCVA_2025),2025-08-24T00:27:51.321Z,,Femenino,Adultez (29 - 59 años),Pregrado,Área de la salud,4,4,4,4,4,4,4,4,4,4,4,4,4,COMUNA 15,
1-_7T9hg-5OCeDQRGg50q65zyOt8aRwAM6sw8z7_e6fM,-Satisfacción del Curso virtual - RPMS ADOLESCENCIA 2°C 2025 - (AISPPMSCVA_2025),2025-08-14T17:15:02.152Z,,Femenino,Adultez (29 - 59 años),Postgrado,Área de la salud,5,5,5,5,5,5,5,5,5,5,5,5,5,COMUNA 8,
1-_7T9hg-5OCeDQRGg50q65zyOt8aRwAM6sw8z7_e6fM,-Satisfacción del Curso virtual - RPMS ADOLESCENCIA 2°C 2025 - (AISPPMSCVA_2025),2025-09-11T16:56:35.501Z,,Femenino,Adultez (29 - 59 años),Bachiller,Área de la salud,4,4,4,4,4,4,4,4,4,4,4,4,5,COMUNA 1,
1-_7T9hg-5OCeDQRGg50q65zyOt8aRwAM6sw8z7_e6fM,-Satisfacción del Curso virtual - RPMS ADOLESCENCIA 2°C 2025 - (AISPPMSCVA_2025),2025-08-18T02:50:30.437Z,,Femenino,Vejez (60 años o más),Pregrado,Área de la salud,1,1,1,1,1,1,1,1,1,4,1,1,1,COMUNA 5,
1-_7T9hg-5OCeDQRGg50q65zyOt8aRwAM6sw8z7_e6fM,-Satisfacción del Curso virtual - RPMS ADOLESCENCIA 2°C 2025 - (AISPPMSCVA_2025),2025-09-14T21:54:20.756Z,,Femenino,Adolescencia (12 - 17 años),Pregrado,Área de la salud,5,5,5,5,5,5,5,5,4,4,5,5,5,COMUNA 6,
1-_7T9hg-5OCeDQRGg50q65zyOt8aRwAM6sw8z7_e6fM,-Satisfacción del Curso virtual - RPMS ADOLESCENCIA 2°C 2025 - (AISPPMSCVA_2025),2025-08-22T03:30:07.258Z,,Femenino,Adultez (29 - 59 años),Pregrado,Área de la salud,4,5,5,5,5,5,5,1,1,1,5,5,5,COMUNA 10,
1-_7T9hg-5OCeDQRGg50q65zyOt8aRwAM6sw8z7_e6fM,-Satisfacción del Curso virtual - RPMS ADOLESCENCIA 2°C 2025 - (AISPPMSCVA_2025),2025-09-08T16:57:00.236Z,,Femenino,Adolescencia (12 - 17 años),Pregrado,Área de la salud,4,4,4,4,4,5,4,4,4,4,4,4,4,COMUNA 18,
1-_7T9hg-5OCeDQRGg50q65zyOt8aRwAM6sw8z7_e6fM,-Satisfacción del Curso virtual - RPMS ADOLESCENCIA 2°C 2025 - (AISPPMSCVA_2025),2025-09-01T02:09:31.436Z,,Masculino,Juventud (18 - 28 años),Pregrado,Área de la salud,5,5,5,5,5,5,5,5,5,5,5,5,5,COMUNA 11,
1-_7T9hg-5OCeDQRGg50q65zyOt8aRwAM6sw8z7_e6fM,-Satisfacción del Curso virtual - RPMS ADOLESCENCIA 2°C 2025 - (AISPPMSCVA_2025),2025-08-21T18:06:21.837Z,,Femenino,Adolescencia (12 - 17 años),Postgrado,Área de la salud,4,4,4,4,4,4,4,4,4,4,4,4,4,COMUNA 1,
1-_7T9hg-5OCeDQRGg50q65zyOt8aRwAM6sw8z7_e6fM,-Satisfacción del Curso virtual - RPMS ADOLESCENCIA 2°C 2025 - (AISPPMSCVA_2025),2025-08-24T15:21:54.913Z,,Femenino,Vejez (60 años o más),Postgrado,Área de la salud,5,5,5,5,5,5,5,5,4,4,5,5,5,COMUNA 17,
1-_7T9hg-5OCeDQRGg50q65zyOt8aRwAM6sw8z7_e6fM,-Satisfacción del Curso virtual - RPMS ADOLESCENCIA 2°C 2025 - (AISPPMSCVA_2025),2025-08-29T13:47:56.464Z,,Femenino,Adultez (29 - 59 años),Pregrado,Área de la salud,5,4,4,4,4,4,4,4,4,4,4,4,4,COMUNA 10,
16XZtXlYrgm5VckLawtyZKhgM9DmFdcBtdG6ybK5ztQY,-Satisfacción del Curso virtual - RPMS ADULTEZ 2°C 2025 - (AISPPMSCVAZ_2025),2025-08-22T22:08:31.300Z,,Femenino,Adultez (29 - 59 años),Pregrado,Área de la salud,5,5,5,5,5,5,5,4,5,4,5,5,5,COMUNA 13,
16XZtXlYrgm5VckLawtyZKhgM9DmFdcBtdG6ybK5ztQY,-Satisfacción del Curso virtual - RPMS ADULTEZ 2°C 2025 - (AISPPMSCVAZ_2025),2025-09-01T22:56:14.366Z,,Femenino,Adultez (29 - 59 años),Pregrado,Área de la salud,4,5,4,5,4,5,4,5,4,5,4,5,4,COMUNA 12,
16XZtXlYrgm5VckLawtyZKhgM9DmFdcBtdG6ybK5ztQY,-Satisfacción del Curso virtual - RPMS ADULTEZ 2°C 2025 - (AISPPMSCVAZ_2025),2025-08-15T19:39:47.111Z,,Femenino,Adultez (29 - 59 años),Pregrado,Área de la salud,5,5,5,5,4,5,4,5,3,3,5,4,4,COMUNA 17,
16XZtXlYrgm5VckLawtyZKhgM9DmFdcBtdG6ybK5ztQY,-Satisfacción del Curso virtual - RPMS ADULTEZ 2°C 2025 - (AISPPMSCVAZ_2025),2025-08-13T22:49:01.754Z,,Masculino,Adultez (29 - 59 años),Postgrado,Área de la salud,5,4,4,4,5,5,5,5,5,5,5,5,5,COMUNA 19,
1bifyq4ASzro3R1glKA2JnM0rQZq0iSwEFLJuHCO3BsU,-Satisfacción del Curso virtual - RPMS INFANCIA 3° 2025 - (AISPPMSCVI_03_2025),2025-12-05T12:46:10.854Z,,Femenino,Adultez (29 - 59 años),Bachiller,Área de la salud,4,4,4,4,4,4,4,4,4,4,4,4,4,COMUNA 1,
1bifyq4ASzro3R1glKA2JnM0rQZq0iSwEFLJuHCO3BsU,-Satisfacción del Curso virtual - RPMS INFANCIA 3° 2025 - (AISPPMSCVI_03_2025),2025-12-03T13:56:47.688Z,,Femenino,Vejez (60 años o más),Pregrado,Área de la salud,5,4,5,4,4,5,4,4,4,4,5,4,4,COMUNA 10,
1bifyq4ASzro3R1glKA2JnM0rQZq0iSwEFLJuHCO3BsU,-Satisfacción del Curso virtual - RPMS INFANCIA 3° 2025 - (AISPPMSCVI_03_2025),2025-12-04T15:29:21.358Z,,Femenino,Adultez (29 - 59 años),Pregrado,Área de la salud,5,5,4,4,5,5,5,5,5,5,5,5,5,COMUNA 1,
1bifyq4ASzro3R1glKA2JnM0rQZq0iSwEFLJuHCO3BsU,-Satisfacción del Curso virtual - RPMS INFANCIA 3° 2025 - (AISPPMSCVI_03_2025),2025-12-05T18:42:33.726Z,,Femenino,Adultez (29 - 59 años),Bachiller,Área de la salud,4,4,4,4,4,4,4,4,4,4,4,4,4,COMUNA 2,
1bifyq4ASzro3R1glKA2JnM0rQZq0iSwEFLJuHCO3BsU,-Satisfacción del Curso virtual - RPMS INFANCIA 3° 2025 - (AISPPMSCVI_03_2025),2025-12-04T22:16:13.354Z,,Femenino,Adultez (29 - 59 años),Postgrado,Área de la salud,5,5,5,5,5,5,5,5,5,5,5,5,5,C. DE NAVARRO,
1bifyq4ASzro3R1glKA2JnM0rQZq0iSwEFLJuHCO3BsU,-Satisfacción del Curso virtual - RPMS INFANCIA 3° 2025 - (AISPPMSCVI_03_2025),2025-12-04T16:49:19.856Z,,Femenino,Juventud (18 - 28 años),Pregrado,Área de la salud,1,1,1,1,1,1,1,4,5,5,5,5,5,COMUNA 1,
1bifyq4ASzro3R1glKA2JnM0rQZq0iSwEFLJuHCO3BsU,-Satisfacción del Curso virtual - RPMS INFANCIA 3° 2025 - (AISPPMSCVI_03_2025),2025-11-18T13:25:02.134Z,,Femenino,Adultez (29 - 59 años),Postgrado,Área de la salud,5,5,5,5,5,5,5,5,5,5,5,5,5,COMUNA 6,
1bifyq4ASzro3R1glKA2JnM0rQZq0iSwEFLJuHCO3BsU,-Satisfacción del Curso virtual - RPMS INFANCIA 3° 2025 - (AISPPMSCVI_03_2025),2025-12-04T15:32:20.811Z,,Femenino,Juventud (18 - 28 años),Postgrado,Área de la salud,5,5,5,5,5,5,5,5,5,5,5,5,5,COMUNA 1,
1bifyq4ASzro3R1glKA2JnM0rQZq0iSwEFLJuHCO3BsU,-Satisfacción del Curso virtual - RPMS INFANCIA 3° 2025 - (AISPPMSCVI_03_2025),2025-12-16T23:59:35.999Z,,Masculino,Adultez (29 - 59 años),Postgrado,Área de la salud,4,4,4,4,4,4,4,4,4,4,4,4,4,COMUNA 5,
1bifyq4ASzro3R1glKA2JnM0rQZq0iSwEFLJuHCO3BsU,-Satisfacción del Curso virtual - RPMS INFANCIA 3° 2025 - (AISPPMSCVI_03_2025),2025-11-26T20:24:14.357Z,,Femenino,Juventud (18 - 28 años),Pregrado,Área de la salud,4,4,4,4,4,4,3,3,3,3,5,4,4,COMUNA 10,
1bifyq4ASzro3R1glKA2JnM0rQZq0iSwEFLJuHCO3BsU,-Satisfacción del Curso virtual - RPMS INFANCIA 3° 2025 - (AISPPMSCVI_03_2025),2025-12-04T23:28:11.349Z,,Femenino,Juventud (18 - 28 años),Pregrado,Área de la salud,5,5,5,5,5,5,5,5,5,5,5,5,5,COMUNA 1,
1bifyq4ASzro3R1glKA2JnM0rQZq0iSwEFLJuHCO3BsU,-Satisfacción del Curso virtual - RPMS INFANCIA 3° 2025 - (AISPPMSCVI_03_2025),2025-12-05T17:05:21.180Z,,Femenino,Juventud (18 - 28 años),Pregrado,Área de la salud,5,5,5,5,5,5,5,5,5,5,5,5,5,COMUNA 2,
1bifyq4ASzro3R1glKA2JnM0rQZq0iSwEFLJuHCO3BsU,-Satisfacción del Curso virtual - RPMS INFANCIA 3° 2025 - (AISPPMSCVI_03_2025),2025-12-04T15:30:23.021Z,,Femenino,Juventud (18 - 28 años),Pregrado,Área de la salud,4,5,4,5,4,4,4,4,4,4,4,5,5,COMUNA 9,
1bifyq4ASzro3R1glKA2JnM0rQZq0iSwEFLJuHCO3BsU,-Satisfacción del Curso virtual - RPMS INFANCIA 3° 2025 - (AISPPMSCVI_03_2025),2025-12-05T12:50:25.917Z,,Femenino,Adultez (29 - 59 años),Postgrado,Área de la salud,5,5,5,5,5,5,5,5,5,5,5,5,5,COMUNA 1,
1bifyq4ASzro3R1glKA2JnM0rQZq0iSwEFLJuHCO3BsU,-Satisfacción del Curso virtual - RPMS INFANCIA 3° 2025 - (AISPPMSCVI_03_2025),2025-11-24T19:43:00.369Z,,Femenino,Adultez (29 - 59 años),Postgrado,Área de la salud,5,5,5,5,5,5,5,5,5,5,5,5,5,COMUNA 2,
1bifyq4ASzro3R1glKA2JnM0rQZq0iSwEFLJuHCO3BsU,-Satisfacción del Curso virtual - RPMS INFANCIA 3° 2025 - (AISPPMSCVI_03_2025),2025-11-26T03:40:56.546Z,,Femenino,Juventud (18 - 28 años),Bachiller,Área de la salud,5,5,5,5,5,4,5,5,3,1,5,5,5,COMUNA 5,
1bifyq4ASzro3R1glKA2JnM0rQZq0iSwEFLJuHCO3BsU,-Satisfacción del Curso virtual - RPMS INFANCIA 3° 2025 - (AISPPMSCVI_03_2025),2025-12-05T17:20:54.635Z,,Femenino,Juventud (18 - 28 años),Bachiller,Área de la salud,5,5,5,5,5,5,5,5,5,5,5,5,5,COMUNA 2,
1bifyq4ASzro3R1glKA2JnM0rQZq0iSwEFLJuHCO3BsU,-Satisfacción del Curso virtual - RPMS INFANCIA 3° 2025 - (AISPPMSCVI_03_2025),2025-12-05T17:17:38.475Z,,Femenino,Juventud (18 - 28 años),Bachiller,Área de la salud,4,4,4,4,4,4,4,4,4,4,4,4,4,COMUNA 2,
1bifyq4ASzro3R1glKA2JnM0rQZq0iSwEFLJuHCO3BsU,-Satisfacción del Curso virtual - RPMS INFANCIA 3° 2025 - (AISPPMSCVI_03_2025),2025-12-04T15:29:42.513Z,,Femenino,Adultez (29 - 59 años),Pregrado,Área de la salud,4,4,4,4,4,4,4,4,4,4,4,4,4,COMUNA 10,
1bifyq4ASzro3R1glKA2JnM0rQZq0iSwEFLJuHCO3BsU,-Satisfacción del Curso virtual - RPMS INFANCIA 3° 2025 - (AISPPMSCVI_03_2025),2025-11-21T02:15:20.215Z,,Femenino,Adultez (29 - 59 años),Pregrado,Área de la salud,5,5,5,5,5,5,5,5,5,5,5,5,5,COMUNA 19,
1bifyq4ASzro3R1glKA2JnM0rQZq0iSwEFLJuHCO3BsU,-Satisfacción del Curso virtual - RPMS INFANCIA 3° 2025 - (AISPPMSCVI_03_2025),2025-12-04T15:35:24.230Z,,Masculino,Juventud (18 - 28 años),Bachiller,Área de la salud,4,4,3,3,4,4,4,4,4,4,4,4,4,COMUNA 1,
1bifyq4ASzro3R1glKA2JnM0rQZq0iSwEFLJuHCO3BsU,-Satisfacción del Curso virtual - RPMS INFANCIA 3° 2025 - (AISPPMSCVI_03_2025),2025-11-07T14:21:52.031Z,,Femenino,Adultez (29 - 59 años),Pregrado,Área de la salud,5,5,5,5,5,5,5,5,5,5,5,5,5,C. DE PANCE,
1bifyq4ASzro3R1glKA2JnM0rQZq0iSwEFLJuHCO3BsU,-Satisfacción del Curso virtual - RPMS INFANCIA 3° 2025 - (AISPPMSCVI_03_2025),2025-11-24T17:37:26.441Z,,Femenino,Adultez (29 - 59 años),Pregrado,Área de la salud,5,5,5,5,5,5,5,5,5,5,5,5,5,COMUNA 13,
1bifyq4ASzro3R1glKA2JnM0rQZq0iSwEFLJuHCO3BsU,-Satisfacción del Curso virtual - RPMS INFANCIA 3° 2025 - (AISPPMSCVI_03_2025),2025-11-21T16:14:45.323Z,,Femenino,Adultez (29 - 59 años),Pregrado,Área de la salud,5,5,5,5,5,5,5,5,5,2,5,5,5,COMUNA 6,
1bifyq4ASzro3R1glKA2JnM0rQZq0iSwEFLJuHCO3BsU,-Satisfacción del Curso virtual - RPMS INFANCIA 3° 2025 - (AISPPMSCVI_03_2025),2025-11-18T22:21:25.882Z,,Femenino,Adultez (29 - 59 años),Postgrado,Área de la salud,5,5,5,5,5,5,5,5,5,5,5,5,5,COMUNA 3,
1bifyq4ASzro3R1glKA2JnM0rQZq0iSwEFLJuHCO3BsU,-Satisfacción del Curso virtual - RPMS INFANCIA 3° 2025 - (AISPPMSCVI_03_2025),2025-12-04T14:58:42.528Z,,Femenino,Adultez (29 - 59 años),Pregrado,Área de la salud,4,4,4,4,4,4,4,4,4,4,4,4,4,COMUNA 22,
1bifyq4ASzro3R1glKA2JnM0rQZq0iSwEFLJuHCO3BsU,-Satisfacción del Curso virtual - RPMS INFANCIA 3° 2025 - (AISPPMSCVI_03_2025),2025-12-04T19:50:37.802Z,,Femenino,Juventud (18 - 28 años),Pregrado,Área de la salud,5,5,5,5,5,5,5,5,5,5,5,5,5,COMUNA 4,
1bifyq4ASzro3R1glKA2JnM0rQZq0iSwEFLJuHCO3BsU,-Satisfacción del Curso virtual - RPMS INFANCIA 3° 2025 - (AISPPMSCVI_03_2025),2025-11-18T21:16:43.639Z,,Femenino,Adultez (29 - 59 años),Pregrado,Área de la salud,5,5,5,5,5,5,5,5,4,5,5,5,5,COMUNA 1,
1bifyq4ASzro3R1glKA2JnM0rQZq0iSwEFLJuHCO3BsU,-Satisfacción del Curso virtual - RPMS INFANCIA 3° 2025 - (AISPPMSCVI_03_2025),2025-12-04T15:58:39.083Z,,Femenino,Adultez (29 - 59 años),Bachiller,Área de la salud,5,5,5,5,5,5,5,5,5,5,5,5,5,COMUNA 17,
1bifyq4ASzro3R1glKA2JnM0rQZq0iSwEFLJuHCO3BsU,-Satisfacción del Curso virtual - RPMS INFANCIA 3° 2025 - (AISPPMSCVI_03_2025),2025-12-04T23:47:47.726Z,,Femenino,Adultez (29 - 59 años),Pregrado,Área de la salud,5,5,5,5,5,5,4,4,5,3,5,3,4,COMUNA 1,
1bifyq4ASzro3R1glKA2JnM0rQZq0iSwEFLJuHCO3BsU,-Satisfacción del Curso virtual - RPMS INFANCIA 3° 2025 - (AISPPMSCVI_03_2025),2025-12-05T00:46:32.212Z,,Femenino,Adultez (29 - 59 años),Postgrado,Área de la salud,4,5,5,5,5,5,5,5,5,5,4,5,5,COMUNA 1,
1bifyq4ASzro3R1glKA2JnM0rQZq0iSwEFLJuHCO3BsU,-Satisfacción del Curso virtual - RPMS INFANCIA 3° 2025 - (AISPPMSCVI_03_2025),2025-12-04T15:56:45.862Z,,Femenino,Juventud (18 - 28 años),Pregrado,Área de la salud,5,5,5,5,5,5,5,5,5,5,5,5,5,COMUNA 3,
1bifyq4ASzro3R1glKA2JnM0rQZq0iSwEFLJuHCO3BsU,-Satisfacción del Curso virtual - RPMS INFANCIA 3° 2025 - (AISPPMSCVI_03_2025),2025-11-24T13:54:52.950Z,,Femenino,Adultez (29 - 59 años),Postgrado,Área de la salud,5,5,5,5,5,5,4,5,4,5,5,5,4,COMUNA 1,
1bifyq4ASzro3R1glKA2JnM0rQZq0iSwEFLJuHCO3BsU,-Satisfacción del Curso virtual - RPMS INFANCIA 3° 2025 - (AISPPMSCVI_03_2025),2025-12-04T15:29:37.206Z,,Femenino,Adultez (29 - 59 años),Pregrado,Área de la salud,5,5,5,5,5,5,5,5,5,5,5,5,5,COMUNA 7,
1bifyq4ASzro3R1glKA2JnM0rQZq0iSwEFLJuHCO3BsU,-Satisfacción del Curso virtual - RPMS INFANCIA 3° 2025 - (AISPPMSCVI_03_2025),2025-11-09T14:41:36.380Z,,Femenino,Adultez (29 - 59 años),Pregrado,Área de la salud,4,4,4,4,4,4,4,4,4,4,4,4,4,COMUNA 5,
1bifyq4ASzro3R1glKA2JnM0rQZq0iSwEFLJuHCO3BsU,-Satisfacción del Curso virtual - RPMS INFANCIA 3° 2025 - (AISPPMSCVI_03_2025),2025-12-04T15:54:00.863Z,,Femenino,Adultez (29 - 59 años),Pregrado,Área de la salud,5,5,5,5,5,5,5,5,5,5,5,5,5,COMUNA 19,
1bifyq4ASzro3R1glKA2JnM0rQZq0iSwEFLJuHCO3BsU,-Satisfacción del Curso virtual - RPMS INFANCIA 3° 2025 - (AISPPMSCVI_03_2025),2025-12-01T02:58:11.924Z,,Femenino,Juventud (18 - 28 años),Pregrado,Área de la salud,4,5,5,5,5,5,5,3,3,3,5,5,5,COMUNA 10,
1bifyq4ASzro3R1glKA2JnM0rQZq0iSwEFLJuHCO3BsU,-Satisfacción del Curso virtual - RPMS INFANCIA 3° 2025 - (AISPPMSCVI_03_2025),2025-11-18T21:02:42.588Z,,Femenino,Juventud (18 - 28 años),Pregrado,Estudiante,4,4,4,4,4,4,4,4,4,4,4,4,4,COMUNA 1,
1bifyq4ASzro3R1glKA2JnM0rQZq0iSwEFLJuHCO3BsU,-Satisfacción del Curso virtual - RPMS INFANCIA 3° 2025 - (AISPPMSCVI_03_2025),2025-11-27T00:14:58.816Z,,Femenino,Adultez (29 - 59 años),Pregrado,Área de la salud,4,4,4,3,4,4,3,3,3,3,3,4,3,COMUNA 6,
1bifyq4ASzro3R1glKA2JnM0rQZq0iSwEFLJuHCO3BsU,-Satisfacción del Curso virtual - RPMS INFANCIA 3° 2025 - (AISPPMSCVI_03_2025),2025-12-05T18:46:07.672Z,,Femenino,Adultez (29 - 59 años),Pregrado,Área de la salud,5,5,5,5,5,5,5,5,5,5,5,5,5,COMUNA 1,
1vM0maqqYuLdNtTq98TADkleoeglOp3HysW4d-nFg4PQ,-Satisfacción del Curso virtual - RPMS INFANCIA 2°C 2025 - (AISPPMSCVI_2025),2025-09-23T21:46:10.383Z,,Femenino,Adultez (29 - 59 años),Pregrado,Área de la salud,5,5,5,5,5,5,5,5,5,5,5,5,5,COMUNA 3,
1vM0maqqYuLdNtTq98TADkleoeglOp3HysW4d-nFg4PQ,-Satisfacción del Curso virtual - RPMS INFANCIA 2°C 2025 - (AISPPMSCVI_2025),2025-09-02T16:24:00.216Z,,Masculino,Juventud (18 - 28 años),Pregrado,Área de la salud,5,5,5,5,5,5,5,5,5,5,5,5,5,COMUNA 17,
1vM0maqqYuLdNtTq98TADkleoeglOp3HysW4d-nFg4PQ,-Satisfacción del Curso virtual - RPMS INFANCIA 2°C 2025 - (AISPPMSCVI_2025),2025-10-06T14:22:55.411Z,,Femenino,Juventud (18 - 28 años),Pregrado,Área de la salud,5,5,5,5,5,4,4,5,3,3,5,5,5,COMUNA 13,
1vM0maqqYuLdNtTq98TADkleoeglOp3HysW4d-nFg4PQ,-Satisfacción del Curso virtual - RPMS INFANCIA 2°C 2025 - (AISPPMSCVI_2025),2025-08-21T05:38:50.090Z,,Masculino,Adultez (29 - 59 años),Pregrado,Área de la salud,5,5,5,5,5,5,5,5,5,5,5,5,5,COMUNA 17,
1vM0maqqYuLdNtTq98TADkleoeglOp3HysW4d-nFg4PQ,-Satisfacción del Curso virtual - RPMS INFANCIA 2°C 2025 - (AISPPMSCVI_2025),2025-09-04T15:26:19.597Z,,Femenino,Juventud (18 - 28 años),Pregrado,Área de la salud,5,5,5,5,5,5,5,5,5,5,5,5,5,COMUNA 17,
13PrJGCVgOdGYYKJMO98lfP-XmFYPgq0R3s37oVqVKXQ,-Satisfacción del Curso virtual - RPMS JUVENTUD 2°C 2025 - (AISPPMSCVJA_2025),2025-09-16T21:07:57.279Z,,Femenino,Juventud (18 - 28 años),Pregrado,Área de la salud,4,4,4,4,4,4,4,4,4,4,4,4,4,COMUNA 18,
13PrJGCVgOdGYYKJMO98lfP-XmFYPgq0R3s37oVqVKXQ,-Satisfacción del Curso virtual - RPMS JUVENTUD 2°C 2025 - (AISPPMSCVJA_2025),2025-09-07T21:11:34.728Z,,Femenino,Juventud (18 - 28 años),Postgrado,Área de la salud,5,5,5,4,5,5,5,5,5,4,5,5,5,COMUNA 17,
13PrJGCVgOdGYYKJMO98lfP-XmFYPgq0R3s37oVqVKXQ,-Satisfacción del Curso virtual - RPMS JUVENTUD 2°C 2025 - (AISPPMSCVJA_2025),2025-08-19T13:47:53.602Z,,Femenino,Juventud (18 - 28 años),Postgrado,Área de la salud,4,4,4,4,4,4,4,4,4,4,4,4,4,COMUNA 2,
13PrJGCVgOdGYYKJMO98lfP-XmFYPgq0R3s37oVqVKXQ,-Satisfacción del Curso virtual - RPMS JUVENTUD 2°C 2025 - (AISPPMSCVJA_2025),2025-08-20T22:38:40.409Z,,Masculino,Juventud (18 - 28 años),Postgrado,Área de la salud,5,5,5,5,5,5,5,5,5,5,5,5,5,COMUNA 15,
13PrJGCVgOdGYYKJMO98lfP-XmFYPgq0R3s37oVqVKXQ,-Satisfacción del Curso virtual - RPMS JUVENTUD 2°C 2025 - (AISPPMSCVJA_2025),2025-09-01T14:38:59.757Z,,Femenino,Vejez (60 años o más),Postgrado,Área de la salud,5,5,5,5,5,5,5,5,5,4,5,5,5,COMUNA 5,
13PrJGCVgOdGYYKJMO98lfP-XmFYPgq0R3s37oVqVKXQ,-Satisfacción del Curso virtual - RPMS JUVENTUD 2°C 2025 - (AISPPMSCVJA_2025),2025-09-04T18:42:07.033Z,,Femenino,Juventud (18 - 28 años),Pregrado,Área de la salud,5,5,5,5,5,5,5,5,5,5,5,5,5,COMUNA 15,
13PrJGCVgOdGYYKJMO98lfP-XmFYPgq0R3s37oVqVKXQ,-Satisfacción del Curso virtual - RPMS JUVENTUD 2°C 2025 - (AISPPMSCVJA_2025),2025-08-26T23:03:14.386Z,,Femenino,Juventud (18 - 28 años),Pregrado,Área de la salud,5,5,5,5,5,5,5,5,5,4,4,4,4,COMUNA 14,
13PrJGCVgOdGYYKJMO98lfP-XmFYPgq0R3s37oVqVKXQ,-Satisfacción del Curso virtual - RPMS JUVENTUD 2°C 2025 - (AISPPMSCVJA_2025),2025-09-22T01:40:49.849Z,,Femenino,Juventud (18 - 28 años),Pregrado,Área de la salud,5,5,5,5,5,5,5,5,5,5,5,5,5,COMUNA 6,
13PrJGCVgOdGYYKJMO98lfP-XmFYPgq0R3s37oVqVKXQ,-Satisfacción del Curso virtual - RPMS JUVENTUD 2°C 2025 - (AISPPMSCVJA_2025),2025-08-25T20:10:14.511Z,,Femenino,Juventud (18 - 28 años),Postgrado,Área de la salud,4,4,4,4,4,4,4,4,4,4,4,4,4,COMUNA 1,
13PrJGCVgOdGYYKJMO98lfP-XmFYPgq0R3s37oVqVKXQ,-Satisfacción del Curso virtual - RPMS JUVENTUD 2°C 2025 - (AISPPMSCVJA_2025),2025-08-14T19:14:34.612Z,,Femenino,Adultez (29 - 59 años),Postgrado,Área de la salud,5,5,5,5,5,5,5,5,5,5,5,5,5,COMUNA 8,
1lbKm4i9cNMFmpGClorrQokVv_7NgdwDQkH0bMGXqFes,-Satisfacción del Curso virtual - RPMS 3° 2025 - (AISPPMSCVPI_03_2025),2025-11-24T18:05:40.093Z,,Femenino,Adultez (29 - 59 años),Pregrado,Área de la salud,5,5,5,5,5,5,5,5,5,5,5,5,5,COMUNA 13,
1lbKm4i9cNMFmpGClorrQokVv_7NgdwDQkH0bMGXqFes,-Satisfacción del Curso virtual - RPMS 3° 2025 - (AISPPMSCVPI_03_2025),2025-12-04T15:33:45.509Z,,Femenino,Juventud (18 - 28 años),Pregrado,Área de la salud,5,5,5,5,5,5,5,5,5,5,5,5,5,COMUNA 3,
1lbKm4i9cNMFmpGClorrQokVv_7NgdwDQkH0bMGXqFes,-Satisfacción del Curso virtual - RPMS 3° 2025 - (AISPPMSCVPI_03_2025),2025-11-25T21:01:01.450Z,,Femenino,Adultez (29 - 59 años),Pregrado,Área de la salud,5,5,5,5,5,5,5,5,5,5,5,5,5,COMUNA 6,
1lbKm4i9cNMFmpGClorrQokVv_7NgdwDQkH0bMGXqFes,-Satisfacción del Curso virtual - RPMS 3° 2025 - (AISPPMSCVPI_03_2025),2025-12-02T02:09:52.147Z,,Masculino,Adultez (29 - 59 años),Postgrado,Área de la salud,3,3,3,3,3,3,3,3,3,3,3,3,3,COMUNA 7,
1lbKm4i9cNMFmpGClorrQokVv_7NgdwDQkH0bMGXqFes,-Satisfacción del Curso virtual - RPMS 3° 2025 - (AISPPMSCVPI_03_2025),2025-12-04T16:38:20.541Z,,Femenino,Juventud (18 - 28 años),Postgrado,Área de la salud,5,5,5,5,5,5,5,5,5,5,5,5,5,COMUNA 1,
1lbKm4i9cNMFmpGClorrQokVv_7NgdwDQkH0bMGXqFes,-Satisfacción del Curso virtual - RPMS 3° 2025 - (AISPPMSCVPI_03_2025),2025-12-05T20:59:51.568Z,,Femenino,Adultez (29 - 59 años),Pregrado,Área de la salud,5,5,5,5,5,5,5,5,5,5,5,5,5,COMUNA 1,
1lbKm4i9cNMFmpGClorrQokVv_7NgdwDQkH0bMGXqFes,-Satisfacción del Curso virtual - RPMS 3° 2025 - (AISPPMSCVPI_03_2025),2025-11-13T17:49:41.148Z,,Femenino,Adultez (29 - 59 años),Pregrado,Área de la salud,5,5,5,5,5,5,5,5,5,5,5,5,5,COMUNA 19,
1lbKm4i9cNMFmpGClorrQokVv_7NgdwDQkH0bMGXqFes,-Satisfacción del Curso virtual - RPMS 3° 2025 - (AISPPMSCVPI_03_2025),2025-11-24T18:22:38.253Z,,Femenino,Adultez (29 - 59 años),Postgrado,Área de la salud,4,4,4,5,5,5,5,5,4,4,4,4,4,COMUNA 1,
1lbKm4i9cNMFmpGClorrQokVv_7NgdwDQkH0bMGXqFes,-Satisfacción del Curso virtual - RPMS 3° 2025 - (AISPPMSCVPI_03_2025),2025-11-12T01:08:22.004Z,,Femenino,Adultez (29 - 59 años),Postgrado,Área de la salud,5,5,5,5,5,5,5,5,5,5,5,5,5,COMUNA 17,
1lbKm4i9cNMFmpGClorrQokVv_7NgdwDQkH0bMGXqFes,-Satisfacción del Curso virtual - RPMS 3° 2025 - (AISPPMSCVPI_03_2025),2025-12-04T16:41:40.808Z,,Femenino,Adultez (29 - 59 años),Pregrado,Área de la salud,4,4,4,4,4,4,4,4,4,4,4,4,4,COMUNA 10,
1lbKm4i9cNMFmpGClorrQokVv_7NgdwDQkH0bMGXqFes,-Satisfacción del Curso virtual - RPMS 3° 2025 - (AISPPMSCVPI_03_2025),2025-12-05T15:26:45.077Z,,Femenino,Adultez (29 - 59 años),Bachiller,Área de la salud,5,5,5,5,5,5,5,5,5,5,5,5,5,COMUNA 17,
1lbKm4i9cNMFmpGClorrQokVv_7NgdwDQkH0bMGXqFes,-Satisfacción del Curso virtual - RPMS 3° 2025 - (AISPPMSCVPI_03_2025),2025-12-05T02:18:54.913Z,,Femenino,Adultez (29 - 59 años),Postgrado,Área de la salud,4,4,4,4,4,4,4,4,4,4,4,4,4,COMUNA 1,
1lbKm4i9cNMFmpGClorrQokVv_7NgdwDQkH0bMGXqFes,-Satisfacción del Curso virtual - RPMS 3° 2025 - (AISPPMSCVPI_03_2025),2025-11-24T19:44:06.759Z,,Femenino,Adultez (29 - 59 años),Postgrado,Área de la salud,5,5,5,5,5,5,5,5,5,5,5,5,5,COMUNA 2,
1lbKm4i9cNMFmpGClorrQokVv_7NgdwDQkH0bMGXqFes,-Satisfacción del Curso virtual - RPMS 3° 2025 - (AISPPMSCVPI_03_2025),2025-12-04T19:40:32.603Z,,Femenino,Juventud (18 - 28 años),Bachiller,Área de la salud,4,4,4,4,4,4,4,4,4,4,4,4,4,COMUNA 7,
1lbKm4i9cNMFmpGClorrQokVv_7NgdwDQkH0bMGXqFes,-Satisfacción del Curso virtual - RPMS 3° 2025 - (AISPPMSCVPI_03_2025),2025-12-05T20:49:04.082Z,,Femenino,Adultez (29 - 59 años),Bachiller,Área de la salud,4,4,4,4,4,4,4,4,4,4,4,4,4,COMUNA 1,
1lbKm4i9cNMFmpGClorrQokVv_7NgdwDQkH0bMGXqFes,-Satisfacción del Curso virtual - RPMS 3° 2025 - (AISPPMSCVPI_03_2025),2025-12-01T20:03:48.871Z,,Femenino,Adultez (29 - 59 años),Pregrado,Área de la salud,4,4,4,3,3,4,4,4,3,3,3,4,3,COMUNA 6,
1lbKm4i9cNMFmpGClorrQokVv_7NgdwDQkH0bMGXqFes,-Satisfacción del Curso virtual - RPMS 3° 2025 - (AISPPMSCVPI_03_2025),2025-11-24T23:37:51.053Z,,Femenino,Vejez (60 años o más),Pregrado,Área de la salud,5,4,4,4,5,4,4,4,4,4,5,4,5,COMUNA 10,
1lbKm4i9cNMFmpGClorrQokVv_7NgdwDQkH0bMGXqFes,-Satisfacción del Curso virtual - RPMS 3° 2025 - (AISPPMSCVPI_03_2025),2025-12-04T16:52:07.261Z,,Masculino,Juventud (18 - 28 años),Bachiller,Área de la salud,4,4,4,4,4,4,3,3,3,3,3,3,3,COMUNA 1,
1lbKm4i9cNMFmpGClorrQokVv_7NgdwDQkH0bMGXqFes,-Satisfacción del Curso virtual - RPMS 3° 2025 - (AISPPMSCVPI_03_2025),2025-11-27T12:47:48.069Z,,Femenino,Juventud (18 - 28 años),Pregrado,Área de la salud,5,5,5,4,4,4,4,4,4,4,4,4,4,COMUNA 10,
1lbKm4i9cNMFmpGClorrQokVv_7NgdwDQkH0bMGXqFes,-Satisfacción del Curso virtual - RPMS 3° 2025 - (AISPPMSCVPI_03_2025),2025-12-04T16:40:09.319Z,,Femenino,Adultez (29 - 59 años),Postgrado,Área de la salud,5,5,5,5,3,4,5,5,4,5,5,5,5,COMUNA 1,
1lbKm4i9cNMFmpGClorrQokVv_7NgdwDQkH0bMGXqFes,-Satisfacción del Curso virtual - RPMS 3° 2025 - (AISPPMSCVPI_03_2025),2025-11-12T01:05:39.216Z,,Femenino,Adultez (29 - 59 años),Pregrado,Área de la salud,5,5,5,5,5,5,5,5,4,4,5,5,5,COMUNA 1,
1lbKm4i9cNMFmpGClorrQokVv_7NgdwDQkH0bMGXqFes,-Satisfacción del Curso virtual - RPMS 3° 2025 - (AISPPMSCVPI_03_2025),2025-12-05T21:07:16.058Z,,Femenino,Adultez (29 - 59 años),Pregrado,Área de la salud,5,5,5,5,5,5,5,5,5,5,5,5,5,COMUNA 1,
1lbKm4i9cNMFmpGClorrQokVv_7NgdwDQkH0bMGXqFes,-Satisfacción del Curso virtual - RPMS 3° 2025 - (AISPPMSCVPI_03_2025),2025-12-04T16:41:42.767Z,,Femenino,Adultez (29 - 59 años),Pregrado,Área de la salud,4,4,4,4,4,4,3,4,4,4,4,4,4,COMUNA 7,
1lbKm4i9cNMFmpGClorrQokVv_7NgdwDQkH0bMGXqFes,-Satisfacción del Curso virtual - RPMS 3° 2025 - (AISPPMSCVPI_03_2025),2025-11-10T16:41:00.740Z,,Femenino,Adultez (29 - 59 años),Pregrado,Área de la salud,5,5,5,5,5,5,5,5,5,5,5,5,5,C. DE PANCE,
1lbKm4i9cNMFmpGClorrQokVv_7NgdwDQkH0bMGXqFes,-Satisfacción del Curso virtual - RPMS 3° 2025 - (AISPPMSCVPI_03_2025),2025-12-05T21:14:26.351Z,,Femenino,Adultez (29 - 59 años),Postgrado,Área de la salud,5,5,5,5,5,5,5,5,5,5,5,5,5,COMUNA 1,
1lbKm4i9cNMFmpGClorrQokVv_7NgdwDQkH0bMGXqFes,-Satisfacción del Curso virtual - RPMS 3° 2025 - (AISPPMSCVPI_03_2025),2025-12-04T16:41:06.086Z,,Femenino,Juventud (18 - 28 años),Pregrado,Área de la salud,4,5,4,4,4,4,4,5,4,4,4,4,4,COMUNA 9,
1spgZuD19qFNdQUB1E16r9HJXN0c5YiG5bnA0wIEdqrE,-Satisfacción del Curso virtual - RPMS PRIMERA INFANCIA 2°C 2025 - (AISPPMSCVPI_2025),2025-08-24T22:22:36.453Z,,Femenino,Adultez (29 - 59 años),Pregrado,Área de la salud,5,5,5,5,5,5,5,5,5,5,5,5,5,COMUNA 13,
1spgZuD19qFNdQUB1E16r9HJXN0c5YiG5bnA0wIEdqrE,-Satisfacción del Curso virtual - RPMS PRIMERA INFANCIA 2°C 2025 - (AISPPMSCVPI_2025),2025-10-16T15:36:21.013Z,,Femenino,Juventud (18 - 28 años),Pregrado,Área de la salud,5,5,4,5,5,5,5,5,4,4,5,5,5,COMUNA 13,
1spgZuD19qFNdQUB1E16r9HJXN0c5YiG5bnA0wIEdqrE,-Satisfacción del Curso virtual - RPMS PRIMERA INFANCIA 2°C 2025 - (AISPPMSCVPI_2025),2025-08-20T23:40:08.231Z,,Femenino,Juventud (18 - 28 años),Pregrado,Área de la salud,5,5,5,5,5,5,5,5,5,5,5,5,5,COMUNA 8,
1spgZuD19qFNdQUB1E16r9HJXN0c5YiG5bnA0wIEdqrE,-Satisfacción del Curso virtual - RPMS PRIMERA INFANCIA 2°C 2025 - (AISPPMSCVPI_2025),2025-09-23T21:17:46.329Z,,Femenino,Adultez (29 - 59 años),Pregrado,Área de la salud,5,5,5,5,5,5,5,5,5,5,5,5,5,COMUNA 3,
1spgZuD19qFNdQUB1E16r9HJXN0c5YiG5bnA0wIEdqrE,-Satisfacción del Curso virtual - RPMS PRIMERA INFANCIA 2°C 2025 - (AISPPMSCVPI_2025),2025-09-02T16:59:04.420Z,,Masculino,Juventud (18 - 28 años),Pregrado,Área de la salud,5,5,5,5,5,5,5,5,5,5,5,5,5,COMUNA 17,
1spgZuD19qFNdQUB1E16r9HJXN0c5YiG5bnA0wIEdqrE,-Satisfacción del Curso virtual - RPMS PRIMERA INFANCIA 2°C 2025 - (AISPPMSCVPI_2025),2025-09-17T23:30:28.443Z,,Femenino,Adultez (29 - 59 años),Pregrado,Área de la salud,4,4,4,4,4,4,4,4,4,4,4,4,4,COMUNA 7,
1spgZuD19qFNdQUB1E16r9HJXN0c5YiG5bnA0wIEdqrE,-Satisfacción del Curso virtual - RPMS PRIMERA INFANCIA 2°C 2025 - (AISPPMSCVPI_2025),2025-09-04T15:42:25.820Z,,Femenino,Juventud (18 - 28 años),Pregrado,Área de la salud,5,5,5,5,5,5,5,5,5,5,5,5,5,COMUNA 17,
1spgZuD19qFNdQUB1E16r9HJXN0c5YiG5bnA0wIEdqrE,-Satisfacción del Curso virtual - RPMS PRIMERA INFANCIA 2°C 2025 - (AISPPMSCVPI_2025),2025-08-24T02:25:31.710Z,,Femenino,Adultez (29 - 59 años),Pregrado,Área de la salud,4,4,4,4,4,4,4,4,4,4,4,4,4,COMUNA 15,
1spgZuD19qFNdQUB1E16r9HJXN0c5YiG5bnA0wIEdqrE,-Satisfacción del Curso virtual - RPMS PRIMERA INFANCIA 2°C 2025 - (AISPPMSCVPI_2025),2025-09-18T05:15:11.125Z,,Femenino,Adultez (29 - 59 años),Pregrado,Área de la salud,4,4,4,4,4,4,4,4,4,4,4,4,4,COMUNA 7,
1spgZuD19qFNdQUB1E16r9HJXN0c5YiG5bnA0wIEdqrE,-Satisfacción del Curso virtual - RPMS PRIMERA INFANCIA 2°C 2025 - (AISPPMSCVPI_2025),2025-08-20T00:20:14.705Z,,Femenino,Juventud (18 - 28 años),Pregrado,Área de la salud,5,5,5,5,5,5,5,5,5,4,4,4,4,COMUNA 13,
1H7ZeHSgGwlxJbd5ftpfsa-LMtEmmp8QUIYuIylS68zI,-Satisfacción del Curso virtual - RPMS VEJEZ 2°C 2025 - (AISPMSCVV_012025),2025-08-25T02:57:24.383Z,,Masculino,Juventud (18 - 28 años),Pregrado,Área de la salud,5,5,5,5,5,5,5,5,5,5,5,5,5,COMUNA 11,
1H7ZeHSgGwlxJbd5ftpfsa-LMtEmmp8QUIYuIylS68zI,-Satisfacción del Curso virtual - RPMS VEJEZ 2°C 2025 - (AISPMSCVV_012025),2025-08-22T00:06:08.045Z,,Femenino,Adultez (29 - 59 años),Pregrado,Área de la salud,5,5,5,5,5,5,5,5,4,4,4,5,4,COMUNA 17,
1H7ZeHSgGwlxJbd5ftpfsa-LMtEmmp8QUIYuIylS68zI,-Satisfacción del Curso virtual - RPMS VEJEZ 2°C 2025 - (AISPMSCVV_012025),2025-08-25T00:22:08.594Z,,Femenino,Adultez (29 - 59 años),Postgrado,Área de la salud,5,5,5,5,5,5,5,5,4,3,5,5,5,COMUNA 14,
1H7ZeHSgGwlxJbd5ftpfsa-LMtEmmp8QUIYuIylS68zI,-Satisfacción del Curso virtual - RPMS VEJEZ 2°C 2025 - (AISPMSCVV_012025),2025-08-20T19:28:44.736Z,,Femenino,Juventud (18 - 28 años),Pregrado,Área de la salud,5,5,5,5,5,5,5,5,5,5,5,5,5,COMUNA 13,
1HC1X02xdWToZwiNjKQxfMYbCtQgiRCrhs_sXwUSh7bI,-Satisfacción del Curso virtual - DISCAPACIDAD DE ENFERMEDAD DE HANSEN 2026 - (DIS_HANSEN),2026-02-18T14:17:51.731Z,,Masculino,Adultez (29 - 59 años),Postgrado,Área de la salud,4,4,4,4,4,4,3,3,3,3,4,4,4,COMUNA 1,
1HC1X02xdWToZwiNjKQxfMYbCtQgiRCrhs_sXwUSh7bI,-Satisfacción del Curso virtual - DISCAPACIDAD DE ENFERMEDAD DE HANSEN 2026 - (DIS_HANSEN),2026-02-20T04:06:19.998Z,,Masculino,Adultez (29 - 59 años),Pregrado,Área de la salud,5,5,4,5,4,5,4,5,5,5,4,5,4,COMUNA 4,
1HC1X02xdWToZwiNjKQxfMYbCtQgiRCrhs_sXwUSh7bI,-Satisfacción del Curso virtual - DISCAPACIDAD DE ENFERMEDAD DE HANSEN 2026 - (DIS_HANSEN),2026-02-19T16:54:47.544Z,,Femenino,Adultez (29 - 59 años),Pregrado,Área de la salud,5,5,5,5,5,5,5,5,4,5,5,5,5,COMUNA 9,
1HC1X02xdWToZwiNjKQxfMYbCtQgiRCrhs_sXwUSh7bI,-Satisfacción del Curso virtual - DISCAPACIDAD DE ENFERMEDAD DE HANSEN 2026 - (DIS_HANSEN),2026-02-13T22:45:04.100Z,,Femenino,Adultez (29 - 59 años),Bachiller,Área de la salud,4,4,4,4,4,4,4,4,4,4,4,4,4,COMUNA 13,
1HC1X02xdWToZwiNjKQxfMYbCtQgiRCrhs_sXwUSh7bI,-Satisfacción del Curso virtual - DISCAPACIDAD DE ENFERMEDAD DE HANSEN 2026 - (DIS_HANSEN),2026-02-15T15:38:40.159Z,,Femenino,Juventud (18 - 28 años),Pregrado,Área de la salud,5,5,5,5,5,5,5,5,5,5,5,5,5,COMUNA 2,
1HC1X02xdWToZwiNjKQxfMYbCtQgiRCrhs_sXwUSh7bI,-Satisfacción del Curso virtual - DISCAPACIDAD DE ENFERMEDAD DE HANSEN 2026 - (DIS_HANSEN),2026-02-19T03:33:19.296Z,,Femenino,Adultez (29 - 59 años),Pregrado,Otro,4,4,4,4,4,4,4,4,4,4,4,4,4,C. DE LA CASTILLA,
1HC1X02xdWToZwiNjKQxfMYbCtQgiRCrhs_sXwUSh7bI,-Satisfacción del Curso virtual - DISCAPACIDAD DE ENFERMEDAD DE HANSEN 2026 - (DIS_HANSEN),2026-02-16T22:48:42.551Z,,Masculino,Juventud (18 - 28 años),Bachiller,Área de la salud,4,4,4,4,4,4,4,4,4,4,4,4,4,C. DE VILLACARMELO,
1HC1X02xdWToZwiNjKQxfMYbCtQgiRCrhs_sXwUSh7bI,-Satisfacción del Curso virtual - DISCAPACIDAD DE ENFERMEDAD DE HANSEN 2026 - (DIS_HANSEN),2026-03-09T02:16:38.898Z,,Femenino,Adultez (29 - 59 años),Postgrado,Área de la salud,5,4,5,4,5,4,5,5,4,5,5,5,4,COMUNA 18,
1HC1X02xdWToZwiNjKQxfMYbCtQgiRCrhs_sXwUSh7bI,-Satisfacción del Curso virtual - DISCAPACIDAD DE ENFERMEDAD DE HANSEN 2026 - (DIS_HANSEN),2026-03-03T17:42:44.965Z,,Femenino,Adultez (29 - 59 años),Bachiller,Área de la salud,5,5,5,5,5,5,5,5,5,5,5,5,5,COMUNA 6,
1IjLMuritRaLZsjoJpPpGIxpRwGqq1XiIBhZeZwN5x-M,-Satisfacción del Curso virtual - CÁNCER COLON Y RECTO 1°C 2025 (CCR_2025),2024-10-26T22:47:30.890Z,,Femenino,Adultez (29 - 59 años),Postgrado,Área de la salud,5,5,5,5,5,5,5,5,5,5,5,5,5,COMUNA 19,
1IjLMuritRaLZsjoJpPpGIxpRwGqq1XiIBhZeZwN5x-M,-Satisfacción del Curso virtual - CÁNCER COLON Y RECTO 1°C 2025 (CCR_2025),2024-11-22T17:23:11.414Z,,Femenino,Adultez (29 - 59 años),Pregrado,Área de la salud,5,5,5,5,5,5,5,5,5,5,5,5,5,COMUNA 6,
1IjLMuritRaLZsjoJpPpGIxpRwGqq1XiIBhZeZwN5x-M,-Satisfacción del Curso virtual - CÁNCER COLON Y RECTO 1°C 2025 (CCR_2025),2024-10-29T02:51:47.418Z,,Femenino,Adultez (29 - 59 años),Pregrado,Área de la salud,4,4,5,5,5,5,5,5,5,5,5,5,5,COMUNA 1,
1IjLMuritRaLZsjoJpPpGIxpRwGqq1XiIBhZeZwN5x-M,-Satisfacción del Curso virtual - CÁNCER COLON Y RECTO 1°C 2025 (CCR_2025),2024-11-02T14:05:26.484Z,,Masculino,Adultez (29 - 59 años),Pregrado,Área de la salud,5,5,5,5,5,5,5,5,5,5,5,5,5,COMUNA 17,
1IjLMuritRaLZsjoJpPpGIxpRwGqq1XiIBhZeZwN5x-M,-Satisfacción del Curso virtual - CÁNCER COLON Y RECTO 1°C 2025 (CCR_2025),2024-10-27T23:37:41.569Z,,Femenino,Adultez (29 - 59 años),Pregrado,Área de la salud,4,4,4,4,4,4,4,4,4,4,4,4,4,COMUNA 4,
1IjLMuritRaLZsjoJpPpGIxpRwGqq1XiIBhZeZwN5x-M,-Satisfacción del Curso virtual - CÁNCER COLON Y RECTO 1°C 2025 (CCR_2025),2024-10-28T15:21:42.099Z,,Femenino,Adultez (29 - 59 años),Bachiller,Área de la salud,4,5,5,5,5,5,5,5,5,4,4,4,4,COMUNA 8,
1IjLMuritRaLZsjoJpPpGIxpRwGqq1XiIBhZeZwN5x-M,-Satisfacción del Curso virtual - CÁNCER COLON Y RECTO 1°C 2025 (CCR_2025),2024-11-18T23:01:26.432Z,,Femenino,Juventud (18 - 28 años),Postgrado,Área de la salud,5,5,5,5,5,5,5,4,3,1,4,5,5,COMUNA 17,
1IjLMuritRaLZsjoJpPpGIxpRwGqq1XiIBhZeZwN5x-M,-Satisfacción del Curso virtual - CÁNCER COLON Y RECTO 1°C 2025 (CCR_2025),2024-11-22T03:33:16.751Z,,Femenino,Adultez (29 - 59 años),Pregrado,Área de la salud,5,5,5,5,5,5,5,5,5,5,5,5,5,COMUNA 6,
1IjLMuritRaLZsjoJpPpGIxpRwGqq1XiIBhZeZwN5x-M,-Satisfacción del Curso virtual - CÁNCER COLON Y RECTO 1°C 2025 (CCR_2025),2024-10-29T18:58:55.095Z,,Femenino,Adultez (29 - 59 años),Postgrado,Área de la salud,5,5,5,5,5,5,5,5,5,5,5,5,5,COMUNA 4,
1IjLMuritRaLZsjoJpPpGIxpRwGqq1XiIBhZeZwN5x-M,-Satisfacción del Curso virtual - CÁNCER COLON Y RECTO 1°C 2025 (CCR_2025),2024-10-27T15:00:31.917Z,,Femenino,Adultez (29 - 59 años),Postgrado,Área de la salud,4,4,4,4,4,4,4,4,4,4,4,4,4,COMUNA 1,
1IjLMuritRaLZsjoJpPpGIxpRwGqq1XiIBhZeZwN5x-M,-Satisfacción del Curso virtual - CÁNCER COLON Y RECTO 1°C 2025 (CCR_2025),2024-11-01T03:36:18.010Z,,Femenino,Juventud (18 - 28 años),Pregrado,Área de la salud,5,5,5,5,5,5,3,3,3,3,5,4,4,COMUNA 6,
1IjLMuritRaLZsjoJpPpGIxpRwGqq1XiIBhZeZwN5x-M,-Satisfacción del Curso virtual - CÁNCER COLON Y RECTO 1°C 2025 (CCR_2025),2024-11-02T13:25:40.447Z,,Femenino,Adultez (29 - 59 años),Postgrado,Área de la salud,5,5,5,5,5,5,5,5,4,2,4,5,4,COMUNA 1,
1IjLMuritRaLZsjoJpPpGIxpRwGqq1XiIBhZeZwN5x-M,-Satisfacción del Curso virtual - CÁNCER COLON Y RECTO 1°C 2025 (CCR_2025),2024-10-24T13:46:28.336Z,,Femenino,Adultez (29 - 59 años),Postgrado,Área de la salud,5,5,5,5,5,5,5,5,5,5,5,5,5,COMUNA 19,
1IjLMuritRaLZsjoJpPpGIxpRwGqq1XiIBhZeZwN5x-M,-Satisfacción del Curso virtual - CÁNCER COLON Y RECTO 1°C 2025 (CCR_2025),2024-11-22T13:14:20.076Z,,Femenino,Juventud (18 - 28 años),Pregrado,Área de la salud,1,1,1,2,1,1,1,1,1,1,1,1,1,COMUNA 4,
1IjLMuritRaLZsjoJpPpGIxpRwGqq1XiIBhZeZwN5x-M,-Satisfacción del Curso virtual - CÁNCER COLON Y RECTO 1°C 2025 (CCR_2025),2024-10-25T01:48:57.087Z,,Femenino,Adultez (29 - 59 años),Postgrado,Área de la salud,5,3,4,4,4,4,4,4,3,3,3,4,3,COMUNA 1,
1IjLMuritRaLZsjoJpPpGIxpRwGqq1XiIBhZeZwN5x-M,-Satisfacción del Curso virtual - CÁNCER COLON Y RECTO 1°C 2025 (CCR_2025),2024-11-04T22:24:56.574Z,,Masculino,Adultez (29 - 59 años),Pregrado,Área de la salud,5,5,5,5,5,5,5,5,3,3,5,5,5,COMUNA 1,
1IjLMuritRaLZsjoJpPpGIxpRwGqq1XiIBhZeZwN5x-M,-Satisfacción del Curso virtual - CÁNCER COLON Y RECTO 1°C 2025 (CCR_2025),2024-10-26T21:40:30.269Z,,Masculino,Juventud (18 - 28 años),Pregrado,Área de la salud,4,4,4,4,4,4,4,4,4,4,4,4,4,COMUNA 9,
1IjLMuritRaLZsjoJpPpGIxpRwGqq1XiIBhZeZwN5x-M,-Satisfacción del Curso virtual - CÁNCER COLON Y RECTO 1°C 2025 (CCR_2025),2024-11-22T14:43:42.401Z,,Femenino,Adultez (29 - 59 años),Postgrado,Área de la salud,4,4,4,4,4,4,4,4,4,4,4,4,4,COMUNA 19,
1IjLMuritRaLZsjoJpPpGIxpRwGqq1XiIBhZeZwN5x-M,-Satisfacción del Curso virtual - CÁNCER COLON Y RECTO 1°C 2025 (CCR_2025),2024-11-02T16:04:04.587Z,,Masculino,Adultez (29 - 59 años),Pregrado,Área de la salud,4,4,4,4,4,4,4,4,4,4,4,4,4,COMUNA 4,
1IjLMuritRaLZsjoJpPpGIxpRwGqq1XiIBhZeZwN5x-M,-Satisfacción del Curso virtual - CÁNCER COLON Y RECTO 1°C 2025 (CCR_2025),2024-10-27T23:27:59.650Z,,Femenino,Adultez (29 - 59 años),Postgrado,Área de la salud,4,4,5,4,4,4,4,4,3,3,5,5,4,COMUNA 1,
1IjLMuritRaLZsjoJpPpGIxpRwGqq1XiIBhZeZwN5x-M,-Satisfacción del Curso virtual - CÁNCER COLON Y RECTO 1°C 2025 (CCR_2025),2024-11-17T21:47:21.186Z,,Femenino,Adultez (29 - 59 años),Pregrado,Área de la salud,5,5,5,5,5,5,5,5,5,5,5,5,5,COMUNA 17,
1IjLMuritRaLZsjoJpPpGIxpRwGqq1XiIBhZeZwN5x-M,-Satisfacción del Curso virtual - CÁNCER COLON Y RECTO 1°C 2025 (CCR_2025),2024-10-30T15:14:52.382Z,,Femenino,Adultez (29 - 59 años),Postgrado,Área de la salud,5,5,5,5,5,5,5,5,5,5,5,5,5,COMUNA 19,
1IjLMuritRaLZsjoJpPpGIxpRwGqq1XiIBhZeZwN5x-M,-Satisfacción del Curso virtual - CÁNCER COLON Y RECTO 1°C 2025 (CCR_2025),2024-10-29T14:57:32.358Z,,Femenino,Juventud (18 - 28 años),Pregrado,Área de la salud,5,5,5,5,5,5,5,5,5,5,5,5,5,COMUNA 17,
1IjLMuritRaLZsjoJpPpGIxpRwGqq1XiIBhZeZwN5x-M,-Satisfacción del Curso virtual - CÁNCER COLON Y RECTO 1°C 2025 (CCR_2025),2024-10-28T22:54:47.503Z,,Masculino,Juventud (18 - 28 años),Pregrado,Área de la salud,5,5,5,5,2,5,5,5,4,4,5,5,5,COMUNA 21,
1IjLMuritRaLZsjoJpPpGIxpRwGqq1XiIBhZeZwN5x-M,-Satisfacción del Curso virtual - CÁNCER COLON Y RECTO 1°C 2025 (CCR_2025),2024-10-30T02:50:38.235Z,,Femenino,Adultez (29 - 59 años),Pregrado,Área de la salud,4,4,4,4,4,4,4,4,4,4,4,4,4,COMUNA 12,
1IjLMuritRaLZsjoJpPpGIxpRwGqq1XiIBhZeZwN5x-M,-Satisfacción del Curso virtual - CÁNCER COLON Y RECTO 1°C 2025 (CCR_2025),2024-10-22T21:28:23.685Z,,Femenino,Adultez (29 - 59 años),Pregrado,Área de la salud,5,5,5,5,5,5,5,5,5,5,5,5,5,COMUNA 12,
1IjLMuritRaLZsjoJpPpGIxpRwGqq1XiIBhZeZwN5x-M,-Satisfacción del Curso virtual - CÁNCER COLON Y RECTO 1°C 2025 (CCR_2025),2024-10-28T20:41:46.713Z,,Femenino,Adultez (29 - 59 años),Postgrado,Área de la salud,5,5,4,4,4,4,4,4,4,4,4,4,4,COMUNA 15,
1IjLMuritRaLZsjoJpPpGIxpRwGqq1XiIBhZeZwN5x-M,-Satisfacción del Curso virtual - CÁNCER COLON Y RECTO 1°C 2025 (CCR_2025),2024-11-03T18:00:32.761Z,,Femenino,Adultez (29 - 59 años),Pregrado,Área de la salud,5,5,5,5,5,5,5,5,4,4,5,5,5,COMUNA 5,
1IjLMuritRaLZsjoJpPpGIxpRwGqq1XiIBhZeZwN5x-M,-Satisfacción del Curso virtual - CÁNCER COLON Y RECTO 1°C 2025 (CCR_2025),2024-11-19T13:48:52.728Z,,Femenino,Adultez (29 - 59 años),Pregrado,Área de la salud,5,5,5,5,5,5,5,5,5,5,5,5,5,COMUNA 1,
1IjLMuritRaLZsjoJpPpGIxpRwGqq1XiIBhZeZwN5x-M,-Satisfacción del Curso virtual - CÁNCER COLON Y RECTO 1°C 2025 (CCR_2025),2024-10-22T14:51:15.012Z,,Femenino,Adultez (29 - 59 años),Pregrado,Área de la salud,5,5,5,5,5,5,5,5,5,5,5,5,5,COMUNA 7,
1IjLMuritRaLZsjoJpPpGIxpRwGqq1XiIBhZeZwN5x-M,-Satisfacción del Curso virtual - CÁNCER COLON Y RECTO 1°C 2025 (CCR_2025),2024-10-28T19:17:29.622Z,,Masculino,Adultez (29 - 59 años),Postgrado,Área de la salud,4,4,3,5,2,5,5,3,1,1,5,4,3,COMUNA 19,
1IjLMuritRaLZsjoJpPpGIxpRwGqq1XiIBhZeZwN5x-M,-Satisfacción del Curso virtual - CÁNCER COLON Y RECTO 1°C 2025 (CCR_2025),2024-11-19T23:59:21.968Z,,Femenino,Juventud (18 - 28 años),Bachiller,Área de la salud,4,4,4,4,4,3,3,3,3,2,4,4,4,COMUNA 1,
1IjLMuritRaLZsjoJpPpGIxpRwGqq1XiIBhZeZwN5x-M,-Satisfacción del Curso virtual - CÁNCER COLON Y RECTO 1°C 2025 (CCR_2025),2024-10-22T17:36:09.970Z,,Masculino,Vejez (60 años o más),Postgrado,Área de la salud,5,5,5,5,5,5,5,5,5,5,5,5,5,COMUNA 19,
1fhfLmU4YPe0emiQ-cC4BuZpt9sVLQLby5NMFJQ5J2dc,-Satisfacción del Curso virtual - CERO ESTIGMA HANSEN 2026 - (0HANSEN_012026),2026-03-13T01:51:11.048Z,,Femenino,Adultez (29 - 59 años),Postgrado,Área de la salud,5,5,5,5,5,5,5,5,5,5,5,5,5,COMUNA 17,
1fhfLmU4YPe0emiQ-cC4BuZpt9sVLQLby5NMFJQ5J2dc,-Satisfacción del Curso virtual - CERO ESTIGMA HANSEN 2026 - (0HANSEN_012026),2026-03-14T15:36:30.569Z,,Femenino,Juventud (18 - 28 años),Pregrado,Área de la salud,5,5,5,5,5,5,5,5,5,5,5,5,5,COMUNA 2,
1fhfLmU4YPe0emiQ-cC4BuZpt9sVLQLby5NMFJQ5J2dc,-Satisfacción del Curso virtual - CERO ESTIGMA HANSEN 2026 - (0HANSEN_012026),2026-03-24T19:36:18.731Z,,Femenino,Adultez (29 - 59 años),Pregrado,Área de la salud,5,5,5,5,5,5,5,5,4,4,5,5,5,COMUNA 2,
1fhfLmU4YPe0emiQ-cC4BuZpt9sVLQLby5NMFJQ5J2dc,-Satisfacción del Curso virtual - CERO ESTIGMA HANSEN 2026 - (0HANSEN_012026),2026-03-23T22:46:15.876Z,,Femenino,Adultez (29 - 59 años),Postgrado,Área de la salud,5,5,5,5,5,5,5,5,5,5,5,5,5,COMUNA 19,
1fhfLmU4YPe0emiQ-cC4BuZpt9sVLQLby5NMFJQ5J2dc,-Satisfacción del Curso virtual - CERO ESTIGMA HANSEN 2026 - (0HANSEN_012026),2026-03-06T17:56:49.965Z,,Femenino,Adultez (29 - 59 años),Bachiller,Área de la salud,1,1,1,1,1,1,1,1,2,2,1,1,1,COMUNA 3,
1fhfLmU4YPe0emiQ-cC4BuZpt9sVLQLby5NMFJQ5J2dc,-Satisfacción del Curso virtual - CERO ESTIGMA HANSEN 2026 - (0HANSEN_012026),2026-03-17T13:52:15.901Z,,Femenino,Juventud (18 - 28 años),Ninguna,Área de la salud,5,5,5,5,5,5,5,5,5,5,5,5,5,COMUNA 2,
1fhfLmU4YPe0emiQ-cC4BuZpt9sVLQLby5NMFJQ5J2dc,-Satisfacción del Curso virtual - CERO ESTIGMA HANSEN 2026 - (0HANSEN_012026),2026-03-06T19:52:10.927Z,,Masculino,Adultez (29 - 59 años),Postgrado,Área de la salud,4,4,4,4,4,4,4,4,4,4,4,4,4,COMUNA 2,
1fhfLmU4YPe0emiQ-cC4BuZpt9sVLQLby5NMFJQ5J2dc,-Satisfacción del Curso virtual - CERO ESTIGMA HANSEN 2026 - (0HANSEN_012026),2026-03-26T19:41:18.290Z,,Femenino,Adultez (29 - 59 años),Postgrado,Área de la salud,5,5,5,5,5,5,5,5,5,5,5,5,5,COMUNA 1,
1fhfLmU4YPe0emiQ-cC4BuZpt9sVLQLby5NMFJQ5J2dc,-Satisfacción del Curso virtual - CERO ESTIGMA HANSEN 2026 - (0HANSEN_012026),2026-03-21T23:43:55.085Z,,Femenino,Adultez (29 - 59 años),Pregrado,Área de la salud,5,5,5,5,4,5,5,5,5,5,5,5,5,COMUNA 10,
1fhfLmU4YPe0emiQ-cC4BuZpt9sVLQLby5NMFJQ5J2dc,-Satisfacción del Curso virtual - CERO ESTIGMA HANSEN 2026 - (0HANSEN_012026),2026-03-17T02:24:45.883Z,,Femenino,Juventud (18 - 28 años),Pregrado,Área de la salud,5,5,5,5,5,5,5,5,5,5,5,5,5,COMUNA 16,
1fhfLmU4YPe0emiQ-cC4BuZpt9sVLQLby5NMFJQ5J2dc,-Satisfacción del Curso virtual - CERO ESTIGMA HANSEN 2026 - (0HANSEN_012026),2026-03-07T00:32:34.207Z,,Masculino,Adultez (29 - 59 años),Postgrado,Área de la salud,5,5,5,5,5,5,5,5,5,5,5,5,5,COMUNA 10,
1fhfLmU4YPe0emiQ-cC4BuZpt9sVLQLby5NMFJQ5J2dc,-Satisfacción del Curso virtual - CERO ESTIGMA HANSEN 2026 - (0HANSEN_012026),2026-03-16T16:46:09.257Z,,Masculino,Juventud (18 - 28 años),Bachiller,Área de la salud,4,5,5,5,5,5,5,5,5,5,5,5,5,COMUNA 1,
1D2fbQy4adJxKPBqlCwMvYZQNvPKi9l2pjeZikmh1w6I,-Satisfacción del Curso virtual - Dx Hansen 2025 - (DX_HANSEN_012025),2025-12-04T09:35:35.732Z,,Femenino,Adultez (29 - 59 años),Pregrado,Área de la salud,5,5,5,4,4,4,5,5,3,5,4,4,4,COMUNA 1,
1D2fbQy4adJxKPBqlCwMvYZQNvPKi9l2pjeZikmh1w6I,-Satisfacción del Curso virtual - Dx Hansen 2025 - (DX_HANSEN_012025),2025-12-04T05:38:14.522Z,,Femenino,Juventud (18 - 28 años),Pregrado,Área de la salud,4,4,4,4,4,4,4,4,4,4,4,4,4,COMUNA 1,
1D2fbQy4adJxKPBqlCwMvYZQNvPKi9l2pjeZikmh1w6I,-Satisfacción del Curso virtual - Dx Hansen 2025 - (DX_HANSEN_012025),2025-12-03T18:54:35.877Z,,Femenino,Adultez (29 - 59 años),Pregrado,Área de la salud,5,5,5,5,5,5,5,5,4,5,5,5,5,COMUNA 7,
1D2fbQy4adJxKPBqlCwMvYZQNvPKi9l2pjeZikmh1w6I,-Satisfacción del Curso virtual - Dx Hansen 2025 - (DX_HANSEN_012025),2025-12-03T15:49:36.310Z,,Femenino,Juventud (18 - 28 años),Pregrado,Área de la salud,5,5,5,5,5,5,5,5,5,5,5,5,5,COMUNA 16,
1D2fbQy4adJxKPBqlCwMvYZQNvPKi9l2pjeZikmh1w6I,-Satisfacción del Curso virtual - Dx Hansen 2025 - (DX_HANSEN_012025),2025-12-03T15:53:59.186Z,,Femenino,Adultez (29 - 59 años),Pregrado,Área de la salud,5,5,5,5,5,5,5,5,5,5,5,5,5,COMUNA 3,
1D2fbQy4adJxKPBqlCwMvYZQNvPKi9l2pjeZikmh1w6I,-Satisfacción del Curso virtual - Dx Hansen 2025 - (DX_HANSEN_012025),2025-12-06T02:58:24.481Z,,Femenino,Adultez (29 - 59 años),Pregrado,Área de la salud,5,5,5,5,5,5,4,4,5,4,5,5,5,COMUNA 4,
1D2fbQy4adJxKPBqlCwMvYZQNvPKi9l2pjeZikmh1w6I,-Satisfacción del Curso virtual - Dx Hansen 2025 - (DX_HANSEN_012025),2025-12-09T12:10:40.558Z,,Femenino,Juventud (18 - 28 años),Pregrado,Área de la salud,5,5,5,5,5,5,5,5,5,5,5,5,5,COMUNA 1,
1D2fbQy4adJxKPBqlCwMvYZQNvPKi9l2pjeZikmh1w6I,-Satisfacción del Curso virtual - Dx Hansen 2025 - (DX_HANSEN_012025),2025-12-07T14:46:25.132Z,,Femenino,Juventud (18 - 28 años),Pregrado,Área de la salud,5,5,5,5,5,5,5,5,5,5,5,5,5,COMUNA 1,
1D2fbQy4adJxKPBqlCwMvYZQNvPKi9l2pjeZikmh1w6I,-Satisfacción del Curso virtual - Dx Hansen 2025 - (DX_HANSEN_012025),2025-12-04T01:22:08.160Z,,Femenino,Adultez (29 - 59 años),Pregrado,Área de la salud,4,4,5,4,4,5,4,4,4,4,4,5,5,COMUNA 17,
1D2fbQy4adJxKPBqlCwMvYZQNvPKi9l2pjeZikmh1w6I,-Satisfacción del Curso virtual - Dx Hansen 2025 - (DX_HANSEN_012025),2025-12-05T17:00:48.279Z,,Femenino,Adultez (29 - 59 años),Pregrado,Área de la salud,5,5,5,5,5,5,5,5,5,5,5,5,5,COMUNA 1,
1D2fbQy4adJxKPBqlCwMvYZQNvPKi9l2pjeZikmh1w6I,-Satisfacción del Curso virtual - Dx Hansen 2025 - (DX_HANSEN_012025),2025-12-07T04:26:26.415Z,,Femenino,Adultez (29 - 59 años),Bachiller,Área de la salud,4,4,4,4,5,5,5,5,5,4,5,5,5,COMUNA 2,
1D2fbQy4adJxKPBqlCwMvYZQNvPKi9l2pjeZikmh1w6I,-Satisfacción del Curso virtual - Dx Hansen 2025 - (DX_HANSEN_012025),2025-12-01T09:03:16.965Z,,Femenino,Adultez (29 - 59 años),Bachiller,Área de la salud,5,5,5,5,5,5,5,5,5,5,5,5,5,COMUNA 12,
1D2fbQy4adJxKPBqlCwMvYZQNvPKi9l2pjeZikmh1w6I,-Satisfacción del Curso virtual - Dx Hansen 2025 - (DX_HANSEN_012025),2025-12-03T00:40:00.749Z,,Femenino,Adultez (29 - 59 años),Postgrado,Área de la salud,4,4,4,4,4,4,4,4,4,4,4,4,4,COMUNA 2,
1D2fbQy4adJxKPBqlCwMvYZQNvPKi9l2pjeZikmh1w6I,-Satisfacción del Curso virtual - Dx Hansen 2025 - (DX_HANSEN_012025),2025-12-02T20:49:09.284Z,,Femenino,Adultez (29 - 59 años),Postgrado,Área de la salud,5,5,5,5,5,5,5,5,5,5,5,5,5,COMUNA 1,
1D2fbQy4adJxKPBqlCwMvYZQNvPKi9l2pjeZikmh1w6I,-Satisfacción del Curso virtual - Dx Hansen 2025 - (DX_HANSEN_012025),2025-12-01T15:47:38.931Z,,Femenino,Adultez (29 - 59 años),Bachiller,Área de la salud,5,5,5,5,5,5,5,5,5,5,5,5,5,COMUNA 5,
1D2fbQy4adJxKPBqlCwMvYZQNvPKi9l2pjeZikmh1w6I,-Satisfacción del Curso virtual - Dx Hansen 2025 - (DX_HANSEN_012025),2025-12-02T22:45:57.875Z,,Masculino,Adultez (29 - 59 años),Bachiller,Área de la salud,4,4,4,4,4,4,4,4,4,4,4,4,4,COMUNA 5,
1D2fbQy4adJxKPBqlCwMvYZQNvPKi9l2pjeZikmh1w6I,-Satisfacción del Curso virtual - Dx Hansen 2025 - (DX_HANSEN_012025),2025-12-04T15:57:16.569Z,,Femenino,Adultez (29 - 59 años),Postgrado,Área de la salud,5,5,5,5,5,5,5,4,5,5,5,5,5,COMUNA 17,
1D2fbQy4adJxKPBqlCwMvYZQNvPKi9l2pjeZikmh1w6I,-Satisfacción del Curso virtual - Dx Hansen 2025 - (DX_HANSEN_012025),2025-12-04T18:56:16.142Z,,Femenino,Juventud (18 - 28 años),Pregrado,Área de la salud,5,5,5,5,5,5,5,5,5,5,5,5,5,COMUNA 2,
1D2fbQy4adJxKPBqlCwMvYZQNvPKi9l2pjeZikmh1w6I,-Satisfacción del Curso virtual - Dx Hansen 2025 - (DX_HANSEN_012025),2025-12-09T04:51:16.082Z,,Masculino,Adultez (29 - 59 años),Postgrado,Área de la salud,5,5,5,5,5,5,5,5,5,5,5,5,5,COMUNA 10,
1D2fbQy4adJxKPBqlCwMvYZQNvPKi9l2pjeZikmh1w6I,-Satisfacción del Curso virtual - Dx Hansen 2025 - (DX_HANSEN_012025),2025-11-30T03:51:14.095Z,,Femenino,Adultez (29 - 59 años),Postgrado,Área de la salud,5,5,5,5,5,5,5,5,5,5,5,5,5,COMUNA 17,
17Q5eHyTvVkushOgvSyoX-QwFOTZs_vbrDS3lRydMgT0,-Satisfacción del Curso virtual - INDICADORES PRIORIZADOS DE TUBERCULOSIS - 1°C 2025 - (IPTN_1C_2025),2025-05-14T20:44:01.577Z,,Femenino,Adultez (29 - 59 años),Bachiller,Área de la salud,4,4,4,4,4,4,4,4,4,4,4,4,4,COMUNA 18,
17Q5eHyTvVkushOgvSyoX-QwFOTZs_vbrDS3lRydMgT0,-Satisfacción del Curso virtual - INDICADORES PRIORIZADOS DE TUBERCULOSIS - 1°C 2025 - (IPTN_1C_2025),2025-05-16T14:47:59.186Z,,Femenino,Adultez (29 - 59 años),Pregrado,Área de la salud,5,5,5,5,5,5,5,5,5,5,5,5,5,COMUNA 2,
17Q5eHyTvVkushOgvSyoX-QwFOTZs_vbrDS3lRydMgT0,-Satisfacción del Curso virtual - INDICADORES PRIORIZADOS DE TUBERCULOSIS - 1°C 2025 - (IPTN_1C_2025),2025-05-19T00:49:07.199Z,,Femenino,Juventud (18 - 28 años),Pregrado,Área de la salud,5,5,5,5,5,5,5,5,5,5,5,5,5,COMUNA 19,
17Q5eHyTvVkushOgvSyoX-QwFOTZs_vbrDS3lRydMgT0,-Satisfacción del Curso virtual - INDICADORES PRIORIZADOS DE TUBERCULOSIS - 1°C 2025 - (IPTN_1C_2025),2025-05-12T14:08:08.981Z,,Masculino,Adultez (29 - 59 años),Postgrado,Área de la salud,5,5,5,5,5,5,5,5,5,5,5,5,5,COMUNA 10,
17Q5eHyTvVkushOgvSyoX-QwFOTZs_vbrDS3lRydMgT0,-Satisfacción del Curso virtual - INDICADORES PRIORIZADOS DE TUBERCULOSIS - 1°C 2025 - (IPTN_1C_2025),2025-05-14T16:20:45.976Z,,Femenino,Juventud (18 - 28 años),Pregrado,Área de la salud,5,5,5,5,5,5,5,5,5,5,5,5,5,COMUNA 11,
1hyf3fS9tqrri-Gg7L_5VA3j7BL2B7pLhof073RHlyjM,-Satisfacción del Curso virtual - PRUEBAS DIAGNÓSTICAS TB 1°C 2025 - (PDRLTB_1C_2025),2025-04-08T03:49:14.502Z,,Femenino,Adultez (29 - 59 años),Pregrado,Área de la salud,5,5,5,5,5,5,5,5,5,5,5,5,5,COMUNA 22,
1hyf3fS9tqrri-Gg7L_5VA3j7BL2B7pLhof073RHlyjM,-Satisfacción del Curso virtual - PRUEBAS DIAGNÓSTICAS TB 1°C 2025 - (PDRLTB_1C_2025),2025-04-06T01:50:20.468Z,,Femenino,Adultez (29 - 59 años),Pregrado,Área de la salud,5,5,5,5,5,5,5,5,5,5,5,5,5,COMUNA 19,
1hyf3fS9tqrri-Gg7L_5VA3j7BL2B7pLhof073RHlyjM,-Satisfacción del Curso virtual - PRUEBAS DIAGNÓSTICAS TB 1°C 2025 - (PDRLTB_1C_2025),2025-04-01T15:58:52.846Z,,Masculino,Adultez (29 - 59 años),Postgrado,Área de la salud,5,5,5,5,5,5,5,5,5,5,5,5,5,COMUNA 1,
1hyf3fS9tqrri-Gg7L_5VA3j7BL2B7pLhof073RHlyjM,-Satisfacción del Curso virtual - PRUEBAS DIAGNÓSTICAS TB 1°C 2025 - (PDRLTB_1C_2025),2025-04-08T03:28:00.613Z,,Femenino,Adultez (29 - 59 años),Pregrado,Área de la salud,5,5,5,5,5,5,5,5,5,5,5,5,5,COMUNA 18,
1hyf3fS9tqrri-Gg7L_5VA3j7BL2B7pLhof073RHlyjM,-Satisfacción del Curso virtual - PRUEBAS DIAGNÓSTICAS TB 1°C 2025 - (PDRLTB_1C_2025),2025-03-14T22:30:05.195Z,,Femenino,Juventud (18 - 28 años),Postgrado,Área de la salud,5,5,5,5,5,5,5,5,5,5,5,5,5,C. DE EL HORMIGUERO,
1hyf3fS9tqrri-Gg7L_5VA3j7BL2B7pLhof073RHlyjM,-Satisfacción del Curso virtual - PRUEBAS DIAGNÓSTICAS TB 1°C 2025 - (PDRLTB_1C_2025),2025-03-07T01:49:13.497Z,,Femenino,Juventud (18 - 28 años),Pregrado,Área de la salud,4,4,4,4,4,4,4,4,4,4,4,4,4,COMUNA 17,
1hyf3fS9tqrri-Gg7L_5VA3j7BL2B7pLhof073RHlyjM,-Satisfacción del Curso virtual - PRUEBAS DIAGNÓSTICAS TB 1°C 2025 - (PDRLTB_1C_2025),2025-03-11T23:43:59.221Z,,Femenino,Adultez (29 - 59 años),Postgrado,Área de la salud,4,4,4,4,3,3,2,3,3,3,3,2,3,COMUNA 2,
1hyf3fS9tqrri-Gg7L_5VA3j7BL2B7pLhof073RHlyjM,-Satisfacción del Curso virtual - PRUEBAS DIAGNÓSTICAS TB 1°C 2025 - (PDRLTB_1C_2025),2025-03-13T02:33:31.729Z,,Femenino,Adultez (29 - 59 años),Postgrado,Área de la salud,5,5,5,5,5,5,5,4,3,3,5,5,5,COMUNA 19,
1hyf3fS9tqrri-Gg7L_5VA3j7BL2B7pLhof073RHlyjM,-Satisfacción del Curso virtual - PRUEBAS DIAGNÓSTICAS TB 1°C 2025 - (PDRLTB_1C_2025),2025-04-04T16:29:55.832Z,,Femenino,Adultez (29 - 59 años),Postgrado,Área de la salud,5,5,5,5,5,5,5,5,5,5,5,5,5,COMUNA 2,
1hyf3fS9tqrri-Gg7L_5VA3j7BL2B7pLhof073RHlyjM,-Satisfacción del Curso virtual - PRUEBAS DIAGNÓSTICAS TB 1°C 2025 - (PDRLTB_1C_2025),2025-04-04T18:06:08.680Z,,Femenino,Adultez (29 - 59 años),Postgrado,Área de la salud,5,5,5,5,5,5,5,5,5,5,5,5,5,COMUNA 1,
1hyf3fS9tqrri-Gg7L_5VA3j7BL2B7pLhof073RHlyjM,-Satisfacción del Curso virtual - PRUEBAS DIAGNÓSTICAS TB 1°C 2025 - (PDRLTB_1C_2025),2025-03-26T01:31:54.219Z,,Femenino,Adultez (29 - 59 años),Pregrado,Área de la salud,4,4,4,4,4,5,4,4,4,3,4,4,5,COMUNA 8,
1hyf3fS9tqrri-Gg7L_5VA3j7BL2B7pLhof073RHlyjM,-Satisfacción del Curso virtual - PRUEBAS DIAGNÓSTICAS TB 1°C 2025 - (PDRLTB_1C_2025),2025-03-17T00:50:49.253Z,,Femenino,Adultez (29 - 59 años),Pregrado,Área de la salud,5,5,5,5,5,5,4,4,3,2,3,5,5,COMUNA 11,
1hyf3fS9tqrri-Gg7L_5VA3j7BL2B7pLhof073RHlyjM,-Satisfacción del Curso virtual - PRUEBAS DIAGNÓSTICAS TB 1°C 2025 - (PDRLTB_1C_2025),2025-03-11T15:52:06.384Z,,Femenino,Juventud (18 - 28 años),Postgrado,Área de la salud,5,5,5,5,5,5,5,5,5,5,5,5,5,COMUNA 1,
1hyf3fS9tqrri-Gg7L_5VA3j7BL2B7pLhof073RHlyjM,-Satisfacción del Curso virtual - PRUEBAS DIAGNÓSTICAS TB 1°C 2025 - (PDRLTB_1C_2025),2025-04-06T21:51:41.501Z,,Masculino,Adultez (29 - 59 años),Postgrado,Área de la salud,5,5,5,5,5,5,5,5,5,5,5,5,5,COMUNA 8,
1hyf3fS9tqrri-Gg7L_5VA3j7BL2B7pLhof073RHlyjM,-Satisfacción del Curso virtual - PRUEBAS DIAGNÓSTICAS TB 1°C 2025 - (PDRLTB_1C_2025),2025-04-03T16:59:30.550Z,,Masculino,Adultez (29 - 59 años),Pregrado,Área de la salud,5,5,5,5,5,5,5,5,5,5,5,5,5,COMUNA 17,
1hyf3fS9tqrri-Gg7L_5VA3j7BL2B7pLhof073RHlyjM,-Satisfacción del Curso virtual - PRUEBAS DIAGNÓSTICAS TB 1°C 2025 - (PDRLTB_1C_2025),2025-03-26T02:21:34.838Z,,Femenino,Adultez (29 - 59 años),Pregrado,Área de la salud,5,5,5,5,5,5,5,5,5,5,4,5,5,COMUNA 22,
1hyf3fS9tqrri-Gg7L_5VA3j7BL2B7pLhof073RHlyjM,-Satisfacción del Curso virtual - PRUEBAS DIAGNÓSTICAS TB 1°C 2025 - (PDRLTB_1C_2025),2025-03-27T20:51:56.201Z,,Femenino,Adultez (29 - 59 años),Pregrado,Área de la salud,4,4,4,4,2,3,3,1,5,2,4,2,3,COMUNA 17,
1hyf3fS9tqrri-Gg7L_5VA3j7BL2B7pLhof073RHlyjM,-Satisfacción del Curso virtual - PRUEBAS DIAGNÓSTICAS TB 1°C 2025 - (PDRLTB_1C_2025),2025-04-07T03:06:06.394Z,,Masculino,Adultez (29 - 59 años),Pregrado,Área de la salud,5,5,5,5,5,5,5,5,5,5,5,5,5,COMUNA 8,
1hyf3fS9tqrri-Gg7L_5VA3j7BL2B7pLhof073RHlyjM,-Satisfacción del Curso virtual - PRUEBAS DIAGNÓSTICAS TB 1°C 2025 - (PDRLTB_1C_2025),2025-03-19T03:55:03.289Z,,Femenino,Vejez (60 años o más),Bachiller,Área de la salud,5,5,5,5,5,5,5,5,5,5,5,5,5,COMUNA 1,
1hyf3fS9tqrri-Gg7L_5VA3j7BL2B7pLhof073RHlyjM,-Satisfacción del Curso virtual - PRUEBAS DIAGNÓSTICAS TB 1°C 2025 - (PDRLTB_1C_2025),2025-04-08T02:52:40.927Z,,Masculino,Adultez (29 - 59 años),Postgrado,Área de la salud,5,5,5,5,5,5,5,5,5,5,5,5,5,COMUNA 17,
1Rv766ogFEkOmkAyK8fkeQbZsy28zJPQtziYVLsYAIIY,-Satisfacción del Curso virtual - SENSIBILIZACIÓN HANSEN 1°C 2025 - (HANSEN_012025),2025-08-13T19:32:25.289Z,,Femenino,Adultez (29 - 59 años),Pregrado,Área de la salud,5,5,4,5,4,5,5,4,4,4,4,5,5,COMUNA 18,
1Rv766ogFEkOmkAyK8fkeQbZsy28zJPQtziYVLsYAIIY,-Satisfacción del Curso virtual - SENSIBILIZACIÓN HANSEN 1°C 2025 - (HANSEN_012025),2025-09-05T11:48:35.515Z,,Masculino,Adultez (29 - 59 años),Postgrado,Área de la salud,5,5,5,5,5,5,5,5,5,5,5,5,5,COMUNA 10,
1Rv766ogFEkOmkAyK8fkeQbZsy28zJPQtziYVLsYAIIY,-Satisfacción del Curso virtual - SENSIBILIZACIÓN HANSEN 1°C 2025 - (HANSEN_012025),2025-08-25T01:57:31.252Z,,Femenino,Juventud (18 - 28 años),Postgrado,Área de la salud,5,5,5,5,5,5,4,5,5,5,5,5,5,COMUNA 17,
1Rv766ogFEkOmkAyK8fkeQbZsy28zJPQtziYVLsYAIIY,-Satisfacción del Curso virtual - SENSIBILIZACIÓN HANSEN 1°C 2025 - (HANSEN_012025),2025-09-02T16:50:28.898Z,,Femenino,Adultez (29 - 59 años),Bachiller,Área de la salud,5,5,5,5,5,5,5,5,4,4,5,5,5,COMUNA 2,
1Rv766ogFEkOmkAyK8fkeQbZsy28zJPQtziYVLsYAIIY,-Satisfacción del Curso virtual - SENSIBILIZACIÓN HANSEN 1°C 2025 - (HANSEN_012025),2025-08-18T16:46:49.076Z,,Femenino,Juventud (18 - 28 años),Pregrado,Área de la salud,5,5,5,5,5,5,5,5,5,5,5,5,5,COMUNA 1,
1Rv766ogFEkOmkAyK8fkeQbZsy28zJPQtziYVLsYAIIY,-Satisfacción del Curso virtual - SENSIBILIZACIÓN HANSEN 1°C 2025 - (HANSEN_012025),2025-08-19T21:17:04.847Z,,Masculino,Adultez (29 - 59 años),Pregrado,Área de la salud,4,4,4,4,4,4,4,4,4,4,4,4,4,COMUNA 3,
1Rv766ogFEkOmkAyK8fkeQbZsy28zJPQtziYVLsYAIIY,-Satisfacción del Curso virtual - SENSIBILIZACIÓN HANSEN 1°C 2025 - (HANSEN_012025),2025-08-20T23:25:05.014Z,,Femenino,Adultez (29 - 59 años),Pregrado,Área de la salud,5,5,5,5,5,5,5,5,5,5,5,5,5,C. DE PANCE,
1Rv766ogFEkOmkAyK8fkeQbZsy28zJPQtziYVLsYAIIY,-Satisfacción del Curso virtual - SENSIBILIZACIÓN HANSEN 1°C 2025 - (HANSEN_012025),2025-08-20T23:24:13.644Z,,Femenino,Juventud (18 - 28 años),Pregrado,Área de la salud,5,5,5,5,5,5,5,5,5,5,5,5,5,COMUNA 10,
1Rv766ogFEkOmkAyK8fkeQbZsy28zJPQtziYVLsYAIIY,-Satisfacción del Curso virtual - SENSIBILIZACIÓN HANSEN 1°C 2025 - (HANSEN_012025),2025-08-20T23:31:14.746Z,,Femenino,Adultez (29 - 59 años),Bachiller,Otro,5,5,5,5,5,5,5,5,5,5,5,5,5,COMUNA 15,
1Rv766ogFEkOmkAyK8fkeQbZsy28zJPQtziYVLsYAIIY,-Satisfacción del Curso virtual - SENSIBILIZACIÓN HANSEN 1°C 2025 - (HANSEN_012025),2025-08-19T16:49:03.444Z,,Femenino,Adultez (29 - 59 años),Postgrado,Área de la salud,5,5,5,5,5,5,5,5,5,5,5,5,5,COMUNA 5,
1Rv766ogFEkOmkAyK8fkeQbZsy28zJPQtziYVLsYAIIY,-Satisfacción del Curso virtual - SENSIBILIZACIÓN HANSEN 1°C 2025 - (HANSEN_012025),2025-08-19T16:15:40.922Z,,Femenino,Juventud (18 - 28 años),Pregrado,Área de la salud,4,4,5,5,4,4,4,4,4,4,4,4,4,COMUNA 10,
1Rv766ogFEkOmkAyK8fkeQbZsy28zJPQtziYVLsYAIIY,-Satisfacción del Curso virtual - SENSIBILIZACIÓN HANSEN 1°C 2025 - (HANSEN_012025),2025-08-27T16:23:18.227Z,,Femenino,Juventud (18 - 28 años),Bachiller,Área de la salud,5,5,5,5,5,5,5,5,4,5,4,5,5,COMUNA 13,
1Rv766ogFEkOmkAyK8fkeQbZsy28zJPQtziYVLsYAIIY,-Satisfacción del Curso virtual - SENSIBILIZACIÓN HANSEN 1°C 2025 - (HANSEN_012025),2025-08-25T15:53:18.106Z,,Masculino,Juventud (18 - 28 años),Bachiller,Área de la salud,4,4,4,4,4,4,4,4,4,4,4,4,4,COMUNA 1,
1Rv766ogFEkOmkAyK8fkeQbZsy28zJPQtziYVLsYAIIY,-Satisfacción del Curso virtual - SENSIBILIZACIÓN HANSEN 1°C 2025 - (HANSEN_012025),2025-08-16T21:54:27.740Z,,Femenino,Adultez (29 - 59 años),Pregrado,Área de la salud,5,5,5,5,5,5,5,5,5,5,5,5,5,COMUNA 16,
1Rv766ogFEkOmkAyK8fkeQbZsy28zJPQtziYVLsYAIIY,-Satisfacción del Curso virtual - SENSIBILIZACIÓN HANSEN 1°C 2025 - (HANSEN_012025),2025-08-27T17:12:54.796Z,,Masculino,Adultez (29 - 59 años),Pregrado,Área de la salud,5,5,4,5,5,5,5,5,5,5,5,5,5,COMUNA 6,
1Rv766ogFEkOmkAyK8fkeQbZsy28zJPQtziYVLsYAIIY,-Satisfacción del Curso virtual - SENSIBILIZACIÓN HANSEN 1°C 2025 - (HANSEN_012025),2025-08-29T14:24:25.085Z,,Femenino,Adultez (29 - 59 años),Pregrado,Área de la salud,4,4,4,4,4,4,4,4,5,5,5,4,4,COMUNA 22,
1Rv766ogFEkOmkAyK8fkeQbZsy28zJPQtziYVLsYAIIY,-Satisfacción del Curso virtual - SENSIBILIZACIÓN HANSEN 1°C 2025 - (HANSEN_012025),2025-08-13T23:41:14.997Z,,Femenino,Juventud (18 - 28 años),Pregrado,Área de la salud,5,5,5,5,5,5,5,5,5,5,5,5,5,COMUNA 19,
1Rv766ogFEkOmkAyK8fkeQbZsy28zJPQtziYVLsYAIIY,-Satisfacción del Curso virtual - SENSIBILIZACIÓN HANSEN 1°C 2025 - (HANSEN_012025),2025-08-29T14:55:22.819Z,,Masculino,Juventud (18 - 28 años),Bachiller,Área de la salud,5,5,5,5,5,5,5,5,5,5,5,5,5,COMUNA 5,
1Rv766ogFEkOmkAyK8fkeQbZsy28zJPQtziYVLsYAIIY,-Satisfacción del Curso virtual - SENSIBILIZACIÓN HANSEN 1°C 2025 - (HANSEN_012025),2025-08-20T23:27:32.387Z,,Femenino,Adultez (29 - 59 años),Postgrado,Área de la salud,5,5,5,5,5,5,5,5,5,5,5,5,5,COMUNA 19,
1Rv766ogFEkOmkAyK8fkeQbZsy28zJPQtziYVLsYAIIY,-Satisfacción del Curso virtual - SENSIBILIZACIÓN HANSEN 1°C 2025 - (HANSEN_012025),2025-08-14T16:15:38.517Z,,Femenino,Juventud (18 - 28 años),Pregrado,Área de la salud,5,5,5,5,5,5,5,4,4,4,5,5,5,COMUNA 5,
1Rv766ogFEkOmkAyK8fkeQbZsy28zJPQtziYVLsYAIIY,-Satisfacción del Curso virtual - SENSIBILIZACIÓN HANSEN 1°C 2025 - (HANSEN_012025),2025-08-13T19:41:01.450Z,,Femenino,Adultez (29 - 59 años),Postgrado,Área de la salud,4,4,4,4,3,4,5,4,3,2,5,4,4,COMUNA 17,
1Rv766ogFEkOmkAyK8fkeQbZsy28zJPQtziYVLsYAIIY,-Satisfacción del Curso virtual - SENSIBILIZACIÓN HANSEN 1°C 2025 - (HANSEN_012025),2025-08-24T23:55:45.575Z,,Femenino,Adultez (29 - 59 años),Pregrado,Área de la salud,5,5,5,5,5,5,5,5,5,4,5,5,5,C. DE EL HORMIGUERO,
1Rv766ogFEkOmkAyK8fkeQbZsy28zJPQtziYVLsYAIIY,-Satisfacción del Curso virtual - SENSIBILIZACIÓN HANSEN 1°C 2025 - (HANSEN_012025),2025-08-22T20:21:52.299Z,,Femenino,Adultez (29 - 59 años),Postgrado,Área de la salud,5,4,4,4,4,4,4,3,3,3,3,4,4,COMUNA 2,
1Rv766ogFEkOmkAyK8fkeQbZsy28zJPQtziYVLsYAIIY,-Satisfacción del Curso virtual - SENSIBILIZACIÓN HANSEN 1°C 2025 - (HANSEN_012025),2025-08-27T14:49:53.533Z,,Masculino,Adultez (29 - 59 años),Pregrado,Área de la salud,5,5,5,5,5,5,5,5,5,5,5,5,5,COMUNA 3,
1Rv766ogFEkOmkAyK8fkeQbZsy28zJPQtziYVLsYAIIY,-Satisfacción del Curso virtual - SENSIBILIZACIÓN HANSEN 1°C 2025 - (HANSEN_012025),2025-08-13T16:42:50.727Z,,Femenino,Adultez (29 - 59 años),Pregrado,Área de la salud,5,5,5,5,5,5,5,5,5,5,5,5,5,COMUNA 6,
1Rv766ogFEkOmkAyK8fkeQbZsy28zJPQtziYVLsYAIIY,-Satisfacción del Curso virtual - SENSIBILIZACIÓN HANSEN 1°C 2025 - (HANSEN_012025),2025-08-31T15:10:58.128Z,,Femenino,Adultez (29 - 59 años),Postgrado,Área de la salud,5,5,5,5,5,5,5,5,5,5,5,5,5,COMUNA 15,
1Rv766ogFEkOmkAyK8fkeQbZsy28zJPQtziYVLsYAIIY,-Satisfacción del Curso virtual - SENSIBILIZACIÓN HANSEN 1°C 2025 - (HANSEN_012025),2025-08-20T23:28:21.667Z,,Femenino,Adultez (29 - 59 años),Postgrado,Área de la salud,5,5,5,5,5,5,5,5,5,5,5,5,5,COMUNA 19,
1Rv766ogFEkOmkAyK8fkeQbZsy28zJPQtziYVLsYAIIY,-Satisfacción del Curso virtual - SENSIBILIZACIÓN HANSEN 1°C 2025 - (HANSEN_012025),2025-08-19T17:55:38.372Z,,Femenino,Adultez (29 - 59 años),Postgrado,Área de la salud,4,4,4,4,5,5,4,5,5,5,4,4,4,C. DE PANCE,
17MJATFv2N2JrXJFi1CQyLzPnPpMhoJTFdT-K0BUfwHQ,-Satisfacción del Curso virtual - SENSIBILIZACIÓN TB 1°C 2025 - (SPATB_1C_2025),2025-03-14T03:19:18.294Z,,Femenino,Adultez (29 - 59 años),Pregrado,Área de la salud,5,4,5,5,4,4,4,5,5,5,5,4,4,COMUNA 12,
17MJATFv2N2JrXJFi1CQyLzPnPpMhoJTFdT-K0BUfwHQ,-Satisfacción del Curso virtual - SENSIBILIZACIÓN TB 1°C 2025 - (SPATB_1C_2025),2025-03-05T22:06:31.026Z,,Femenino,Adultez (29 - 59 años),Pregrado,Área de la salud,4,4,4,4,4,4,2,4,4,4,4,3,3,COMUNA 22,
17MJATFv2N2JrXJFi1CQyLzPnPpMhoJTFdT-K0BUfwHQ,-Satisfacción del Curso virtual - SENSIBILIZACIÓN TB 1°C 2025 - (SPATB_1C_2025),2025-03-15T00:47:04.817Z,,Femenino,Juventud (18 - 28 años),Pregrado,Área de la salud,4,4,4,4,4,4,4,4,4,4,4,4,4,COMUNA 17,
17MJATFv2N2JrXJFi1CQyLzPnPpMhoJTFdT-K0BUfwHQ,-Satisfacción del Curso virtual - SENSIBILIZACIÓN TB 1°C 2025 - (SPATB_1C_2025),2025-03-17T17:19:22.036Z,,Femenino,Adultez (29 - 59 años),Bachiller,Área de la salud,5,5,5,5,5,5,5,5,5,5,5,5,5,COMUNA 3,
17MJATFv2N2JrXJFi1CQyLzPnPpMhoJTFdT-K0BUfwHQ,-Satisfacción del Curso virtual - SENSIBILIZACIÓN TB 1°C 2025 - (SPATB_1C_2025),2025-03-07T03:06:00.037Z,,Femenino,Juventud (18 - 28 años),Pregrado,Área de la salud,4,4,4,4,4,4,4,4,4,4,4,4,4,COMUNA 17,
17MJATFv2N2JrXJFi1CQyLzPnPpMhoJTFdT-K0BUfwHQ,-Satisfacción del Curso virtual - SENSIBILIZACIÓN TB 1°C 2025 - (SPATB_1C_2025),2025-03-18T20:30:53.916Z,,Femenino,Juventud (18 - 28 años),Pregrado,Área de la salud,5,5,5,5,5,5,5,5,5,5,5,5,5,COMUNA 16,
17MJATFv2N2JrXJFi1CQyLzPnPpMhoJTFdT-K0BUfwHQ,-Satisfacción del Curso virtual - SENSIBILIZACIÓN TB 1°C 2025 - (SPATB_1C_2025),2025-03-04T18:46:50.367Z,,Femenino,Juventud (18 - 28 años),Postgrado,Área de la salud,4,4,4,4,4,4,4,4,4,4,4,4,4,COMUNA 17,
17MJATFv2N2JrXJFi1CQyLzPnPpMhoJTFdT-K0BUfwHQ,-Satisfacción del Curso virtual - SENSIBILIZACIÓN TB 1°C 2025 - (SPATB_1C_2025),2025-03-10T20:37:10.402Z,,Femenino,Adultez (29 - 59 años),Bachiller,Área de la salud,4,4,4,4,4,4,4,4,4,4,4,4,4,COMUNA 10,
17MJATFv2N2JrXJFi1CQyLzPnPpMhoJTFdT-K0BUfwHQ,-Satisfacción del Curso virtual - SENSIBILIZACIÓN TB 1°C 2025 - (SPATB_1C_2025),2025-03-12T03:12:10.849Z,,Femenino,Adultez (29 - 59 años),Postgrado,Área de la salud,4,4,4,4,4,4,4,4,4,4,4,4,4,COMUNA 13,
17MJATFv2N2JrXJFi1CQyLzPnPpMhoJTFdT-K0BUfwHQ,-Satisfacción del Curso virtual - SENSIBILIZACIÓN TB 1°C 2025 - (SPATB_1C_2025),2025-03-19T23:20:43.577Z,,Femenino,Vejez (60 años o más),Postgrado,Área de la salud,4,4,5,4,4,5,4,4,4,5,4,4,4,COMUNA 17,
17MJATFv2N2JrXJFi1CQyLzPnPpMhoJTFdT-K0BUfwHQ,-Satisfacción del Curso virtual - SENSIBILIZACIÓN TB 1°C 2025 - (SPATB_1C_2025),2025-03-17T20:33:13.462Z,,Femenino,Adultez (29 - 59 años),Pregrado,Área de la salud,5,5,5,5,5,5,5,5,5,5,5,5,5,COMUNA 14,
17MJATFv2N2JrXJFi1CQyLzPnPpMhoJTFdT-K0BUfwHQ,-Satisfacción del Curso virtual - SENSIBILIZACIÓN TB 1°C 2025 - (SPATB_1C_2025),2025-02-26T03:07:38.868Z,,Femenino,Juventud (18 - 28 años),Pregrado,Área de la salud,5,5,5,5,5,5,4,4,4,4,4,4,4,COMUNA 3,
17MJATFv2N2JrXJFi1CQyLzPnPpMhoJTFdT-K0BUfwHQ,-Satisfacción del Curso virtual - SENSIBILIZACIÓN TB 1°C 2025 - (SPATB_1C_2025),2025-03-13T18:54:36.872Z,,Femenino,Adultez (29 - 59 años),Bachiller,Área de la salud,1,5,5,5,5,5,5,5,5,5,5,5,5,COMUNA 14,
17MJATFv2N2JrXJFi1CQyLzPnPpMhoJTFdT-K0BUfwHQ,-Satisfacción del Curso virtual - SENSIBILIZACIÓN TB 1°C 2025 - (SPATB_1C_2025),2025-03-17T22:45:55.573Z,,Femenino,Adultez (29 - 59 años),Pregrado,Área de la salud,5,5,5,5,5,5,5,4,5,3,3,5,4,COMUNA 17,
17MJATFv2N2JrXJFi1CQyLzPnPpMhoJTFdT-K0BUfwHQ,-Satisfacción del Curso virtual - SENSIBILIZACIÓN TB 1°C 2025 - (SPATB_1C_2025),2025-03-17T20:29:07.356Z,,Femenino,Adultez (29 - 59 años),Postgrado,Área de la salud,5,5,5,5,5,5,5,5,5,5,5,5,5,COMUNA 8,
17MJATFv2N2JrXJFi1CQyLzPnPpMhoJTFdT-K0BUfwHQ,-Satisfacción del Curso virtual - SENSIBILIZACIÓN TB 1°C 2025 - (SPATB_1C_2025),2025-03-13T21:47:39.892Z,,Femenino,Juventud (18 - 28 años),Pregrado,Área de la salud,2,2,2,2,2,2,2,2,2,3,2,2,2,COMUNA 3,
17MJATFv2N2JrXJFi1CQyLzPnPpMhoJTFdT-K0BUfwHQ,-Satisfacción del Curso virtual - SENSIBILIZACIÓN TB 1°C 2025 - (SPATB_1C_2025),2025-03-14T22:29:54.406Z,,Femenino,Adultez (29 - 59 años),Bachiller,Otro,5,5,5,5,5,5,5,5,5,5,5,5,5,COMUNA 9,
17MJATFv2N2JrXJFi1CQyLzPnPpMhoJTFdT-K0BUfwHQ,-Satisfacción del Curso virtual - SENSIBILIZACIÓN TB 1°C 2025 - (SPATB_1C_2025),2025-03-17T22:55:17.289Z,,Masculino,Juventud (18 - 28 años),Bachiller,Área de la salud,5,5,5,5,5,5,5,5,5,5,5,5,5,COMUNA 10,
17MJATFv2N2JrXJFi1CQyLzPnPpMhoJTFdT-K0BUfwHQ,-Satisfacción del Curso virtual - SENSIBILIZACIÓN TB 1°C 2025 - (SPATB_1C_2025),2025-03-07T01:20:13.404Z,,Femenino,Adultez (29 - 59 años),Bachiller,Otro,5,5,5,5,5,5,5,5,5,5,5,5,5,COMUNA 11,
17MJATFv2N2JrXJFi1CQyLzPnPpMhoJTFdT-K0BUfwHQ,-Satisfacción del Curso virtual - SENSIBILIZACIÓN TB 1°C 2025 - (SPATB_1C_2025),2025-03-14T02:21:38.721Z,,Femenino,Adultez (29 - 59 años),Postgrado,Área de la salud,4,4,4,4,4,4,4,4,4,4,4,4,4,COMUNA 1,
17MJATFv2N2JrXJFi1CQyLzPnPpMhoJTFdT-K0BUfwHQ,-Satisfacción del Curso virtual - SENSIBILIZACIÓN TB 1°C 2025 - (SPATB_1C_2025),2025-03-14T19:37:40.083Z,,Femenino,Juventud (18 - 28 años),Bachiller,Área de la salud,5,4,5,4,4,4,4,4,5,5,4,4,4,COMUNA 6,
17MJATFv2N2JrXJFi1CQyLzPnPpMhoJTFdT-K0BUfwHQ,-Satisfacción del Curso virtual - SENSIBILIZACIÓN TB 1°C 2025 - (SPATB_1C_2025),2025-03-13T00:41:13.283Z,,Femenino,Adultez (29 - 59 años),Bachiller,Otro,5,5,5,5,5,5,5,5,5,5,5,5,5,COMUNA 13,
17MJATFv2N2JrXJFi1CQyLzPnPpMhoJTFdT-K0BUfwHQ,-Satisfacción del Curso virtual - SENSIBILIZACIÓN TB 1°C 2025 - (SPATB_1C_2025),2025-03-18T02:24:33.091Z,,Femenino,Adultez (29 - 59 años),Pregrado,Área de la salud,5,5,5,5,5,5,5,5,5,5,5,5,5,C. DE EL SALADITO,
17MJATFv2N2JrXJFi1CQyLzPnPpMhoJTFdT-K0BUfwHQ,-Satisfacción del Curso virtual - SENSIBILIZACIÓN TB 1°C 2025 - (SPATB_1C_2025),2025-03-10T03:52:12.607Z,,Masculino,Juventud (18 - 28 años),Pregrado,Área de la salud,5,5,5,5,5,5,5,5,5,5,5,5,5,COMUNA 7,
17MJATFv2N2JrXJFi1CQyLzPnPpMhoJTFdT-K0BUfwHQ,-Satisfacción del Curso virtual - SENSIBILIZACIÓN TB 1°C 2025 - (SPATB_1C_2025),2025-03-13T14:01:30.795Z,,Femenino,Adultez (29 - 59 años),Pregrado,Área de la salud,5,5,5,5,5,5,5,5,5,5,5,5,5,COMUNA 2,
17MJATFv2N2JrXJFi1CQyLzPnPpMhoJTFdT-K0BUfwHQ,-Satisfacción del Curso virtual - SENSIBILIZACIÓN TB 1°C 2025 - (SPATB_1C_2025),2025-03-20T01:45:03.689Z,,Femenino,Adultez (29 - 59 años),Bachiller,Área de la salud,5,5,5,5,5,5,5,5,5,5,5,5,5,COMUNA 1,
17MJATFv2N2JrXJFi1CQyLzPnPpMhoJTFdT-K0BUfwHQ,-Satisfacción del Curso virtual - SENSIBILIZACIÓN TB 1°C 2025 - (SPATB_1C_2025),2025-03-13T21:29:48.819Z,,Femenino,Adultez (29 - 59 años),Postgrado,Área de la salud,5,5,5,5,5,5,5,5,5,5,5,5,5,COMUNA 9,
17MJATFv2N2JrXJFi1CQyLzPnPpMhoJTFdT-K0BUfwHQ,-Satisfacción del Curso virtual - SENSIBILIZACIÓN TB 1°C 2025 - (SPATB_1C_2025),2025-03-17T14:32:18.212Z,,Femenino,Adultez (29 - 59 años),Postgrado,Área de la salud,5,5,5,5,5,5,5,5,5,5,5,5,5,COMUNA 13,
17MJATFv2N2JrXJFi1CQyLzPnPpMhoJTFdT-K0BUfwHQ,-Satisfacción del Curso virtual - SENSIBILIZACIÓN TB 1°C 2025 - (SPATB_1C_2025),2025-03-15T01:39:37.379Z,,Femenino,Juventud (18 - 28 años),Pregrado,Área de la salud,5,5,5,5,5,5,5,5,5,5,5,5,5,COMUNA 12,
17MJATFv2N2JrXJFi1CQyLzPnPpMhoJTFdT-K0BUfwHQ,-Satisfacción del Curso virtual - SENSIBILIZACIÓN TB 1°C 2025 - (SPATB_1C_2025),2025-03-13T13:41:25.847Z,,Femenino,Adultez (29 - 59 años),Pregrado,Área de la salud,4,4,4,4,4,4,4,4,4,3,4,3,4,COMUNA 5,
17MJATFv2N2JrXJFi1CQyLzPnPpMhoJTFdT-K0BUfwHQ,-Satisfacción del Curso virtual - SENSIBILIZACIÓN TB 1°C 2025 - (SPATB_1C_2025),2025-03-23T17:47:14.988Z,,Femenino,Adultez (29 - 59 años),Pregrado,Área de la salud,5,5,5,5,5,5,5,5,5,5,5,5,5,COMUNA 20,
17MJATFv2N2JrXJFi1CQyLzPnPpMhoJTFdT-K0BUfwHQ,-Satisfacción del Curso virtual - SENSIBILIZACIÓN TB 1°C 2025 - (SPATB_1C_2025),2025-03-17T21:25:32.675Z,,Femenino,Adultez (29 - 59 años),Postgrado,Área de la salud,4,4,4,4,4,4,4,4,4,4,4,4,4,COMUNA 13,
17MJATFv2N2JrXJFi1CQyLzPnPpMhoJTFdT-K0BUfwHQ,-Satisfacción del Curso virtual - SENSIBILIZACIÓN TB 1°C 2025 - (SPATB_1C_2025),2025-03-06T15:58:36.628Z,,Femenino,Adultez (29 - 59 años),Postgrado,Área de la salud,5,5,5,5,5,5,5,5,4,4,5,4,5,COMUNA 22,
17MJATFv2N2JrXJFi1CQyLzPnPpMhoJTFdT-K0BUfwHQ,-Satisfacción del Curso virtual - SENSIBILIZACIÓN TB 1°C 2025 - (SPATB_1C_2025),2025-03-14T19:39:09.921Z,,Femenino,Adultez (29 - 59 años),Bachiller,Área de la salud,4,4,4,4,4,4,4,4,4,4,4,4,4,COMUNA 4,
17MJATFv2N2JrXJFi1CQyLzPnPpMhoJTFdT-K0BUfwHQ,-Satisfacción del Curso virtual - SENSIBILIZACIÓN TB 1°C 2025 - (SPATB_1C_2025),2025-03-13T19:04:18.096Z,,Masculino,Adultez (29 - 59 años),Postgrado,Área de la salud,5,5,5,5,5,5,5,5,5,5,4,5,5,COMUNA 6,
17MJATFv2N2JrXJFi1CQyLzPnPpMhoJTFdT-K0BUfwHQ,-Satisfacción del Curso virtual - SENSIBILIZACIÓN TB 1°C 2025 - (SPATB_1C_2025),2025-03-17T02:28:57.270Z,,Femenino,Adultez (29 - 59 años),Pregrado,Área de la salud,5,5,5,5,5,5,5,5,5,5,5,5,5,COMUNA 4,
17MJATFv2N2JrXJFi1CQyLzPnPpMhoJTFdT-K0BUfwHQ,-Satisfacción del Curso virtual - SENSIBILIZACIÓN TB 1°C 2025 - (SPATB_1C_2025),2025-03-12T21:23:53.282Z,,Femenino,Adultez (29 - 59 años),Pregrado,Estudiante,5,5,5,5,5,5,5,5,5,5,5,5,5,COMUNA 17,
17MJATFv2N2JrXJFi1CQyLzPnPpMhoJTFdT-K0BUfwHQ,-Satisfacción del Curso virtual - SENSIBILIZACIÓN TB 1°C 2025 - (SPATB_1C_2025),2025-03-17T18:51:10.542Z,,Femenino,Adultez (29 - 59 años),Postgrado,Área de la salud,5,5,5,5,5,5,5,5,5,5,5,5,5,C. DE LA BUITRERA,
17MJATFv2N2JrXJFi1CQyLzPnPpMhoJTFdT-K0BUfwHQ,-Satisfacción del Curso virtual - SENSIBILIZACIÓN TB 1°C 2025 - (SPATB_1C_2025),2025-03-13T18:50:18.722Z,,Femenino,Juventud (18 - 28 años),Bachiller,Área de la salud,5,5,3,3,5,5,5,5,4,5,4,5,4,COMUNA 4,
17MJATFv2N2JrXJFi1CQyLzPnPpMhoJTFdT-K0BUfwHQ,-Satisfacción del Curso virtual - SENSIBILIZACIÓN TB 1°C 2025 - (SPATB_1C_2025),2025-03-17T13:20:08.801Z,,Femenino,Adultez (29 - 59 años),Postgrado,Área de la salud,5,5,5,5,5,5,5,5,5,5,5,5,5,COMUNA 15,
17MJATFv2N2JrXJFi1CQyLzPnPpMhoJTFdT-K0BUfwHQ,-Satisfacción del Curso virtual - SENSIBILIZACIÓN TB 1°C 2025 - (SPATB_1C_2025),2025-03-17T20:15:42.846Z,,Femenino,Adultez (29 - 59 años),Pregrado,Área de la salud,5,5,5,5,5,5,5,5,5,5,5,5,5,COMUNA 10,
17MJATFv2N2JrXJFi1CQyLzPnPpMhoJTFdT-K0BUfwHQ,-Satisfacción del Curso virtual - SENSIBILIZACIÓN TB 1°C 2025 - (SPATB_1C_2025),2025-02-27T04:41:46.211Z,,Femenino,Adultez (29 - 59 años),Pregrado,Área de la salud,5,5,5,5,5,5,5,5,5,5,5,5,5,COMUNA 16,
17MJATFv2N2JrXJFi1CQyLzPnPpMhoJTFdT-K0BUfwHQ,-Satisfacción del Curso virtual - SENSIBILIZACIÓN TB 1°C 2025 - (SPATB_1C_2025),2025-03-26T16:09:38.162Z,,Femenino,Adultez (29 - 59 años),Bachiller,Área de la salud,5,5,5,5,5,5,5,5,5,5,5,5,5,COMUNA 17,
17MJATFv2N2JrXJFi1CQyLzPnPpMhoJTFdT-K0BUfwHQ,-Satisfacción del Curso virtual - SENSIBILIZACIÓN TB 1°C 2025 - (SPATB_1C_2025),2025-03-14T03:35:22.203Z,,Femenino,Adultez (29 - 59 años),Postgrado,Área de la salud,5,5,5,5,5,5,5,5,5,5,5,5,4,COMUNA 14,
1M1ZtDlRgEmTPLqeNAxOj2CGYoXAQQ-trs_HGd-NG2IU,-Satisfacción del Curso virtual - SISTEMA DE INFORMACIÓN EN TUBERCULOSIS - 1°C 2025 - (SITB_1C_2025),2025-04-28T14:37:36.338Z,,Masculino,Juventud (18 - 28 años),Pregrado,Área de la salud,5,5,5,5,5,5,5,5,5,5,5,5,5,COMUNA 7,
1M1ZtDlRgEmTPLqeNAxOj2CGYoXAQQ-trs_HGd-NG2IU,-Satisfacción del Curso virtual - SISTEMA DE INFORMACIÓN EN TUBERCULOSIS - 1°C 2025 - (SITB_1C_2025),2025-04-29T14:05:29.213Z,,Femenino,Juventud (18 - 28 años),Pregrado,Área de la salud,5,5,5,5,5,5,5,5,5,5,5,5,5,COMUNA 16,
1M1ZtDlRgEmTPLqeNAxOj2CGYoXAQQ-trs_HGd-NG2IU,-Satisfacción del Curso virtual - SISTEMA DE INFORMACIÓN EN TUBERCULOSIS - 1°C 2025 - (SITB_1C_2025),2025-04-10T21:45:13.094Z,,Femenino,Adultez (29 - 59 años),Postgrado,Área de la salud,5,5,5,5,5,5,5,5,5,5,5,5,5,COMUNA 2,
1M1ZtDlRgEmTPLqeNAxOj2CGYoXAQQ-trs_HGd-NG2IU,-Satisfacción del Curso virtual - SISTEMA DE INFORMACIÓN EN TUBERCULOSIS - 1°C 2025 - (SITB_1C_2025),2025-04-29T19:34:04.187Z,,Femenino,Juventud (18 - 28 años),Pregrado,Área de la salud,5,5,5,5,5,5,5,5,5,5,5,5,5,COMUNA 10,
1M1ZtDlRgEmTPLqeNAxOj2CGYoXAQQ-trs_HGd-NG2IU,-Satisfacción del Curso virtual - SISTEMA DE INFORMACIÓN EN TUBERCULOSIS - 1°C 2025 - (SITB_1C_2025),2025-05-15T16:37:25.370Z,,Femenino,Juventud (18 - 28 años),Postgrado,Área de la salud,4,4,4,4,4,4,4,4,4,4,4,4,4,COMUNA 1,
1M1ZtDlRgEmTPLqeNAxOj2CGYoXAQQ-trs_HGd-NG2IU,-Satisfacción del Curso virtual - SISTEMA DE INFORMACIÓN EN TUBERCULOSIS - 1°C 2025 - (SITB_1C_2025),2025-04-10T19:50:38.501Z,,Femenino,Adultez (29 - 59 años),Pregrado,Área de la salud,5,5,5,5,4,4,4,4,4,4,4,4,4,COMUNA 5,
1M1ZtDlRgEmTPLqeNAxOj2CGYoXAQQ-trs_HGd-NG2IU,-Satisfacción del Curso virtual - SISTEMA DE INFORMACIÓN EN TUBERCULOSIS - 1°C 2025 - (SITB_1C_2025),2025-04-09T18:49:08.113Z,,Femenino,Adultez (29 - 59 años),Pregrado,Área de la salud,4,4,4,4,4,4,4,4,3,4,4,4,4,C. DE MONTEBELLO,
1M1ZtDlRgEmTPLqeNAxOj2CGYoXAQQ-trs_HGd-NG2IU,-Satisfacción del Curso virtual - SISTEMA DE INFORMACIÓN EN TUBERCULOSIS - 1°C 2025 - (SITB_1C_2025),2025-05-01T20:24:15.579Z,,Masculino,Adultez (29 - 59 años),Postgrado,Área de la salud,5,5,5,5,5,5,5,5,5,5,5,5,5,COMUNA 19,
1M1ZtDlRgEmTPLqeNAxOj2CGYoXAQQ-trs_HGd-NG2IU,-Satisfacción del Curso virtual - SISTEMA DE INFORMACIÓN EN TUBERCULOSIS - 1°C 2025 - (SITB_1C_2025),2025-04-27T19:38:26.163Z,,Femenino,Adultez (29 - 59 años),Bachiller,Área de la salud,5,5,5,5,5,5,5,5,5,5,4,5,5,COMUNA 1,
1M1ZtDlRgEmTPLqeNAxOj2CGYoXAQQ-trs_HGd-NG2IU,-Satisfacción del Curso virtual - SISTEMA DE INFORMACIÓN EN TUBERCULOSIS - 1°C 2025 - (SITB_1C_2025),2025-04-30T20:48:01.575Z,,Masculino,Juventud (18 - 28 años),Bachiller,Área de la salud,5,5,5,5,5,5,5,5,5,5,5,5,5,COMUNA 1,
14ExM8U0Ne7w4Pqw1N591lTsfPwNegbCtIFqidPCOrgs,-Satisfacción del Curso virtual - SISTEMA DE INFORMACIÓN HANSEN 1°C 2025 - (SIHANSEN_012025),2025-09-26T22:46:42.303Z,,Femenino,Adultez (29 - 59 años),Pregrado,Área de la salud,5,5,5,5,5,5,5,5,5,5,5,5,5,C. DE PANCE,
14ExM8U0Ne7w4Pqw1N591lTsfPwNegbCtIFqidPCOrgs,-Satisfacción del Curso virtual - SISTEMA DE INFORMACIÓN HANSEN 1°C 2025 - (SIHANSEN_012025),2025-09-15T18:48:06.656Z,,Femenino,Adultez (29 - 59 años),Postgrado,Área de la salud,5,5,5,5,5,5,5,5,5,5,5,5,5,COMUNA 1,
14ExM8U0Ne7w4Pqw1N591lTsfPwNegbCtIFqidPCOrgs,-Satisfacción del Curso virtual - SISTEMA DE INFORMACIÓN HANSEN 1°C 2025 - (SIHANSEN_012025),2025-10-14T03:28:26.469Z,,Femenino,Adultez (29 - 59 años),Postgrado,Área de la salud,4,4,4,4,4,4,4,4,4,4,4,4,4,COMUNA 1,
14ExM8U0Ne7w4Pqw1N591lTsfPwNegbCtIFqidPCOrgs,-Satisfacción del Curso virtual - SISTEMA DE INFORMACIÓN HANSEN 1°C 2025 - (SIHANSEN_012025),2025-09-23T14:05:18.791Z,,Femenino,Adultez (29 - 59 años),Pregrado,Área de la salud,5,5,5,5,5,5,5,5,5,5,5,5,5,COMUNA 3,
14ExM8U0Ne7w4Pqw1N591lTsfPwNegbCtIFqidPCOrgs,-Satisfacción del Curso virtual - SISTEMA DE INFORMACIÓN HANSEN 1°C 2025 - (SIHANSEN_012025),2025-09-27T00:59:35.190Z,,Femenino,Adultez (29 - 59 años),Pregrado,Área de la salud,5,5,5,5,5,5,5,5,5,5,5,5,5,C. DE PICHINDE,
14ExM8U0Ne7w4Pqw1N591lTsfPwNegbCtIFqidPCOrgs,-Satisfacción del Curso virtual - SISTEMA DE INFORMACIÓN HANSEN 1°C 2025 - (SIHANSEN_012025),2025-09-19T20:20:01.236Z,,Femenino,Adultez (29 - 59 años),Postgrado,Área de la salud,5,5,5,5,5,5,5,5,5,5,5,5,5,COMUNA 15,
14ExM8U0Ne7w4Pqw1N591lTsfPwNegbCtIFqidPCOrgs,-Satisfacción del Curso virtual - SISTEMA DE INFORMACIÓN HANSEN 1°C 2025 - (SIHANSEN_012025),2025-09-20T13:38:10.015Z,,Masculino,Adultez (29 - 59 años),Postgrado,Área de la salud,5,5,5,5,5,5,5,5,5,5,5,5,5,COMUNA 2,
14ExM8U0Ne7w4Pqw1N591lTsfPwNegbCtIFqidPCOrgs,-Satisfacción del Curso virtual - SISTEMA DE INFORMACIÓN HANSEN 1°C 2025 - (SIHANSEN_012025),2025-09-15T04:55:52.562Z,,Femenino,Adultez (29 - 59 años),Postgrado,Área de la salud,5,5,5,5,5,5,5,5,5,5,5,5,5,C. DE MONTEBELLO,
14ExM8U0Ne7w4Pqw1N591lTsfPwNegbCtIFqidPCOrgs,-Satisfacción del Curso virtual - SISTEMA DE INFORMACIÓN HANSEN 1°C 2025 - (SIHANSEN_012025),2025-09-19T18:09:34.005Z,,Femenino,Adultez (29 - 59 años),Bachiller,Área de la salud,4,4,4,4,4,4,4,4,4,4,4,4,4,COMUNA 1,
14ExM8U0Ne7w4Pqw1N591lTsfPwNegbCtIFqidPCOrgs,-Satisfacción del Curso virtual - SISTEMA DE INFORMACIÓN HANSEN 1°C 2025 - (SIHANSEN_012025),2025-09-12T15:10:23.124Z,,Femenino,Juventud (18 - 28 años),Postgrado,Área de la salud,5,5,5,5,5,5,5,5,5,5,5,5,5,COMUNA 1,
14ExM8U0Ne7w4Pqw1N591lTsfPwNegbCtIFqidPCOrgs,-Satisfacción del Curso virtual - SISTEMA DE INFORMACIÓN HANSEN 1°C 2025 - (SIHANSEN_012025),2025-09-20T19:57:44.792Z,,Femenino,Adultez (29 - 59 años),Pregrado,Área de la salud,5,5,5,5,5,5,5,5,5,5,5,4,5,COMUNA 1,
14ExM8U0Ne7w4Pqw1N591lTsfPwNegbCtIFqidPCOrgs,-Satisfacción del Curso virtual - SISTEMA DE INFORMACIÓN HANSEN 1°C 2025 - (SIHANSEN_012025),2025-09-26T16:33:14.975Z,,Femenino,Adultez (29 - 59 años),Bachiller,Área de la salud,4,4,4,4,4,4,4,4,4,4,4,4,4,COMUNA 1,
14ExM8U0Ne7w4Pqw1N591lTsfPwNegbCtIFqidPCOrgs,-Satisfacción del Curso virtual - SISTEMA DE INFORMACIÓN HANSEN 1°C 2025 - (SIHANSEN_012025),2025-09-18T21:47:19.343Z,,Femenino,Juventud (18 - 28 años),Pregrado,Área de la salud,4,4,4,4,5,4,4,4,4,4,4,4,4,COMUNA 1,
1QcQXNc-C_EcdHRQ7eUrKtxC3yaJ5uE4qcDq_QwjRr9E,-Satisfacción del Curso virtual - CAPACITACIÓN PAI 1°C 2025,2025-02-18T01:51:50.547Z,,Femenino,Juventud (18 - 28 años),Pregrado,Estudiante,5,5,5,5,5,5,5,5,5,5,5,5,5,COMUNA 15,
1QcQXNc-C_EcdHRQ7eUrKtxC3yaJ5uE4qcDq_QwjRr9E,-Satisfacción del Curso virtual - CAPACITACIÓN PAI 1°C 2025,2025-02-26T17:44:08.725Z,,Femenino,Juventud (18 - 28 años),Ninguna,Estudiante,4,4,5,5,5,5,5,5,5,5,5,5,5,COMUNA 13,
1QcQXNc-C_EcdHRQ7eUrKtxC3yaJ5uE4qcDq_QwjRr9E,-Satisfacción del Curso virtual - CAPACITACIÓN PAI 1°C 2025,2025-03-06T09:56:10.162Z,,Femenino,Juventud (18 - 28 años),Pregrado,Área de la salud,5,5,5,5,5,5,5,5,5,5,5,5,5,COMUNA 5,
1QcQXNc-C_EcdHRQ7eUrKtxC3yaJ5uE4qcDq_QwjRr9E,-Satisfacción del Curso virtual - CAPACITACIÓN PAI 1°C 2025,2025-02-15T22:18:25.122Z,,Femenino,Adultez (29 - 59 años),Bachiller,Área de la salud,5,5,5,5,5,5,5,5,5,5,5,5,5,C. DE EL HORMIGUERO,
1QcQXNc-C_EcdHRQ7eUrKtxC3yaJ5uE4qcDq_QwjRr9E,-Satisfacción del Curso virtual - CAPACITACIÓN PAI 1°C 2025,2025-02-26T16:19:19.481Z,,Femenino,Juventud (18 - 28 años),Pregrado,Área de la salud,5,5,5,5,5,5,5,5,5,5,5,5,5,COMUNA 8,
1QcQXNc-C_EcdHRQ7eUrKtxC3yaJ5uE4qcDq_QwjRr9E,-Satisfacción del Curso virtual - CAPACITACIÓN PAI 1°C 2025,2025-02-27T14:26:26.093Z,,Femenino,Adultez (29 - 59 años),Ninguna,Área de la salud,4,4,4,3,4,4,4,4,4,4,4,4,4,COMUNA 5,
1QcQXNc-C_EcdHRQ7eUrKtxC3yaJ5uE4qcDq_QwjRr9E,-Satisfacción del Curso virtual - CAPACITACIÓN PAI 1°C 2025,2025-02-15T21:27:36.781Z,,Femenino,Adultez (29 - 59 años),Pregrado,Área de la salud,4,4,4,4,5,5,4,4,4,4,4,4,4,COMUNA 11,
1QcQXNc-C_EcdHRQ7eUrKtxC3yaJ5uE4qcDq_QwjRr9E,-Satisfacción del Curso virtual - CAPACITACIÓN PAI 1°C 2025,2025-02-19T21:32:36.103Z,,Femenino,Adultez (29 - 59 años),Bachiller,Área de la salud,5,5,5,5,5,5,5,5,5,5,5,5,5,COMUNA 2,
1QcQXNc-C_EcdHRQ7eUrKtxC3yaJ5uE4qcDq_QwjRr9E,-Satisfacción del Curso virtual - CAPACITACIÓN PAI 1°C 2025,2025-02-17T16:44:58.318Z,,Femenino,Adultez (29 - 59 años),Pregrado,Área de la salud,5,5,5,5,5,5,5,5,5,5,4,5,5,COMUNA 16,
1QcQXNc-C_EcdHRQ7eUrKtxC3yaJ5uE4qcDq_QwjRr9E,-Satisfacción del Curso virtual - CAPACITACIÓN PAI 1°C 2025,2025-03-19T07:03:03.444Z,,Femenino,Adultez (29 - 59 años),Bachiller,Área de la salud,5,5,5,5,5,5,5,5,5,5,5,5,5,COMUNA 1,
1QcQXNc-C_EcdHRQ7eUrKtxC3yaJ5uE4qcDq_QwjRr9E,-Satisfacción del Curso virtual - CAPACITACIÓN PAI 1°C 2025,2025-02-19T21:15:49.156Z,,Femenino,Juventud (18 - 28 años),Bachiller,Área de la salud,5,5,5,5,5,5,5,5,3,5,5,5,5,COMUNA 13,
1QcQXNc-C_EcdHRQ7eUrKtxC3yaJ5uE4qcDq_QwjRr9E,-Satisfacción del Curso virtual - CAPACITACIÓN PAI 1°C 2025,2025-02-17T13:11:21.271Z,,Femenino,Adultez (29 - 59 años),Pregrado,Área de la salud,5,5,5,5,5,5,5,5,5,5,5,5,5,COMUNA 3,
1QcQXNc-C_EcdHRQ7eUrKtxC3yaJ5uE4qcDq_QwjRr9E,-Satisfacción del Curso virtual - CAPACITACIÓN PAI 1°C 2025,2025-03-07T17:19:21.942Z,,Femenino,Adultez (29 - 59 años),Postgrado,Área de la salud,5,5,5,5,5,5,5,5,5,5,5,5,5,C. DE EL SALADITO,
1QcQXNc-C_EcdHRQ7eUrKtxC3yaJ5uE4qcDq_QwjRr9E,-Satisfacción del Curso virtual - CAPACITACIÓN PAI 1°C 2025,2025-02-15T20:38:42.232Z,,Femenino,Adultez (29 - 59 años),Pregrado,Estudiante,5,5,5,5,5,5,5,5,5,5,5,5,5,COMUNA 20,
1QcQXNc-C_EcdHRQ7eUrKtxC3yaJ5uE4qcDq_QwjRr9E,-Satisfacción del Curso virtual - CAPACITACIÓN PAI 1°C 2025,2025-02-25T19:34:50.482Z,,Femenino,Adultez (29 - 59 años),Pregrado,Área de la salud,5,5,5,5,5,5,5,5,5,5,4,5,5,COMUNA 3,
1QcQXNc-C_EcdHRQ7eUrKtxC3yaJ5uE4qcDq_QwjRr9E,-Satisfacción del Curso virtual - CAPACITACIÓN PAI 1°C 2025,2025-03-01T22:25:43.113Z,,Femenino,Adultez (29 - 59 años),Pregrado,Área de la salud,4,4,4,4,4,4,4,4,4,4,3,4,4,COMUNA 17,
1QcQXNc-C_EcdHRQ7eUrKtxC3yaJ5uE4qcDq_QwjRr9E,-Satisfacción del Curso virtual - CAPACITACIÓN PAI 1°C 2025,2025-03-07T17:44:27.373Z,,Masculino,Adultez (29 - 59 años),Bachiller,Área de la salud,4,4,4,4,4,4,4,4,4,4,4,4,4,COMUNA 13,
1QcQXNc-C_EcdHRQ7eUrKtxC3yaJ5uE4qcDq_QwjRr9E,-Satisfacción del Curso virtual - CAPACITACIÓN PAI 1°C 2025,2025-02-20T18:22:15.951Z,,Femenino,Adultez (29 - 59 años),Pregrado,Área de la salud,5,5,5,5,5,5,5,5,5,5,5,5,5,COMUNA 16,
1QcQXNc-C_EcdHRQ7eUrKtxC3yaJ5uE4qcDq_QwjRr9E,-Satisfacción del Curso virtual - CAPACITACIÓN PAI 1°C 2025,2025-02-20T20:40:04.611Z,,Femenino,Adultez (29 - 59 años),Postgrado,Área de la salud,4,4,4,4,4,5,4,5,4,5,5,5,5,COMUNA 3,
1QcQXNc-C_EcdHRQ7eUrKtxC3yaJ5uE4qcDq_QwjRr9E,-Satisfacción del Curso virtual - CAPACITACIÓN PAI 1°C 2025,2025-02-26T04:26:05.266Z,,Femenino,Adultez (29 - 59 años),Bachiller,Área de la salud,5,5,5,5,5,5,5,5,5,5,5,5,5,COMUNA 12,
1QcQXNc-C_EcdHRQ7eUrKtxC3yaJ5uE4qcDq_QwjRr9E,-Satisfacción del Curso virtual - CAPACITACIÓN PAI 1°C 2025,2025-02-27T03:41:58.689Z,,Femenino,Juventud (18 - 28 años),Bachiller,Área de la salud,5,5,5,5,5,5,5,5,5,5,5,5,5,COMUNA 9,
1QcQXNc-C_EcdHRQ7eUrKtxC3yaJ5uE4qcDq_QwjRr9E,-Satisfacción del Curso virtual - CAPACITACIÓN PAI 1°C 2025,2025-02-26T22:18:35.340Z,,Femenino,Adultez (29 - 59 años),Postgrado,Área de la salud,5,5,5,5,5,5,5,5,5,5,5,5,5,COMUNA 6,
1QcQXNc-C_EcdHRQ7eUrKtxC3yaJ5uE4qcDq_QwjRr9E,-Satisfacción del Curso virtual - CAPACITACIÓN PAI 1°C 2025,2025-02-20T16:21:21.109Z,,Femenino,Adultez (29 - 59 años),Pregrado,Área de la salud,5,5,5,5,5,5,5,5,5,5,5,5,5,COMUNA 16,
1QcQXNc-C_EcdHRQ7eUrKtxC3yaJ5uE4qcDq_QwjRr9E,-Satisfacción del Curso virtual - CAPACITACIÓN PAI 1°C 2025,2025-02-24T18:49:15.073Z,,Femenino,Adultez (29 - 59 años),Pregrado,Área de la salud,4,5,4,5,4,5,4,5,5,4,4,4,4,COMUNA 19,
1QcQXNc-C_EcdHRQ7eUrKtxC3yaJ5uE4qcDq_QwjRr9E,-Satisfacción del Curso virtual - CAPACITACIÓN PAI 1°C 2025,2025-02-25T01:36:50.011Z,,Femenino,Juventud (18 - 28 años),Bachiller,Área de la salud,3,3,3,3,4,4,3,4,3,3,3,3,3,C. DE EL SALADITO,
1QcQXNc-C_EcdHRQ7eUrKtxC3yaJ5uE4qcDq_QwjRr9E,-Satisfacción del Curso virtual - CAPACITACIÓN PAI 1°C 2025,2025-02-15T23:31:24.864Z,,Femenino,Adultez (29 - 59 años),Bachiller,Área de la salud,5,5,5,5,5,5,5,5,5,5,5,5,5,COMUNA 6,
1QcQXNc-C_EcdHRQ7eUrKtxC3yaJ5uE4qcDq_QwjRr9E,-Satisfacción del Curso virtual - CAPACITACIÓN PAI 1°C 2025,2025-03-25T01:57:28.370Z,,Femenino,Adultez (29 - 59 años),Pregrado,Área de la salud,5,5,5,5,5,5,5,5,5,5,5,5,5,COMUNA 1,
1QcQXNc-C_EcdHRQ7eUrKtxC3yaJ5uE4qcDq_QwjRr9E,-Satisfacción del Curso virtual - CAPACITACIÓN PAI 1°C 2025,2025-02-24T15:18:35.187Z,,Femenino,Adultez (29 - 59 años),Pregrado,Área de la salud,5,5,5,5,5,5,5,5,5,5,5,5,5,C. DE EL SALADITO,
1QcQXNc-C_EcdHRQ7eUrKtxC3yaJ5uE4qcDq_QwjRr9E,-Satisfacción del Curso virtual - CAPACITACIÓN PAI 1°C 2025,2025-03-30T06:00:47.589Z,,Femenino,Juventud (18 - 28 años),Pregrado,Área de la salud,5,5,5,4,5,5,5,5,5,5,3,5,5,COMUNA 14,
1QcQXNc-C_EcdHRQ7eUrKtxC3yaJ5uE4qcDq_QwjRr9E,-Satisfacción del Curso virtual - CAPACITACIÓN PAI 1°C 2025,2025-03-09T17:02:20.209Z,,Intersexual,Adultez (29 - 59 años),Pregrado,Área de la salud,1,1,1,1,1,1,1,1,1,1,1,1,1,COMUNA 15,
1QcQXNc-C_EcdHRQ7eUrKtxC3yaJ5uE4qcDq_QwjRr9E,-Satisfacción del Curso virtual - CAPACITACIÓN PAI 1°C 2025,2025-02-15T19:49:00Z,,Femenino,Adultez (29 - 59 años),Bachiller,Área de la salud,5,5,5,5,5,5,5,5,5,5,5,5,5,COMUNA 10,
1QcQXNc-C_EcdHRQ7eUrKtxC3yaJ5uE4qcDq_QwjRr9E,-Satisfacción del Curso virtual - CAPACITACIÓN PAI 1°C 2025,2025-02-28T04:12:57.184Z,,Femenino,Adultez (29 - 59 años),Bachiller,Área de la salud,4,4,5,5,5,5,5,5,5,5,4,4,4,COMUNA 17,
1QcQXNc-C_EcdHRQ7eUrKtxC3yaJ5uE4qcDq_QwjRr9E,-Satisfacción del Curso virtual - CAPACITACIÓN PAI 1°C 2025,2025-02-20T19:41:49.378Z,,Femenino,Adultez (29 - 59 años),Pregrado,Área de la salud,4,4,4,4,4,4,4,4,4,4,4,4,4,COMUNA 8,
1QcQXNc-C_EcdHRQ7eUrKtxC3yaJ5uE4qcDq_QwjRr9E,-Satisfacción del Curso virtual - CAPACITACIÓN PAI 1°C 2025,2025-02-21T20:54:39.896Z,,Masculino,Adultez (29 - 59 años),Pregrado,Área de la salud,4,4,4,4,4,4,4,4,4,4,4,4,4,COMUNA 17,
1QcQXNc-C_EcdHRQ7eUrKtxC3yaJ5uE4qcDq_QwjRr9E,-Satisfacción del Curso virtual - CAPACITACIÓN PAI 1°C 2025,2025-02-24T15:55:16.801Z,,Femenino,Adultez (29 - 59 años),Pregrado,Área de la salud,4,4,4,4,4,4,4,4,4,4,3,4,4,COMUNA 19,
1QcQXNc-C_EcdHRQ7eUrKtxC3yaJ5uE4qcDq_QwjRr9E,-Satisfacción del Curso virtual - CAPACITACIÓN PAI 1°C 2025,2025-02-17T22:19:06.355Z,,Femenino,Adultez (29 - 59 años),Bachiller,Otro,4,4,5,5,4,5,5,5,5,5,4,5,5,COMUNA 6,
1QcQXNc-C_EcdHRQ7eUrKtxC3yaJ5uE4qcDq_QwjRr9E,-Satisfacción del Curso virtual - CAPACITACIÓN PAI 1°C 2025,2025-03-07T02:07:35.628Z,,Femenino,Adultez (29 - 59 años),Pregrado,Área de la salud,5,5,5,5,5,5,5,5,5,5,5,5,5,COMUNA 5,
1QcQXNc-C_EcdHRQ7eUrKtxC3yaJ5uE4qcDq_QwjRr9E,-Satisfacción del Curso virtual - CAPACITACIÓN PAI 1°C 2025,2025-02-21T23:30:30.031Z,,Femenino,Adultez (29 - 59 años),Bachiller,Área de la salud,4,4,5,5,5,5,5,5,5,5,3,4,5,COMUNA 14,
1QcQXNc-C_EcdHRQ7eUrKtxC3yaJ5uE4qcDq_QwjRr9E,-Satisfacción del Curso virtual - CAPACITACIÓN PAI 1°C 2025,2025-02-22T03:59:25.378Z,,Masculino,Adultez (29 - 59 años),Pregrado,Área de la salud,5,5,5,5,5,5,5,5,5,5,5,5,5,COMUNA 21,
1QcQXNc-C_EcdHRQ7eUrKtxC3yaJ5uE4qcDq_QwjRr9E,-Satisfacción del Curso virtual - CAPACITACIÓN PAI 1°C 2025,2025-02-16T00:34:20.964Z,,Femenino,Adultez (29 - 59 años),Pregrado,Área de la salud,5,5,5,5,5,5,5,5,5,5,5,5,5,COMUNA 14,
1QcQXNc-C_EcdHRQ7eUrKtxC3yaJ5uE4qcDq_QwjRr9E,-Satisfacción del Curso virtual - CAPACITACIÓN PAI 1°C 2025,2025-02-22T02:55:33.281Z,,Femenino,Adultez (29 - 59 años),Bachiller,Área de la salud,4,4,3,4,5,4,3,4,4,4,3,4,4,C. DE EL SALADITO,
1QcQXNc-C_EcdHRQ7eUrKtxC3yaJ5uE4qcDq_QwjRr9E,-Satisfacción del Curso virtual - CAPACITACIÓN PAI 1°C 2025,2025-02-15T20:18:59.051Z,,Femenino,Adultez (29 - 59 años),Bachiller,Área de la salud,5,5,5,4,5,5,5,5,4,5,4,5,4,COMUNA 7,
1QcQXNc-C_EcdHRQ7eUrKtxC3yaJ5uE4qcDq_QwjRr9E,-Satisfacción del Curso virtual - CAPACITACIÓN PAI 1°C 2025,2025-03-01T02:38:49.851Z,,Femenino,Juventud (18 - 28 años),Bachiller,Área de la salud,5,5,5,5,5,5,5,5,5,5,5,5,5,COMUNA 18,
1QcQXNc-C_EcdHRQ7eUrKtxC3yaJ5uE4qcDq_QwjRr9E,-Satisfacción del Curso virtual - CAPACITACIÓN PAI 1°C 2025,2025-02-26T21:17:23.508Z,,Femenino,Adultez (29 - 59 años),Bachiller,Área de la salud,5,5,5,5,5,5,5,5,5,5,5,5,5,COMUNA 1,
1QcQXNc-C_EcdHRQ7eUrKtxC3yaJ5uE4qcDq_QwjRr9E,-Satisfacción del Curso virtual - CAPACITACIÓN PAI 1°C 2025,2025-02-27T19:52:41.625Z,,Femenino,Adultez (29 - 59 años),Pregrado,Área de la salud,4,5,5,4,5,5,4,5,5,5,5,4,5,COMUNA 6,
1QcQXNc-C_EcdHRQ7eUrKtxC3yaJ5uE4qcDq_QwjRr9E,-Satisfacción del Curso virtual - CAPACITACIÓN PAI 1°C 2025,2025-02-17T05:58:28.975Z,,Femenino,Adultez (29 - 59 años),Bachiller,Área de la salud,5,5,5,5,5,3,4,5,4,5,5,5,5,COMUNA 18,
1QcQXNc-C_EcdHRQ7eUrKtxC3yaJ5uE4qcDq_QwjRr9E,-Satisfacción del Curso virtual - CAPACITACIÓN PAI 1°C 2025,2025-02-19T22:44:29.782Z,,Femenino,Juventud (18 - 28 años),Bachiller,Área de la salud,4,4,4,4,4,4,4,4,4,4,4,4,4,COMUNA 15,
1QcQXNc-C_EcdHRQ7eUrKtxC3yaJ5uE4qcDq_QwjRr9E,-Satisfacción del Curso virtual - CAPACITACIÓN PAI 1°C 2025,2025-02-21T03:06:38.975Z,,Femenino,Adultez (29 - 59 años),Ninguna,Área de la salud,5,5,5,5,5,5,5,5,5,5,5,5,5,COMUNA 8,
1QcQXNc-C_EcdHRQ7eUrKtxC3yaJ5uE4qcDq_QwjRr9E,-Satisfacción del Curso virtual - CAPACITACIÓN PAI 1°C 2025,2025-02-21T21:24:00.978Z,,Femenino,Juventud (18 - 28 años),Bachiller,Área de la salud,5,5,5,5,5,5,5,5,5,5,5,5,4,COMUNA 14,
1QcQXNc-C_EcdHRQ7eUrKtxC3yaJ5uE4qcDq_QwjRr9E,-Satisfacción del Curso virtual - CAPACITACIÓN PAI 1°C 2025,2025-02-27T03:43:06.967Z,,Femenino,Juventud (18 - 28 años),Bachiller,Área de la salud,4,4,4,4,4,4,4,4,4,4,4,4,4,COMUNA 9,
1QcQXNc-C_EcdHRQ7eUrKtxC3yaJ5uE4qcDq_QwjRr9E,-Satisfacción del Curso virtual - CAPACITACIÓN PAI 1°C 2025,2025-02-15T19:56:35.846Z,,Femenino,Adultez (29 - 59 años),Pregrado,Área de la salud,4,4,4,4,4,4,4,4,4,4,4,4,4,COMUNA 17,
1QcQXNc-C_EcdHRQ7eUrKtxC3yaJ5uE4qcDq_QwjRr9E,-Satisfacción del Curso virtual - CAPACITACIÓN PAI 1°C 2025,2025-02-20T03:07:52.862Z,,Femenino,Adultez (29 - 59 años),Bachiller,Área de la salud,5,5,4,4,4,5,5,5,5,5,4,5,5,COMUNA 17,
1QcQXNc-C_EcdHRQ7eUrKtxC3yaJ5uE4qcDq_QwjRr9E,-Satisfacción del Curso virtual - CAPACITACIÓN PAI 1°C 2025,2025-02-24T23:43:49.109Z,,Femenino,Juventud (18 - 28 años),Pregrado,Área de la salud,5,4,5,3,5,4,3,5,5,5,3,5,4,COMUNA 14,
1QcQXNc-C_EcdHRQ7eUrKtxC3yaJ5uE4qcDq_QwjRr9E,-Satisfacción del Curso virtual - CAPACITACIÓN PAI 1°C 2025,2025-02-26T22:50:56.149Z,,Femenino,Juventud (18 - 28 años),Pregrado,Área de la salud,5,4,4,4,4,4,4,4,4,5,5,4,5,COMUNA 14,
1QcQXNc-C_EcdHRQ7eUrKtxC3yaJ5uE4qcDq_QwjRr9E,-Satisfacción del Curso virtual - CAPACITACIÓN PAI 1°C 2025,2025-02-25T01:40:08.236Z,,Femenino,Juventud (18 - 28 años),Postgrado,Área de la salud,5,5,5,5,5,5,5,5,5,5,5,5,5,COMUNA 1,
1QcQXNc-C_EcdHRQ7eUrKtxC3yaJ5uE4qcDq_QwjRr9E,-Satisfacción del Curso virtual - CAPACITACIÓN PAI 1°C 2025,2025-02-16T21:12:26.144Z,,Femenino,Adultez (29 - 59 años),Ninguna,Área de la salud,1,1,1,1,2,2,2,2,2,2,2,2,2,COMUNA 12,
1QcQXNc-C_EcdHRQ7eUrKtxC3yaJ5uE4qcDq_QwjRr9E,-Satisfacción del Curso virtual - CAPACITACIÓN PAI 1°C 2025,2025-02-15T21:02:58.180Z,,Femenino,Juventud (18 - 28 años),Bachiller,Estudiante,5,5,5,5,5,5,5,5,5,5,5,5,5,COMUNA 8,
1QcQXNc-C_EcdHRQ7eUrKtxC3yaJ5uE4qcDq_QwjRr9E,-Satisfacción del Curso virtual - CAPACITACIÓN PAI 1°C 2025,2025-02-24T03:40:59.119Z,,Femenino,Adultez (29 - 59 años),Postgrado,Área de la salud,5,5,5,4,5,5,5,5,4,5,4,5,5,COMUNA 17,
1QcQXNc-C_EcdHRQ7eUrKtxC3yaJ5uE4qcDq_QwjRr9E,-Satisfacción del Curso virtual - CAPACITACIÓN PAI 1°C 2025,2025-02-25T02:42:35.219Z,,Femenino,Adultez (29 - 59 años),Bachiller,Área de la salud,5,5,5,5,4,5,5,5,5,5,5,5,5,COMUNA 1,
1QcQXNc-C_EcdHRQ7eUrKtxC3yaJ5uE4qcDq_QwjRr9E,-Satisfacción del Curso virtual - CAPACITACIÓN PAI 1°C 2025,2025-02-24T02:46:12.765Z,,Femenino,Juventud (18 - 28 años),Pregrado,Área de la salud,5,5,5,5,5,5,5,5,5,5,5,5,5,COMUNA 2,
1QcQXNc-C_EcdHRQ7eUrKtxC3yaJ5uE4qcDq_QwjRr9E,-Satisfacción del Curso virtual - CAPACITACIÓN PAI 1°C 2025,2025-02-17T19:39:14.506Z,,Femenino,Juventud (18 - 28 años),Pregrado,Área de la salud,4,4,4,4,4,4,4,4,4,4,4,4,4,COMUNA 2,
1QcQXNc-C_EcdHRQ7eUrKtxC3yaJ5uE4qcDq_QwjRr9E,-Satisfacción del Curso virtual - CAPACITACIÓN PAI 1°C 2025,2025-03-04T12:21:05.401Z,,Femenino,Adolescencia (12 - 17 años),Pregrado,Área de la salud,5,5,5,5,5,5,5,5,5,5,5,5,5,COMUNA 18,
1QcQXNc-C_EcdHRQ7eUrKtxC3yaJ5uE4qcDq_QwjRr9E,-Satisfacción del Curso virtual - CAPACITACIÓN PAI 1°C 2025,2025-03-11T18:03:09.457Z,,Femenino,Juventud (18 - 28 años),Postgrado,Área de la salud,5,5,5,5,5,5,5,5,5,5,4,5,5,COMUNA 13,
1QcQXNc-C_EcdHRQ7eUrKtxC3yaJ5uE4qcDq_QwjRr9E,-Satisfacción del Curso virtual - CAPACITACIÓN PAI 1°C 2025,2025-02-24T02:20:50.641Z,,Femenino,Adultez (29 - 59 años),Postgrado,Área de la salud,5,4,5,4,4,4,4,5,5,5,5,5,5,COMUNA 10,
1QcQXNc-C_EcdHRQ7eUrKtxC3yaJ5uE4qcDq_QwjRr9E,-Satisfacción del Curso virtual - CAPACITACIÓN PAI 1°C 2025,2025-02-15T20:56:37.004Z,,Femenino,Adultez (29 - 59 años),Postgrado,Área de la salud,4,4,4,4,4,4,4,4,4,4,4,4,4,COMUNA 4,
1QcQXNc-C_EcdHRQ7eUrKtxC3yaJ5uE4qcDq_QwjRr9E,-Satisfacción del Curso virtual - CAPACITACIÓN PAI 1°C 2025,2025-02-15T19:21:48.948Z,,Femenino,Juventud (18 - 28 años),Pregrado,Área de la salud,5,5,5,5,4,5,5,5,5,5,5,5,5,COMUNA 10,
1QcQXNc-C_EcdHRQ7eUrKtxC3yaJ5uE4qcDq_QwjRr9E,-Satisfacción del Curso virtual - CAPACITACIÓN PAI 1°C 2025,2025-03-05T18:10:34.614Z,,Femenino,Adultez (29 - 59 años),Pregrado,Área de la salud,5,5,5,5,4,5,5,5,5,5,5,5,5,COMUNA 5,
1QcQXNc-C_EcdHRQ7eUrKtxC3yaJ5uE4qcDq_QwjRr9E,-Satisfacción del Curso virtual - CAPACITACIÓN PAI 1°C 2025,2025-02-27T04:03:04.405Z,,Femenino,Adultez (29 - 59 años),Pregrado,Área de la salud,5,5,5,5,5,5,5,5,5,5,5,5,5,COMUNA 10,
1QcQXNc-C_EcdHRQ7eUrKtxC3yaJ5uE4qcDq_QwjRr9E,-Satisfacción del Curso virtual - CAPACITACIÓN PAI 1°C 2025,2025-02-26T17:04:02.200Z,,Femenino,Juventud (18 - 28 años),Pregrado,Área de la salud,5,5,5,5,5,5,4,5,4,5,4,5,5,COMUNA 2,
1QcQXNc-C_EcdHRQ7eUrKtxC3yaJ5uE4qcDq_QwjRr9E,-Satisfacción del Curso virtual - CAPACITACIÓN PAI 1°C 2025,2025-02-27T21:17:01.824Z,,Femenino,Juventud (18 - 28 años),Pregrado,Área de la salud,3,3,3,3,4,4,3,4,3,4,3,4,4,COMUNA 14,
1QcQXNc-C_EcdHRQ7eUrKtxC3yaJ5uE4qcDq_QwjRr9E,-Satisfacción del Curso virtual - CAPACITACIÓN PAI 1°C 2025,2025-02-21T22:36:46.966Z,,Femenino,Juventud (18 - 28 años),Pregrado,Área de la salud,4,4,3,3,4,4,4,4,3,4,4,4,4,COMUNA 5,
1QcQXNc-C_EcdHRQ7eUrKtxC3yaJ5uE4qcDq_QwjRr9E,-Satisfacción del Curso virtual - CAPACITACIÓN PAI 1°C 2025,2025-02-27T03:43:50.562Z,,Femenino,Adultez (29 - 59 años),Bachiller,Área de la salud,5,5,5,5,5,5,5,5,5,5,5,5,5,COMUNA 17,
1QcQXNc-C_EcdHRQ7eUrKtxC3yaJ5uE4qcDq_QwjRr9E,-Satisfacción del Curso virtual - CAPACITACIÓN PAI 1°C 2025,2025-03-19T02:55:40.681Z,,Femenino,Adultez (29 - 59 años),Pregrado,Área de la salud,5,5,5,5,5,5,5,5,5,5,5,5,5,C. DE EL SALADITO,
1QcQXNc-C_EcdHRQ7eUrKtxC3yaJ5uE4qcDq_QwjRr9E,-Satisfacción del Curso virtual - CAPACITACIÓN PAI 1°C 2025,2025-02-21T19:59:47.633Z,,Masculino,Adultez (29 - 59 años),Pregrado,Área de la salud,5,5,5,5,5,5,5,5,5,5,5,5,5,COMUNA 3,
1QcQXNc-C_EcdHRQ7eUrKtxC3yaJ5uE4qcDq_QwjRr9E,-Satisfacción del Curso virtual - CAPACITACIÓN PAI 1°C 2025,2025-02-21T16:44:23.352Z,,Femenino,Adultez (29 - 59 años),Pregrado,Área de la salud,5,5,5,5,5,5,5,5,5,5,5,5,5,COMUNA 17,
1QcQXNc-C_EcdHRQ7eUrKtxC3yaJ5uE4qcDq_QwjRr9E,-Satisfacción del Curso virtual - CAPACITACIÓN PAI 1°C 2025,2025-02-24T16:59:30.503Z,,Femenino,Adultez (29 - 59 años),Ninguna,Área de la salud,5,5,5,5,5,5,5,5,5,5,5,5,5,COMUNA 14,
1QcQXNc-C_EcdHRQ7eUrKtxC3yaJ5uE4qcDq_QwjRr9E,-Satisfacción del Curso virtual - CAPACITACIÓN PAI 1°C 2025,2025-03-28T04:26:06.350Z,,Femenino,Adultez (29 - 59 años),Pregrado,Área de la salud,5,5,5,5,5,5,3,3,1,1,1,3,4,COMUNA 18,
1Y8ULrHk4WPAE3KIi5sbN46mqoGWLjJJPqV_Hw54-iYQ,-Satisfacción del Curso virtual - SENSIBILIZACIÓN A PERSONAS AFECTADAS POR TB 1°C 2024,2024-10-14T23:14:03.996Z,,Femenino,Juventud (18 - 28 años),Pregrado,Área de la salud,4,4,4,4,4,4,4,4,4,4,4,4,4,COMUNA 1,
1Y8ULrHk4WPAE3KIi5sbN46mqoGWLjJJPqV_Hw54-iYQ,-Satisfacción del Curso virtual - SENSIBILIZACIÓN A PERSONAS AFECTADAS POR TB 1°C 2024,2024-11-04T01:12:32.914Z,,Femenino,Adultez (29 - 59 años),Postgrado,Área de la salud,5,5,5,5,5,5,5,5,5,5,5,5,5,COMUNA 17,
1Y8ULrHk4WPAE3KIi5sbN46mqoGWLjJJPqV_Hw54-iYQ,-Satisfacción del Curso virtual - SENSIBILIZACIÓN A PERSONAS AFECTADAS POR TB 1°C 2024,2024-10-25T04:21:27.238Z,,Femenino,Juventud (18 - 28 años),Pregrado,Área de la salud,5,5,5,4,5,5,5,5,5,5,5,5,5,COMUNA 8,
1Y8ULrHk4WPAE3KIi5sbN46mqoGWLjJJPqV_Hw54-iYQ,-Satisfacción del Curso virtual - SENSIBILIZACIÓN A PERSONAS AFECTADAS POR TB 1°C 2024,2024-10-24T17:24:50.306Z,,Femenino,Adultez (29 - 59 años),Pregrado,Área de la salud,5,5,5,5,5,5,5,5,5,5,5,5,5,COMUNA 10,
1Y8ULrHk4WPAE3KIi5sbN46mqoGWLjJJPqV_Hw54-iYQ,-Satisfacción del Curso virtual - SENSIBILIZACIÓN A PERSONAS AFECTADAS POR TB 1°C 2024,2024-10-17T13:32:14.952Z,,Femenino,Adultez (29 - 59 años),Pregrado,Área de la salud,5,5,5,5,5,5,5,5,5,5,5,5,5,COMUNA 5,
1Y8ULrHk4WPAE3KIi5sbN46mqoGWLjJJPqV_Hw54-iYQ,-Satisfacción del Curso virtual - SENSIBILIZACIÓN A PERSONAS AFECTADAS POR TB 1°C 2024,2024-10-18T03:32:27.516Z,,Femenino,Adultez (29 - 59 años),Postgrado,Área de la salud,5,5,5,5,5,5,5,5,5,5,5,5,5,COMUNA 17,
1Y8ULrHk4WPAE3KIi5sbN46mqoGWLjJJPqV_Hw54-iYQ,-Satisfacción del Curso virtual - SENSIBILIZACIÓN A PERSONAS AFECTADAS POR TB 1°C 2024,2024-10-21T04:40:27.787Z,,Femenino,Adultez (29 - 59 años),Postgrado,Área de la salud,1,1,1,2,1,1,2,1,1,1,1,1,1,COMUNA 19,
1Y8ULrHk4WPAE3KIi5sbN46mqoGWLjJJPqV_Hw54-iYQ,-Satisfacción del Curso virtual - SENSIBILIZACIÓN A PERSONAS AFECTADAS POR TB 1°C 2024,2024-10-26T02:28:12.588Z,,Femenino,Adultez (29 - 59 años),Pregrado,Área de la salud,5,5,5,5,5,5,5,5,5,5,5,5,5,COMUNA 16,
1Y8ULrHk4WPAE3KIi5sbN46mqoGWLjJJPqV_Hw54-iYQ,-Satisfacción del Curso virtual - SENSIBILIZACIÓN A PERSONAS AFECTADAS POR TB 1°C 2024,2024-10-22T16:16:14.975Z,,Femenino,Adultez (29 - 59 años),Pregrado,Área de la salud,5,4,4,5,5,5,4,5,5,3,5,5,5,COMUNA 9,
1Y8ULrHk4WPAE3KIi5sbN46mqoGWLjJJPqV_Hw54-iYQ,-Satisfacción del Curso virtual - SENSIBILIZACIÓN A PERSONAS AFECTADAS POR TB 1°C 2024,2024-10-22T17:04:28.669Z,,Femenino,Adultez (29 - 59 años),Postgrado,Área de la salud,5,5,5,5,5,5,5,5,5,5,5,5,5,COMUNA 17,
1Y8ULrHk4WPAE3KIi5sbN46mqoGWLjJJPqV_Hw54-iYQ,-Satisfacción del Curso virtual - SENSIBILIZACIÓN A PERSONAS AFECTADAS POR TB 1°C 2024,2024-10-12T17:18:38.089Z,,Femenino,Juventud (18 - 28 años),Pregrado,Área de la salud,5,5,5,5,5,5,5,5,5,5,5,5,5,COMUNA 1,
1Y8ULrHk4WPAE3KIi5sbN46mqoGWLjJJPqV_Hw54-iYQ,-Satisfacción del Curso virtual - SENSIBILIZACIÓN A PERSONAS AFECTADAS POR TB 1°C 2024,2024-10-16T20:55:21.761Z,,Femenino,Adultez (29 - 59 años),Postgrado,Área de la salud,5,5,5,5,5,5,5,5,5,5,5,5,5,COMUNA 17,
1Y8ULrHk4WPAE3KIi5sbN46mqoGWLjJJPqV_Hw54-iYQ,-Satisfacción del Curso virtual - SENSIBILIZACIÓN A PERSONAS AFECTADAS POR TB 1°C 2024,2024-10-18T20:17:12.794Z,,Femenino,Adultez (29 - 59 años),Bachiller,Área de la salud,5,5,5,5,5,5,5,5,5,5,5,5,5,COMUNA 3,
1Y8ULrHk4WPAE3KIi5sbN46mqoGWLjJJPqV_Hw54-iYQ,-Satisfacción del Curso virtual - SENSIBILIZACIÓN A PERSONAS AFECTADAS POR TB 1°C 2024,2024-10-14T18:48:26.538Z,,Femenino,Juventud (18 - 28 años),Pregrado,Área de la salud,4,4,4,4,4,4,4,4,4,4,4,4,4,COMUNA 16,
1WNIa_2tFg0w1q823ocymNQxJytgTs2rHqJ8uKLk5O3M,-Satisfacción del Curso virtual - INDICADORES PRIORIZADOS TB 1°C 2024,2024-12-04T19:48:18.395Z,,Femenino,Adultez (29 - 59 años),Postgrado,Área de la salud,4,4,4,4,4,4,4,4,3,3,4,3,4,COMUNA 13,
1WNIa_2tFg0w1q823ocymNQxJytgTs2rHqJ8uKLk5O3M,-Satisfacción del Curso virtual - INDICADORES PRIORIZADOS TB 1°C 2024,2024-12-20T15:52:39.646Z,,Femenino,Adultez (29 - 59 años),Postgrado,Área de la salud,5,5,5,5,5,5,5,5,5,5,5,5,5,COMUNA 1,
1WNIa_2tFg0w1q823ocymNQxJytgTs2rHqJ8uKLk5O3M,-Satisfacción del Curso virtual - INDICADORES PRIORIZADOS TB 1°C 2024,2024-12-11T13:27:41.679Z,,Femenino,Adultez (29 - 59 años),Pregrado,Área de la salud,5,5,5,5,5,5,5,5,5,5,5,5,5,COMUNA 18,
1WNIa_2tFg0w1q823ocymNQxJytgTs2rHqJ8uKLk5O3M,-Satisfacción del Curso virtual - INDICADORES PRIORIZADOS TB 1°C 2024,2024-12-17T15:52:34.224Z,,Masculino,Juventud (18 - 28 años),Bachiller,Área de la salud,3,3,3,3,3,3,3,3,3,3,3,3,3,COMUNA 1,
1WNIa_2tFg0w1q823ocymNQxJytgTs2rHqJ8uKLk5O3M,-Satisfacción del Curso virtual - INDICADORES PRIORIZADOS TB 1°C 2024,2024-12-06T04:57:44.692Z,,Femenino,Juventud (18 - 28 años),Postgrado,Área de la salud,5,5,5,5,5,5,4,5,4,4,4,4,5,COMUNA 17,
1WNIa_2tFg0w1q823ocymNQxJytgTs2rHqJ8uKLk5O3M,-Satisfacción del Curso virtual - INDICADORES PRIORIZADOS TB 1°C 2024,2024-12-07T01:21:49.782Z,,Femenino,Juventud (18 - 28 años),Pregrado,Área de la salud,4,4,4,4,4,4,4,4,4,4,4,4,4,COMUNA 1,
1WNIa_2tFg0w1q823ocymNQxJytgTs2rHqJ8uKLk5O3M,-Satisfacción del Curso virtual - INDICADORES PRIORIZADOS TB 1°C 2024,2024-12-04T22:33:23.264Z,,Masculino,Adultez (29 - 59 años),Pregrado,Área de la salud,4,4,4,4,4,4,4,4,3,3,4,4,4,C. DE PANCE,
1WNIa_2tFg0w1q823ocymNQxJytgTs2rHqJ8uKLk5O3M,-Satisfacción del Curso virtual - INDICADORES PRIORIZADOS TB 1°C 2024,2024-12-09T21:06:54.562Z,,Masculino,Adultez (29 - 59 años),Pregrado,Área de la salud,4,4,4,4,4,4,4,4,4,4,4,4,4,COMUNA 22,
1WNIa_2tFg0w1q823ocymNQxJytgTs2rHqJ8uKLk5O3M,-Satisfacción del Curso virtual - INDICADORES PRIORIZADOS TB 1°C 2024,2024-12-05T05:14:55.885Z,,Femenino,Adultez (29 - 59 años),Postgrado,Área de la salud,5,5,5,5,5,5,5,5,5,5,5,5,5,COMUNA 22,
1WNIa_2tFg0w1q823ocymNQxJytgTs2rHqJ8uKLk5O3M,-Satisfacción del Curso virtual - INDICADORES PRIORIZADOS TB 1°C 2024,2024-12-16T04:36:26.545Z,,Femenino,Adultez (29 - 59 años),Bachiller,Área de la salud,5,5,5,5,5,5,5,5,5,5,5,5,5,COMUNA 3,
1WNIa_2tFg0w1q823ocymNQxJytgTs2rHqJ8uKLk5O3M,-Satisfacción del Curso virtual - INDICADORES PRIORIZADOS TB 1°C 2024,2024-12-17T16:33:53.441Z,,Femenino,Adultez (29 - 59 años),Postgrado,Área de la salud,4,4,3,3,2,4,2,4,2,3,3,3,3,COMUNA 1,
1WNIa_2tFg0w1q823ocymNQxJytgTs2rHqJ8uKLk5O3M,-Satisfacción del Curso virtual - INDICADORES PRIORIZADOS TB 1°C 2024,2024-11-21T16:45:42.067Z,,Masculino,Adultez (29 - 59 años),Pregrado,Área de la salud,4,5,5,5,5,5,5,4,5,5,5,4,4,COMUNA 2,
1WNIa_2tFg0w1q823ocymNQxJytgTs2rHqJ8uKLk5O3M,-Satisfacción del Curso virtual - INDICADORES PRIORIZADOS TB 1°C 2024,2024-12-03T19:12:04.520Z,,Femenino,Adultez (29 - 59 años),Pregrado,Área de la salud,4,4,4,4,4,4,4,4,4,4,4,4,4,COMUNA 2,
1WNIa_2tFg0w1q823ocymNQxJytgTs2rHqJ8uKLk5O3M,-Satisfacción del Curso virtual - INDICADORES PRIORIZADOS TB 1°C 2024,2024-12-14T00:18:09.032Z,,Femenino,Adultez (29 - 59 años),Pregrado,Área de la salud,4,4,4,4,4,4,4,4,4,4,4,4,4,COMUNA 17,
1qafEkqqcDesN_t254rDmdaPD35U2WwJwIg-BgzOnuvE,-Satisfacción del Curso virtual - CÁNCER MAMA Y CERVIX 1°C 2024,2024-10-20T14:40:55.229Z,,Femenino,Adultez (29 - 59 años),Postgrado,Área de la salud,5,5,5,5,5,5,5,5,5,5,5,5,5,COMUNA 19,
1qafEkqqcDesN_t254rDmdaPD35U2WwJwIg-BgzOnuvE,-Satisfacción del Curso virtual - CÁNCER MAMA Y CERVIX 1°C 2024,2024-10-22T04:52:32.111Z,,Femenino,Juventud (18 - 28 años),Pregrado,Área de la salud,5,5,5,5,5,5,5,5,5,5,5,5,5,COMUNA 22,
1qafEkqqcDesN_t254rDmdaPD35U2WwJwIg-BgzOnuvE,-Satisfacción del Curso virtual - CÁNCER MAMA Y CERVIX 1°C 2024,2024-10-25T02:10:50.294Z,,Masculino,Adultez (29 - 59 años),Postgrado,Área de la salud,5,5,5,5,5,5,5,5,5,4,5,5,5,COMUNA 2,
1qafEkqqcDesN_t254rDmdaPD35U2WwJwIg-BgzOnuvE,-Satisfacción del Curso virtual - CÁNCER MAMA Y CERVIX 1°C 2024,2024-10-29T01:47:47.846Z,,Femenino,Adultez (29 - 59 años),Pregrado,Área de la salud,5,5,5,5,5,5,5,5,5,5,5,5,5,COMUNA 4,
1qafEkqqcDesN_t254rDmdaPD35U2WwJwIg-BgzOnuvE,-Satisfacción del Curso virtual - CÁNCER MAMA Y CERVIX 1°C 2024,2024-11-06T22:27:33.333Z,,Femenino,Adultez (29 - 59 años),Pregrado,Área de la salud,4,4,5,5,5,5,4,4,3,2,4,4,4,COMUNA 17,
1qafEkqqcDesN_t254rDmdaPD35U2WwJwIg-BgzOnuvE,-Satisfacción del Curso virtual - CÁNCER MAMA Y CERVIX 1°C 2024,2024-11-02T15:40:31.319Z,,Femenino,Juventud (18 - 28 años),Pregrado,Área de la salud,1,1,1,1,1,1,1,1,1,1,1,1,1,COMUNA 1,
1qafEkqqcDesN_t254rDmdaPD35U2WwJwIg-BgzOnuvE,-Satisfacción del Curso virtual - CÁNCER MAMA Y CERVIX 1°C 2024,2024-11-03T16:17:02.152Z,,Masculino,Vejez (60 años o más),Pregrado,Área de la salud,5,5,5,5,5,5,5,5,5,5,5,5,5,COMUNA 19,
1qafEkqqcDesN_t254rDmdaPD35U2WwJwIg-BgzOnuvE,-Satisfacción del Curso virtual - CÁNCER MAMA Y CERVIX 1°C 2024,2024-10-13T03:46:10.780Z,,Femenino,Adultez (29 - 59 años),Pregrado,Área de la salud,5,5,5,5,5,5,5,5,5,5,5,5,5,COMUNA 13,
1qafEkqqcDesN_t254rDmdaPD35U2WwJwIg-BgzOnuvE,-Satisfacción del Curso virtual - CÁNCER MAMA Y CERVIX 1°C 2024,2024-10-21T16:13:55.053Z,,Femenino,Adultez (29 - 59 años),Pregrado,Área de la salud,4,4,4,4,4,4,4,4,4,4,4,4,4,COMUNA 4,
1qafEkqqcDesN_t254rDmdaPD35U2WwJwIg-BgzOnuvE,-Satisfacción del Curso virtual - CÁNCER MAMA Y CERVIX 1°C 2024,2024-10-14T05:44:51.610Z,,Femenino,Juventud (18 - 28 años),Bachiller,Área de la salud,5,5,5,5,5,5,5,5,5,5,5,5,5,COMUNA 6,
1qafEkqqcDesN_t254rDmdaPD35U2WwJwIg-BgzOnuvE,-Satisfacción del Curso virtual - CÁNCER MAMA Y CERVIX 1°C 2024,2024-10-30T14:51:59.384Z,,Femenino,Adultez (29 - 59 años),Postgrado,Área de la salud,5,5,5,5,5,5,5,5,5,5,5,5,5,COMUNA 5,
1qafEkqqcDesN_t254rDmdaPD35U2WwJwIg-BgzOnuvE,-Satisfacción del Curso virtual - CÁNCER MAMA Y CERVIX 1°C 2024,2024-10-14T16:59:01.470Z,,Femenino,Adultez (29 - 59 años),Pregrado,Área de la salud,4,4,4,4,4,4,4,3,3,3,4,4,4,COMUNA 9,
1qafEkqqcDesN_t254rDmdaPD35U2WwJwIg-BgzOnuvE,-Satisfacción del Curso virtual - CÁNCER MAMA Y CERVIX 1°C 2024,2024-10-14T21:09:10.530Z,,Femenino,Juventud (18 - 28 años),Pregrado,Área de la salud,5,5,5,5,5,5,5,5,5,5,5,5,5,COMUNA 1,
1qafEkqqcDesN_t254rDmdaPD35U2WwJwIg-BgzOnuvE,-Satisfacción del Curso virtual - CÁNCER MAMA Y CERVIX 1°C 2024,2024-10-29T04:38:23.373Z,,Masculino,Adultez (29 - 59 años),Pregrado,Área de la salud,5,5,5,5,5,5,5,5,5,5,5,5,5,COMUNA 6,
1qafEkqqcDesN_t254rDmdaPD35U2WwJwIg-BgzOnuvE,-Satisfacción del Curso virtual - CÁNCER MAMA Y CERVIX 1°C 2024,2024-11-05T23:51:58.347Z,,Femenino,Adultez (29 - 59 años),Pregrado,Área de la salud,4,4,4,4,3,4,4,4,3,3,4,4,4,COMUNA 1,
1qafEkqqcDesN_t254rDmdaPD35U2WwJwIg-BgzOnuvE,-Satisfacción del Curso virtual - CÁNCER MAMA Y CERVIX 1°C 2024,2024-10-13T23:09:03.481Z,,Femenino,Juventud (18 - 28 años),Postgrado,Área de la salud,5,5,5,5,5,5,5,5,5,5,5,5,5,COMUNA 3,
1qafEkqqcDesN_t254rDmdaPD35U2WwJwIg-BgzOnuvE,-Satisfacción del Curso virtual - CÁNCER MAMA Y CERVIX 1°C 2024,2024-11-01T15:47:18.691Z,,Masculino,Adultez (29 - 59 años),Pregrado,Área de la salud,4,4,4,4,4,4,4,4,3,3,4,4,4,COMUNA 4,
1qafEkqqcDesN_t254rDmdaPD35U2WwJwIg-BgzOnuvE,-Satisfacción del Curso virtual - CÁNCER MAMA Y CERVIX 1°C 2024,2024-11-04T01:36:06.539Z,,Masculino,Adultez (29 - 59 años),Pregrado,Área de la salud,5,5,5,5,5,5,5,5,5,5,5,5,5,COMUNA 8,
1qafEkqqcDesN_t254rDmdaPD35U2WwJwIg-BgzOnuvE,-Satisfacción del Curso virtual - CÁNCER MAMA Y CERVIX 1°C 2024,2024-10-26T14:22:21.545Z,,Femenino,Juventud (18 - 28 años),Pregrado,Área de la salud,4,4,4,4,4,4,4,4,4,4,4,4,4,COMUNA 14,
1qafEkqqcDesN_t254rDmdaPD35U2WwJwIg-BgzOnuvE,-Satisfacción del Curso virtual - CÁNCER MAMA Y CERVIX 1°C 2024,2024-10-18T03:05:37.548Z,,Femenino,Adultez (29 - 59 años),Pregrado,Área de la salud,5,5,5,5,5,5,5,5,5,5,5,5,5,COMUNA 22,
1qafEkqqcDesN_t254rDmdaPD35U2WwJwIg-BgzOnuvE,-Satisfacción del Curso virtual - CÁNCER MAMA Y CERVIX 1°C 2024,2024-10-14T02:38:17.138Z,,Femenino,Adultez (29 - 59 años),Postgrado,Área de la salud,5,5,5,5,5,5,5,5,5,5,5,5,5,COMUNA 1,
1qafEkqqcDesN_t254rDmdaPD35U2WwJwIg-BgzOnuvE,-Satisfacción del Curso virtual - CÁNCER MAMA Y CERVIX 1°C 2024,2024-10-21T00:07:44.582Z,,Femenino,Juventud (18 - 28 años),Pregrado,Área de la salud,5,5,5,5,5,5,5,5,5,5,5,5,5,COMUNA 12,
1qafEkqqcDesN_t254rDmdaPD35U2WwJwIg-BgzOnuvE,-Satisfacción del Curso virtual - CÁNCER MAMA Y CERVIX 1°C 2024,2024-10-18T14:19:16.659Z,,Femenino,Adultez (29 - 59 años),Pregrado,Área de la salud,5,5,5,5,5,5,5,5,5,5,5,5,5,COMUNA 12,
1qafEkqqcDesN_t254rDmdaPD35U2WwJwIg-BgzOnuvE,-Satisfacción del Curso virtual - CÁNCER MAMA Y CERVIX 1°C 2024,2024-10-20T22:40:35.946Z,,Femenino,Adultez (29 - 59 años),Pregrado,Área de la salud,4,4,4,4,4,4,4,4,4,4,4,4,4,COMUNA 22,
1qafEkqqcDesN_t254rDmdaPD35U2WwJwIg-BgzOnuvE,-Satisfacción del Curso virtual - CÁNCER MAMA Y CERVIX 1°C 2024,2024-11-04T15:46:47.070Z,,Masculino,Juventud (18 - 28 años),Pregrado,Área de la salud,4,4,4,4,4,4,4,4,4,4,4,4,4,COMUNA 17,
1qafEkqqcDesN_t254rDmdaPD35U2WwJwIg-BgzOnuvE,-Satisfacción del Curso virtual - CÁNCER MAMA Y CERVIX 1°C 2024,2024-11-11T14:59:41.817Z,,Femenino,Juventud (18 - 28 años),Pregrado,Área de la salud,5,5,4,4,4,5,4,5,4,4,5,5,5,COMUNA 18,
1qafEkqqcDesN_t254rDmdaPD35U2WwJwIg-BgzOnuvE,-Satisfacción del Curso virtual - CÁNCER MAMA Y CERVIX 1°C 2024,2024-10-28T21:49:48.683Z,,Femenino,Vejez (60 años o más),Postgrado,Área de la salud,4,4,4,4,4,4,4,4,4,4,4,4,4,COMUNA 17,
1qafEkqqcDesN_t254rDmdaPD35U2WwJwIg-BgzOnuvE,-Satisfacción del Curso virtual - CÁNCER MAMA Y CERVIX 1°C 2024,2024-10-26T20:21:40.269Z,,Femenino,Adultez (29 - 59 años),Pregrado,Área de la salud,5,5,5,5,5,5,5,5,5,5,5,5,5,COMUNA 1,
1qafEkqqcDesN_t254rDmdaPD35U2WwJwIg-BgzOnuvE,-Satisfacción del Curso virtual - CÁNCER MAMA Y CERVIX 1°C 2024,2024-10-17T03:28:02.126Z,,Femenino,Adultez (29 - 59 años),Pregrado,Área de la salud,5,5,5,5,5,5,5,5,5,5,5,5,5,COMUNA 1,
1qafEkqqcDesN_t254rDmdaPD35U2WwJwIg-BgzOnuvE,-Satisfacción del Curso virtual - CÁNCER MAMA Y CERVIX 1°C 2024,2024-10-14T00:19:32.148Z,,Femenino,Adultez (29 - 59 años),Postgrado,Área de la salud,5,5,5,5,5,5,5,5,2,5,5,5,5,COMUNA 17,
1qafEkqqcDesN_t254rDmdaPD35U2WwJwIg-BgzOnuvE,-Satisfacción del Curso virtual - CÁNCER MAMA Y CERVIX 1°C 2024,2024-11-04T01:28:10.007Z,,Femenino,Adultez (29 - 59 años),Pregrado,Área de la salud,5,5,4,4,4,5,5,5,5,5,5,5,5,COMUNA 17,
1qafEkqqcDesN_t254rDmdaPD35U2WwJwIg-BgzOnuvE,-Satisfacción del Curso virtual - CÁNCER MAMA Y CERVIX 1°C 2024,2024-10-24T14:56:31.252Z,,Femenino,Adultez (29 - 59 años),Pregrado,Área de la salud,5,5,5,5,5,5,5,5,5,4,5,5,5,COMUNA 1,
1qafEkqqcDesN_t254rDmdaPD35U2WwJwIg-BgzOnuvE,-Satisfacción del Curso virtual - CÁNCER MAMA Y CERVIX 1°C 2024,2024-11-03T20:14:36.961Z,,Masculino,Adultez (29 - 59 años),Pregrado,Área de la salud,5,5,5,5,4,5,5,5,4,4,5,5,5,COMUNA 4,
1qafEkqqcDesN_t254rDmdaPD35U2WwJwIg-BgzOnuvE,-Satisfacción del Curso virtual - CÁNCER MAMA Y CERVIX 1°C 2024,2024-10-26T19:46:10.276Z,,Femenino,Adultez (29 - 59 años),Pregrado,Área de la salud,5,5,5,5,4,4,5,5,3,4,5,5,5,COMUNA 5,
1qafEkqqcDesN_t254rDmdaPD35U2WwJwIg-BgzOnuvE,-Satisfacción del Curso virtual - CÁNCER MAMA Y CERVIX 1°C 2024,2024-10-17T17:23:27.621Z,,Femenino,Adultez (29 - 59 años),Postgrado,Área de la salud,5,5,5,5,5,5,5,5,5,5,5,5,5,COMUNA 6,
1qafEkqqcDesN_t254rDmdaPD35U2WwJwIg-BgzOnuvE,-Satisfacción del Curso virtual - CÁNCER MAMA Y CERVIX 1°C 2024,2024-11-05T03:09:38.735Z,,Femenino,Adultez (29 - 59 años),Pregrado,Área de la salud,5,5,5,5,5,5,5,5,5,5,5,5,5,COMUNA 19,
1qafEkqqcDesN_t254rDmdaPD35U2WwJwIg-BgzOnuvE,-Satisfacción del Curso virtual - CÁNCER MAMA Y CERVIX 1°C 2024,2024-10-17T21:26:25.718Z,,Femenino,Adultez (29 - 59 años),Pregrado,Área de la salud,5,5,5,5,5,5,5,5,5,5,5,5,5,COMUNA 3,
1qafEkqqcDesN_t254rDmdaPD35U2WwJwIg-BgzOnuvE,-Satisfacción del Curso virtual - CÁNCER MAMA Y CERVIX 1°C 2024,2024-10-26T03:26:57.736Z,,Femenino,Adultez (29 - 59 años),Pregrado,Área de la salud,5,5,5,5,5,5,5,5,1,1,5,5,5,COMUNA 2,
1qafEkqqcDesN_t254rDmdaPD35U2WwJwIg-BgzOnuvE,-Satisfacción del Curso virtual - CÁNCER MAMA Y CERVIX 1°C 2024,2024-11-04T01:26:32.917Z,,Femenino,Adultez (29 - 59 años),Postgrado,Área de la salud,5,5,5,5,5,5,5,5,5,5,5,5,5,COMUNA 2,
1qafEkqqcDesN_t254rDmdaPD35U2WwJwIg-BgzOnuvE,-Satisfacción del Curso virtual - CÁNCER MAMA Y CERVIX 1°C 2024,2024-10-25T01:38:15.807Z,,Femenino,Juventud (18 - 28 años),Pregrado,Área de la salud,5,5,5,5,5,5,5,5,5,5,5,5,5,C. DE LA BUITRERA,
1qafEkqqcDesN_t254rDmdaPD35U2WwJwIg-BgzOnuvE,-Satisfacción del Curso virtual - CÁNCER MAMA Y CERVIX 1°C 2024,2024-11-03T22:06:36.084Z,,Femenino,Adultez (29 - 59 años),Pregrado,Área de la salud,5,5,4,4,4,4,3,4,4,3,4,4,4,COMUNA 1,
1qafEkqqcDesN_t254rDmdaPD35U2WwJwIg-BgzOnuvE,-Satisfacción del Curso virtual - CÁNCER MAMA Y CERVIX 1°C 2024,2024-10-14T01:18:54.280Z,,Femenino,Adultez (29 - 59 años),Pregrado,Área de la salud,5,4,5,4,5,4,5,4,5,4,5,4,5,COMUNA 12,
1qafEkqqcDesN_t254rDmdaPD35U2WwJwIg-BgzOnuvE,-Satisfacción del Curso virtual - CÁNCER MAMA Y CERVIX 1°C 2024,2024-10-28T15:39:57.269Z,,Femenino,Adultez (29 - 59 años),Postgrado,Área de la salud,5,4,4,4,4,5,5,4,4,2,4,4,4,COMUNA 15,
1qafEkqqcDesN_t254rDmdaPD35U2WwJwIg-BgzOnuvE,-Satisfacción del Curso virtual - CÁNCER MAMA Y CERVIX 1°C 2024,2024-10-31T20:08:02.424Z,,Femenino,Adultez (29 - 59 años),Pregrado,Área de la salud,5,5,5,5,5,5,5,5,5,5,5,5,5,COMUNA 17,
1qafEkqqcDesN_t254rDmdaPD35U2WwJwIg-BgzOnuvE,-Satisfacción del Curso virtual - CÁNCER MAMA Y CERVIX 1°C 2024,2024-10-28T00:30:05.422Z,,Femenino,Adultez (29 - 59 años),Postgrado,Área de la salud,5,5,5,5,5,5,5,5,5,5,5,5,5,C. DE VILLACARMELO,
1qafEkqqcDesN_t254rDmdaPD35U2WwJwIg-BgzOnuvE,-Satisfacción del Curso virtual - CÁNCER MAMA Y CERVIX 1°C 2024,2024-10-30T19:59:20.867Z,,Femenino,Adultez (29 - 59 años),Pregrado,Área de la salud,5,5,5,5,5,5,5,5,5,5,5,5,5,COMUNA 10,
1qafEkqqcDesN_t254rDmdaPD35U2WwJwIg-BgzOnuvE,-Satisfacción del Curso virtual - CÁNCER MAMA Y CERVIX 1°C 2024,2024-10-17T20:01:56.479Z,,Femenino,Vejez (60 años o más),Postgrado,Área de la salud,4,4,4,4,4,4,4,4,4,4,4,4,4,COMUNA 1,
1qafEkqqcDesN_t254rDmdaPD35U2WwJwIg-BgzOnuvE,-Satisfacción del Curso virtual - CÁNCER MAMA Y CERVIX 1°C 2024,2024-10-22T15:59:09.825Z,,Femenino,Adultez (29 - 59 años),Pregrado,Área de la salud,5,5,5,5,5,5,5,5,5,5,5,5,5,COMUNA 7,
1qafEkqqcDesN_t254rDmdaPD35U2WwJwIg-BgzOnuvE,-Satisfacción del Curso virtual - CÁNCER MAMA Y CERVIX 1°C 2024,2024-10-16T23:37:17.988Z,,Femenino,Adultez (29 - 59 años),Pregrado,Área de la salud,4,4,4,4,4,4,4,4,4,1,5,5,4,COMUNA 19,
1qafEkqqcDesN_t254rDmdaPD35U2WwJwIg-BgzOnuvE,-Satisfacción del Curso virtual - CÁNCER MAMA Y CERVIX 1°C 2024,2024-10-16T20:20:30.160Z,,Femenino,Adultez (29 - 59 años),Pregrado,Área de la salud,5,5,5,5,5,5,5,5,5,5,5,5,5,COMUNA 7,
1qafEkqqcDesN_t254rDmdaPD35U2WwJwIg-BgzOnuvE,-Satisfacción del Curso virtual - CÁNCER MAMA Y CERVIX 1°C 2024,2024-10-29T04:04:02.001Z,,Femenino,Adultez (29 - 59 años),Postgrado,Área de la salud,5,5,5,5,5,5,5,5,3,3,5,5,5,C. DE GOLONDRINAS,
1qafEkqqcDesN_t254rDmdaPD35U2WwJwIg-BgzOnuvE,-Satisfacción del Curso virtual - CÁNCER MAMA Y CERVIX 1°C 2024,2024-10-17T20:39:28.366Z,,Femenino,Adultez (29 - 59 años),Postgrado,Área de la salud,1,1,1,1,1,1,1,1,1,1,1,1,1,COMUNA 3,
1qafEkqqcDesN_t254rDmdaPD35U2WwJwIg-BgzOnuvE,-Satisfacción del Curso virtual - CÁNCER MAMA Y CERVIX 1°C 2024,2024-10-28T22:49:00.973Z,,Femenino,Adultez (29 - 59 años),Postgrado,Área de la salud,4,4,4,4,4,4,4,4,4,4,4,4,4,COMUNA 5,
1qafEkqqcDesN_t254rDmdaPD35U2WwJwIg-BgzOnuvE,-Satisfacción del Curso virtual - CÁNCER MAMA Y CERVIX 1°C 2024,2024-11-03T05:47:49.939Z,,Femenino,Adultez (29 - 59 años),Pregrado,Área de la salud,5,5,5,5,5,5,5,5,2,2,5,5,5,COMUNA 1,
1qafEkqqcDesN_t254rDmdaPD35U2WwJwIg-BgzOnuvE,-Satisfacción del Curso virtual - CÁNCER MAMA Y CERVIX 1°C 2024,2024-10-14T12:56:24.361Z,,Femenino,Juventud (18 - 28 años),Pregrado,Área de la salud,5,4,4,4,4,4,4,4,4,4,4,4,4,COMUNA 1,
1qafEkqqcDesN_t254rDmdaPD35U2WwJwIg-BgzOnuvE,-Satisfacción del Curso virtual - CÁNCER MAMA Y CERVIX 1°C 2024,2024-10-24T02:35:28.324Z,,Masculino,Adultez (29 - 59 años),Pregrado,Área de la salud,1,1,1,1,1,1,1,1,4,3,1,1,1,COMUNA 19,
1Dn9KLyB7XM5WvqhFSc3hkIHGz3JpGW431a3S92CUPg0,-Satisfacción del Curso virtual - RPMS PI 1°C 2024,2024-12-01T15:38:08.909Z,,Femenino,Juventud (18 - 28 años),Pregrado,Área de la salud,4,4,4,4,4,4,3,4,4,4,4,4,4,COMUNA 20,Centro
1Dn9KLyB7XM5WvqhFSc3hkIHGz3JpGW431a3S92CUPg0,-Satisfacción del Curso virtual - RPMS PI 1°C 2024,2024-12-10T16:02:03.701Z,,Femenino,Juventud (18 - 28 años),Pregrado,Área de la salud,4,4,5,5,4,4,2,2,4,5,4,3,4,COMUNA 19,Centro
1Dn9KLyB7XM5WvqhFSc3hkIHGz3JpGW431a3S92CUPg0,-Satisfacción del Curso virtual - RPMS PI 1°C 2024,2024-11-14T01:27:27.402Z,,Femenino,Adolescencia (12 - 17 años),Postgrado,Área de la salud,1,1,1,1,1,1,1,1,1,1,1,1,1,COMUNA 13,Centro
1Dn9KLyB7XM5WvqhFSc3hkIHGz3JpGW431a3S92CUPg0,-Satisfacción del Curso virtual - RPMS PI 1°C 2024,2024-11-13T15:52:32.581Z,,Femenino,Adultez (29 - 59 años),Pregrado,Área de la salud,5,5,5,5,5,5,5,5,5,5,5,5,5,COMUNA 12,Centro
1Dn9KLyB7XM5WvqhFSc3hkIHGz3JpGW431a3S92CUPg0,-Satisfacción del Curso virtual - RPMS PI 1°C 2024,2024-11-30T03:44:27.712Z,,Masculino,Adultez (29 - 59 años),Pregrado,Área de la salud,5,5,5,5,5,5,5,5,5,5,5,5,5,COMUNA 1,Ladera
1Dn9KLyB7XM5WvqhFSc3hkIHGz3JpGW431a3S92CUPg0,-Satisfacción del Curso virtual - RPMS PI 1°C 2024,2024-11-10T21:45:00.490Z,,Femenino,Vejez (60 años o más),Pregrado,Área de la salud,4,5,4,4,4,5,4,4,4,5,5,5,4,COMUNA 15,Oriente
1Dn9KLyB7XM5WvqhFSc3hkIHGz3JpGW431a3S92CUPg0,-Satisfacción del Curso virtual - RPMS PI 1°C 2024,2024-12-02T06:58:53.238Z,,Femenino,Juventud (18 - 28 años),Pregrado,Área de la salud,5,5,5,5,5,5,5,5,5,5,5,5,5,COMUNA 17,Centro
1Dn9KLyB7XM5WvqhFSc3hkIHGz3JpGW431a3S92CUPg0,-Satisfacción del Curso virtual - RPMS PI 1°C 2024,2024-11-27T23:05:55.246Z,,Femenino,Adultez (29 - 59 años),Postgrado,Área de la salud,5,5,5,5,5,5,5,5,5,5,5,5,5,COMUNA 15,Ladera
1Dn9KLyB7XM5WvqhFSc3hkIHGz3JpGW431a3S92CUPg0,-Satisfacción del Curso virtual - RPMS PI 1°C 2024,2024-11-26T20:32:35.185Z,,Femenino,Juventud (18 - 28 años),Pregrado,Área de la salud,5,5,5,5,5,5,5,5,5,5,5,5,5,COMUNA 14,Oriente
1Dn9KLyB7XM5WvqhFSc3hkIHGz3JpGW431a3S92CUPg0,-Satisfacción del Curso virtual - RPMS PI 1°C 2024,2024-11-26T18:15:03.712Z,,Femenino,Adultez (29 - 59 años),Bachiller,Otro,5,5,5,5,5,5,5,5,5,5,5,5,5,COMUNA 3,Norte
1Dn9KLyB7XM5WvqhFSc3hkIHGz3JpGW431a3S92CUPg0,-Satisfacción del Curso virtual - RPMS PI 1°C 2024,2024-11-27T17:26:09.663Z,,Masculino,Adultez (29 - 59 años),Pregrado,Área de la salud,4,4,4,4,4,4,4,4,4,4,4,4,4,COMUNA 10,Oriente
1Dn9KLyB7XM5WvqhFSc3hkIHGz3JpGW431a3S92CUPg0,-Satisfacción del Curso virtual - RPMS PI 1°C 2024,2024-11-10T19:55:37.990Z,,Femenino,Adultez (29 - 59 años),Postgrado,Área de la salud,4,4,4,4,4,4,4,4,4,4,4,4,4,COMUNA 10,Centro
1Dn9KLyB7XM5WvqhFSc3hkIHGz3JpGW431a3S92CUPg0,-Satisfacción del Curso virtual - RPMS PI 1°C 2024,2024-11-12T00:01:40.315Z,,Masculino,Juventud (18 - 28 años),Pregrado,Área de la salud,5,5,5,5,5,5,5,5,5,5,5,5,5,COMUNA 15,Oriente
1Dn9KLyB7XM5WvqhFSc3hkIHGz3JpGW431a3S92CUPg0,-Satisfacción del Curso virtual - RPMS PI 1°C 2024,2024-11-13T03:33:35.439Z,,Femenino,Adultez (29 - 59 años),Postgrado,Área de la salud,5,5,5,5,4,5,4,5,4,4,4,5,5,COMUNA 19,Sur Oriente
1Dn9KLyB7XM5WvqhFSc3hkIHGz3JpGW431a3S92CUPg0,-Satisfacción del Curso virtual - RPMS PI 1°C 2024,2024-12-15T20:59:10.356Z,,Femenino,Adultez (29 - 59 años),Pregrado,Área de la salud,4,4,4,4,4,4,4,4,4,4,4,4,4,COMUNA 17,H. San Miguel
1Dn9KLyB7XM5WvqhFSc3hkIHGz3JpGW431a3S92CUPg0,-Satisfacción del Curso virtual - RPMS PI 1°C 2024,2024-11-07T21:20:02.916Z,,Masculino,Adultez (29 - 59 años),Postgrado,Área de la salud,5,5,5,5,5,5,5,5,5,5,5,5,5,COMUNA 1,Ladera
1Dn9KLyB7XM5WvqhFSc3hkIHGz3JpGW431a3S92CUPg0,-Satisfacción del Curso virtual - RPMS PI 1°C 2024,2024-10-30T00:11:51.492Z,,Femenino,Adultez (29 - 59 años),Pregrado,Área de la salud,4,5,5,5,5,5,5,5,5,3,5,5,4,COMUNA 17,Oriente
1eZ_caKFJpFSDVkRiLxw4aDDnNJctgX8VHvDfo5J0-kk,-Satisfacción del Curso virtual - RPMS I 1°C 2024,2024-11-28T21:32:33.899Z,,Femenino,Adultez (29 - 59 años),Postgrado,Área de la salud,4,4,4,4,4,4,4,4,2,2,4,5,4,COMUNA 17,Sur Oriente
1eZ_caKFJpFSDVkRiLxw4aDDnNJctgX8VHvDfo5J0-kk,-Satisfacción del Curso virtual - RPMS I 1°C 2024,2024-11-30T04:17:30.338Z,,Femenino,Adolescencia (12 - 17 años),Postgrado,Área de la salud,4,4,4,4,4,4,3,4,3,3,4,4,3,COMUNA 19,Centro
1eZ_caKFJpFSDVkRiLxw4aDDnNJctgX8VHvDfo5J0-kk,-Satisfacción del Curso virtual - RPMS I 1°C 2024,2024-11-04T03:38:05.530Z,,Femenino,Adultez (29 - 59 años),Pregrado,Área de la salud,5,5,5,4,4,4,4,4,4,4,4,4,4,COMUNA 14,Norte
1eZ_caKFJpFSDVkRiLxw4aDDnNJctgX8VHvDfo5J0-kk,-Satisfacción del Curso virtual - RPMS I 1°C 2024,2024-11-17T18:53:40.535Z,,Masculino,Adolescencia (12 - 17 años),Postgrado,Área de la salud,5,5,5,5,5,5,5,5,5,5,5,5,5,COMUNA 1,Ladera
1eZ_caKFJpFSDVkRiLxw4aDDnNJctgX8VHvDfo5J0-kk,-Satisfacción del Curso virtual - RPMS I 1°C 2024,2024-12-02T23:18:08.027Z,,Femenino,Juventud (18 - 28 años),Postgrado,Área de la salud,5,5,5,5,5,5,5,5,5,5,5,5,5,COMUNA 17,Centro
1eZ_caKFJpFSDVkRiLxw4aDDnNJctgX8VHvDfo5J0-kk,-Satisfacción del Curso virtual - RPMS I 1°C 2024,2024-11-29T12:59:43.095Z,,Masculino,Adultez (29 - 59 años),Pregrado,Área de la salud,5,5,5,5,5,5,5,5,5,5,5,5,5,COMUNA 1,Norte
1eZ_caKFJpFSDVkRiLxw4aDDnNJctgX8VHvDfo5J0-kk,-Satisfacción del Curso virtual - RPMS I 1°C 2024,2024-11-22T12:53:15.421Z,,Femenino,Adultez (29 - 59 años),Bachiller,Área de la salud,5,5,5,5,5,5,5,5,5,5,5,5,5,COMUNA 6,Norte
1eZ_caKFJpFSDVkRiLxw4aDDnNJctgX8VHvDfo5J0-kk,-Satisfacción del Curso virtual - RPMS I 1°C 2024,2024-11-04T14:46:19.116Z,,Femenino,Adultez (29 - 59 años),Pregrado,Área de la salud,5,5,5,5,5,5,5,5,5,5,5,5,5,COMUNA 17,Oriente
1eZ_caKFJpFSDVkRiLxw4aDDnNJctgX8VHvDfo5J0-kk,-Satisfacción del Curso virtual - RPMS I 1°C 2024,2024-12-11T05:35:33.149Z,,Femenino,Adultez (29 - 59 años),Postgrado,Área de la salud,5,5,5,5,5,5,5,5,5,5,5,5,5,COMUNA 22,Centro
1eZ_caKFJpFSDVkRiLxw4aDDnNJctgX8VHvDfo5J0-kk,-Satisfacción del Curso virtual - RPMS I 1°C 2024,2024-10-25T20:32:42.485Z,,Femenino,Adultez (29 - 59 años),Pregrado,Área de la salud,5,5,5,5,5,5,5,5,5,5,5,5,5,COMUNA 12,Centro
1eZ_caKFJpFSDVkRiLxw4aDDnNJctgX8VHvDfo5J0-kk,-Satisfacción del Curso virtual - RPMS I 1°C 2024,2024-11-10T00:30:53.046Z,,Masculino,Juventud (18 - 28 años),Postgrado,Área de la salud,5,5,5,5,4,4,4,4,4,4,4,4,4,COMUNA 14,Oriente
1eZ_caKFJpFSDVkRiLxw4aDDnNJctgX8VHvDfo5J0-kk,-Satisfacción del Curso virtual - RPMS I 1°C 2024,2024-11-14T00:40:12.700Z,,Femenino,Adolescencia (12 - 17 años),Postgrado,Área de la salud,1,1,1,1,1,1,1,1,1,1,1,1,1,COMUNA 13,Centro
1eZ_caKFJpFSDVkRiLxw4aDDnNJctgX8VHvDfo5J0-kk,-Satisfacción del Curso virtual - RPMS I 1°C 2024,2024-12-15T19:08:06.411Z,,Femenino,Adultez (29 - 59 años),Pregrado,Área de la salud,4,4,4,4,4,4,4,4,4,4,4,4,4,COMUNA 17,H. San Miguel
1RC81ObwPOc7S0XJvjf8GcN2L-KJY9RnRanRS5UqXgnc,-Satisfacción del Curso virtual - RPMS A 1°C 2024,2024-11-25T03:11:54.397Z,,Femenino,Juventud (18 - 28 años),Pregrado,Área de la salud,4,4,4,4,4,4,4,4,4,4,4,4,4,COMUNA 17,Oriente
1RC81ObwPOc7S0XJvjf8GcN2L-KJY9RnRanRS5UqXgnc,-Satisfacción del Curso virtual - RPMS A 1°C 2024,2024-11-14T03:21:17.264Z,,Femenino,Adultez (29 - 59 años),Pregrado,Área de la salud,4,4,4,4,4,4,4,4,4,4,4,4,4,COMUNA 18,Centro
1RC81ObwPOc7S0XJvjf8GcN2L-KJY9RnRanRS5UqXgnc,-Satisfacción del Curso virtual - RPMS A 1°C 2024,2024-11-22T19:37:47.660Z,,Femenino,Adolescencia (12 - 17 años),Bachiller,Área de la salud,4,4,4,4,4,4,4,4,4,4,4,4,4,COMUNA 2,Norte
1RC81ObwPOc7S0XJvjf8GcN2L-KJY9RnRanRS5UqXgnc,-Satisfacción del Curso virtual - RPMS A 1°C 2024,2024-11-14T19:20:44.067Z,,Masculino,Adolescencia (12 - 17 años),Postgrado,Área de la salud,5,5,5,5,5,5,5,5,5,5,5,5,5,COMUNA 2,Centro
1RC81ObwPOc7S0XJvjf8GcN2L-KJY9RnRanRS5UqXgnc,-Satisfacción del Curso virtual - RPMS A 1°C 2024,2024-12-03T05:00:51.898Z,,Femenino,Adultez (29 - 59 años),Pregrado,Área de la salud,1,1,1,1,1,1,1,1,1,1,1,1,1,COMUNA 13,Centro
1RC81ObwPOc7S0XJvjf8GcN2L-KJY9RnRanRS5UqXgnc,-Satisfacción del Curso virtual - RPMS A 1°C 2024,2024-11-09T00:32:34.996Z,,Femenino,Adolescencia (12 - 17 años),Postgrado,Área de la salud,4,4,4,3,4,5,4,4,4,4,4,4,5,COMUNA 17,Centro
1RC81ObwPOc7S0XJvjf8GcN2L-KJY9RnRanRS5UqXgnc,-Satisfacción del Curso virtual - RPMS A 1°C 2024,2024-11-12T21:20:06.978Z,,Femenino,Juventud (18 - 28 años),Pregrado,Área de la salud,4,4,4,4,4,4,3,4,3,4,2,2,3,COMUNA 17,Centro
1RC81ObwPOc7S0XJvjf8GcN2L-KJY9RnRanRS5UqXgnc,-Satisfacción del Curso virtual - RPMS A 1°C 2024,2024-12-01T03:59:32.014Z,,Femenino,Adolescencia (12 - 17 años),Postgrado,Área de la salud,4,4,4,4,4,4,4,4,3,3,4,4,4,COMUNA 19,Centro
1RC81ObwPOc7S0XJvjf8GcN2L-KJY9RnRanRS5UqXgnc,-Satisfacción del Curso virtual - RPMS A 1°C 2024,2024-12-03T00:00:16.267Z,,Femenino,Juventud (18 - 28 años),Postgrado,Área de la salud,5,5,5,5,5,5,5,5,5,5,5,5,5,COMUNA 17,Centro
1RC81ObwPOc7S0XJvjf8GcN2L-KJY9RnRanRS5UqXgnc,-Satisfacción del Curso virtual - RPMS A 1°C 2024,2024-11-10T00:08:15.963Z,,Femenino,Adolescencia (12 - 17 años),Postgrado,Área de la salud,5,4,4,4,4,5,5,4,4,4,4,4,4,COMUNA 14,Norte
1cZDIOnq3Bc5Ylr5Rq44o4X9b0gtIPv9m2MB6gWoZsiI,-Satisfacción del Curso virtual - RPMS J 1°C 2024,2024-11-20T19:36:29.830Z,,Masculino,Juventud (18 - 28 años),Pregrado,Estudiante,5,5,5,5,5,5,5,5,5,5,5,5,5,COMUNA 7,Norte
1cZDIOnq3Bc5Ylr5Rq44o4X9b0gtIPv9m2MB6gWoZsiI,-Satisfacción del Curso virtual - RPMS J 1°C 2024,2024-11-19T18:27:16.279Z,,Femenino,Juventud (18 - 28 años),Pregrado,Área de la salud,5,5,5,5,5,5,5,5,5,5,5,5,5,COMUNA 22,Norte
1cZDIOnq3Bc5Ylr5Rq44o4X9b0gtIPv9m2MB6gWoZsiI,-Satisfacción del Curso virtual - RPMS J 1°C 2024,2024-11-23T20:55:28.923Z,,Masculino,Juventud (18 - 28 años),Pregrado,Área de la salud,5,5,5,5,5,5,5,5,5,5,5,5,5,COMUNA 11,Oriente
1cZDIOnq3Bc5Ylr5Rq44o4X9b0gtIPv9m2MB6gWoZsiI,-Satisfacción del Curso virtual - RPMS J 1°C 2024,2024-11-22T21:53:17.361Z,,Masculino,Juventud (18 - 28 años),Pregrado,Área de la salud,5,5,5,4,5,5,5,5,5,3,4,5,4,COMUNA 17,Centro
1cZDIOnq3Bc5Ylr5Rq44o4X9b0gtIPv9m2MB6gWoZsiI,-Satisfacción del Curso virtual - RPMS J 1°C 2024,2024-10-29T19:22:49.059Z,,Femenino,Adultez (29 - 59 años),Postgrado,Área de la salud,5,5,5,5,5,5,5,5,5,5,5,5,5,COMUNA 17,Sur Oriente
1cZDIOnq3Bc5Ylr5Rq44o4X9b0gtIPv9m2MB6gWoZsiI,-Satisfacción del Curso virtual - RPMS J 1°C 2024,2024-11-18T18:03:40.020Z,,Masculino,Juventud (18 - 28 años),Postgrado,Área de la salud,5,5,5,5,5,5,5,5,5,5,5,5,5,COMUNA 2,Centro
1cZDIOnq3Bc5Ylr5Rq44o4X9b0gtIPv9m2MB6gWoZsiI,-Satisfacción del Curso virtual - RPMS J 1°C 2024,2024-12-02T21:22:19.540Z,,Femenino,Juventud (18 - 28 años),Postgrado,Área de la salud,5,5,5,5,5,5,5,5,5,5,5,5,5,COMUNA 17,Norte
1cZDIOnq3Bc5Ylr5Rq44o4X9b0gtIPv9m2MB6gWoZsiI,-Satisfacción del Curso virtual - RPMS J 1°C 2024,2024-12-13T16:06:13.467Z,,Femenino,Juventud (18 - 28 años),Pregrado,Área de la salud,4,4,4,4,4,4,4,4,4,4,4,4,4,COMUNA 17,Oriente
1cZDIOnq3Bc5Ylr5Rq44o4X9b0gtIPv9m2MB6gWoZsiI,-Satisfacción del Curso virtual - RPMS J 1°C 2024,2024-11-10T16:40:53.748Z,,Femenino,Juventud (18 - 28 años),Postgrado,Área de la salud,5,5,5,5,5,5,5,5,4,4,5,5,5,COMUNA 17,Centro
1C3uMy3W9Qc4RYFkIGhGuEsxvlE-9m3ctSoHJ8MFLElw,-Satisfacción del Curso virtual - RPMS AZ 1°C 2024,2024-11-12T12:50:55.519Z,,Femenino,Adultez (29 - 59 años),Postgrado,Área de la salud,5,5,5,4,5,4,4,4,2,2,4,4,5,COMUNA 17,Sur Oriente
1C3uMy3W9Qc4RYFkIGhGuEsxvlE-9m3ctSoHJ8MFLElw,-Satisfacción del Curso virtual - RPMS AZ 1°C 2024,2024-10-29T14:08:25.569Z,,Femenino,Adultez (29 - 59 años),Pregrado,Área de la salud,5,5,5,5,5,5,5,5,5,4,5,5,5,COMUNA 17,Sur Oriente
1C3uMy3W9Qc4RYFkIGhGuEsxvlE-9m3ctSoHJ8MFLElw,-Satisfacción del Curso virtual - RPMS AZ 1°C 2024,2024-12-18T20:27:06.877Z,,Femenino,Adultez (29 - 59 años),Pregrado,Área de la salud,5,5,5,5,5,5,5,5,5,5,5,5,5,COMUNA 4,Centro
1C3uMy3W9Qc4RYFkIGhGuEsxvlE-9m3ctSoHJ8MFLElw,-Satisfacción del Curso virtual - RPMS AZ 1°C 2024,2024-11-20T15:17:25.177Z,,Femenino,Adultez (29 - 59 años),Postgrado,Área de la salud,5,5,5,5,5,5,5,5,3,3,5,5,5,COMUNA 17,Sur Oriente
1C3uMy3W9Qc4RYFkIGhGuEsxvlE-9m3ctSoHJ8MFLElw,-Satisfacción del Curso virtual - RPMS AZ 1°C 2024,2024-11-08T02:48:29.619Z,,Masculino,Adultez (29 - 59 años),Pregrado,Área de la salud,5,5,5,4,5,5,5,5,5,5,5,5,5,COMUNA 8,Centro
1C3uMy3W9Qc4RYFkIGhGuEsxvlE-9m3ctSoHJ8MFLElw,-Satisfacción del Curso virtual - RPMS AZ 1°C 2024,2024-11-15T21:09:14.780Z,,Femenino,Adultez (29 - 59 años),Pregrado,Área de la salud,5,5,5,5,5,5,5,5,5,5,5,5,5,COMUNA 17,Oriente
1C3uMy3W9Qc4RYFkIGhGuEsxvlE-9m3ctSoHJ8MFLElw,-Satisfacción del Curso virtual - RPMS AZ 1°C 2024,2024-10-28T15:56:49.959Z,,Femenino,Adultez (29 - 59 años),Postgrado,Área de la salud,5,5,5,5,5,5,5,5,5,5,5,5,5,COMUNA 17,Sur Oriente
1C3uMy3W9Qc4RYFkIGhGuEsxvlE-9m3ctSoHJ8MFLElw,-Satisfacción del Curso virtual - RPMS AZ 1°C 2024,2024-10-25T17:04:29.426Z,,Masculino,Vejez (60 años o más),Postgrado,Área de la salud,5,5,5,5,5,5,5,5,5,5,5,5,5,COMUNA 19,Sur Oriente
1C3uMy3W9Qc4RYFkIGhGuEsxvlE-9m3ctSoHJ8MFLElw,-Satisfacción del Curso virtual - RPMS AZ 1°C 2024,2024-11-11T21:19:13.444Z,,Femenino,Adultez (29 - 59 años),Postgrado,Área de la salud,4,4,4,4,5,5,4,4,4,4,4,4,4,COMUNA 14,Oriente
1C3uMy3W9Qc4RYFkIGhGuEsxvlE-9m3ctSoHJ8MFLElw,-Satisfacción del Curso virtual - RPMS AZ 1°C 2024,2024-11-19T20:48:16.893Z,,Femenino,Vejez (60 años o más),Postgrado,Área de la salud,5,5,5,5,4,5,5,5,5,5,5,5,5,COMUNA 15,Oriente
1C3uMy3W9Qc4RYFkIGhGuEsxvlE-9m3ctSoHJ8MFLElw,-Satisfacción del Curso virtual - RPMS AZ 1°C 2024,2024-11-23T21:57:31.192Z,,Masculino,Juventud (18 - 28 años),Pregrado,Área de la salud,5,5,5,5,5,5,5,5,5,5,5,5,5,COMUNA 11,Oriente
1C3uMy3W9Qc4RYFkIGhGuEsxvlE-9m3ctSoHJ8MFLElw,-Satisfacción del Curso virtual - RPMS AZ 1°C 2024,2024-10-29T15:36:00.583Z,,Masculino,Adultez (29 - 59 años),Postgrado,Área de la salud,5,5,5,5,5,5,5,5,5,5,5,5,5,COMUNA 3,Norte
1C3uMy3W9Qc4RYFkIGhGuEsxvlE-9m3ctSoHJ8MFLElw,-Satisfacción del Curso virtual - RPMS AZ 1°C 2024,2024-11-23T23:47:00.465Z,,Femenino,Juventud (18 - 28 años),Pregrado,Área de la salud,5,5,5,5,5,5,5,5,5,5,5,5,5,COMUNA 14,Oriente
1C3uMy3W9Qc4RYFkIGhGuEsxvlE-9m3ctSoHJ8MFLElw,-Satisfacción del Curso virtual - RPMS AZ 1°C 2024,2024-11-05T17:53:38.485Z,,Femenino,Adultez (29 - 59 años),Pregrado,Área de la salud,5,5,5,5,5,5,5,5,5,5,5,5,5,COMUNA 18,Oriente
1C3uMy3W9Qc4RYFkIGhGuEsxvlE-9m3ctSoHJ8MFLElw,-Satisfacción del Curso virtual - RPMS AZ 1°C 2024,2024-11-07T20:26:22.541Z,,Femenino,Juventud (18 - 28 años),Pregrado,Área de la salud,5,5,5,5,5,5,5,5,5,5,5,5,5,COMUNA 22,Norte
1C3uMy3W9Qc4RYFkIGhGuEsxvlE-9m3ctSoHJ8MFLElw,-Satisfacción del Curso virtual - RPMS AZ 1°C 2024,2024-11-11T16:27:51.523Z,,Femenino,Adultez (29 - 59 años),Pregrado,Área de la salud,4,4,4,4,4,4,4,4,2,2,4,4,4,COMUNA 8,Oriente
1C3uMy3W9Qc4RYFkIGhGuEsxvlE-9m3ctSoHJ8MFLElw,-Satisfacción del Curso virtual - RPMS AZ 1°C 2024,2024-12-02T22:07:18.093Z,,Masculino,Adultez (29 - 59 años),Pregrado,Área de la salud,5,5,5,5,5,5,5,5,5,5,5,5,5,COMUNA 17,Centro
1C3uMy3W9Qc4RYFkIGhGuEsxvlE-9m3ctSoHJ8MFLElw,-Satisfacción del Curso virtual - RPMS AZ 1°C 2024,2024-11-10T15:17:57.449Z,,Masculino,Adultez (29 - 59 años),Pregrado,Área de la salud,5,5,5,5,5,5,5,5,5,5,5,5,5,COMUNA 1,Oriente
1uB7izIy70uBJu7lIz5eLl4V1N_rG7bP-DKSwFTu9y9o,-Satisfacción del Curso virtual - RPMS V 1°C 2024,2024-10-31T01:35:34.703Z,,Masculino,Vejez (60 años o más),Postgrado,Área de la salud,4,4,4,4,4,4,4,4,4,4,4,4,4,COMUNA 22,Sur Oriente
1uB7izIy70uBJu7lIz5eLl4V1N_rG7bP-DKSwFTu9y9o,-Satisfacción del Curso virtual - RPMS V 1°C 2024,2024-11-13T05:11:36.456Z,,Femenino,Vejez (60 años o más),Pregrado,Área de la salud,4,4,4,4,4,4,4,4,2,2,4,4,4,COMUNA 8,Oriente
1uB7izIy70uBJu7lIz5eLl4V1N_rG7bP-DKSwFTu9y9o,-Satisfacción del Curso virtual - RPMS V 1°C 2024,2024-12-01T16:46:37.189Z,,Femenino,Juventud (18 - 28 años),Pregrado,Área de la salud,4,4,4,4,4,4,4,4,4,4,4,4,4,COMUNA 22,Centro
1uB7izIy70uBJu7lIz5eLl4V1N_rG7bP-DKSwFTu9y9o,-Satisfacción del Curso virtual - RPMS V 1°C 2024,2024-11-10T16:00:08.998Z,,Masculino,Vejez (60 años o más),Pregrado,Área de la salud,5,5,5,5,5,5,5,5,5,5,5,5,5,COMUNA 1,Oriente
1uB7izIy70uBJu7lIz5eLl4V1N_rG7bP-DKSwFTu9y9o,-Satisfacción del Curso virtual - RPMS V 1°C 2024,2024-11-13T17:02:15.414Z,,Femenino,Juventud (18 - 28 años),Pregrado,Área de la salud,4,4,4,4,4,4,4,4,4,3,3,2,4,COMUNA 17,Centro
1uB7izIy70uBJu7lIz5eLl4V1N_rG7bP-DKSwFTu9y9o,-Satisfacción del Curso virtual - RPMS V 1°C 2024,2024-11-11T01:32:10.497Z,,Masculino,Vejez (60 años o más),Pregrado,Área de la salud,5,5,5,5,5,5,5,5,5,5,5,5,5,COMUNA 18,Centro
1uB7izIy70uBJu7lIz5eLl4V1N_rG7bP-DKSwFTu9y9o,-Satisfacción del Curso virtual - RPMS V 1°C 2024,2024-11-24T15:22:22.880Z,,Femenino,Vejez (60 años o más),Pregrado,Área de la salud,4,5,5,4,5,5,5,5,4,4,5,5,5,COMUNA 15,Oriente
1uB7izIy70uBJu7lIz5eLl4V1N_rG7bP-DKSwFTu9y9o,-Satisfacción del Curso virtual - RPMS V 1°C 2024,2024-10-29T21:26:11.119Z,,Femenino,Adultez (29 - 59 años),Postgrado,Área de la salud,5,5,5,5,5,5,5,5,5,5,5,5,5,COMUNA 17,Sur Oriente
1uB7izIy70uBJu7lIz5eLl4V1N_rG7bP-DKSwFTu9y9o,-Satisfacción del Curso virtual - RPMS V 1°C 2024,2024-10-25T21:09:08.547Z,,Masculino,Vejez (60 años o más),Postgrado,Área de la salud,5,5,5,5,5,5,5,5,5,5,5,5,5,COMUNA 19,Sur Oriente
1uB7izIy70uBJu7lIz5eLl4V1N_rG7bP-DKSwFTu9y9o,-Satisfacción del Curso virtual - RPMS V 1°C 2024,2024-10-29T17:41:40.648Z,,Femenino,Adultez (29 - 59 años),Pregrado,Área de la salud,5,5,5,5,5,5,5,5,5,5,5,5,5,COMUNA 17,Sur Oriente
1uB7izIy70uBJu7lIz5eLl4V1N_rG7bP-DKSwFTu9y9o,-Satisfacción del Curso virtual - RPMS V 1°C 2024,2024-11-11T22:40:57.050Z,,Masculino,Juventud (18 - 28 años),Pregrado,Área de la salud,5,5,5,5,5,5,5,5,5,5,5,5,5,COMUNA 15,Oriente
1uB7izIy70uBJu7lIz5eLl4V1N_rG7bP-DKSwFTu9y9o,-Satisfacción del Curso virtual - RPMS V 1°C 2024,2024-11-29T02:44:22.544Z,,Femenino,Adultez (29 - 59 años),Pregrado,Área de la salud,5,5,5,5,4,5,5,5,5,5,5,5,5,COMUNA 17,Ladera
1uB7izIy70uBJu7lIz5eLl4V1N_rG7bP-DKSwFTu9y9o,-Satisfacción del Curso virtual - RPMS V 1°C 2024,2024-12-18T12:23:05.036Z,,Femenino,Vejez (60 años o más),Postgrado,Área de la salud,5,5,5,5,5,5,5,5,5,5,5,5,5,COMUNA 6,Norte
1GdfIlrKQcfZ_heMJDiTPlwp95goxcmiMUyl75FKcRIs,-Satisfacción del Curso virtual - PF DERECHOS SEXUALES Y REPRODUCTIVOS 1°C 2024,2024-10-11T23:48:21.391Z,,Femenino,Adolescencia (12 - 17 años),Bachiller,Estudiante,3,1,1,3,1,1,1,1,1,5,1,1,1,COMUNA 6,Norte
1GdfIlrKQcfZ_heMJDiTPlwp95goxcmiMUyl75FKcRIs,-Satisfacción del Curso virtual - PF DERECHOS SEXUALES Y REPRODUCTIVOS 1°C 2024,2024-10-14T00:06:42.938Z,,Femenino,Adolescencia (12 - 17 años),Bachiller,Estudiante,5,5,5,4,5,5,5,5,4,5,4,5,5,COMUNA 14,Oriente
1GdfIlrKQcfZ_heMJDiTPlwp95goxcmiMUyl75FKcRIs,-Satisfacción del Curso virtual - PF DERECHOS SEXUALES Y REPRODUCTIVOS 1°C 2024,2024-11-15T00:05:38.303Z,,Masculino,Juventud (18 - 28 años),Bachiller,Otro,5,1,5,4,1,5,1,4,1,1,1,5,1,COMUNA 13,Oriente
1GdfIlrKQcfZ_heMJDiTPlwp95goxcmiMUyl75FKcRIs,-Satisfacción del Curso virtual - PF DERECHOS SEXUALES Y REPRODUCTIVOS 1°C 2024,2024-10-29T21:24:55.005Z,,Masculino,Adolescencia (12 - 17 años),Bachiller,Estudiante,5,5,5,5,5,5,5,5,5,5,5,5,5,COMUNA 18,Ladera
1GdfIlrKQcfZ_heMJDiTPlwp95goxcmiMUyl75FKcRIs,-Satisfacción del Curso virtual - PF DERECHOS SEXUALES Y REPRODUCTIVOS 1°C 2024,2024-10-29T14:01:45.886Z,,Femenino,Adolescencia (12 - 17 años),Bachiller,Estudiante,5,5,5,4,5,5,5,5,5,5,5,5,5,COMUNA 18,Ladera
1GdfIlrKQcfZ_heMJDiTPlwp95goxcmiMUyl75FKcRIs,-Satisfacción del Curso virtual - PF DERECHOS SEXUALES Y REPRODUCTIVOS 1°C 2024,2024-11-15T23:20:59.862Z,,Masculino,Juventud (18 - 28 años),Bachiller,Estudiante,3,4,4,4,4,4,3,4,4,4,4,4,4,COMUNA 16,Sur Oriente
1GdfIlrKQcfZ_heMJDiTPlwp95goxcmiMUyl75FKcRIs,-Satisfacción del Curso virtual - PF DERECHOS SEXUALES Y REPRODUCTIVOS 1°C 2024,2024-11-14T01:55:28.025Z,,Masculino,Adolescencia (12 - 17 años),Bachiller,Estudiante,2,2,2,2,2,2,2,2,2,2,2,2,2,COMUNA 16,Sur Oriente
1GdfIlrKQcfZ_heMJDiTPlwp95goxcmiMUyl75FKcRIs,-Satisfacción del Curso virtual - PF DERECHOS SEXUALES Y REPRODUCTIVOS 1°C 2024,2024-10-30T00:18:57.352Z,,Femenino,Adolescencia (12 - 17 años),Ninguna,Estudiante,1,1,1,1,1,1,1,1,1,1,1,1,1,COMUNA 20,Ladera
1GdfIlrKQcfZ_heMJDiTPlwp95goxcmiMUyl75FKcRIs,-Satisfacción del Curso virtual - PF DERECHOS SEXUALES Y REPRODUCTIVOS 1°C 2024,2024-11-12T23:29:30.575Z,,Femenino,Adolescencia (12 - 17 años),Ninguna,Estudiante,5,5,5,5,1,5,5,5,5,5,5,5,5,COMUNA 8,Norte
1GdfIlrKQcfZ_heMJDiTPlwp95goxcmiMUyl75FKcRIs,-Satisfacción del Curso virtual - PF DERECHOS SEXUALES Y REPRODUCTIVOS 1°C 2024,2024-10-11T19:55:47.499Z,,Masculino,Adolescencia (12 - 17 años),Bachiller,Estudiante,5,4,5,4,4,4,4,4,4,5,4,5,4,COMUNA 21,Oriente
1GdfIlrKQcfZ_heMJDiTPlwp95goxcmiMUyl75FKcRIs,-Satisfacción del Curso virtual - PF DERECHOS SEXUALES Y REPRODUCTIVOS 1°C 2024,2024-10-31T01:06:19.135Z,,Femenino,Adolescencia (12 - 17 años),Bachiller,Estudiante,5,5,5,5,5,5,5,5,5,5,5,5,5,COMUNA 20,Ladera
1GdfIlrKQcfZ_heMJDiTPlwp95goxcmiMUyl75FKcRIs,-Satisfacción del Curso virtual - PF DERECHOS SEXUALES Y REPRODUCTIVOS 1°C 2024,2024-11-27T04:27:28.238Z,,Femenino,Adolescencia (12 - 17 años),Bachiller,Estudiante,5,5,5,5,5,5,5,5,5,5,5,5,5,COMUNA 2,Oriente
1GdfIlrKQcfZ_heMJDiTPlwp95goxcmiMUyl75FKcRIs,-Satisfacción del Curso virtual - PF DERECHOS SEXUALES Y REPRODUCTIVOS 1°C 2024,2024-10-31T19:41:47.470Z,,Masculino,Adolescencia (12 - 17 años),Bachiller,Estudiante,3,5,5,4,4,4,5,4,5,3,5,4,5,COMUNA 7,Norte
1GdfIlrKQcfZ_heMJDiTPlwp95goxcmiMUyl75FKcRIs,-Satisfacción del Curso virtual - PF DERECHOS SEXUALES Y REPRODUCTIVOS 1°C 2024,2024-10-10T02:09:42.339Z,,Femenino,Adolescencia (12 - 17 años),Bachiller,Estudiante,5,4,5,4,5,5,5,5,5,5,4,5,4,COMUNA 7,Norte
1GdfIlrKQcfZ_heMJDiTPlwp95goxcmiMUyl75FKcRIs,-Satisfacción del Curso virtual - PF DERECHOS SEXUALES Y REPRODUCTIVOS 1°C 2024,2024-10-30T22:09:52.583Z,,Masculino,Adolescencia (12 - 17 años),Bachiller,Estudiante,5,5,5,4,5,5,5,5,5,5,5,5,5,COMUNA 18,Ladera
1GdfIlrKQcfZ_heMJDiTPlwp95goxcmiMUyl75FKcRIs,-Satisfacción del Curso virtual - PF DERECHOS SEXUALES Y REPRODUCTIVOS 1°C 2024,2024-11-25T03:55:00.853Z,,Masculino,Adolescencia (12 - 17 años),Bachiller,Estudiante,5,4,4,5,5,5,4,5,4,5,5,5,5,COMUNA 8,Centro
1GdfIlrKQcfZ_heMJDiTPlwp95goxcmiMUyl75FKcRIs,-Satisfacción del Curso virtual - PF DERECHOS SEXUALES Y REPRODUCTIVOS 1°C 2024,2024-11-21T16:34:36.669Z,,Masculino,Adolescencia (12 - 17 años),Bachiller,Estudiante,5,5,5,5,5,5,5,5,5,5,5,5,5,COMUNA 10,Sur Oriente
1GdfIlrKQcfZ_heMJDiTPlwp95goxcmiMUyl75FKcRIs,-Satisfacción del Curso virtual - PF DERECHOS SEXUALES Y REPRODUCTIVOS 1°C 2024,2024-11-07T02:37:11.535Z,,Femenino,Adolescencia (12 - 17 años),Bachiller,Estudiante,5,5,5,5,5,5,5,5,3,5,5,5,5,COMUNA 11,Centro
1GdfIlrKQcfZ_heMJDiTPlwp95goxcmiMUyl75FKcRIs,-Satisfacción del Curso virtual - PF DERECHOS SEXUALES Y REPRODUCTIVOS 1°C 2024,2024-11-07T01:18:23.185Z,,Masculino,Adolescencia (12 - 17 años),Pregrado,Estudiante,5,5,5,4,3,4,5,5,5,5,5,5,5,COMUNA 6,Norte
1GdfIlrKQcfZ_heMJDiTPlwp95goxcmiMUyl75FKcRIs,-Satisfacción del Curso virtual - PF DERECHOS SEXUALES Y REPRODUCTIVOS 1°C 2024,2024-11-09T17:06:20.761Z,,Femenino,Adolescencia (12 - 17 años),Bachiller,Estudiante,3,4,4,4,4,4,4,4,3,4,3,4,3,COMUNA 11,Sur Oriente
1GdfIlrKQcfZ_heMJDiTPlwp95goxcmiMUyl75FKcRIs,-Satisfacción del Curso virtual - PF DERECHOS SEXUALES Y REPRODUCTIVOS 1°C 2024,2024-11-15T03:56:28.547Z,,Masculino,Adolescencia (12 - 17 años),Bachiller,Estudiante,5,4,4,4,4,5,4,4,4,5,5,5,5,COMUNA 20,Centro
1GdfIlrKQcfZ_heMJDiTPlwp95goxcmiMUyl75FKcRIs,-Satisfacción del Curso virtual - PF DERECHOS SEXUALES Y REPRODUCTIVOS 1°C 2024,2024-11-12T21:38:57.867Z,,Femenino,Adolescencia (12 - 17 años),Bachiller,Estudiante,5,5,5,4,5,5,5,5,5,5,5,5,5,COMUNA 10,Centro
1GdfIlrKQcfZ_heMJDiTPlwp95goxcmiMUyl75FKcRIs,-Satisfacción del Curso virtual - PF DERECHOS SEXUALES Y REPRODUCTIVOS 1°C 2024,2024-11-01T03:37:26.505Z,,Femenino,Juventud (18 - 28 años),Bachiller,Estudiante,5,3,3,2,4,3,3,3,5,5,4,4,4,COMUNA 7,Norte
1GdfIlrKQcfZ_heMJDiTPlwp95goxcmiMUyl75FKcRIs,-Satisfacción del Curso virtual - PF DERECHOS SEXUALES Y REPRODUCTIVOS 1°C 2024,2024-11-01T03:00:51.884Z,,Femenino,Adolescencia (12 - 17 años),Bachiller,Estudiante,4,5,5,5,5,5,4,5,5,4,4,5,3,COMUNA 19,Oriente
1GdfIlrKQcfZ_heMJDiTPlwp95goxcmiMUyl75FKcRIs,-Satisfacción del Curso virtual - PF DERECHOS SEXUALES Y REPRODUCTIVOS 1°C 2024,2024-10-10T15:12:34.358Z,,Masculino,Adolescencia (12 - 17 años),Bachiller,Estudiante,5,5,5,5,5,5,5,5,5,5,5,5,5,COMUNA 1,Norte
1GdfIlrKQcfZ_heMJDiTPlwp95goxcmiMUyl75FKcRIs,-Satisfacción del Curso virtual - PF DERECHOS SEXUALES Y REPRODUCTIVOS 1°C 2024,2024-10-24T01:42:27.110Z,,Femenino,Adolescencia (12 - 17 años),Bachiller,Estudiante,4,4,5,5,5,5,4,5,4,5,4,5,5,COMUNA 15,Oriente
1GdfIlrKQcfZ_heMJDiTPlwp95goxcmiMUyl75FKcRIs,-Satisfacción del Curso virtual - PF DERECHOS SEXUALES Y REPRODUCTIVOS 1°C 2024,2024-11-29T20:09:30.109Z,,Masculino,Adolescencia (12 - 17 años),Bachiller,Estudiante,4,5,5,5,5,5,4,5,5,5,5,4,5,COMUNA 8,Centro
1GdfIlrKQcfZ_heMJDiTPlwp95goxcmiMUyl75FKcRIs,-Satisfacción del Curso virtual - PF DERECHOS SEXUALES Y REPRODUCTIVOS 1°C 2024,2024-11-20T00:01:48.899Z,,Masculino,Adolescencia (12 - 17 años),Pregrado,Estudiante,5,4,4,2,5,4,5,4,5,5,4,4,3,COMUNA 12,Oriente
1GdfIlrKQcfZ_heMJDiTPlwp95goxcmiMUyl75FKcRIs,-Satisfacción del Curso virtual - PF DERECHOS SEXUALES Y REPRODUCTIVOS 1°C 2024,2024-10-15T17:45:14.761Z,,Masculino,Adolescencia (12 - 17 años),Bachiller,Estudiante,4,5,4,3,5,4,4,4,5,4,4,4,3,COMUNA 14,Oriente
1GdfIlrKQcfZ_heMJDiTPlwp95goxcmiMUyl75FKcRIs,-Satisfacción del Curso virtual - PF DERECHOS SEXUALES Y REPRODUCTIVOS 1°C 2024,2024-10-21T21:54:49.454Z,,Masculino,Juventud (18 - 28 años),Bachiller,Estudiante,5,5,5,5,5,5,5,5,5,5,5,5,5,COMUNA 16,Sur Oriente
1GdfIlrKQcfZ_heMJDiTPlwp95goxcmiMUyl75FKcRIs,-Satisfacción del Curso virtual - PF DERECHOS SEXUALES Y REPRODUCTIVOS 1°C 2024,2024-10-13T04:06:06.794Z,,Femenino,Adolescencia (12 - 17 años),Bachiller,Área de la salud,3,3,3,1,5,3,3,3,1,3,2,2,4,COMUNA 6,Norte
1GdfIlrKQcfZ_heMJDiTPlwp95goxcmiMUyl75FKcRIs,-Satisfacción del Curso virtual - PF DERECHOS SEXUALES Y REPRODUCTIVOS 1°C 2024,2024-10-09T20:34:28.302Z,,Femenino,Adolescencia (12 - 17 años),Bachiller,Estudiante,3,4,4,4,4,4,4,4,3,3,3,4,3,COMUNA 6,Norte
1GdfIlrKQcfZ_heMJDiTPlwp95goxcmiMUyl75FKcRIs,-Satisfacción del Curso virtual - PF DERECHOS SEXUALES Y REPRODUCTIVOS 1°C 2024,2024-11-14T19:58:53.052Z,,Masculino,Adolescencia (12 - 17 años),Bachiller,Estudiante,5,5,5,4,5,5,5,5,5,5,5,5,5,COMUNA 10,Sur Oriente
1GdfIlrKQcfZ_heMJDiTPlwp95goxcmiMUyl75FKcRIs,-Satisfacción del Curso virtual - PF DERECHOS SEXUALES Y REPRODUCTIVOS 1°C 2024,2024-11-13T12:44:58.293Z,,Femenino,Adolescencia (12 - 17 años),Bachiller,Estudiante,5,5,5,3,5,5,5,3,5,5,5,5,5,COMUNA 16,Sur Oriente
1GdfIlrKQcfZ_heMJDiTPlwp95goxcmiMUyl75FKcRIs,-Satisfacción del Curso virtual - PF DERECHOS SEXUALES Y REPRODUCTIVOS 1°C 2024,2024-11-01T20:45:34.130Z,,Masculino,Adolescencia (12 - 17 años),Bachiller,Estudiante,1,1,1,2,1,3,1,1,1,1,1,1,1,COMUNA 21,Centro
1GdfIlrKQcfZ_heMJDiTPlwp95goxcmiMUyl75FKcRIs,-Satisfacción del Curso virtual - PF DERECHOS SEXUALES Y REPRODUCTIVOS 1°C 2024,2024-10-11T05:09:10.537Z,,Femenino,Adolescencia (12 - 17 años),Bachiller,Estudiante,5,5,5,5,5,5,5,5,5,5,5,5,5,COMUNA 6,Norte
1GdfIlrKQcfZ_heMJDiTPlwp95goxcmiMUyl75FKcRIs,-Satisfacción del Curso virtual - PF DERECHOS SEXUALES Y REPRODUCTIVOS 1°C 2024,2024-10-14T04:37:37.840Z,,Femenino,Adolescencia (12 - 17 años),Bachiller,Estudiante,5,5,5,4,5,4,4,4,5,4,5,4,4,COMUNA 7,Norte
1GdfIlrKQcfZ_heMJDiTPlwp95goxcmiMUyl75FKcRIs,-Satisfacción del Curso virtual - PF DERECHOS SEXUALES Y REPRODUCTIVOS 1°C 2024,2024-10-19T01:18:31.444Z,,Femenino,Adolescencia (12 - 17 años),Bachiller,Estudiante,4,4,5,4,5,5,5,4,5,5,4,5,5,COMUNA 17,Ladera
1GdfIlrKQcfZ_heMJDiTPlwp95goxcmiMUyl75FKcRIs,-Satisfacción del Curso virtual - PF DERECHOS SEXUALES Y REPRODUCTIVOS 1°C 2024,2024-11-19T01:51:29.889Z,,Femenino,Adolescencia (12 - 17 años),Bachiller,Estudiante,4,5,5,3,5,5,5,4,5,4,4,5,4,COMUNA 10,Sur Oriente
1GdfIlrKQcfZ_heMJDiTPlwp95goxcmiMUyl75FKcRIs,-Satisfacción del Curso virtual - PF DERECHOS SEXUALES Y REPRODUCTIVOS 1°C 2024,2024-10-23T23:14:43.031Z,,Masculino,Adolescencia (12 - 17 años),Bachiller,Estudiante,5,5,5,5,5,5,4,4,5,4,5,4,5,COMUNA 14,Oriente
1GdfIlrKQcfZ_heMJDiTPlwp95goxcmiMUyl75FKcRIs,-Satisfacción del Curso virtual - PF DERECHOS SEXUALES Y REPRODUCTIVOS 1°C 2024,2024-10-21T20:33:13.438Z,,Masculino,Adolescencia (12 - 17 años),Bachiller,Estudiante,5,5,5,5,5,5,5,5,5,5,5,5,5,COMUNA 15,Norte
1GdfIlrKQcfZ_heMJDiTPlwp95goxcmiMUyl75FKcRIs,-Satisfacción del Curso virtual - PF DERECHOS SEXUALES Y REPRODUCTIVOS 1°C 2024,2024-10-12T00:41:27.168Z,,Femenino,Adolescencia (12 - 17 años),Pregrado,Estudiante,5,4,5,4,5,5,5,5,5,5,5,5,5,COMUNA 6,Norte
1GdfIlrKQcfZ_heMJDiTPlwp95goxcmiMUyl75FKcRIs,-Satisfacción del Curso virtual - PF DERECHOS SEXUALES Y REPRODUCTIVOS 1°C 2024,2024-10-27T02:47:47.473Z,,Masculino,Adolescencia (12 - 17 años),Bachiller,Estudiante,4,4,5,3,5,4,4,4,4,3,5,4,4,COMUNA 20,Ladera
1GdfIlrKQcfZ_heMJDiTPlwp95goxcmiMUyl75FKcRIs,-Satisfacción del Curso virtual - PF DERECHOS SEXUALES Y REPRODUCTIVOS 1°C 2024,2024-10-31T17:13:09.019Z,,Masculino,Juventud (18 - 28 años),Bachiller,Estudiante,5,5,5,4,5,5,4,5,4,4,4,5,5,COMUNA 7,Norte
1GdfIlrKQcfZ_heMJDiTPlwp95goxcmiMUyl75FKcRIs,-Satisfacción del Curso virtual - PF DERECHOS SEXUALES Y REPRODUCTIVOS 1°C 2024,2024-11-09T00:59:14.299Z,,Femenino,Adolescencia (12 - 17 años),Bachiller,Estudiante,3,5,4,2,5,3,3,4,4,3,3,3,5,COMUNA 11,Centro
1GdfIlrKQcfZ_heMJDiTPlwp95goxcmiMUyl75FKcRIs,-Satisfacción del Curso virtual - PF DERECHOS SEXUALES Y REPRODUCTIVOS 1°C 2024,2024-10-24T20:52:06.352Z,,Masculino,Adolescencia (12 - 17 años),Bachiller,Estudiante,5,5,5,5,5,5,5,5,5,5,5,5,5,COMUNA 17,Ladera
1GdfIlrKQcfZ_heMJDiTPlwp95goxcmiMUyl75FKcRIs,-Satisfacción del Curso virtual - PF DERECHOS SEXUALES Y REPRODUCTIVOS 1°C 2024,2024-10-31T01:09:59.537Z,,Masculino,Adolescencia (12 - 17 años),Bachiller,Estudiante,5,5,5,4,5,4,4,4,4,4,3,4,4,COMUNA 10,Centro
1GdfIlrKQcfZ_heMJDiTPlwp95goxcmiMUyl75FKcRIs,-Satisfacción del Curso virtual - PF DERECHOS SEXUALES Y REPRODUCTIVOS 1°C 2024,2024-10-29T19:50:09.598Z,,Femenino,Adolescencia (12 - 17 años),Bachiller,Estudiante,4,4,4,5,5,4,4,4,5,5,5,4,4,COMUNA 18,Ladera
1GdfIlrKQcfZ_heMJDiTPlwp95goxcmiMUyl75FKcRIs,-Satisfacción del Curso virtual - PF DERECHOS SEXUALES Y REPRODUCTIVOS 1°C 2024,2024-11-13T22:35:37.608Z,,Masculino,Adolescencia (12 - 17 años),Bachiller,Estudiante,2,2,2,2,4,4,1,2,1,1,1,1,1,COMUNA 16,Sur Oriente
1GdfIlrKQcfZ_heMJDiTPlwp95goxcmiMUyl75FKcRIs,-Satisfacción del Curso virtual - PF DERECHOS SEXUALES Y REPRODUCTIVOS 1°C 2024,2024-10-21T14:49:15.639Z,,Femenino,Adolescencia (12 - 17 años),Ninguna,Estudiante,5,5,5,5,5,5,5,5,5,5,5,5,5,COMUNA 20,Ladera
1GdfIlrKQcfZ_heMJDiTPlwp95goxcmiMUyl75FKcRIs,-Satisfacción del Curso virtual - PF DERECHOS SEXUALES Y REPRODUCTIVOS 1°C 2024,2024-11-08T02:55:16.248Z,,Femenino,Adolescencia (12 - 17 años),Bachiller,Estudiante,5,5,5,3,5,5,5,5,5,5,5,5,5,COMUNA 4,Norte
1GdfIlrKQcfZ_heMJDiTPlwp95goxcmiMUyl75FKcRIs,-Satisfacción del Curso virtual - PF DERECHOS SEXUALES Y REPRODUCTIVOS 1°C 2024,2024-10-29T22:23:39.051Z,,Masculino,Adolescencia (12 - 17 años),Bachiller,Estudiante,5,5,5,5,5,5,5,5,5,5,5,5,5,COMUNA 20,Ladera
1GdfIlrKQcfZ_heMJDiTPlwp95goxcmiMUyl75FKcRIs,-Satisfacción del Curso virtual - PF DERECHOS SEXUALES Y REPRODUCTIVOS 1°C 2024,2024-10-14T23:47:15.322Z,,Masculino,Adolescencia (12 - 17 años),Bachiller,Estudiante,4,4,3,4,4,3,5,3,5,4,3,3,4,COMUNA 15,Sur Oriente
1GdfIlrKQcfZ_heMJDiTPlwp95goxcmiMUyl75FKcRIs,-Satisfacción del Curso virtual - PF DERECHOS SEXUALES Y REPRODUCTIVOS 1°C 2024,2024-11-15T04:00:17.060Z,,Femenino,Adolescencia (12 - 17 años),Bachiller,Estudiante,5,5,5,5,5,5,5,5,5,5,5,5,5,COMUNA 8,Centro
1GdfIlrKQcfZ_heMJDiTPlwp95goxcmiMUyl75FKcRIs,-Satisfacción del Curso virtual - PF DERECHOS SEXUALES Y REPRODUCTIVOS 1°C 2024,2024-10-30T12:33:01.657Z,,Masculino,Adolescencia (12 - 17 años),Bachiller,Estudiante,4,3,4,4,3,5,4,4,4,3,2,5,4,COMUNA 15,Oriente
1GdfIlrKQcfZ_heMJDiTPlwp95goxcmiMUyl75FKcRIs,-Satisfacción del Curso virtual - PF DERECHOS SEXUALES Y REPRODUCTIVOS 1°C 2024,2024-11-29T02:49:25.552Z,,Femenino,Adolescencia (12 - 17 años),Bachiller,Estudiante,5,5,5,3,5,5,4,4,4,4,4,4,4,COMUNA 10,Centro
1GdfIlrKQcfZ_heMJDiTPlwp95goxcmiMUyl75FKcRIs,-Satisfacción del Curso virtual - PF DERECHOS SEXUALES Y REPRODUCTIVOS 1°C 2024,2024-11-14T21:01:35.777Z,,Masculino,Adolescencia (12 - 17 años),Bachiller,Estudiante,5,5,5,5,5,5,5,5,4,5,5,5,5,COMUNA 12,Centro
1GdfIlrKQcfZ_heMJDiTPlwp95goxcmiMUyl75FKcRIs,-Satisfacción del Curso virtual - PF DERECHOS SEXUALES Y REPRODUCTIVOS 1°C 2024,2024-11-02T02:20:28.802Z,,Masculino,Adolescencia (12 - 17 años),Bachiller,Estudiante,4,4,4,4,5,5,4,4,4,4,4,4,4,COMUNA 21,Oriente
1GdfIlrKQcfZ_heMJDiTPlwp95goxcmiMUyl75FKcRIs,-Satisfacción del Curso virtual - PF DERECHOS SEXUALES Y REPRODUCTIVOS 1°C 2024,2024-10-31T05:58:56.243Z,,Femenino,Adolescencia (12 - 17 años),Bachiller,Estudiante,5,5,5,5,5,5,5,5,5,5,5,5,5,COMUNA 5,Norte
1GdfIlrKQcfZ_heMJDiTPlwp95goxcmiMUyl75FKcRIs,-Satisfacción del Curso virtual - PF DERECHOS SEXUALES Y REPRODUCTIVOS 1°C 2024,2024-10-18T22:28:19.087Z,,Masculino,Adolescencia (12 - 17 años),Bachiller,Estudiante,5,5,5,5,5,4,5,4,4,5,5,5,5,COMUNA 16,Sur Oriente
1GdfIlrKQcfZ_heMJDiTPlwp95goxcmiMUyl75FKcRIs,-Satisfacción del Curso virtual - PF DERECHOS SEXUALES Y REPRODUCTIVOS 1°C 2024,2024-10-12T21:27:44.391Z,,Femenino,Adolescencia (12 - 17 años),Bachiller,Estudiante,4,4,3,4,3,2,4,4,4,4,4,4,4,COMUNA 7,Norte
1GdfIlrKQcfZ_heMJDiTPlwp95goxcmiMUyl75FKcRIs,-Satisfacción del Curso virtual - PF DERECHOS SEXUALES Y REPRODUCTIVOS 1°C 2024,2024-10-14T04:48:00.552Z,,Femenino,Adolescencia (12 - 17 años),Bachiller,Estudiante,5,4,5,4,5,5,4,4,4,5,4,5,5,COMUNA 6,Norte
1GdfIlrKQcfZ_heMJDiTPlwp95goxcmiMUyl75FKcRIs,-Satisfacción del Curso virtual - PF DERECHOS SEXUALES Y REPRODUCTIVOS 1°C 2024,2024-10-30T03:16:51.094Z,,Femenino,Adolescencia (12 - 17 años),Bachiller,Estudiante,4,3,5,4,4,5,4,4,4,5,3,4,5,COMUNA 8,Centro
1GdfIlrKQcfZ_heMJDiTPlwp95goxcmiMUyl75FKcRIs,-Satisfacción del Curso virtual - PF DERECHOS SEXUALES Y REPRODUCTIVOS 1°C 2024,2024-11-21T00:33:39.202Z,,Femenino,Adolescencia (12 - 17 años),Bachiller,Estudiante,5,4,4,4,4,4,4,3,4,4,4,3,4,COMUNA 8,Sur Oriente
1GdfIlrKQcfZ_heMJDiTPlwp95goxcmiMUyl75FKcRIs,-Satisfacción del Curso virtual - PF DERECHOS SEXUALES Y REPRODUCTIVOS 1°C 2024,2024-10-24T17:46:09.157Z,,Femenino,Adolescencia (12 - 17 años),Bachiller,Estudiante,5,5,5,5,5,5,5,5,5,5,5,5,5,COMUNA 20,Ladera
1GdfIlrKQcfZ_heMJDiTPlwp95goxcmiMUyl75FKcRIs,-Satisfacción del Curso virtual - PF DERECHOS SEXUALES Y REPRODUCTIVOS 1°C 2024,2024-11-15T22:41:48.716Z,,Masculino,Juventud (18 - 28 años),Bachiller,Área de la salud,4,5,4,4,3,5,4,4,5,5,4,3,5,COMUNA 2,Norte
1GdfIlrKQcfZ_heMJDiTPlwp95goxcmiMUyl75FKcRIs,-Satisfacción del Curso virtual - PF DERECHOS SEXUALES Y REPRODUCTIVOS 1°C 2024,2024-11-14T13:57:39.932Z,,Masculino,Adolescencia (12 - 17 años),Bachiller,Estudiante,4,4,5,4,5,4,4,4,4,4,4,4,4,COMUNA 11,Centro
1GdfIlrKQcfZ_heMJDiTPlwp95goxcmiMUyl75FKcRIs,-Satisfacción del Curso virtual - PF DERECHOS SEXUALES Y REPRODUCTIVOS 1°C 2024,2024-11-19T04:05:23.521Z,,Femenino,Adolescencia (12 - 17 años),Ninguna,Estudiante,5,5,5,3,5,5,5,3,5,5,5,5,3,COMUNA 21,Norte
1GdfIlrKQcfZ_heMJDiTPlwp95goxcmiMUyl75FKcRIs,-Satisfacción del Curso virtual - PF DERECHOS SEXUALES Y REPRODUCTIVOS 1°C 2024,2024-10-31T00:08:13.648Z,,Femenino,Adolescencia (12 - 17 años),Bachiller,Estudiante,5,3,5,2,5,4,4,4,4,3,4,5,4,COMUNA 9,Centro
1GdfIlrKQcfZ_heMJDiTPlwp95goxcmiMUyl75FKcRIs,-Satisfacción del Curso virtual - PF DERECHOS SEXUALES Y REPRODUCTIVOS 1°C 2024,2024-10-11T22:08:56.594Z,,Femenino,Adolescencia (12 - 17 años),Bachiller,Estudiante,5,5,5,5,4,5,5,4,3,4,5,5,5,COMUNA 6,Norte
1GdfIlrKQcfZ_heMJDiTPlwp95goxcmiMUyl75FKcRIs,-Satisfacción del Curso virtual - PF DERECHOS SEXUALES Y REPRODUCTIVOS 1°C 2024,2024-10-10T14:51:24.934Z,,Femenino,Adolescencia (12 - 17 años),Bachiller,Estudiante,5,5,5,5,5,5,5,5,5,5,5,5,5,COMUNA 6,Norte
1GdfIlrKQcfZ_heMJDiTPlwp95goxcmiMUyl75FKcRIs,-Satisfacción del Curso virtual - PF DERECHOS SEXUALES Y REPRODUCTIVOS 1°C 2024,2024-10-29T19:42:40.379Z,,Femenino,Adolescencia (12 - 17 años),Bachiller,Estudiante,3,3,5,4,5,4,4,4,4,4,5,5,5,COMUNA 15,Centro
1GdfIlrKQcfZ_heMJDiTPlwp95goxcmiMUyl75FKcRIs,-Satisfacción del Curso virtual - PF DERECHOS SEXUALES Y REPRODUCTIVOS 1°C 2024,2024-10-30T03:19:15.563Z,,Masculino,Adolescencia (12 - 17 años),Bachiller,Estudiante,5,5,5,5,5,5,5,5,5,5,5,5,5,COMUNA 14,Ladera
1GdfIlrKQcfZ_heMJDiTPlwp95goxcmiMUyl75FKcRIs,-Satisfacción del Curso virtual - PF DERECHOS SEXUALES Y REPRODUCTIVOS 1°C 2024,2024-11-05T13:34:47.907Z,,Masculino,Adolescencia (12 - 17 años),Bachiller,Estudiante,5,5,5,5,5,5,5,5,5,5,5,5,5,COMUNA 16,Sur Oriente
1GdfIlrKQcfZ_heMJDiTPlwp95goxcmiMUyl75FKcRIs,-Satisfacción del Curso virtual - PF DERECHOS SEXUALES Y REPRODUCTIVOS 1°C 2024,2024-11-16T23:43:38.131Z,,Femenino,Adolescencia (12 - 17 años),Bachiller,Estudiante,3,5,5,5,5,5,5,5,4,4,4,5,4,COMUNA 3,Sur Oriente
1GdfIlrKQcfZ_heMJDiTPlwp95goxcmiMUyl75FKcRIs,-Satisfacción del Curso virtual - PF DERECHOS SEXUALES Y REPRODUCTIVOS 1°C 2024,2024-10-23T20:19:42.637Z,,Femenino,Adolescencia (12 - 17 años),Ninguna,Estudiante,4,4,4,5,5,5,4,4,4,4,4,5,5,COMUNA 15,Sur Oriente
1GdfIlrKQcfZ_heMJDiTPlwp95goxcmiMUyl75FKcRIs,-Satisfacción del Curso virtual - PF DERECHOS SEXUALES Y REPRODUCTIVOS 1°C 2024,2024-11-15T01:59:50.813Z,,Femenino,Adolescencia (12 - 17 años),Bachiller,Estudiante,5,5,5,4,4,4,5,4,5,4,5,4,5,COMUNA 15,Oriente
1GdfIlrKQcfZ_heMJDiTPlwp95goxcmiMUyl75FKcRIs,-Satisfacción del Curso virtual - PF DERECHOS SEXUALES Y REPRODUCTIVOS 1°C 2024,2024-10-29T02:34:27.528Z,,Femenino,Adolescencia (12 - 17 años),Bachiller,Estudiante,5,3,4,3,5,4,3,4,4,5,5,4,4,COMUNA 15,Ladera
1GdfIlrKQcfZ_heMJDiTPlwp95goxcmiMUyl75FKcRIs,-Satisfacción del Curso virtual - PF DERECHOS SEXUALES Y REPRODUCTIVOS 1°C 2024,2024-10-24T01:59:45.832Z,,Femenino,Adolescencia (12 - 17 años),Bachiller,Estudiante,5,5,5,4,5,5,5,5,5,5,5,5,5,COMUNA 21,Oriente
1GdfIlrKQcfZ_heMJDiTPlwp95goxcmiMUyl75FKcRIs,-Satisfacción del Curso virtual - PF DERECHOS SEXUALES Y REPRODUCTIVOS 1°C 2024,2024-11-01T03:12:50.778Z,,Masculino,Adolescencia (12 - 17 años),Bachiller,Estudiante,5,5,5,4,5,5,4,5,5,5,5,5,4,COMUNA 12,Ladera
1GdfIlrKQcfZ_heMJDiTPlwp95goxcmiMUyl75FKcRIs,-Satisfacción del Curso virtual - PF DERECHOS SEXUALES Y REPRODUCTIVOS 1°C 2024,2024-11-05T17:15:21.390Z,,Femenino,Juventud (18 - 28 años),Bachiller,Estudiante,5,5,5,5,5,5,5,5,5,5,5,5,5,COMUNA 13,Oriente
1GdfIlrKQcfZ_heMJDiTPlwp95goxcmiMUyl75FKcRIs,-Satisfacción del Curso virtual - PF DERECHOS SEXUALES Y REPRODUCTIVOS 1°C 2024,2024-10-31T05:43:37.233Z,,Femenino,Adolescencia (12 - 17 años),Bachiller,Estudiante,4,4,4,4,4,4,3,4,5,4,3,4,4,COMUNA 7,Norte
1GdfIlrKQcfZ_heMJDiTPlwp95goxcmiMUyl75FKcRIs,-Satisfacción del Curso virtual - PF DERECHOS SEXUALES Y REPRODUCTIVOS 1°C 2024,2024-10-16T02:18:02.806Z,,Femenino,Juventud (18 - 28 años),Pregrado,Estudiante,5,5,5,5,5,5,5,5,4,5,5,5,5,COMUNA 10,Norte
1GdfIlrKQcfZ_heMJDiTPlwp95goxcmiMUyl75FKcRIs,-Satisfacción del Curso virtual - PF DERECHOS SEXUALES Y REPRODUCTIVOS 1°C 2024,2024-11-10T03:19:43.856Z,,Masculino,Adolescencia (12 - 17 años),Bachiller,Estudiante,4,4,4,4,5,4,4,5,5,5,5,5,5,COMUNA 11,Centro
1GdfIlrKQcfZ_heMJDiTPlwp95goxcmiMUyl75FKcRIs,-Satisfacción del Curso virtual - PF DERECHOS SEXUALES Y REPRODUCTIVOS 1°C 2024,2024-11-02T14:55:34.725Z,,Femenino,Adolescencia (12 - 17 años),Ninguna,Estudiante,3,5,5,5,5,5,5,5,5,5,5,4,5,COMUNA 14,Norte
1GdfIlrKQcfZ_heMJDiTPlwp95goxcmiMUyl75FKcRIs,-Satisfacción del Curso virtual - PF DERECHOS SEXUALES Y REPRODUCTIVOS 1°C 2024,2024-11-14T20:08:48.753Z,,Masculino,Adolescencia (12 - 17 años),Bachiller,Estudiante,5,4,5,5,4,5,5,4,4,5,4,4,5,COMUNA 15,Centro
1GdfIlrKQcfZ_heMJDiTPlwp95goxcmiMUyl75FKcRIs,-Satisfacción del Curso virtual - PF DERECHOS SEXUALES Y REPRODUCTIVOS 1°C 2024,2024-10-11T17:59:38.239Z,,Femenino,Juventud (18 - 28 años),Bachiller,Estudiante,5,5,5,5,5,5,5,5,5,5,5,5,5,COMUNA 4,Norte
1GdfIlrKQcfZ_heMJDiTPlwp95goxcmiMUyl75FKcRIs,-Satisfacción del Curso virtual - PF DERECHOS SEXUALES Y REPRODUCTIVOS 1°C 2024,2024-11-15T04:36:48.387Z,,Masculino,Adolescencia (12 - 17 años),Bachiller,Estudiante,5,4,4,5,4,5,5,5,5,4,5,5,5,COMUNA 17,Centro
1GdfIlrKQcfZ_heMJDiTPlwp95goxcmiMUyl75FKcRIs,-Satisfacción del Curso virtual - PF DERECHOS SEXUALES Y REPRODUCTIVOS 1°C 2024,2024-10-25T15:26:55.844Z,,Femenino,Adolescencia (12 - 17 años),Bachiller,Estudiante,5,5,5,5,5,5,5,5,5,5,5,5,5,COMUNA 14,Oriente
1GdfIlrKQcfZ_heMJDiTPlwp95goxcmiMUyl75FKcRIs,-Satisfacción del Curso virtual - PF DERECHOS SEXUALES Y REPRODUCTIVOS 1°C 2024,2024-10-31T05:04:57.115Z,,Femenino,Adolescencia (12 - 17 años),Bachiller,Otro,5,5,5,5,5,5,5,5,5,5,5,5,5,COMUNA 20,Ladera
1GdfIlrKQcfZ_heMJDiTPlwp95goxcmiMUyl75FKcRIs,-Satisfacción del Curso virtual - PF DERECHOS SEXUALES Y REPRODUCTIVOS 1°C 2024,2024-10-13T06:16:10.857Z,,Masculino,Adolescencia (12 - 17 años),Bachiller,Estudiante,5,5,5,5,5,5,5,5,5,5,5,5,5,COMUNA 13,Norte
1GdfIlrKQcfZ_heMJDiTPlwp95goxcmiMUyl75FKcRIs,-Satisfacción del Curso virtual - PF DERECHOS SEXUALES Y REPRODUCTIVOS 1°C 2024,2024-11-01T23:39:11.871Z,,Masculino,Adolescencia (12 - 17 años),Bachiller,Estudiante,5,5,5,5,5,5,5,5,5,5,5,5,5,COMUNA 16,Sur Oriente
1GdfIlrKQcfZ_heMJDiTPlwp95goxcmiMUyl75FKcRIs,-Satisfacción del Curso virtual - PF DERECHOS SEXUALES Y REPRODUCTIVOS 1°C 2024,2024-10-30T01:26:56.042Z,,Masculino,Adolescencia (12 - 17 años),Bachiller,Estudiante,5,5,5,5,5,5,5,5,5,5,5,5,5,COMUNA 8,Oriente
1GdfIlrKQcfZ_heMJDiTPlwp95goxcmiMUyl75FKcRIs,-Satisfacción del Curso virtual - PF DERECHOS SEXUALES Y REPRODUCTIVOS 1°C 2024,2024-11-02T05:34:48.869Z,,Femenino,Adolescencia (12 - 17 años),Bachiller,Estudiante,5,5,5,4,5,5,5,5,5,5,5,5,5,C. DE PANCE,Centro
1GdfIlrKQcfZ_heMJDiTPlwp95goxcmiMUyl75FKcRIs,-Satisfacción del Curso virtual - PF DERECHOS SEXUALES Y REPRODUCTIVOS 1°C 2024,2024-11-01T16:49:28.942Z,,Femenino,Adolescencia (12 - 17 años),Bachiller,Estudiante,5,4,5,5,5,5,5,5,5,5,5,5,5,COMUNA 18,Sur Oriente
1GdfIlrKQcfZ_heMJDiTPlwp95goxcmiMUyl75FKcRIs,-Satisfacción del Curso virtual - PF DERECHOS SEXUALES Y REPRODUCTIVOS 1°C 2024,2024-10-12T16:29:07.744Z,,Femenino,Adolescencia (12 - 17 años),Bachiller,Estudiante,5,4,5,5,5,4,3,5,5,5,5,5,5,COMUNA 13,Centro
1GdfIlrKQcfZ_heMJDiTPlwp95goxcmiMUyl75FKcRIs,-Satisfacción del Curso virtual - PF DERECHOS SEXUALES Y REPRODUCTIVOS 1°C 2024,2024-11-17T18:18:48.232Z,,Masculino,Juventud (18 - 28 años),Bachiller,Estudiante,4,4,4,3,5,4,3,4,3,4,3,4,3,COMUNA 10,Centro
1GdfIlrKQcfZ_heMJDiTPlwp95goxcmiMUyl75FKcRIs,-Satisfacción del Curso virtual - PF DERECHOS SEXUALES Y REPRODUCTIVOS 1°C 2024,2024-10-12T23:19:16.703Z,,Masculino,Juventud (18 - 28 años),Postgrado,Estudiante,4,4,4,3,5,5,4,4,4,4,3,4,5,COMUNA 11,Oriente
1GdfIlrKQcfZ_heMJDiTPlwp95goxcmiMUyl75FKcRIs,-Satisfacción del Curso virtual - PF DERECHOS SEXUALES Y REPRODUCTIVOS 1°C 2024,2024-10-15T20:51:24.007Z,,Femenino,Adolescencia (12 - 17 años),Bachiller,Estudiante,5,5,5,5,5,5,5,5,5,5,5,5,5,COMUNA 20,Ladera
1GdfIlrKQcfZ_heMJDiTPlwp95goxcmiMUyl75FKcRIs,-Satisfacción del Curso virtual - PF DERECHOS SEXUALES Y REPRODUCTIVOS 1°C 2024,2024-11-05T21:04:11.098Z,,Masculino,Juventud (18 - 28 años),Pregrado,Estudiante,4,4,4,4,4,4,4,4,4,4,4,4,4,COMUNA 7,Norte
1GdfIlrKQcfZ_heMJDiTPlwp95goxcmiMUyl75FKcRIs,-Satisfacción del Curso virtual - PF DERECHOS SEXUALES Y REPRODUCTIVOS 1°C 2024,2024-10-23T19:47:33.443Z,,Femenino,Adolescencia (12 - 17 años),Ninguna,Estudiante,5,5,5,5,5,5,5,5,5,5,5,5,5,COMUNA 14,Oriente
1GdfIlrKQcfZ_heMJDiTPlwp95goxcmiMUyl75FKcRIs,-Satisfacción del Curso virtual - PF DERECHOS SEXUALES Y REPRODUCTIVOS 1°C 2024,2024-11-02T00:57:48.467Z,,Masculino,Adolescencia (12 - 17 años),Bachiller,Estudiante,5,5,5,5,5,5,5,5,5,5,5,5,5,COMUNA 22,Sur Oriente
1GdfIlrKQcfZ_heMJDiTPlwp95goxcmiMUyl75FKcRIs,-Satisfacción del Curso virtual - PF DERECHOS SEXUALES Y REPRODUCTIVOS 1°C 2024,2024-10-29T20:37:01.217Z,,Femenino,Adolescencia (12 - 17 años),Bachiller,Estudiante,5,5,5,5,5,5,5,5,5,5,5,5,5,COMUNA 19,Ladera
1GdfIlrKQcfZ_heMJDiTPlwp95goxcmiMUyl75FKcRIs,-Satisfacción del Curso virtual - PF DERECHOS SEXUALES Y REPRODUCTIVOS 1°C 2024,2024-10-21T04:49:42.472Z,,Femenino,Adolescencia (12 - 17 años),Bachiller,Estudiante,4,4,4,4,4,4,4,4,4,4,4,4,4,COMUNA 13,Oriente
1GdfIlrKQcfZ_heMJDiTPlwp95goxcmiMUyl75FKcRIs,-Satisfacción del Curso virtual - PF DERECHOS SEXUALES Y REPRODUCTIVOS 1°C 2024,2024-10-29T23:55:11.277Z,,Femenino,Adolescencia (12 - 17 años),Bachiller,Área de la salud,5,5,5,5,5,5,5,5,5,5,4,5,4,COMUNA 6,Norte
1GdfIlrKQcfZ_heMJDiTPlwp95goxcmiMUyl75FKcRIs,-Satisfacción del Curso virtual - PF DERECHOS SEXUALES Y REPRODUCTIVOS 1°C 2024,2024-10-14T07:51:08.796Z,,Femenino,Adolescencia (12 - 17 años),Bachiller,Estudiante,4,4,4,5,5,5,3,4,5,5,4,4,4,COMUNA 7,Norte
1GdfIlrKQcfZ_heMJDiTPlwp95goxcmiMUyl75FKcRIs,-Satisfacción del Curso virtual - PF DERECHOS SEXUALES Y REPRODUCTIVOS 1°C 2024,2024-10-24T00:29:39.377Z,,Femenino,Adolescencia (12 - 17 años),Bachiller,Estudiante,5,5,5,5,4,4,4,4,4,4,4,4,3,COMUNA 6,Oriente
1GdfIlrKQcfZ_heMJDiTPlwp95goxcmiMUyl75FKcRIs,-Satisfacción del Curso virtual - PF DERECHOS SEXUALES Y REPRODUCTIVOS 1°C 2024,2024-11-15T03:08:37.736Z,,Femenino,Adolescencia (12 - 17 años),Bachiller,Estudiante,4,4,4,4,5,5,5,4,5,3,3,5,5,COMUNA 13,Oriente
1GdfIlrKQcfZ_heMJDiTPlwp95goxcmiMUyl75FKcRIs,-Satisfacción del Curso virtual - PF DERECHOS SEXUALES Y REPRODUCTIVOS 1°C 2024,2024-10-15T14:42:39.550Z,,Femenino,Adolescencia (12 - 17 años),Postgrado,Estudiante,5,5,5,5,5,4,4,5,4,5,5,5,5,COMUNA 3,Oriente
1GdfIlrKQcfZ_heMJDiTPlwp95goxcmiMUyl75FKcRIs,-Satisfacción del Curso virtual - PF DERECHOS SEXUALES Y REPRODUCTIVOS 1°C 2024,2024-10-30T03:47:08.446Z,,Femenino,Adolescencia (12 - 17 años),Bachiller,Estudiante,5,5,5,5,5,5,5,5,5,5,5,5,5,COMUNA 18,Ladera
1GdfIlrKQcfZ_heMJDiTPlwp95goxcmiMUyl75FKcRIs,-Satisfacción del Curso virtual - PF DERECHOS SEXUALES Y REPRODUCTIVOS 1°C 2024,2024-10-12T22:06:06.946Z,,Masculino,Adolescencia (12 - 17 años),Bachiller,Estudiante,3,3,4,3,5,3,3,3,3,3,3,3,3,COMUNA 14,Oriente
1GdfIlrKQcfZ_heMJDiTPlwp95goxcmiMUyl75FKcRIs,-Satisfacción del Curso virtual - PF DERECHOS SEXUALES Y REPRODUCTIVOS 1°C 2024,2024-11-19T00:11:10.550Z,,Femenino,Adolescencia (12 - 17 años),Bachiller,Estudiante,4,4,5,3,5,5,3,5,4,3,5,5,4,COMUNA 10,Centro
1GdfIlrKQcfZ_heMJDiTPlwp95goxcmiMUyl75FKcRIs,-Satisfacción del Curso virtual - PF DERECHOS SEXUALES Y REPRODUCTIVOS 1°C 2024,2024-11-18T03:31:50.080Z,,Femenino,Adolescencia (12 - 17 años),Bachiller,Estudiante,5,5,5,5,5,5,5,5,5,5,5,5,5,COMUNA 13,Oriente
1GdfIlrKQcfZ_heMJDiTPlwp95goxcmiMUyl75FKcRIs,-Satisfacción del Curso virtual - PF DERECHOS SEXUALES Y REPRODUCTIVOS 1°C 2024,2024-10-30T15:44:08.705Z,,Femenino,Adolescencia (12 - 17 años),Bachiller,Estudiante,5,5,5,5,5,5,5,5,5,5,5,5,5,COMUNA 18,Ladera
1GdfIlrKQcfZ_heMJDiTPlwp95goxcmiMUyl75FKcRIs,-Satisfacción del Curso virtual - PF DERECHOS SEXUALES Y REPRODUCTIVOS 1°C 2024,2024-10-29T17:43:59.021Z,,Femenino,Adolescencia (12 - 17 años),Bachiller,Estudiante,5,5,5,5,5,5,5,5,5,5,5,5,5,COMUNA 6,Norte
1GdfIlrKQcfZ_heMJDiTPlwp95goxcmiMUyl75FKcRIs,-Satisfacción del Curso virtual - PF DERECHOS SEXUALES Y REPRODUCTIVOS 1°C 2024,2024-10-09T06:46:39.980Z,,Femenino,Adolescencia (12 - 17 años),Bachiller,Estudiante,4,4,5,3,5,5,4,3,1,5,5,5,5,COMUNA 5,Norte
1GdfIlrKQcfZ_heMJDiTPlwp95goxcmiMUyl75FKcRIs,-Satisfacción del Curso virtual - PF DERECHOS SEXUALES Y REPRODUCTIVOS 1°C 2024,2024-10-30T00:29:56.617Z,,Masculino,Adolescencia (12 - 17 años),Bachiller,Estudiante,5,4,4,4,5,5,4,5,4,4,4,5,5,COMUNA 18,Ladera
1GdfIlrKQcfZ_heMJDiTPlwp95goxcmiMUyl75FKcRIs,-Satisfacción del Curso virtual - PF DERECHOS SEXUALES Y REPRODUCTIVOS 1°C 2024,2024-10-26T04:02:22.260Z,,Femenino,Adolescencia (12 - 17 años),Bachiller,Área de la salud,5,5,5,2,5,5,5,5,5,5,5,5,5,COMUNA 7,Norte
1GdfIlrKQcfZ_heMJDiTPlwp95goxcmiMUyl75FKcRIs,-Satisfacción del Curso virtual - PF DERECHOS SEXUALES Y REPRODUCTIVOS 1°C 2024,2024-11-27T01:35:54.575Z,,Masculino,Adolescencia (12 - 17 años),Bachiller,Estudiante,5,5,5,5,5,5,5,5,5,5,5,5,5,COMUNA 8,Centro
1GdfIlrKQcfZ_heMJDiTPlwp95goxcmiMUyl75FKcRIs,-Satisfacción del Curso virtual - PF DERECHOS SEXUALES Y REPRODUCTIVOS 1°C 2024,2024-11-13T21:31:10.961Z,,Femenino,Adolescencia (12 - 17 años),Bachiller,Estudiante,4,5,5,4,5,4,5,5,5,4,5,4,5,COMUNA 15,Sur Oriente
1GdfIlrKQcfZ_heMJDiTPlwp95goxcmiMUyl75FKcRIs,-Satisfacción del Curso virtual - PF DERECHOS SEXUALES Y REPRODUCTIVOS 1°C 2024,2024-10-26T02:20:31.058Z,,Masculino,Adolescencia (12 - 17 años),Bachiller,Estudiante,5,5,5,5,5,5,4,5,4,5,4,5,5,COMUNA 3,Oriente
1GdfIlrKQcfZ_heMJDiTPlwp95goxcmiMUyl75FKcRIs,-Satisfacción del Curso virtual - PF DERECHOS SEXUALES Y REPRODUCTIVOS 1°C 2024,2024-10-30T01:55:22.144Z,,Femenino,Adolescencia (12 - 17 años),Ninguna,Estudiante,5,5,5,4,5,4,4,5,5,5,5,5,5,COMUNA 8,Ladera
1GdfIlrKQcfZ_heMJDiTPlwp95goxcmiMUyl75FKcRIs,-Satisfacción del Curso virtual - PF DERECHOS SEXUALES Y REPRODUCTIVOS 1°C 2024,2024-10-26T00:38:04.216Z,,Femenino,Adolescencia (12 - 17 años),Bachiller,Estudiante,5,5,5,4,5,4,5,4,5,5,4,4,4,COMUNA 13,Oriente
1GdfIlrKQcfZ_heMJDiTPlwp95goxcmiMUyl75FKcRIs,-Satisfacción del Curso virtual - PF DERECHOS SEXUALES Y REPRODUCTIVOS 1°C 2024,2024-11-17T20:50:49.857Z,,Femenino,Adolescencia (12 - 17 años),Bachiller,Estudiante,4,4,5,4,5,5,3,5,4,5,4,4,5,COMUNA 21,Norte
1GdfIlrKQcfZ_heMJDiTPlwp95goxcmiMUyl75FKcRIs,-Satisfacción del Curso virtual - PF DERECHOS SEXUALES Y REPRODUCTIVOS 1°C 2024,2024-11-02T06:35:38.272Z,,Masculino,Adolescencia (12 - 17 años),Bachiller,Estudiante,4,4,4,4,4,4,4,4,4,4,4,4,4,COMUNA 15,Oriente
1GdfIlrKQcfZ_heMJDiTPlwp95goxcmiMUyl75FKcRIs,-Satisfacción del Curso virtual - PF DERECHOS SEXUALES Y REPRODUCTIVOS 1°C 2024,2024-11-15T20:58:35.541Z,,Masculino,Adolescencia (12 - 17 años),Bachiller,Estudiante,4,5,3,2,4,5,2,4,5,5,3,4,5,COMUNA 8,Centro
1GdfIlrKQcfZ_heMJDiTPlwp95goxcmiMUyl75FKcRIs,-Satisfacción del Curso virtual - PF DERECHOS SEXUALES Y REPRODUCTIVOS 1°C 2024,2024-11-27T14:50:42.303Z,,Femenino,Adolescencia (12 - 17 años),Bachiller,Estudiante,5,4,5,5,5,4,5,4,5,4,5,4,5,COMUNA 14,Norte
1GdfIlrKQcfZ_heMJDiTPlwp95goxcmiMUyl75FKcRIs,-Satisfacción del Curso virtual - PF DERECHOS SEXUALES Y REPRODUCTIVOS 1°C 2024,2024-10-26T20:33:25.028Z,,Femenino,Adolescencia (12 - 17 años),Bachiller,Estudiante,4,4,4,4,4,5,5,5,4,3,4,5,4,COMUNA 6,Norte
1GdfIlrKQcfZ_heMJDiTPlwp95goxcmiMUyl75FKcRIs,-Satisfacción del Curso virtual - PF DERECHOS SEXUALES Y REPRODUCTIVOS 1°C 2024,2024-10-23T23:03:06.628Z,,Masculino,Adolescencia (12 - 17 años),Bachiller,Estudiante,5,5,5,5,5,5,5,5,5,5,5,5,5,COMUNA 18,Ladera
1GdfIlrKQcfZ_heMJDiTPlwp95goxcmiMUyl75FKcRIs,-Satisfacción del Curso virtual - PF DERECHOS SEXUALES Y REPRODUCTIVOS 1°C 2024,2024-10-31T15:14:11.830Z,,Femenino,Adolescencia (12 - 17 años),Bachiller,Estudiante,5,4,4,5,5,4,4,4,4,5,4,5,4,COMUNA 20,Ladera
1GdfIlrKQcfZ_heMJDiTPlwp95goxcmiMUyl75FKcRIs,-Satisfacción del Curso virtual - PF DERECHOS SEXUALES Y REPRODUCTIVOS 1°C 2024,2024-11-14T01:13:59.930Z,,Femenino,Adolescencia (12 - 17 años),Bachiller,Estudiante,5,5,5,5,5,5,5,5,5,5,5,5,5,COMUNA 15,Oriente
1GdfIlrKQcfZ_heMJDiTPlwp95goxcmiMUyl75FKcRIs,-Satisfacción del Curso virtual - PF DERECHOS SEXUALES Y REPRODUCTIVOS 1°C 2024,2024-11-08T01:41:20.257Z,,Femenino,Adolescencia (12 - 17 años),Bachiller,Estudiante,1,1,1,1,3,1,1,1,3,1,1,2,3,COMUNA 21,Oriente
1GdfIlrKQcfZ_heMJDiTPlwp95goxcmiMUyl75FKcRIs,-Satisfacción del Curso virtual - PF DERECHOS SEXUALES Y REPRODUCTIVOS 1°C 2024,2024-10-31T02:13:01.441Z,,Femenino,Adolescencia (12 - 17 años),Bachiller,Área de la salud,5,4,4,4,4,5,5,4,5,5,4,4,5,COMUNA 6,Norte
1GdfIlrKQcfZ_heMJDiTPlwp95goxcmiMUyl75FKcRIs,-Satisfacción del Curso virtual - PF DERECHOS SEXUALES Y REPRODUCTIVOS 1°C 2024,2024-10-21T19:36:39.453Z,,Femenino,Adolescencia (12 - 17 años),Bachiller,Estudiante,5,5,5,5,5,5,5,5,5,5,5,5,5,COMUNA 15,Oriente
1GdfIlrKQcfZ_heMJDiTPlwp95goxcmiMUyl75FKcRIs,-Satisfacción del Curso virtual - PF DERECHOS SEXUALES Y REPRODUCTIVOS 1°C 2024,2024-10-14T07:57:19.151Z,,Femenino,Adolescencia (12 - 17 años),Bachiller,Estudiante,3,2,3,2,5,1,5,3,3,3,3,3,3,COMUNA 7,Oriente
1GdfIlrKQcfZ_heMJDiTPlwp95goxcmiMUyl75FKcRIs,-Satisfacción del Curso virtual - PF DERECHOS SEXUALES Y REPRODUCTIVOS 1°C 2024,2024-11-14T14:52:55.289Z,,Femenino,Adolescencia (12 - 17 años),Bachiller,Estudiante,5,5,5,5,5,5,5,5,5,5,5,5,5,COMUNA 11,Norte
1GdfIlrKQcfZ_heMJDiTPlwp95goxcmiMUyl75FKcRIs,-Satisfacción del Curso virtual - PF DERECHOS SEXUALES Y REPRODUCTIVOS 1°C 2024,2024-11-01T22:54:59.098Z,,Femenino,Adolescencia (12 - 17 años),Bachiller,Estudiante,5,5,5,5,5,5,5,5,5,5,5,5,5,COMUNA 14,Oriente
1GdfIlrKQcfZ_heMJDiTPlwp95goxcmiMUyl75FKcRIs,-Satisfacción del Curso virtual - PF DERECHOS SEXUALES Y REPRODUCTIVOS 1°C 2024,2024-11-01T23:48:13.724Z,,Masculino,Adolescencia (12 - 17 años),Bachiller,Estudiante,4,4,5,5,5,4,5,5,5,5,5,5,5,COMUNA 22,Sur Oriente
1GdfIlrKQcfZ_heMJDiTPlwp95goxcmiMUyl75FKcRIs,-Satisfacción del Curso virtual - PF DERECHOS SEXUALES Y REPRODUCTIVOS 1°C 2024,2024-10-11T21:56:59.088Z,,Femenino,Adolescencia (12 - 17 años),Ninguna,Estudiante,1,1,1,1,1,4,1,4,4,4,1,1,1,COMUNA 6,Norte
1GdfIlrKQcfZ_heMJDiTPlwp95goxcmiMUyl75FKcRIs,-Satisfacción del Curso virtual - PF DERECHOS SEXUALES Y REPRODUCTIVOS 1°C 2024,2024-10-21T21:16:07.016Z,,Masculino,Adolescencia (12 - 17 años),Bachiller,Estudiante,5,5,5,5,5,5,5,5,5,5,5,5,5,COMUNA 1,Norte
1GdfIlrKQcfZ_heMJDiTPlwp95goxcmiMUyl75FKcRIs,-Satisfacción del Curso virtual - PF DERECHOS SEXUALES Y REPRODUCTIVOS 1°C 2024,2024-11-30T02:13:21.932Z,,Masculino,Adolescencia (12 - 17 años),Bachiller,Estudiante,5,5,5,5,5,5,5,5,5,5,5,5,5,COMUNA 8,Oriente
1GdfIlrKQcfZ_heMJDiTPlwp95goxcmiMUyl75FKcRIs,-Satisfacción del Curso virtual - PF DERECHOS SEXUALES Y REPRODUCTIVOS 1°C 2024,2024-11-14T21:53:50.017Z,,Femenino,Adolescencia (12 - 17 años),Bachiller,Estudiante,3,4,5,5,5,5,4,5,5,4,5,5,5,COMUNA 16,Sur Oriente
1GdfIlrKQcfZ_heMJDiTPlwp95goxcmiMUyl75FKcRIs,-Satisfacción del Curso virtual - PF DERECHOS SEXUALES Y REPRODUCTIVOS 1°C 2024,2024-11-01T18:01:12.960Z,,Femenino,Adolescencia (12 - 17 años),Bachiller,Estudiante,5,5,5,3,5,5,5,5,1,5,5,5,5,COMUNA 4,Norte
1GdfIlrKQcfZ_heMJDiTPlwp95goxcmiMUyl75FKcRIs,-Satisfacción del Curso virtual - PF DERECHOS SEXUALES Y REPRODUCTIVOS 1°C 2024,2024-10-07T22:15:24.964Z,,Masculino,Adolescencia (12 - 17 años),Bachiller,Estudiante,5,5,5,5,5,5,5,4,5,5,4,5,5,COMUNA 15,Oriente
1GdfIlrKQcfZ_heMJDiTPlwp95goxcmiMUyl75FKcRIs,-Satisfacción del Curso virtual - PF DERECHOS SEXUALES Y REPRODUCTIVOS 1°C 2024,2024-11-02T00:54:49.853Z,,Femenino,Adolescencia (12 - 17 años),Bachiller,Estudiante,4,5,5,5,5,5,5,5,5,5,5,5,5,COMUNA 20,Ladera
1GdfIlrKQcfZ_heMJDiTPlwp95goxcmiMUyl75FKcRIs,-Satisfacción del Curso virtual - PF DERECHOS SEXUALES Y REPRODUCTIVOS 1°C 2024,2024-11-26T18:49:52.864Z,,Femenino,Adolescencia (12 - 17 años),Bachiller,Estudiante,4,4,5,5,5,5,5,5,4,4,4,4,5,COMUNA 5,Norte
1GdfIlrKQcfZ_heMJDiTPlwp95goxcmiMUyl75FKcRIs,-Satisfacción del Curso virtual - PF DERECHOS SEXUALES Y REPRODUCTIVOS 1°C 2024,2024-11-07T22:07:56.287Z,,Femenino,Adolescencia (12 - 17 años),Bachiller,Estudiante,5,5,5,5,5,5,5,5,5,5,5,5,5,COMUNA 21,Oriente
1GdfIlrKQcfZ_heMJDiTPlwp95goxcmiMUyl75FKcRIs,-Satisfacción del Curso virtual - PF DERECHOS SEXUALES Y REPRODUCTIVOS 1°C 2024,2024-11-01T02:03:38.949Z,,Masculino,Adolescencia (12 - 17 años),Bachiller,Estudiante,5,4,5,5,5,5,5,5,5,5,5,4,4,COMUNA 18,Ladera
1GdfIlrKQcfZ_heMJDiTPlwp95goxcmiMUyl75FKcRIs,-Satisfacción del Curso virtual - PF DERECHOS SEXUALES Y REPRODUCTIVOS 1°C 2024,2024-11-17T19:40:58.187Z,,Femenino,Adolescencia (12 - 17 años),Bachiller,Estudiante,5,5,5,5,5,5,5,5,5,5,5,5,5,COMUNA 13,Sur Oriente
1GdfIlrKQcfZ_heMJDiTPlwp95goxcmiMUyl75FKcRIs,-Satisfacción del Curso virtual - PF DERECHOS SEXUALES Y REPRODUCTIVOS 1°C 2024,2024-10-22T03:12:56.535Z,,Femenino,Adolescencia (12 - 17 años),Ninguna,Estudiante,5,5,4,5,5,4,5,4,4,4,4,4,5,COMUNA 2,Oriente
1GdfIlrKQcfZ_heMJDiTPlwp95goxcmiMUyl75FKcRIs,-Satisfacción del Curso virtual - PF DERECHOS SEXUALES Y REPRODUCTIVOS 1°C 2024,2024-10-25T03:14:17.270Z,,Femenino,Adolescencia (12 - 17 años),Bachiller,Estudiante,5,5,5,4,5,5,5,5,4,5,5,5,5,COMUNA 21,Oriente
1GdfIlrKQcfZ_heMJDiTPlwp95goxcmiMUyl75FKcRIs,-Satisfacción del Curso virtual - PF DERECHOS SEXUALES Y REPRODUCTIVOS 1°C 2024,2024-11-06T02:46:58.949Z,,Femenino,Adolescencia (12 - 17 años),Bachiller,Estudiante,1,1,3,1,1,1,3,1,3,1,1,1,1,COMUNA 20,Ladera
1GdfIlrKQcfZ_heMJDiTPlwp95goxcmiMUyl75FKcRIs,-Satisfacción del Curso virtual - PF DERECHOS SEXUALES Y REPRODUCTIVOS 1°C 2024,2024-11-30T00:13:30.557Z,,Femenino,Adolescencia (12 - 17 años),Bachiller,Estudiante,5,5,5,5,5,4,5,5,5,5,5,5,5,COMUNA 8,Norte
1GdfIlrKQcfZ_heMJDiTPlwp95goxcmiMUyl75FKcRIs,-Satisfacción del Curso virtual - PF DERECHOS SEXUALES Y REPRODUCTIVOS 1°C 2024,2024-10-12T17:38:58.784Z,,Masculino,Adolescencia (12 - 17 años),Bachiller,Estudiante,5,5,5,5,5,5,5,5,5,5,5,5,5,COMUNA 14,Oriente
1GdfIlrKQcfZ_heMJDiTPlwp95goxcmiMUyl75FKcRIs,-Satisfacción del Curso virtual - PF DERECHOS SEXUALES Y REPRODUCTIVOS 1°C 2024,2024-11-09T00:45:42.748Z,,Femenino,Adolescencia (12 - 17 años),Bachiller,Estudiante,2,2,2,2,2,2,2,2,2,2,2,2,2,COMUNA 6,Norte
1GdfIlrKQcfZ_heMJDiTPlwp95goxcmiMUyl75FKcRIs,-Satisfacción del Curso virtual - PF DERECHOS SEXUALES Y REPRODUCTIVOS 1°C 2024,2024-10-14T20:04:18.898Z,,Femenino,Adolescencia (12 - 17 años),Bachiller,Estudiante,3,3,3,3,3,3,3,3,3,3,3,3,3,COMUNA 7,Oriente
1GdfIlrKQcfZ_heMJDiTPlwp95goxcmiMUyl75FKcRIs,-Satisfacción del Curso virtual - PF DERECHOS SEXUALES Y REPRODUCTIVOS 1°C 2024,2024-11-02T00:26:01.418Z,,Femenino,Adolescencia (12 - 17 años),Bachiller,Estudiante,5,5,5,5,5,5,5,5,5,5,5,5,5,COMUNA 21,Sur Oriente
1GdfIlrKQcfZ_heMJDiTPlwp95goxcmiMUyl75FKcRIs,-Satisfacción del Curso virtual - PF DERECHOS SEXUALES Y REPRODUCTIVOS 1°C 2024,2024-10-30T05:24:21.910Z,,Femenino,Adolescencia (12 - 17 años),Bachiller,Estudiante,5,5,5,5,5,5,5,5,5,5,5,5,5,COMUNA 20,Ladera
1GdfIlrKQcfZ_heMJDiTPlwp95goxcmiMUyl75FKcRIs,-Satisfacción del Curso virtual - PF DERECHOS SEXUALES Y REPRODUCTIVOS 1°C 2024,2024-10-31T01:36:31.387Z,,Masculino,Adolescencia (12 - 17 años),Bachiller,Estudiante,5,5,5,3,5,5,5,5,5,5,5,5,5,COMUNA 20,Oriente
1GdfIlrKQcfZ_heMJDiTPlwp95goxcmiMUyl75FKcRIs,-Satisfacción del Curso virtual - PF DERECHOS SEXUALES Y REPRODUCTIVOS 1°C 2024,2024-11-15T03:22:00.140Z,,Masculino,Adolescencia (12 - 17 años),Bachiller,Estudiante,2,1,1,3,1,1,1,2,1,1,2,1,1,COMUNA 10,Sur Oriente
1GdfIlrKQcfZ_heMJDiTPlwp95goxcmiMUyl75FKcRIs,-Satisfacción del Curso virtual - PF DERECHOS SEXUALES Y REPRODUCTIVOS 1°C 2024,2024-11-04T23:41:27.402Z,,Masculino,Adolescencia (12 - 17 años),Bachiller,Estudiante,5,5,5,5,5,5,5,5,5,5,5,5,5,COMUNA 16,Sur Oriente
1GdfIlrKQcfZ_heMJDiTPlwp95goxcmiMUyl75FKcRIs,-Satisfacción del Curso virtual - PF DERECHOS SEXUALES Y REPRODUCTIVOS 1°C 2024,2024-11-12T16:57:26.326Z,,Femenino,Adolescencia (12 - 17 años),Bachiller,Estudiante,3,3,4,3,3,3,4,3,4,4,4,4,4,COMUNA 13,Oriente
1GdfIlrKQcfZ_heMJDiTPlwp95goxcmiMUyl75FKcRIs,-Satisfacción del Curso virtual - PF DERECHOS SEXUALES Y REPRODUCTIVOS 1°C 2024,2024-11-12T22:46:22.670Z,,Femenino,Adolescencia (12 - 17 años),Bachiller,Estudiante,5,5,5,5,5,5,5,5,5,5,5,5,5,COMUNA 16,Sur Oriente
1GdfIlrKQcfZ_heMJDiTPlwp95goxcmiMUyl75FKcRIs,-Satisfacción del Curso virtual - PF DERECHOS SEXUALES Y REPRODUCTIVOS 1°C 2024,2024-11-01T21:38:34.794Z,,Femenino,Adolescencia (12 - 17 años),Bachiller,Estudiante,3,3,4,4,5,5,4,3,4,4,4,4,5,COMUNA 15,Oriente
1GdfIlrKQcfZ_heMJDiTPlwp95goxcmiMUyl75FKcRIs,-Satisfacción del Curso virtual - PF DERECHOS SEXUALES Y REPRODUCTIVOS 1°C 2024,2024-10-15T23:57:40.227Z,,Masculino,Juventud (18 - 28 años),Bachiller,Estudiante,4,4,4,4,4,4,4,4,4,4,4,4,4,COMUNA 2,Sur Oriente
1GdfIlrKQcfZ_heMJDiTPlwp95goxcmiMUyl75FKcRIs,-Satisfacción del Curso virtual - PF DERECHOS SEXUALES Y REPRODUCTIVOS 1°C 2024,2024-11-22T01:41:46.846Z,,Masculino,Adolescencia (12 - 17 años),Bachiller,Estudiante,5,5,5,5,5,5,5,5,5,5,5,5,5,COMUNA 8,Centro
1GdfIlrKQcfZ_heMJDiTPlwp95goxcmiMUyl75FKcRIs,-Satisfacción del Curso virtual - PF DERECHOS SEXUALES Y REPRODUCTIVOS 1°C 2024,2024-10-13T20:35:43.551Z,,Masculino,Adolescencia (12 - 17 años),Bachiller,Estudiante,5,5,5,5,5,4,4,5,5,5,5,5,5,COMUNA 7,Norte
1GdfIlrKQcfZ_heMJDiTPlwp95goxcmiMUyl75FKcRIs,-Satisfacción del Curso virtual - PF DERECHOS SEXUALES Y REPRODUCTIVOS 1°C 2024,2024-10-08T22:23:22.145Z,,Femenino,Adolescencia (12 - 17 años),Bachiller,Estudiante,5,5,5,5,5,5,5,5,4,4,5,5,5,COMUNA 6,Norte
1GdfIlrKQcfZ_heMJDiTPlwp95goxcmiMUyl75FKcRIs,-Satisfacción del Curso virtual - PF DERECHOS SEXUALES Y REPRODUCTIVOS 1°C 2024,2024-11-24T14:02:46.257Z,,Femenino,Adolescencia (12 - 17 años),Bachiller,Estudiante,4,4,4,4,4,4,4,4,4,4,4,4,4,COMUNA 15,Sur Oriente
1GdfIlrKQcfZ_heMJDiTPlwp95goxcmiMUyl75FKcRIs,-Satisfacción del Curso virtual - PF DERECHOS SEXUALES Y REPRODUCTIVOS 1°C 2024,2024-11-05T22:30:55.902Z,,Femenino,Adolescencia (12 - 17 años),Bachiller,Estudiante,5,4,5,4,5,5,5,5,4,5,5,5,5,COMUNA 8,Centro
1GdfIlrKQcfZ_heMJDiTPlwp95goxcmiMUyl75FKcRIs,-Satisfacción del Curso virtual - PF DERECHOS SEXUALES Y REPRODUCTIVOS 1°C 2024,2024-11-15T03:57:54.576Z,,Masculino,Adolescencia (12 - 17 años),Bachiller,Estudiante,5,3,4,4,4,4,4,4,4,4,4,4,3,COMUNA 10,Centro
1GdfIlrKQcfZ_heMJDiTPlwp95goxcmiMUyl75FKcRIs,-Satisfacción del Curso virtual - PF DERECHOS SEXUALES Y REPRODUCTIVOS 1°C 2024,2024-11-22T18:33:52.465Z,,Femenino,Adolescencia (12 - 17 años),Bachiller,Estudiante,5,5,5,5,5,5,5,5,5,5,5,5,5,COMUNA 22,Sur Oriente
1GdfIlrKQcfZ_heMJDiTPlwp95goxcmiMUyl75FKcRIs,-Satisfacción del Curso virtual - PF DERECHOS SEXUALES Y REPRODUCTIVOS 1°C 2024,2024-10-29T23:21:55.534Z,,Femenino,Adolescencia (12 - 17 años),Bachiller,Estudiante,5,5,5,5,5,5,5,5,5,5,5,4,5,COMUNA 8,Ladera
1GdfIlrKQcfZ_heMJDiTPlwp95goxcmiMUyl75FKcRIs,-Satisfacción del Curso virtual - PF DERECHOS SEXUALES Y REPRODUCTIVOS 1°C 2024,2024-11-18T03:44:33.353Z,,Femenino,Adolescencia (12 - 17 años),Bachiller,Estudiante,1,1,1,1,1,1,1,1,1,1,1,1,1,COMUNA 21,Sur Oriente
1GdfIlrKQcfZ_heMJDiTPlwp95goxcmiMUyl75FKcRIs,-Satisfacción del Curso virtual - PF DERECHOS SEXUALES Y REPRODUCTIVOS 1°C 2024,2024-10-27T07:04:44.857Z,,Femenino,Adolescencia (12 - 17 años),Bachiller,Estudiante,3,4,4,4,4,4,4,4,4,4,3,4,4,COMUNA 16,Sur Oriente
1GdfIlrKQcfZ_heMJDiTPlwp95goxcmiMUyl75FKcRIs,-Satisfacción del Curso virtual - PF DERECHOS SEXUALES Y REPRODUCTIVOS 1°C 2024,2024-11-17T03:14:45.979Z,,Masculino,Adolescencia (12 - 17 años),Bachiller,Estudiante,4,4,4,4,4,4,4,4,4,4,4,4,4,COMUNA 11,Sur Oriente
1GdfIlrKQcfZ_heMJDiTPlwp95goxcmiMUyl75FKcRIs,-Satisfacción del Curso virtual - PF DERECHOS SEXUALES Y REPRODUCTIVOS 1°C 2024,2024-10-24T22:11:38.786Z,,Femenino,Adolescencia (12 - 17 años),Bachiller,Estudiante,5,5,4,4,5,5,5,5,5,5,3,5,5,COMUNA 22,Ladera
1GdfIlrKQcfZ_heMJDiTPlwp95goxcmiMUyl75FKcRIs,-Satisfacción del Curso virtual - PF DERECHOS SEXUALES Y REPRODUCTIVOS 1°C 2024,2024-11-15T03:05:50.934Z,,Masculino,Adolescencia (12 - 17 años),Bachiller,Estudiante,5,5,5,5,5,5,5,5,5,5,4,5,5,COMUNA 8,Centro
1GdfIlrKQcfZ_heMJDiTPlwp95goxcmiMUyl75FKcRIs,-Satisfacción del Curso virtual - PF DERECHOS SEXUALES Y REPRODUCTIVOS 1°C 2024,2024-10-29T23:32:02.809Z,,Femenino,Adolescencia (12 - 17 años),Bachiller,Estudiante,5,5,5,5,5,5,5,5,5,5,5,5,5,COMUNA 20,Ladera
1GdfIlrKQcfZ_heMJDiTPlwp95goxcmiMUyl75FKcRIs,-Satisfacción del Curso virtual - PF DERECHOS SEXUALES Y REPRODUCTIVOS 1°C 2024,2024-11-06T14:39:56.843Z,,Femenino,Adolescencia (12 - 17 años),Bachiller,Estudiante,5,5,5,4,5,5,5,4,5,5,5,5,5,COMUNA 19,Ladera
1GdfIlrKQcfZ_heMJDiTPlwp95goxcmiMUyl75FKcRIs,-Satisfacción del Curso virtual - PF DERECHOS SEXUALES Y REPRODUCTIVOS 1°C 2024,2024-10-16T23:36:13.359Z,,Masculino,Adolescencia (12 - 17 años),Bachiller,Estudiante,4,4,4,4,4,4,4,4,4,4,4,4,4,COMUNA 16,Sur Oriente
1GdfIlrKQcfZ_heMJDiTPlwp95goxcmiMUyl75FKcRIs,-Satisfacción del Curso virtual - PF DERECHOS SEXUALES Y REPRODUCTIVOS 1°C 2024,2024-10-29T18:23:42.335Z,,Masculino,Adolescencia (12 - 17 años),Bachiller,Estudiante,5,5,5,5,5,4,4,5,5,5,5,5,5,COMUNA 20,Ladera
1GdfIlrKQcfZ_heMJDiTPlwp95goxcmiMUyl75FKcRIs,-Satisfacción del Curso virtual - PF DERECHOS SEXUALES Y REPRODUCTIVOS 1°C 2024,2024-12-03T00:36:48.606Z,,Femenino,Adolescencia (12 - 17 años),Ninguna,Estudiante,4,4,5,4,5,4,4,5,4,5,5,4,5,COMUNA 13,Centro
1GdfIlrKQcfZ_heMJDiTPlwp95goxcmiMUyl75FKcRIs,-Satisfacción del Curso virtual - PF DERECHOS SEXUALES Y REPRODUCTIVOS 1°C 2024,2024-10-08T21:51:08.809Z,,Femenino,Adolescencia (12 - 17 años),Bachiller,Estudiante,5,5,5,5,5,5,5,5,5,5,5,5,5,COMUNA 21,Norte
1GdfIlrKQcfZ_heMJDiTPlwp95goxcmiMUyl75FKcRIs,-Satisfacción del Curso virtual - PF DERECHOS SEXUALES Y REPRODUCTIVOS 1°C 2024,2024-10-30T17:15:17.137Z,,Masculino,Adolescencia (12 - 17 años),Bachiller,Estudiante,5,5,5,5,5,5,5,5,5,5,5,5,5,COMUNA 22,Ladera
1GdfIlrKQcfZ_heMJDiTPlwp95goxcmiMUyl75FKcRIs,-Satisfacción del Curso virtual - PF DERECHOS SEXUALES Y REPRODUCTIVOS 1°C 2024,2024-10-31T22:05:29.832Z,,Masculino,Adolescencia (12 - 17 años),Bachiller,Estudiante,3,4,4,5,5,4,4,5,4,5,4,4,5,COMUNA 18,Ladera
1GdfIlrKQcfZ_heMJDiTPlwp95goxcmiMUyl75FKcRIs,-Satisfacción del Curso virtual - PF DERECHOS SEXUALES Y REPRODUCTIVOS 1°C 2024,2024-11-19T00:50:47.580Z,,Masculino,Juventud (18 - 28 años),Bachiller,Estudiante,5,5,5,5,5,5,5,5,5,5,5,5,5,COMUNA 9,Centro
1GdfIlrKQcfZ_heMJDiTPlwp95goxcmiMUyl75FKcRIs,-Satisfacción del Curso virtual - PF DERECHOS SEXUALES Y REPRODUCTIVOS 1°C 2024,2024-10-20T18:22:26.794Z,,Femenino,Adolescencia (12 - 17 años),Bachiller,Estudiante,5,5,5,3,5,5,5,5,5,5,5,5,5,COMUNA 4,Norte
1GdfIlrKQcfZ_heMJDiTPlwp95goxcmiMUyl75FKcRIs,-Satisfacción del Curso virtual - PF DERECHOS SEXUALES Y REPRODUCTIVOS 1°C 2024,2024-10-11T16:42:41.540Z,,Femenino,Adolescencia (12 - 17 años),Bachiller,Estudiante,4,4,4,4,4,4,4,4,4,4,4,4,4,COMUNA 7,Norte
1GdfIlrKQcfZ_heMJDiTPlwp95goxcmiMUyl75FKcRIs,-Satisfacción del Curso virtual - PF DERECHOS SEXUALES Y REPRODUCTIVOS 1°C 2024,2024-10-12T14:55:46.939Z,,Masculino,Adolescencia (12 - 17 años),Bachiller,Estudiante,5,5,5,5,5,5,5,5,5,5,5,5,5,COMUNA 14,Oriente
1GdfIlrKQcfZ_heMJDiTPlwp95goxcmiMUyl75FKcRIs,-Satisfacción del Curso virtual - PF DERECHOS SEXUALES Y REPRODUCTIVOS 1°C 2024,2024-11-15T18:34:03.244Z,,Femenino,Adolescencia (12 - 17 años),Bachiller,Estudiante,5,4,3,5,3,5,3,3,4,4,4,5,4,COMUNA 21,Oriente
1GdfIlrKQcfZ_heMJDiTPlwp95goxcmiMUyl75FKcRIs,-Satisfacción del Curso virtual - PF DERECHOS SEXUALES Y REPRODUCTIVOS 1°C 2024,2024-11-23T02:54:49.167Z,,Masculino,Adolescencia (12 - 17 años),Bachiller,Estudiante,5,5,5,5,5,5,5,5,5,5,5,5,5,COMUNA 11,Centro
1GdfIlrKQcfZ_heMJDiTPlwp95goxcmiMUyl75FKcRIs,-Satisfacción del Curso virtual - PF DERECHOS SEXUALES Y REPRODUCTIVOS 1°C 2024,2024-10-29T21:04:16.024Z,,Femenino,Adolescencia (12 - 17 años),Bachiller,Estudiante,5,5,5,5,5,5,5,5,5,1,5,5,5,COMUNA 3,Norte
1GdfIlrKQcfZ_heMJDiTPlwp95goxcmiMUyl75FKcRIs,-Satisfacción del Curso virtual - PF DERECHOS SEXUALES Y REPRODUCTIVOS 1°C 2024,2024-10-31T21:54:21.341Z,,Masculino,Adolescencia (12 - 17 años),Bachiller,Estudiante,5,5,5,5,4,5,5,5,5,5,5,5,5,COMUNA 13,Ladera
1GdfIlrKQcfZ_heMJDiTPlwp95goxcmiMUyl75FKcRIs,-Satisfacción del Curso virtual - PF DERECHOS SEXUALES Y REPRODUCTIVOS 1°C 2024,2024-10-23T16:49:17.898Z,,Femenino,Adolescencia (12 - 17 años),Bachiller,Estudiante,4,4,4,4,5,4,5,5,4,4,4,4,4,COMUNA 15,Sur Oriente
1GdfIlrKQcfZ_heMJDiTPlwp95goxcmiMUyl75FKcRIs,-Satisfacción del Curso virtual - PF DERECHOS SEXUALES Y REPRODUCTIVOS 1°C 2024,2024-11-06T14:57:32.817Z,,Masculino,Adolescencia (12 - 17 años),Bachiller,Estudiante,5,5,5,5,5,5,5,5,5,5,5,5,5,COMUNA 20,Ladera
1GdfIlrKQcfZ_heMJDiTPlwp95goxcmiMUyl75FKcRIs,-Satisfacción del Curso virtual - PF DERECHOS SEXUALES Y REPRODUCTIVOS 1°C 2024,2024-10-23T20:53:41.144Z,,Masculino,Adolescencia (12 - 17 años),Bachiller,Estudiante,5,5,5,5,5,5,5,5,5,5,5,5,5,COMUNA 14,Oriente
1GdfIlrKQcfZ_heMJDiTPlwp95goxcmiMUyl75FKcRIs,-Satisfacción del Curso virtual - PF DERECHOS SEXUALES Y REPRODUCTIVOS 1°C 2024,2024-10-13T19:43:44.276Z,,Femenino,Adolescencia (12 - 17 años),Bachiller,Estudiante,5,5,5,4,5,5,4,5,4,5,4,5,4,COMUNA 6,Norte
1GdfIlrKQcfZ_heMJDiTPlwp95goxcmiMUyl75FKcRIs,-Satisfacción del Curso virtual - PF DERECHOS SEXUALES Y REPRODUCTIVOS 1°C 2024,2024-11-23T16:08:37.746Z,,Masculino,Adolescencia (12 - 17 años),Bachiller,Estudiante,5,5,5,5,5,5,5,5,5,5,5,5,5,COMUNA 13,Oriente
1GdfIlrKQcfZ_heMJDiTPlwp95goxcmiMUyl75FKcRIs,-Satisfacción del Curso virtual - PF DERECHOS SEXUALES Y REPRODUCTIVOS 1°C 2024,2024-11-14T23:52:21.231Z,,Femenino,Adolescencia (12 - 17 años),Bachiller,Estudiante,4,4,5,3,4,5,5,4,3,4,4,5,5,COMUNA 11,Centro
1GdfIlrKQcfZ_heMJDiTPlwp95goxcmiMUyl75FKcRIs,-Satisfacción del Curso virtual - PF DERECHOS SEXUALES Y REPRODUCTIVOS 1°C 2024,2024-10-12T20:11:51.311Z,,Femenino,Adolescencia (12 - 17 años),Bachiller,Estudiante,5,5,4,3,5,4,5,5,1,3,5,5,5,COMUNA 16,Sur Oriente
1GdfIlrKQcfZ_heMJDiTPlwp95goxcmiMUyl75FKcRIs,-Satisfacción del Curso virtual - PF DERECHOS SEXUALES Y REPRODUCTIVOS 1°C 2024,2024-10-25T00:20:10.004Z,,Femenino,Adolescencia (12 - 17 años),Bachiller,Estudiante,5,5,5,5,5,5,5,5,5,5,4,5,5,COMUNA 14,Centro
1GdfIlrKQcfZ_heMJDiTPlwp95goxcmiMUyl75FKcRIs,-Satisfacción del Curso virtual - PF DERECHOS SEXUALES Y REPRODUCTIVOS 1°C 2024,2024-10-26T17:13:56.643Z,,Masculino,Adolescencia (12 - 17 años),Bachiller,Estudiante,5,5,5,4,5,4,5,5,5,5,5,5,5,COMUNA 18,Sur Oriente
1GdfIlrKQcfZ_heMJDiTPlwp95goxcmiMUyl75FKcRIs,-Satisfacción del Curso virtual - PF DERECHOS SEXUALES Y REPRODUCTIVOS 1°C 2024,2024-11-15T22:16:05.069Z,,Masculino,Adolescencia (12 - 17 años),Bachiller,Estudiante,5,5,5,5,5,5,5,5,5,5,5,5,5,COMUNA 8,Norte
1GdfIlrKQcfZ_heMJDiTPlwp95goxcmiMUyl75FKcRIs,-Satisfacción del Curso virtual - PF DERECHOS SEXUALES Y REPRODUCTIVOS 1°C 2024,2024-11-06T01:16:06.482Z,,Femenino,Adolescencia (12 - 17 años),Bachiller,Estudiante,5,5,5,5,5,5,5,5,5,5,3,5,5,COMUNA 17,Ladera
1GdfIlrKQcfZ_heMJDiTPlwp95goxcmiMUyl75FKcRIs,-Satisfacción del Curso virtual - PF DERECHOS SEXUALES Y REPRODUCTIVOS 1°C 2024,2024-10-17T05:04:09.086Z,,Femenino,Adolescencia (12 - 17 años),Bachiller,Estudiante,5,5,5,5,5,4,5,5,5,5,5,5,4,COMUNA 7,Norte
1GdfIlrKQcfZ_heMJDiTPlwp95goxcmiMUyl75FKcRIs,-Satisfacción del Curso virtual - PF DERECHOS SEXUALES Y REPRODUCTIVOS 1°C 2024,2024-10-18T23:59:18.266Z,,Masculino,Adolescencia (12 - 17 años),Bachiller,Estudiante,4,4,4,4,4,4,4,4,4,4,4,4,5,COMUNA 20,Ladera
1GdfIlrKQcfZ_heMJDiTPlwp95goxcmiMUyl75FKcRIs,-Satisfacción del Curso virtual - PF DERECHOS SEXUALES Y REPRODUCTIVOS 1°C 2024,2024-10-30T05:48:54.298Z,,Femenino,Adolescencia (12 - 17 años),Bachiller,Estudiante,4,4,4,5,5,5,4,5,4,5,5,5,5,COMUNA 18,Sur Oriente
1GdfIlrKQcfZ_heMJDiTPlwp95goxcmiMUyl75FKcRIs,-Satisfacción del Curso virtual - PF DERECHOS SEXUALES Y REPRODUCTIVOS 1°C 2024,2024-11-20T22:45:41.345Z,,Femenino,Adolescencia (12 - 17 años),Bachiller,Estudiante,4,4,4,3,5,5,5,5,2,4,5,4,5,COMUNA 12,Centro
1GdfIlrKQcfZ_heMJDiTPlwp95goxcmiMUyl75FKcRIs,-Satisfacción del Curso virtual - PF DERECHOS SEXUALES Y REPRODUCTIVOS 1°C 2024,2024-10-10T18:34:34.061Z,,Femenino,Adolescencia (12 - 17 años),Bachiller,Estudiante,5,5,5,5,5,5,5,5,5,5,5,5,5,COMUNA 7,Norte
1GdfIlrKQcfZ_heMJDiTPlwp95goxcmiMUyl75FKcRIs,-Satisfacción del Curso virtual - PF DERECHOS SEXUALES Y REPRODUCTIVOS 1°C 2024,2024-10-31T15:36:37.145Z,,Femenino,Adolescencia (12 - 17 años),Bachiller,Estudiante,4,4,4,3,3,5,4,5,4,4,5,4,4,COMUNA 15,Oriente
1GdfIlrKQcfZ_heMJDiTPlwp95goxcmiMUyl75FKcRIs,-Satisfacción del Curso virtual - PF DERECHOS SEXUALES Y REPRODUCTIVOS 1°C 2024,2024-11-30T19:24:27.980Z,,Masculino,Adolescencia (12 - 17 años),Bachiller,Estudiante,4,4,5,2,5,5,5,4,3,4,5,5,5,COMUNA 7,Oriente
1GdfIlrKQcfZ_heMJDiTPlwp95goxcmiMUyl75FKcRIs,-Satisfacción del Curso virtual - PF DERECHOS SEXUALES Y REPRODUCTIVOS 1°C 2024,2024-10-22T18:14:04.477Z,,Masculino,Adolescencia (12 - 17 años),Bachiller,Estudiante,5,5,5,5,5,5,5,5,5,5,5,5,5,COMUNA 16,Norte
1GdfIlrKQcfZ_heMJDiTPlwp95goxcmiMUyl75FKcRIs,-Satisfacción del Curso virtual - PF DERECHOS SEXUALES Y REPRODUCTIVOS 1°C 2024,2024-10-26T16:10:59.839Z,,Femenino,Adolescencia (12 - 17 años),Bachiller,Estudiante,5,5,5,4,5,5,5,5,5,5,4,5,5,COMUNA 18,Ladera
1GdfIlrKQcfZ_heMJDiTPlwp95goxcmiMUyl75FKcRIs,-Satisfacción del Curso virtual - PF DERECHOS SEXUALES Y REPRODUCTIVOS 1°C 2024,2024-11-23T20:43:23.480Z,,Femenino,Adolescencia (12 - 17 años),Bachiller,Estudiante,4,4,5,4,5,4,5,5,4,5,5,5,4,COMUNA 21,Norte
1GdfIlrKQcfZ_heMJDiTPlwp95goxcmiMUyl75FKcRIs,-Satisfacción del Curso virtual - PF DERECHOS SEXUALES Y REPRODUCTIVOS 1°C 2024,2024-10-31T18:33:32.990Z,,Femenino,Adolescencia (12 - 17 años),Bachiller,Estudiante,4,5,5,3,5,4,4,5,3,4,3,4,5,COMUNA 21,Norte
1GdfIlrKQcfZ_heMJDiTPlwp95goxcmiMUyl75FKcRIs,-Satisfacción del Curso virtual - PF DERECHOS SEXUALES Y REPRODUCTIVOS 1°C 2024,2024-11-13T18:36:12.995Z,,Masculino,Adolescencia (12 - 17 años),Bachiller,Estudiante,4,5,4,4,5,4,4,4,5,4,4,5,5,COMUNA 15,Sur Oriente
1GdfIlrKQcfZ_heMJDiTPlwp95goxcmiMUyl75FKcRIs,-Satisfacción del Curso virtual - PF DERECHOS SEXUALES Y REPRODUCTIVOS 1°C 2024,2024-10-26T03:06:22.687Z,,Masculino,Adolescencia (12 - 17 años),Bachiller,Estudiante,5,5,5,5,5,5,5,5,5,5,5,5,5,COMUNA 20,Ladera
1GdfIlrKQcfZ_heMJDiTPlwp95goxcmiMUyl75FKcRIs,-Satisfacción del Curso virtual - PF DERECHOS SEXUALES Y REPRODUCTIVOS 1°C 2024,2024-11-15T01:54:24.483Z,,Femenino,Adolescencia (12 - 17 años),Bachiller,Estudiante,2,2,3,2,3,4,3,3,3,3,1,2,5,COMUNA 10,Centro
1GdfIlrKQcfZ_heMJDiTPlwp95goxcmiMUyl75FKcRIs,-Satisfacción del Curso virtual - PF DERECHOS SEXUALES Y REPRODUCTIVOS 1°C 2024,2024-11-06T04:25:24.092Z,,Masculino,Adolescencia (12 - 17 años),Bachiller,Estudiante,5,5,5,5,5,5,5,5,5,5,5,5,5,COMUNA 14,Oriente
1GdfIlrKQcfZ_heMJDiTPlwp95goxcmiMUyl75FKcRIs,-Satisfacción del Curso virtual - PF DERECHOS SEXUALES Y REPRODUCTIVOS 1°C 2024,2024-11-02T18:50:46.437Z,,Masculino,Juventud (18 - 28 años),Bachiller,Estudiante,5,4,4,4,5,4,5,4,5,5,4,5,5,COMUNA 16,Oriente
1GdfIlrKQcfZ_heMJDiTPlwp95goxcmiMUyl75FKcRIs,-Satisfacción del Curso virtual - PF DERECHOS SEXUALES Y REPRODUCTIVOS 1°C 2024,2024-11-15T01:04:43.080Z,,Masculino,Adolescencia (12 - 17 años),Bachiller,Estudiante,4,5,3,4,5,4,4,3,5,5,4,5,5,COMUNA 16,Sur Oriente
1GdfIlrKQcfZ_heMJDiTPlwp95goxcmiMUyl75FKcRIs,-Satisfacción del Curso virtual - PF DERECHOS SEXUALES Y REPRODUCTIVOS 1°C 2024,2024-10-09T00:25:37.789Z,,Masculino,Adolescencia (12 - 17 años),Bachiller,Estudiante,5,5,5,5,5,5,5,5,5,5,5,5,5,COMUNA 10,Norte
1GdfIlrKQcfZ_heMJDiTPlwp95goxcmiMUyl75FKcRIs,-Satisfacción del Curso virtual - PF DERECHOS SEXUALES Y REPRODUCTIVOS 1°C 2024,2024-10-12T20:52:22.314Z,,Femenino,Adolescencia (12 - 17 años),Bachiller,Estudiante,5,5,5,4,5,5,5,5,5,5,4,5,5,COMUNA 14,Oriente
1GdfIlrKQcfZ_heMJDiTPlwp95goxcmiMUyl75FKcRIs,-Satisfacción del Curso virtual - PF DERECHOS SEXUALES Y REPRODUCTIVOS 1°C 2024,2024-10-19T14:39:56.497Z,,Masculino,Adolescencia (12 - 17 años),Bachiller,Estudiante,5,5,5,5,5,5,5,5,5,5,4,5,5,COMUNA 18,Ladera
1GdfIlrKQcfZ_heMJDiTPlwp95goxcmiMUyl75FKcRIs,-Satisfacción del Curso virtual - PF DERECHOS SEXUALES Y REPRODUCTIVOS 1°C 2024,2024-10-20T01:35:13.438Z,,Femenino,Adolescencia (12 - 17 años),Bachiller,Estudiante,5,5,4,5,5,5,3,3,5,4,5,4,5,COMUNA 13,Norte
1GdfIlrKQcfZ_heMJDiTPlwp95goxcmiMUyl75FKcRIs,-Satisfacción del Curso virtual - PF DERECHOS SEXUALES Y REPRODUCTIVOS 1°C 2024,2024-11-28T20:26:50.316Z,,Femenino,Adolescencia (12 - 17 años),Bachiller,Estudiante,5,5,5,5,5,5,5,5,5,5,5,5,5,COMUNA 10,Centro
1GdfIlrKQcfZ_heMJDiTPlwp95goxcmiMUyl75FKcRIs,-Satisfacción del Curso virtual - PF DERECHOS SEXUALES Y REPRODUCTIVOS 1°C 2024,2024-10-23T23:17:35.817Z,,Femenino,Adolescencia (12 - 17 años),Ninguna,Estudiante,5,5,5,5,5,5,5,5,5,5,5,5,5,COMUNA 14,Sur Oriente
1GdfIlrKQcfZ_heMJDiTPlwp95goxcmiMUyl75FKcRIs,-Satisfacción del Curso virtual - PF DERECHOS SEXUALES Y REPRODUCTIVOS 1°C 2024,2024-10-18T03:20:40.620Z,,Femenino,Adolescencia (12 - 17 años),Bachiller,Estudiante,4,4,5,5,5,5,5,5,5,5,5,5,5,COMUNA 11,Sur Oriente
1GdfIlrKQcfZ_heMJDiTPlwp95goxcmiMUyl75FKcRIs,-Satisfacción del Curso virtual - PF DERECHOS SEXUALES Y REPRODUCTIVOS 1°C 2024,2024-11-08T23:23:49.606Z,,Masculino,Adolescencia (12 - 17 años),Bachiller,Estudiante,4,4,4,3,5,4,4,4,4,5,4,4,4,COMUNA 16,Sur Oriente
1GdfIlrKQcfZ_heMJDiTPlwp95goxcmiMUyl75FKcRIs,-Satisfacción del Curso virtual - PF DERECHOS SEXUALES Y REPRODUCTIVOS 1°C 2024,2024-11-15T02:35:28.513Z,,Femenino,Adolescencia (12 - 17 años),Bachiller,Estudiante,5,5,5,5,5,5,4,4,5,5,5,5,5,COMUNA 16,Sur Oriente
1GdfIlrKQcfZ_heMJDiTPlwp95goxcmiMUyl75FKcRIs,-Satisfacción del Curso virtual - PF DERECHOS SEXUALES Y REPRODUCTIVOS 1°C 2024,2024-11-04T22:36:47.791Z,,Masculino,Adolescencia (12 - 17 años),Bachiller,Estudiante,5,5,5,5,5,5,5,5,5,5,5,5,5,COMUNA 21,Norte
1GdfIlrKQcfZ_heMJDiTPlwp95goxcmiMUyl75FKcRIs,-Satisfacción del Curso virtual - PF DERECHOS SEXUALES Y REPRODUCTIVOS 1°C 2024,2024-11-17T16:44:36.399Z,,Masculino,Adolescencia (12 - 17 años),Bachiller,Estudiante,4,4,5,4,5,5,3,5,3,5,5,5,5,COMUNA 15,Sur Oriente
1GdfIlrKQcfZ_heMJDiTPlwp95goxcmiMUyl75FKcRIs,-Satisfacción del Curso virtual - PF DERECHOS SEXUALES Y REPRODUCTIVOS 1°C 2024,2024-11-03T00:42:15.580Z,,Masculino,Adolescencia (12 - 17 años),Bachiller,Estudiante,4,4,4,4,5,5,4,4,4,4,5,4,4,COMUNA 16,Sur Oriente
1GdfIlrKQcfZ_heMJDiTPlwp95goxcmiMUyl75FKcRIs,-Satisfacción del Curso virtual - PF DERECHOS SEXUALES Y REPRODUCTIVOS 1°C 2024,2024-11-15T03:58:11.698Z,,Femenino,Adolescencia (12 - 17 años),Bachiller,Estudiante,3,4,5,4,5,5,3,4,4,5,5,5,5,COMUNA 11,Centro
1GdfIlrKQcfZ_heMJDiTPlwp95goxcmiMUyl75FKcRIs,-Satisfacción del Curso virtual - PF DERECHOS SEXUALES Y REPRODUCTIVOS 1°C 2024,2024-11-02T03:16:58.164Z,,Masculino,Adolescencia (12 - 17 años),Bachiller,Estudiante,4,4,4,4,4,4,4,4,3,3,3,4,4,COMUNA 15,Oriente
1GdfIlrKQcfZ_heMJDiTPlwp95goxcmiMUyl75FKcRIs,-Satisfacción del Curso virtual - PF DERECHOS SEXUALES Y REPRODUCTIVOS 1°C 2024,2024-11-02T01:26:35.394Z,,Masculino,Juventud (18 - 28 años),Pregrado,Estudiante,4,4,4,5,4,4,4,4,4,4,4,4,4,COMUNA 21,Oriente
1GdfIlrKQcfZ_heMJDiTPlwp95goxcmiMUyl75FKcRIs,-Satisfacción del Curso virtual - PF DERECHOS SEXUALES Y REPRODUCTIVOS 1°C 2024,2024-11-12T02:27:42.231Z,,Masculino,Adolescencia (12 - 17 años),Bachiller,Estudiante,5,5,5,4,5,5,4,5,4,5,5,5,5,COMUNA 10,Centro
1GdfIlrKQcfZ_heMJDiTPlwp95goxcmiMUyl75FKcRIs,-Satisfacción del Curso virtual - PF DERECHOS SEXUALES Y REPRODUCTIVOS 1°C 2024,2024-10-28T23:34:49.949Z,,Femenino,Adolescencia (12 - 17 años),Bachiller,Estudiante,5,5,5,4,5,5,5,5,4,3,5,5,5,COMUNA 10,Centro
1GdfIlrKQcfZ_heMJDiTPlwp95goxcmiMUyl75FKcRIs,-Satisfacción del Curso virtual - PF DERECHOS SEXUALES Y REPRODUCTIVOS 1°C 2024,2024-10-29T06:04:44.779Z,,Femenino,Adolescencia (12 - 17 años),Bachiller,Estudiante,5,5,5,5,5,5,5,5,5,5,5,5,5,COMUNA 16,Norte
1GdfIlrKQcfZ_heMJDiTPlwp95goxcmiMUyl75FKcRIs,-Satisfacción del Curso virtual - PF DERECHOS SEXUALES Y REPRODUCTIVOS 1°C 2024,2024-11-11T03:27:00.629Z,,Femenino,Adolescencia (12 - 17 años),Bachiller,Estudiante,5,5,5,5,5,5,5,5,5,5,5,5,5,COMUNA 22,Sur Oriente
1GdfIlrKQcfZ_heMJDiTPlwp95goxcmiMUyl75FKcRIs,-Satisfacción del Curso virtual - PF DERECHOS SEXUALES Y REPRODUCTIVOS 1°C 2024,2024-10-09T00:17:00.935Z,,Femenino,Adolescencia (12 - 17 años),Bachiller,Estudiante,4,3,4,4,5,4,4,4,4,3,4,4,3,COMUNA 6,Norte
1GdfIlrKQcfZ_heMJDiTPlwp95goxcmiMUyl75FKcRIs,-Satisfacción del Curso virtual - PF DERECHOS SEXUALES Y REPRODUCTIVOS 1°C 2024,2024-10-16T15:19:13.074Z,,Masculino,Adolescencia (12 - 17 años),Bachiller,Estudiante,3,5,4,4,3,5,5,4,3,5,3,4,3,COMUNA 14,Oriente
1GdfIlrKQcfZ_heMJDiTPlwp95goxcmiMUyl75FKcRIs,-Satisfacción del Curso virtual - PF DERECHOS SEXUALES Y REPRODUCTIVOS 1°C 2024,2024-10-30T00:16:14.565Z,,Femenino,Adolescencia (12 - 17 años),Bachiller,Estudiante,4,4,4,4,4,4,4,4,4,4,4,5,4,COMUNA 18,Ladera
1GdfIlrKQcfZ_heMJDiTPlwp95goxcmiMUyl75FKcRIs,-Satisfacción del Curso virtual - PF DERECHOS SEXUALES Y REPRODUCTIVOS 1°C 2024,2024-11-09T04:45:18.962Z,,Masculino,Adolescencia (12 - 17 años),Bachiller,Estudiante,5,5,5,5,5,5,5,5,5,5,5,5,5,COMUNA 16,Sur Oriente
1GdfIlrKQcfZ_heMJDiTPlwp95goxcmiMUyl75FKcRIs,-Satisfacción del Curso virtual - PF DERECHOS SEXUALES Y REPRODUCTIVOS 1°C 2024,2024-10-29T18:22:42.623Z,,Masculino,Adolescencia (12 - 17 años),Bachiller,Estudiante,5,5,5,5,5,5,5,5,5,5,5,5,5,COMUNA 8,Centro
1GdfIlrKQcfZ_heMJDiTPlwp95goxcmiMUyl75FKcRIs,-Satisfacción del Curso virtual - PF DERECHOS SEXUALES Y REPRODUCTIVOS 1°C 2024,2024-11-01T21:32:11.936Z,,Femenino,Adolescencia (12 - 17 años),Bachiller,Estudiante,5,5,5,5,5,5,5,5,5,5,5,5,5,COMUNA 1,Oriente
1GdfIlrKQcfZ_heMJDiTPlwp95goxcmiMUyl75FKcRIs,-Satisfacción del Curso virtual - PF DERECHOS SEXUALES Y REPRODUCTIVOS 1°C 2024,2024-11-14T22:36:37.833Z,,Femenino,Adolescencia (12 - 17 años),Bachiller,Estudiante,4,4,3,4,4,3,4,4,4,4,4,4,4,COMUNA 15,Sur Oriente
1GdfIlrKQcfZ_heMJDiTPlwp95goxcmiMUyl75FKcRIs,-Satisfacción del Curso virtual - PF DERECHOS SEXUALES Y REPRODUCTIVOS 1°C 2024,2024-11-16T04:15:45.745Z,,Femenino,Adolescencia (12 - 17 años),Bachiller,Estudiante,5,5,5,5,5,5,5,5,5,5,5,5,5,COMUNA 11,Centro
1GdfIlrKQcfZ_heMJDiTPlwp95goxcmiMUyl75FKcRIs,-Satisfacción del Curso virtual - PF DERECHOS SEXUALES Y REPRODUCTIVOS 1°C 2024,2024-10-31T18:19:17.798Z,,Femenino,Adolescencia (12 - 17 años),Bachiller,Estudiante,5,5,5,3,4,4,5,5,5,5,4,5,5,COMUNA 13,Norte
1GdfIlrKQcfZ_heMJDiTPlwp95goxcmiMUyl75FKcRIs,-Satisfacción del Curso virtual - PF DERECHOS SEXUALES Y REPRODUCTIVOS 1°C 2024,2024-12-04T05:12:20.637Z,,Masculino,Adolescencia (12 - 17 años),Bachiller,Estudiante,5,5,5,5,5,5,5,5,5,5,5,5,5,COMUNA 11,Centro
1GdfIlrKQcfZ_heMJDiTPlwp95goxcmiMUyl75FKcRIs,-Satisfacción del Curso virtual - PF DERECHOS SEXUALES Y REPRODUCTIVOS 1°C 2024,2024-10-14T19:38:45.528Z,,Femenino,Adolescencia (12 - 17 años),Bachiller,Estudiante,4,4,3,4,5,4,4,3,4,2,4,4,4,COMUNA 15,Ladera
1GdfIlrKQcfZ_heMJDiTPlwp95goxcmiMUyl75FKcRIs,-Satisfacción del Curso virtual - PF DERECHOS SEXUALES Y REPRODUCTIVOS 1°C 2024,2024-11-15T03:26:15.357Z,,Femenino,Adolescencia (12 - 17 años),Bachiller,Estudiante,5,5,5,5,5,5,5,5,5,5,5,5,5,COMUNA 11,Oriente
1GdfIlrKQcfZ_heMJDiTPlwp95goxcmiMUyl75FKcRIs,-Satisfacción del Curso virtual - PF DERECHOS SEXUALES Y REPRODUCTIVOS 1°C 2024,2024-12-03T06:28:35.613Z,,Femenino,Adolescencia (12 - 17 años),Bachiller,Estudiante,1,2,1,1,1,1,1,2,1,1,3,1,1,COMUNA 9,Centro
1GdfIlrKQcfZ_heMJDiTPlwp95goxcmiMUyl75FKcRIs,-Satisfacción del Curso virtual - PF DERECHOS SEXUALES Y REPRODUCTIVOS 1°C 2024,2024-10-22T03:28:41.859Z,,Femenino,Adolescencia (12 - 17 años),Pregrado,Estudiante,5,5,5,5,5,5,5,5,5,5,5,5,5,COMUNA 20,Ladera
1GdfIlrKQcfZ_heMJDiTPlwp95goxcmiMUyl75FKcRIs,-Satisfacción del Curso virtual - PF DERECHOS SEXUALES Y REPRODUCTIVOS 1°C 2024,2024-10-30T13:21:25.119Z,,Masculino,Juventud (18 - 28 años),Bachiller,Estudiante,4,3,4,3,4,4,4,4,4,4,4,4,4,COMUNA 7,Norte
1GdfIlrKQcfZ_heMJDiTPlwp95goxcmiMUyl75FKcRIs,-Satisfacción del Curso virtual - PF DERECHOS SEXUALES Y REPRODUCTIVOS 1°C 2024,2024-10-09T19:18:38.516Z,,Femenino,Adolescencia (12 - 17 años),Bachiller,Estudiante,5,5,5,5,5,5,5,5,5,5,5,5,5,COMUNA 6,Norte
1GdfIlrKQcfZ_heMJDiTPlwp95goxcmiMUyl75FKcRIs,-Satisfacción del Curso virtual - PF DERECHOS SEXUALES Y REPRODUCTIVOS 1°C 2024,2024-10-16T05:39:21.045Z,,Masculino,Adolescencia (12 - 17 años),Bachiller,Área de la salud,5,5,4,5,5,5,5,5,5,5,5,5,5,COMUNA 6,Norte
1GdfIlrKQcfZ_heMJDiTPlwp95goxcmiMUyl75FKcRIs,-Satisfacción del Curso virtual - PF DERECHOS SEXUALES Y REPRODUCTIVOS 1°C 2024,2024-11-14T21:13:51.258Z,,Masculino,Adolescencia (12 - 17 años),Bachiller,Estudiante,4,4,4,4,4,3,4,4,4,3,4,4,4,COMUNA 8,Centro
1GdfIlrKQcfZ_heMJDiTPlwp95goxcmiMUyl75FKcRIs,-Satisfacción del Curso virtual - PF DERECHOS SEXUALES Y REPRODUCTIVOS 1°C 2024,2024-11-01T21:39:37.185Z,,Masculino,Adolescencia (12 - 17 años),Bachiller,Estudiante,5,5,4,5,5,5,5,4,5,5,5,5,5,COMUNA 21,Oriente
1GdfIlrKQcfZ_heMJDiTPlwp95goxcmiMUyl75FKcRIs,-Satisfacción del Curso virtual - PF DERECHOS SEXUALES Y REPRODUCTIVOS 1°C 2024,2024-10-22T14:18:33.944Z,,Femenino,Adolescencia (12 - 17 años),Bachiller,Estudiante,5,5,5,5,5,5,5,5,5,5,5,5,5,COMUNA 13,Norte
1GdfIlrKQcfZ_heMJDiTPlwp95goxcmiMUyl75FKcRIs,-Satisfacción del Curso virtual - PF DERECHOS SEXUALES Y REPRODUCTIVOS 1°C 2024,2024-10-12T03:44:47.890Z,,Masculino,Adolescencia (12 - 17 años),Bachiller,Estudiante,4,4,5,5,5,5,5,5,5,5,5,5,4,COMUNA 21,Oriente
1GdfIlrKQcfZ_heMJDiTPlwp95goxcmiMUyl75FKcRIs,-Satisfacción del Curso virtual - PF DERECHOS SEXUALES Y REPRODUCTIVOS 1°C 2024,2024-10-29T18:17:07.764Z,,Masculino,Adolescencia (12 - 17 años),Bachiller,Estudiante,4,4,3,5,4,4,3,5,5,4,4,5,5,COMUNA 18,Ladera
1GdfIlrKQcfZ_heMJDiTPlwp95goxcmiMUyl75FKcRIs,-Satisfacción del Curso virtual - PF DERECHOS SEXUALES Y REPRODUCTIVOS 1°C 2024,2024-10-11T16:28:46.568Z,,Femenino,Adolescencia (12 - 17 años),Bachiller,Estudiante,5,5,5,5,5,5,5,5,5,5,5,5,5,COMUNA 6,Norte
1GdfIlrKQcfZ_heMJDiTPlwp95goxcmiMUyl75FKcRIs,-Satisfacción del Curso virtual - PF DERECHOS SEXUALES Y REPRODUCTIVOS 1°C 2024,2024-10-24T06:55:07.238Z,,Masculino,Adolescencia (12 - 17 años),Ninguna,Estudiante,5,5,5,5,5,5,5,5,5,5,5,5,5,COMUNA 14,Oriente
1GdfIlrKQcfZ_heMJDiTPlwp95goxcmiMUyl75FKcRIs,-Satisfacción del Curso virtual - PF DERECHOS SEXUALES Y REPRODUCTIVOS 1°C 2024,2024-10-15T01:47:41.189Z,,Femenino,Adolescencia (12 - 17 años),Bachiller,Estudiante,5,5,5,5,5,5,5,5,5,5,5,5,5,COMUNA 8,Norte
1GdfIlrKQcfZ_heMJDiTPlwp95goxcmiMUyl75FKcRIs,-Satisfacción del Curso virtual - PF DERECHOS SEXUALES Y REPRODUCTIVOS 1°C 2024,2024-10-11T07:13:56.754Z,,Femenino,Juventud (18 - 28 años),Bachiller,Área de la salud,4,5,4,4,5,5,3,5,4,5,4,3,5,COMUNA 6,Norte
1GdfIlrKQcfZ_heMJDiTPlwp95goxcmiMUyl75FKcRIs,-Satisfacción del Curso virtual - PF DERECHOS SEXUALES Y REPRODUCTIVOS 1°C 2024,2024-11-09T02:40:58.737Z,,Masculino,Adolescencia (12 - 17 años),Bachiller,Estudiante,5,4,4,4,3,3,4,5,4,5,4,4,5,COMUNA 10,Centro
1GdfIlrKQcfZ_heMJDiTPlwp95goxcmiMUyl75FKcRIs,-Satisfacción del Curso virtual - PF DERECHOS SEXUALES Y REPRODUCTIVOS 1°C 2024,2024-10-10T18:32:05.684Z,,Masculino,Adolescencia (12 - 17 años),Bachiller,Estudiante,5,4,5,5,5,5,5,5,5,5,5,5,5,COMUNA 21,Oriente
1GdfIlrKQcfZ_heMJDiTPlwp95goxcmiMUyl75FKcRIs,-Satisfacción del Curso virtual - PF DERECHOS SEXUALES Y REPRODUCTIVOS 1°C 2024,2024-11-02T03:26:34.510Z,,Masculino,Adolescencia (12 - 17 años),Bachiller,Estudiante,5,5,5,5,5,5,5,5,5,5,5,5,5,COMUNA 21,Oriente
1GdfIlrKQcfZ_heMJDiTPlwp95goxcmiMUyl75FKcRIs,-Satisfacción del Curso virtual - PF DERECHOS SEXUALES Y REPRODUCTIVOS 1°C 2024,2024-11-01T23:53:41.596Z,,Masculino,Adolescencia (12 - 17 años),Bachiller,Estudiante,5,5,5,5,5,5,5,5,5,5,5,5,5,COMUNA 21,Oriente
1GdfIlrKQcfZ_heMJDiTPlwp95goxcmiMUyl75FKcRIs,-Satisfacción del Curso virtual - PF DERECHOS SEXUALES Y REPRODUCTIVOS 1°C 2024,2024-10-20T22:48:25.826Z,,Femenino,Adolescencia (12 - 17 años),Bachiller,Estudiante,5,5,5,5,5,5,5,5,3,5,5,5,5,C. DE PANCE,Ladera
1GdfIlrKQcfZ_heMJDiTPlwp95goxcmiMUyl75FKcRIs,-Satisfacción del Curso virtual - PF DERECHOS SEXUALES Y REPRODUCTIVOS 1°C 2024,2024-10-26T23:10:14.529Z,,Masculino,Adolescencia (12 - 17 años),Bachiller,Estudiante,5,5,4,4,5,5,5,4,4,5,4,5,4,COMUNA 18,Ladera
1GdfIlrKQcfZ_heMJDiTPlwp95goxcmiMUyl75FKcRIs,-Satisfacción del Curso virtual - PF DERECHOS SEXUALES Y REPRODUCTIVOS 1°C 2024,2024-10-12T19:02:21.957Z,,Femenino,Adolescencia (12 - 17 años),Bachiller,Estudiante,4,5,4,4,4,5,5,5,5,5,4,5,4,COMUNA 4,Norte
1GdfIlrKQcfZ_heMJDiTPlwp95goxcmiMUyl75FKcRIs,-Satisfacción del Curso virtual - PF DERECHOS SEXUALES Y REPRODUCTIVOS 1°C 2024,2024-10-25T20:34:53.620Z,,Femenino,Adolescencia (12 - 17 años),Bachiller,Estudiante,5,5,4,5,5,5,5,5,4,5,5,5,5,COMUNA 18,Ladera
1GdfIlrKQcfZ_heMJDiTPlwp95goxcmiMUyl75FKcRIs,-Satisfacción del Curso virtual - PF DERECHOS SEXUALES Y REPRODUCTIVOS 1°C 2024,2024-11-17T20:09:51.291Z,,Femenino,Adolescencia (12 - 17 años),Bachiller,Estudiante,5,5,5,3,5,5,5,5,5,5,3,5,5,COMUNA 10,Sur Oriente
1GdfIlrKQcfZ_heMJDiTPlwp95goxcmiMUyl75FKcRIs,-Satisfacción del Curso virtual - PF DERECHOS SEXUALES Y REPRODUCTIVOS 1°C 2024,2024-10-31T16:05:30.362Z,,Masculino,Adolescencia (12 - 17 años),Bachiller,Estudiante,5,5,5,4,5,5,5,5,5,5,5,5,5,COMUNA 20,Ladera
1GdfIlrKQcfZ_heMJDiTPlwp95goxcmiMUyl75FKcRIs,-Satisfacción del Curso virtual - PF DERECHOS SEXUALES Y REPRODUCTIVOS 1°C 2024,2024-10-26T22:53:27.874Z,,Masculino,Adolescencia (12 - 17 años),Bachiller,Estudiante,4,4,4,5,5,5,5,5,5,5,5,5,3,COMUNA 21,Oriente
1GdfIlrKQcfZ_heMJDiTPlwp95goxcmiMUyl75FKcRIs,-Satisfacción del Curso virtual - PF DERECHOS SEXUALES Y REPRODUCTIVOS 1°C 2024,2024-11-13T12:44:51.256Z,,Femenino,Adolescencia (12 - 17 años),Bachiller,Estudiante,5,5,5,5,3,5,5,5,5,3,3,5,5,COMUNA 16,Sur Oriente
1GdfIlrKQcfZ_heMJDiTPlwp95goxcmiMUyl75FKcRIs,-Satisfacción del Curso virtual - PF DERECHOS SEXUALES Y REPRODUCTIVOS 1°C 2024,2024-10-12T21:24:00.439Z,,Femenino,Juventud (18 - 28 años),Bachiller,Estudiante,5,5,5,5,5,5,5,5,5,5,5,5,5,COMUNA 7,Norte
1GdfIlrKQcfZ_heMJDiTPlwp95goxcmiMUyl75FKcRIs,-Satisfacción del Curso virtual - PF DERECHOS SEXUALES Y REPRODUCTIVOS 1°C 2024,2024-11-17T07:24:26.409Z,,Femenino,Adolescencia (12 - 17 años),Bachiller,Estudiante,4,4,5,4,4,4,4,4,4,4,4,4,3,COMUNA 14,Oriente
1GdfIlrKQcfZ_heMJDiTPlwp95goxcmiMUyl75FKcRIs,-Satisfacción del Curso virtual - PF DERECHOS SEXUALES Y REPRODUCTIVOS 1°C 2024,2024-11-02T03:29:50.456Z,,Femenino,Adolescencia (12 - 17 años),Bachiller,Estudiante,5,5,5,5,5,5,5,5,5,5,5,5,5,COMUNA 14,Oriente
1GdfIlrKQcfZ_heMJDiTPlwp95goxcmiMUyl75FKcRIs,-Satisfacción del Curso virtual - PF DERECHOS SEXUALES Y REPRODUCTIVOS 1°C 2024,2024-10-31T04:14:10.969Z,,Femenino,Adolescencia (12 - 17 años),Bachiller,Estudiante,4,4,4,4,4,4,4,4,4,4,4,4,4,COMUNA 20,Ladera
1GdfIlrKQcfZ_heMJDiTPlwp95goxcmiMUyl75FKcRIs,-Satisfacción del Curso virtual - PF DERECHOS SEXUALES Y REPRODUCTIVOS 1°C 2024,2024-11-28T01:35:43.285Z,,Femenino,Adolescencia (12 - 17 años),Bachiller,Estudiante,4,4,4,3,4,4,3,4,4,4,4,4,4,COMUNA 8,Oriente
1GdfIlrKQcfZ_heMJDiTPlwp95goxcmiMUyl75FKcRIs,-Satisfacción del Curso virtual - PF DERECHOS SEXUALES Y REPRODUCTIVOS 1°C 2024,2024-11-02T05:31:55.652Z,,Femenino,Adolescencia (12 - 17 años),Bachiller,Estudiante,5,5,4,4,5,5,5,5,5,5,5,5,5,C. DE PANCE,Centro
1GdfIlrKQcfZ_heMJDiTPlwp95goxcmiMUyl75FKcRIs,-Satisfacción del Curso virtual - PF DERECHOS SEXUALES Y REPRODUCTIVOS 1°C 2024,2024-10-29T23:50:51.879Z,,Femenino,Adolescencia (12 - 17 años),Bachiller,Estudiante,5,5,5,3,5,5,5,4,5,4,5,5,5,COMUNA 6,Norte
1GdfIlrKQcfZ_heMJDiTPlwp95goxcmiMUyl75FKcRIs,-Satisfacción del Curso virtual - PF DERECHOS SEXUALES Y REPRODUCTIVOS 1°C 2024,2024-11-18T04:34:35.292Z,,Masculino,Adolescencia (12 - 17 años),Pregrado,Estudiante,5,5,4,3,5,5,5,5,5,4,5,5,5,COMUNA 13,Oriente
1GdfIlrKQcfZ_heMJDiTPlwp95goxcmiMUyl75FKcRIs,-Satisfacción del Curso virtual - PF DERECHOS SEXUALES Y REPRODUCTIVOS 1°C 2024,2024-10-29T23:19:29.793Z,,Femenino,Adolescencia (12 - 17 años),Bachiller,Estudiante,5,5,5,5,5,4,5,5,4,4,5,5,5,COMUNA 13,Oriente
1GdfIlrKQcfZ_heMJDiTPlwp95goxcmiMUyl75FKcRIs,-Satisfacción del Curso virtual - PF DERECHOS SEXUALES Y REPRODUCTIVOS 1°C 2024,2024-10-26T00:12:52.201Z,,Masculino,Adolescencia (12 - 17 años),Bachiller,Estudiante,5,5,5,5,5,5,5,5,5,5,5,5,5,COMUNA 5,Ladera
1GdfIlrKQcfZ_heMJDiTPlwp95goxcmiMUyl75FKcRIs,-Satisfacción del Curso virtual - PF DERECHOS SEXUALES Y REPRODUCTIVOS 1°C 2024,2024-11-07T02:22:14.131Z,,Femenino,Adolescencia (12 - 17 años),Bachiller,Estudiante,5,5,5,5,5,5,5,5,5,5,5,5,5,COMUNA 6,Norte
1GdfIlrKQcfZ_heMJDiTPlwp95goxcmiMUyl75FKcRIs,-Satisfacción del Curso virtual - PF DERECHOS SEXUALES Y REPRODUCTIVOS 1°C 2024,2024-10-13T19:05:40.794Z,,Masculino,Adolescencia (12 - 17 años),Pregrado,Estudiante,5,5,5,5,5,5,5,3,5,5,5,5,5,COMUNA 21,Oriente
1GdfIlrKQcfZ_heMJDiTPlwp95goxcmiMUyl75FKcRIs,-Satisfacción del Curso virtual - PF DERECHOS SEXUALES Y REPRODUCTIVOS 1°C 2024,2024-10-14T16:45:43.777Z,,Masculino,Adolescencia (12 - 17 años),Bachiller,Estudiante,3,4,3,3,5,4,3,4,3,2,4,4,3,COMUNA 15,Ladera
1GdfIlrKQcfZ_heMJDiTPlwp95goxcmiMUyl75FKcRIs,-Satisfacción del Curso virtual - PF DERECHOS SEXUALES Y REPRODUCTIVOS 1°C 2024,2024-12-02T23:18:49.562Z,,Femenino,Adolescencia (12 - 17 años),Bachiller,Estudiante,5,5,5,5,5,5,5,5,5,5,5,5,5,COMUNA 11,Sur Oriente
1GdfIlrKQcfZ_heMJDiTPlwp95goxcmiMUyl75FKcRIs,-Satisfacción del Curso virtual - PF DERECHOS SEXUALES Y REPRODUCTIVOS 1°C 2024,2024-10-30T16:58:57.988Z,,Masculino,Adolescencia (12 - 17 años),Bachiller,Estudiante,4,5,4,4,4,4,4,4,4,4,4,4,4,COMUNA 7,Norte
1GdfIlrKQcfZ_heMJDiTPlwp95goxcmiMUyl75FKcRIs,-Satisfacción del Curso virtual - PF DERECHOS SEXUALES Y REPRODUCTIVOS 1°C 2024,2024-11-15T02:35:23.731Z,,Masculino,Juventud (18 - 28 años),Bachiller,Estudiante,5,5,5,5,5,5,5,5,5,5,5,5,5,COMUNA 12,Norte
1GdfIlrKQcfZ_heMJDiTPlwp95goxcmiMUyl75FKcRIs,-Satisfacción del Curso virtual - PF DERECHOS SEXUALES Y REPRODUCTIVOS 1°C 2024,2024-11-15T23:11:33.979Z,,Masculino,Juventud (18 - 28 años),Bachiller,Estudiante,3,4,2,2,4,1,4,4,4,3,4,5,4,COMUNA 10,Norte
1GdfIlrKQcfZ_heMJDiTPlwp95goxcmiMUyl75FKcRIs,-Satisfacción del Curso virtual - PF DERECHOS SEXUALES Y REPRODUCTIVOS 1°C 2024,2024-10-29T17:23:14.817Z,,Masculino,Adolescencia (12 - 17 años),Bachiller,Estudiante,5,5,5,5,5,5,5,5,5,5,5,5,5,COMUNA 18,Ladera
1GdfIlrKQcfZ_heMJDiTPlwp95goxcmiMUyl75FKcRIs,-Satisfacción del Curso virtual - PF DERECHOS SEXUALES Y REPRODUCTIVOS 1°C 2024,2024-10-12T22:52:06.517Z,,Femenino,Adolescencia (12 - 17 años),Bachiller,Estudiante,3,4,2,1,2,4,3,2,3,4,5,5,5,COMUNA 1,Norte
1GdfIlrKQcfZ_heMJDiTPlwp95goxcmiMUyl75FKcRIs,-Satisfacción del Curso virtual - PF DERECHOS SEXUALES Y REPRODUCTIVOS 1°C 2024,2024-11-01T20:55:11.389Z,,Femenino,Adolescencia (12 - 17 años),Ninguna,Estudiante,5,4,4,1,5,5,4,5,5,5,4,4,5,COMUNA 13,Oriente
1GdfIlrKQcfZ_heMJDiTPlwp95goxcmiMUyl75FKcRIs,-Satisfacción del Curso virtual - PF DERECHOS SEXUALES Y REPRODUCTIVOS 1°C 2024,2024-11-13T07:07:25.157Z,,Masculino,Adolescencia (12 - 17 años),Pregrado,Estudiante,5,5,5,3,2,5,5,5,4,4,5,5,5,COMUNA 14,Oriente
1GdfIlrKQcfZ_heMJDiTPlwp95goxcmiMUyl75FKcRIs,-Satisfacción del Curso virtual - PF DERECHOS SEXUALES Y REPRODUCTIVOS 1°C 2024,2024-10-30T00:41:13.902Z,,Femenino,Adolescencia (12 - 17 años),Bachiller,Estudiante,4,4,4,4,4,4,4,4,4,4,4,4,4,COMUNA 18,Sur Oriente
1GdfIlrKQcfZ_heMJDiTPlwp95goxcmiMUyl75FKcRIs,-Satisfacción del Curso virtual - PF DERECHOS SEXUALES Y REPRODUCTIVOS 1°C 2024,2024-10-29T23:50:31.704Z,,Masculino,Adolescencia (12 - 17 años),Bachiller,Estudiante,5,5,5,4,5,5,5,5,4,5,4,5,5,COMUNA 8,Norte
1GdfIlrKQcfZ_heMJDiTPlwp95goxcmiMUyl75FKcRIs,-Satisfacción del Curso virtual - PF DERECHOS SEXUALES Y REPRODUCTIVOS 1°C 2024,2024-10-11T18:28:16.244Z,,Masculino,Adolescencia (12 - 17 años),Bachiller,Estudiante,5,5,5,4,4,5,5,3,4,5,5,4,5,COMUNA 14,Oriente
1GdfIlrKQcfZ_heMJDiTPlwp95goxcmiMUyl75FKcRIs,-Satisfacción del Curso virtual - PF DERECHOS SEXUALES Y REPRODUCTIVOS 1°C 2024,2024-10-08T20:21:58.378Z,,Femenino,Adolescencia (12 - 17 años),Bachiller,Estudiante,5,5,5,5,5,5,5,5,5,5,5,5,5,COMUNA 6,Norte
1GdfIlrKQcfZ_heMJDiTPlwp95goxcmiMUyl75FKcRIs,-Satisfacción del Curso virtual - PF DERECHOS SEXUALES Y REPRODUCTIVOS 1°C 2024,2024-10-30T15:53:35.406Z,,Masculino,Adolescencia (12 - 17 años),Bachiller,Estudiante,5,5,5,5,5,5,5,5,5,5,5,5,5,COMUNA 19,Ladera
1GdfIlrKQcfZ_heMJDiTPlwp95goxcmiMUyl75FKcRIs,-Satisfacción del Curso virtual - PF DERECHOS SEXUALES Y REPRODUCTIVOS 1°C 2024,2024-11-03T04:30:18.397Z,,Femenino,Adolescencia (12 - 17 años),Bachiller,Estudiante,4,4,4,4,5,5,5,5,5,5,5,5,5,COMUNA 14,Oriente
1GdfIlrKQcfZ_heMJDiTPlwp95goxcmiMUyl75FKcRIs,-Satisfacción del Curso virtual - PF DERECHOS SEXUALES Y REPRODUCTIVOS 1°C 2024,2024-11-15T00:19:40.663Z,,Femenino,Adolescencia (12 - 17 años),Bachiller,Estudiante,4,4,4,4,5,5,4,4,4,4,5,4,5,COMUNA 11,Centro
1GdfIlrKQcfZ_heMJDiTPlwp95goxcmiMUyl75FKcRIs,-Satisfacción del Curso virtual - PF DERECHOS SEXUALES Y REPRODUCTIVOS 1°C 2024,2024-10-26T15:40:18.896Z,,Femenino,Adolescencia (12 - 17 años),Bachiller,Estudiante,5,5,5,5,5,5,5,5,5,5,5,5,5,COMUNA 20,Ladera
1GdfIlrKQcfZ_heMJDiTPlwp95goxcmiMUyl75FKcRIs,-Satisfacción del Curso virtual - PF DERECHOS SEXUALES Y REPRODUCTIVOS 1°C 2024,2024-10-15T05:30:15.379Z,,Masculino,Adolescencia (12 - 17 años),Bachiller,Estudiante,4,4,5,2,5,5,5,3,4,5,2,4,3,COMUNA 21,Oriente
1GdfIlrKQcfZ_heMJDiTPlwp95goxcmiMUyl75FKcRIs,-Satisfacción del Curso virtual - PF DERECHOS SEXUALES Y REPRODUCTIVOS 1°C 2024,2024-11-13T15:17:31.148Z,,Femenino,Adolescencia (12 - 17 años),Bachiller,Estudiante,4,5,4,4,4,4,4,4,4,4,4,4,4,COMUNA 16,Sur Oriente
1GdfIlrKQcfZ_heMJDiTPlwp95goxcmiMUyl75FKcRIs,-Satisfacción del Curso virtual - PF DERECHOS SEXUALES Y REPRODUCTIVOS 1°C 2024,2024-10-13T17:39:45.500Z,,Femenino,Adolescencia (12 - 17 años),Bachiller,Estudiante,5,5,5,4,5,5,4,5,5,5,4,5,5,COMUNA 7,Norte
1GdfIlrKQcfZ_heMJDiTPlwp95goxcmiMUyl75FKcRIs,-Satisfacción del Curso virtual - PF DERECHOS SEXUALES Y REPRODUCTIVOS 1°C 2024,2024-10-31T20:30:02.701Z,,Femenino,Adolescencia (12 - 17 años),Bachiller,Estudiante,5,5,5,4,5,5,5,5,5,5,5,5,5,COMUNA 13,Oriente
1GdfIlrKQcfZ_heMJDiTPlwp95goxcmiMUyl75FKcRIs,-Satisfacción del Curso virtual - PF DERECHOS SEXUALES Y REPRODUCTIVOS 1°C 2024,2024-10-26T06:03:56.475Z,,Femenino,Adolescencia (12 - 17 años),Bachiller,Estudiante,5,5,5,5,5,5,5,5,5,5,5,5,5,COMUNA 21,Oriente
1GdfIlrKQcfZ_heMJDiTPlwp95goxcmiMUyl75FKcRIs,-Satisfacción del Curso virtual - PF DERECHOS SEXUALES Y REPRODUCTIVOS 1°C 2024,2024-11-15T04:12:50.442Z,,Femenino,Adolescencia (12 - 17 años),Bachiller,Estudiante,5,5,5,5,5,5,5,5,5,5,5,5,5,COMUNA 2,Centro
1GdfIlrKQcfZ_heMJDiTPlwp95goxcmiMUyl75FKcRIs,-Satisfacción del Curso virtual - PF DERECHOS SEXUALES Y REPRODUCTIVOS 1°C 2024,2024-11-14T19:40:27.637Z,,Femenino,Adolescencia (12 - 17 años),Bachiller,Estudiante,4,4,4,4,5,4,4,4,4,4,4,5,4,COMUNA 15,Sur Oriente
1GdfIlrKQcfZ_heMJDiTPlwp95goxcmiMUyl75FKcRIs,-Satisfacción del Curso virtual - PF DERECHOS SEXUALES Y REPRODUCTIVOS 1°C 2024,2024-11-02T02:00:24.149Z,,Femenino,Adolescencia (12 - 17 años),Bachiller,Estudiante,3,4,5,3,5,5,4,4,3,5,4,5,5,C. DE PANCE,Sur Oriente
1GdfIlrKQcfZ_heMJDiTPlwp95goxcmiMUyl75FKcRIs,-Satisfacción del Curso virtual - PF DERECHOS SEXUALES Y REPRODUCTIVOS 1°C 2024,2024-10-28T23:44:11.384Z,,Femenino,Adolescencia (12 - 17 años),Bachiller,Estudiante,3,5,4,5,5,5,4,4,4,5,5,5,5,COMUNA 20,Sur Oriente
1GdfIlrKQcfZ_heMJDiTPlwp95goxcmiMUyl75FKcRIs,-Satisfacción del Curso virtual - PF DERECHOS SEXUALES Y REPRODUCTIVOS 1°C 2024,2024-11-15T02:19:35.013Z,,Femenino,Adolescencia (12 - 17 años),Bachiller,Estudiante,5,4,5,5,5,5,4,5,5,5,5,5,5,COMUNA 11,Oriente
1GdfIlrKQcfZ_heMJDiTPlwp95goxcmiMUyl75FKcRIs,-Satisfacción del Curso virtual - PF DERECHOS SEXUALES Y REPRODUCTIVOS 1°C 2024,2024-11-02T05:25:49.988Z,,Masculino,Adolescencia (12 - 17 años),Bachiller,Estudiante,4,5,5,4,5,5,5,4,5,5,4,5,5,COMUNA 15,Oriente
1GdfIlrKQcfZ_heMJDiTPlwp95goxcmiMUyl75FKcRIs,-Satisfacción del Curso virtual - PF DERECHOS SEXUALES Y REPRODUCTIVOS 1°C 2024,2024-11-14T23:51:10.492Z,,Femenino,Adolescencia (12 - 17 años),Bachiller,Estudiante,5,5,5,4,5,5,5,5,5,5,4,5,5,COMUNA 15,Centro
1GdfIlrKQcfZ_heMJDiTPlwp95goxcmiMUyl75FKcRIs,-Satisfacción del Curso virtual - PF DERECHOS SEXUALES Y REPRODUCTIVOS 1°C 2024,2024-10-30T00:17:12.281Z,,Femenino,Adolescencia (12 - 17 años),Bachiller,Estudiante,4,4,5,5,4,5,5,5,5,5,5,5,5,COMUNA 18,Ladera
1GdfIlrKQcfZ_heMJDiTPlwp95goxcmiMUyl75FKcRIs,-Satisfacción del Curso virtual - PF DERECHOS SEXUALES Y REPRODUCTIVOS 1°C 2024,2024-11-02T00:47:19.906Z,,Masculino,Adolescencia (12 - 17 años),Pregrado,Estudiante,5,5,5,5,5,5,5,5,5,5,5,5,5,COMUNA 20,Ladera
1GdfIlrKQcfZ_heMJDiTPlwp95goxcmiMUyl75FKcRIs,-Satisfacción del Curso virtual - PF DERECHOS SEXUALES Y REPRODUCTIVOS 1°C 2024,2024-12-01T20:38:11.709Z,,Femenino,Adolescencia (12 - 17 años),Bachiller,Estudiante,5,5,5,4,5,5,5,5,5,4,4,5,4,COMUNA 11,Sur Oriente
1GdfIlrKQcfZ_heMJDiTPlwp95goxcmiMUyl75FKcRIs,-Satisfacción del Curso virtual - PF DERECHOS SEXUALES Y REPRODUCTIVOS 1°C 2024,2024-11-05T21:44:40.414Z,,Femenino,Adolescencia (12 - 17 años),Bachiller,Estudiante,5,5,5,5,5,5,5,5,5,5,5,5,5,COMUNA 18,Ladera
1GdfIlrKQcfZ_heMJDiTPlwp95goxcmiMUyl75FKcRIs,-Satisfacción del Curso virtual - PF DERECHOS SEXUALES Y REPRODUCTIVOS 1°C 2024,2024-11-17T18:02:24.213Z,,Femenino,Adolescencia (12 - 17 años),Bachiller,Estudiante,4,4,4,4,4,4,4,4,4,4,4,4,4,COMUNA 4,Sur Oriente
1GdfIlrKQcfZ_heMJDiTPlwp95goxcmiMUyl75FKcRIs,-Satisfacción del Curso virtual - PF DERECHOS SEXUALES Y REPRODUCTIVOS 1°C 2024,2024-11-06T20:21:16.090Z,,Femenino,Adolescencia (12 - 17 años),Bachiller,Estudiante,4,4,4,4,4,5,4,4,4,4,4,4,5,COMUNA 20,Ladera
1GdfIlrKQcfZ_heMJDiTPlwp95goxcmiMUyl75FKcRIs,-Satisfacción del Curso virtual - PF DERECHOS SEXUALES Y REPRODUCTIVOS 1°C 2024,2024-10-13T22:31:20.512Z,,Femenino,Adolescencia (12 - 17 años),Bachiller,Estudiante,5,5,4,4,5,5,3,4,3,3,3,4,3,COMUNA 7,Norte
1GdfIlrKQcfZ_heMJDiTPlwp95goxcmiMUyl75FKcRIs,-Satisfacción del Curso virtual - PF DERECHOS SEXUALES Y REPRODUCTIVOS 1°C 2024,2024-11-28T01:40:38.883Z,,Femenino,Adolescencia (12 - 17 años),Bachiller,Estudiante,4,5,4,4,5,5,4,4,5,4,5,5,4,COMUNA 8,Centro
1GdfIlrKQcfZ_heMJDiTPlwp95goxcmiMUyl75FKcRIs,-Satisfacción del Curso virtual - PF DERECHOS SEXUALES Y REPRODUCTIVOS 1°C 2024,2024-11-13T00:57:05.541Z,,Femenino,Adolescencia (12 - 17 años),Bachiller,Estudiante,5,5,5,3,5,5,4,4,4,5,5,3,5,COMUNA 10,Centro
1GdfIlrKQcfZ_heMJDiTPlwp95goxcmiMUyl75FKcRIs,-Satisfacción del Curso virtual - PF DERECHOS SEXUALES Y REPRODUCTIVOS 1°C 2024,2024-10-29T04:54:31.042Z,,Masculino,Adolescencia (12 - 17 años),Bachiller,Estudiante,5,5,5,5,5,5,5,5,5,5,5,5,5,COMUNA 12,Ladera
1GdfIlrKQcfZ_heMJDiTPlwp95goxcmiMUyl75FKcRIs,-Satisfacción del Curso virtual - PF DERECHOS SEXUALES Y REPRODUCTIVOS 1°C 2024,2024-10-12T00:51:00.903Z,,Masculino,Adolescencia (12 - 17 años),Bachiller,Estudiante,5,5,5,5,5,5,5,5,5,5,5,5,5,COMUNA 15,Oriente
1GdfIlrKQcfZ_heMJDiTPlwp95goxcmiMUyl75FKcRIs,-Satisfacción del Curso virtual - PF DERECHOS SEXUALES Y REPRODUCTIVOS 1°C 2024,2024-11-28T19:47:52.480Z,,Femenino,Adolescencia (12 - 17 años),Bachiller,Estudiante,5,4,4,3,5,5,5,5,4,4,4,5,5,COMUNA 10,Sur Oriente
1GdfIlrKQcfZ_heMJDiTPlwp95goxcmiMUyl75FKcRIs,-Satisfacción del Curso virtual - PF DERECHOS SEXUALES Y REPRODUCTIVOS 1°C 2024,2024-11-13T15:16:07.959Z,,Femenino,Adolescencia (12 - 17 años),Bachiller,Estudiante,4,4,4,3,5,5,3,4,2,3,4,5,4,COMUNA 15,Sur Oriente
1GdfIlrKQcfZ_heMJDiTPlwp95goxcmiMUyl75FKcRIs,-Satisfacción del Curso virtual - PF DERECHOS SEXUALES Y REPRODUCTIVOS 1°C 2024,2024-10-16T04:52:28.882Z,,Femenino,Adolescencia (12 - 17 años),Bachiller,Estudiante,4,4,4,4,4,4,4,4,4,4,4,4,4,COMUNA 7,Norte
1GdfIlrKQcfZ_heMJDiTPlwp95goxcmiMUyl75FKcRIs,-Satisfacción del Curso virtual - PF DERECHOS SEXUALES Y REPRODUCTIVOS 1°C 2024,2024-11-15T01:06:27.497Z,,Masculino,Adolescencia (12 - 17 años),Bachiller,Estudiante,3,4,5,4,5,5,4,4,4,5,4,5,5,COMUNA 17,Sur Oriente
1GdfIlrKQcfZ_heMJDiTPlwp95goxcmiMUyl75FKcRIs,-Satisfacción del Curso virtual - PF DERECHOS SEXUALES Y REPRODUCTIVOS 1°C 2024,2024-10-30T04:10:42.752Z,,Femenino,Adolescencia (12 - 17 años),Bachiller,Estudiante,5,5,5,5,5,5,5,5,5,5,5,5,5,COMUNA 21,Norte
1GdfIlrKQcfZ_heMJDiTPlwp95goxcmiMUyl75FKcRIs,-Satisfacción del Curso virtual - PF DERECHOS SEXUALES Y REPRODUCTIVOS 1°C 2024,2024-10-23T23:45:32.019Z,,Masculino,Adolescencia (12 - 17 años),Bachiller,Estudiante,5,4,5,5,5,4,4,4,5,4,4,5,5,COMUNA 20,Ladera
1GdfIlrKQcfZ_heMJDiTPlwp95goxcmiMUyl75FKcRIs,-Satisfacción del Curso virtual - PF DERECHOS SEXUALES Y REPRODUCTIVOS 1°C 2024,2024-11-01T19:50:51.044Z,,Femenino,Adolescencia (12 - 17 años),Pregrado,Área de la salud,5,5,5,5,5,5,5,5,4,4,5,5,5,COMUNA 6,Norte
1GdfIlrKQcfZ_heMJDiTPlwp95goxcmiMUyl75FKcRIs,-Satisfacción del Curso virtual - PF DERECHOS SEXUALES Y REPRODUCTIVOS 1°C 2024,2024-10-13T22:57:40.332Z,,Masculino,Adolescencia (12 - 17 años),Bachiller,Estudiante,5,5,5,5,5,5,5,5,5,5,5,5,5,COMUNA 7,Norte
1GdfIlrKQcfZ_heMJDiTPlwp95goxcmiMUyl75FKcRIs,-Satisfacción del Curso virtual - PF DERECHOS SEXUALES Y REPRODUCTIVOS 1°C 2024,2024-11-28T22:16:48.431Z,,Femenino,Adolescencia (12 - 17 años),Bachiller,Estudiante,5,5,5,3,4,4,3,5,4,5,3,5,5,COMUNA 11,Sur Oriente
1GdfIlrKQcfZ_heMJDiTPlwp95goxcmiMUyl75FKcRIs,-Satisfacción del Curso virtual - PF DERECHOS SEXUALES Y REPRODUCTIVOS 1°C 2024,2024-11-02T20:26:09.050Z,,Femenino,Adolescencia (12 - 17 años),Bachiller,Estudiante,5,4,5,4,5,5,5,4,5,5,5,4,5,COMUNA 2,Oriente
1GdfIlrKQcfZ_heMJDiTPlwp95goxcmiMUyl75FKcRIs,-Satisfacción del Curso virtual - PF DERECHOS SEXUALES Y REPRODUCTIVOS 1°C 2024,2024-11-02T01:03:28.658Z,,Femenino,Adolescencia (12 - 17 años),Bachiller,Estudiante,4,5,4,4,4,4,4,4,4,4,4,4,4,COMUNA 13,Oriente
1GdfIlrKQcfZ_heMJDiTPlwp95goxcmiMUyl75FKcRIs,-Satisfacción del Curso virtual - PF DERECHOS SEXUALES Y REPRODUCTIVOS 1°C 2024,2024-11-18T17:47:31.953Z,,Femenino,Adolescencia (12 - 17 años),Bachiller,Estudiante,5,5,4,4,5,4,4,4,5,5,5,4,4,COMUNA 14,Oriente
1GdfIlrKQcfZ_heMJDiTPlwp95goxcmiMUyl75FKcRIs,-Satisfacción del Curso virtual - PF DERECHOS SEXUALES Y REPRODUCTIVOS 1°C 2024,2024-10-30T16:20:50.871Z,,Femenino,Juventud (18 - 28 años),Ninguna,Estudiante,1,1,1,1,1,1,1,1,1,1,1,2,1,COMUNA 18,Ladera
1GdfIlrKQcfZ_heMJDiTPlwp95goxcmiMUyl75FKcRIs,-Satisfacción del Curso virtual - PF DERECHOS SEXUALES Y REPRODUCTIVOS 1°C 2024,2024-11-29T04:04:21.972Z,,Masculino,Adolescencia (12 - 17 años),Pregrado,Estudiante,5,4,5,5,5,5,5,5,5,5,5,5,5,COMUNA 8,Centro
1GdfIlrKQcfZ_heMJDiTPlwp95goxcmiMUyl75FKcRIs,-Satisfacción del Curso virtual - PF DERECHOS SEXUALES Y REPRODUCTIVOS 1°C 2024,2024-10-23T21:58:57.036Z,,Masculino,Adolescencia (12 - 17 años),Ninguna,Estudiante,5,5,5,4,5,5,4,5,5,5,5,5,4,COMUNA 14,Oriente
1GdfIlrKQcfZ_heMJDiTPlwp95goxcmiMUyl75FKcRIs,-Satisfacción del Curso virtual - PF DERECHOS SEXUALES Y REPRODUCTIVOS 1°C 2024,2024-10-13T02:07:27.968Z,,Femenino,Adolescencia (12 - 17 años),Bachiller,Estudiante,3,4,4,4,4,4,4,4,4,4,4,4,4,COMUNA 10,Norte
1GdfIlrKQcfZ_heMJDiTPlwp95goxcmiMUyl75FKcRIs,-Satisfacción del Curso virtual - PF DERECHOS SEXUALES Y REPRODUCTIVOS 1°C 2024,2024-10-22T21:38:16.566Z,,Masculino,Adolescencia (12 - 17 años),Pregrado,Estudiante,5,4,4,4,5,4,4,5,3,5,4,4,5,COMUNA 15,Sur Oriente
1GdfIlrKQcfZ_heMJDiTPlwp95goxcmiMUyl75FKcRIs,-Satisfacción del Curso virtual - PF DERECHOS SEXUALES Y REPRODUCTIVOS 1°C 2024,2024-11-01T06:28:49.311Z,,Femenino,Adolescencia (12 - 17 años),Bachiller,Estudiante,4,5,5,5,5,5,5,5,5,5,5,5,5,COMUNA 7,Norte
1GdfIlrKQcfZ_heMJDiTPlwp95goxcmiMUyl75FKcRIs,-Satisfacción del Curso virtual - PF DERECHOS SEXUALES Y REPRODUCTIVOS 1°C 2024,2024-11-01T20:40:34.498Z,,Masculino,Adolescencia (12 - 17 años),Bachiller,Estudiante,4,4,5,3,5,5,5,5,2,5,5,5,5,COMUNA 15,Sur Oriente
1GdfIlrKQcfZ_heMJDiTPlwp95goxcmiMUyl75FKcRIs,-Satisfacción del Curso virtual - PF DERECHOS SEXUALES Y REPRODUCTIVOS 1°C 2024,2024-11-12T14:52:01.326Z,,Femenino,Adolescencia (12 - 17 años),Bachiller,Estudiante,4,5,4,4,5,5,4,5,4,4,4,5,4,COMUNA 15,Oriente
1GdfIlrKQcfZ_heMJDiTPlwp95goxcmiMUyl75FKcRIs,-Satisfacción del Curso virtual - PF DERECHOS SEXUALES Y REPRODUCTIVOS 1°C 2024,2024-10-29T17:25:23.472Z,,Femenino,Adolescencia (12 - 17 años),Bachiller,Estudiante,4,4,4,4,4,5,4,5,4,4,4,4,4,COMUNA 8,Ladera
1GdfIlrKQcfZ_heMJDiTPlwp95goxcmiMUyl75FKcRIs,-Satisfacción del Curso virtual - PF DERECHOS SEXUALES Y REPRODUCTIVOS 1°C 2024,2024-10-29T13:49:34.606Z,,Femenino,Adolescencia (12 - 17 años),Ninguna,Estudiante,5,5,5,5,5,5,5,5,3,5,5,5,5,COMUNA 15,Centro
1GdfIlrKQcfZ_heMJDiTPlwp95goxcmiMUyl75FKcRIs,-Satisfacción del Curso virtual - PF DERECHOS SEXUALES Y REPRODUCTIVOS 1°C 2024,2024-10-22T04:39:18.323Z,,Femenino,Adolescencia (12 - 17 años),Bachiller,Estudiante,4,4,3,3,3,4,4,4,3,4,3,4,4,COMUNA 13,Oriente
1GdfIlrKQcfZ_heMJDiTPlwp95goxcmiMUyl75FKcRIs,-Satisfacción del Curso virtual - PF DERECHOS SEXUALES Y REPRODUCTIVOS 1°C 2024,2024-11-06T17:58:38.341Z,,Masculino,Adolescencia (12 - 17 años),Bachiller,Estudiante,4,4,4,4,3,3,2,4,5,5,3,5,5,COMUNA 15,Oriente
1GdfIlrKQcfZ_heMJDiTPlwp95goxcmiMUyl75FKcRIs,-Satisfacción del Curso virtual - PF DERECHOS SEXUALES Y REPRODUCTIVOS 1°C 2024,2024-10-23T19:18:00.215Z,,Femenino,Adolescencia (12 - 17 años),Bachiller,Estudiante,5,5,5,5,5,5,5,5,5,5,5,5,5,COMUNA 15,Oriente
1GdfIlrKQcfZ_heMJDiTPlwp95goxcmiMUyl75FKcRIs,-Satisfacción del Curso virtual - PF DERECHOS SEXUALES Y REPRODUCTIVOS 1°C 2024,2024-10-10T20:43:22.548Z,,Femenino,Adolescencia (12 - 17 años),Bachiller,Estudiante,5,5,5,5,5,5,5,5,5,5,5,5,5,COMUNA 21,Oriente
1GdfIlrKQcfZ_heMJDiTPlwp95goxcmiMUyl75FKcRIs,-Satisfacción del Curso virtual - PF DERECHOS SEXUALES Y REPRODUCTIVOS 1°C 2024,2024-10-21T00:12:09.741Z,,Femenino,Adolescencia (12 - 17 años),Bachiller,Estudiante,5,5,5,5,5,5,5,5,5,5,5,5,5,COMUNA 17,Ladera
1Qx05FGgfnoRjddIgmKAMDfqdCKMzbuYLUJwuIySMWHQ,-Satisfacción del Curso virtual - SALUD ORAL RPMS 3°C 2024,2024-12-01T14:13:34.898Z,,Femenino,Juventud (18 - 28 años),Pregrado,Área de la salud,5,5,5,5,5,5,5,5,5,5,5,5,5,COMUNA 5,
1Qx05FGgfnoRjddIgmKAMDfqdCKMzbuYLUJwuIySMWHQ,-Satisfacción del Curso virtual - SALUD ORAL RPMS 3°C 2024,2024-11-29T02:27:52.172Z,,Femenino,Adultez (29 - 59 años),Pregrado,Área de la salud,5,5,4,4,3,4,4,5,5,5,5,5,4,COMUNA 16,
1Qx05FGgfnoRjddIgmKAMDfqdCKMzbuYLUJwuIySMWHQ,-Satisfacción del Curso virtual - SALUD ORAL RPMS 3°C 2024,2024-11-27T22:08:17.084Z,,Femenino,Adultez (29 - 59 años),Bachiller,Área de la salud,5,5,5,5,4,5,5,5,4,4,4,4,5,COMUNA 17,
1Qx05FGgfnoRjddIgmKAMDfqdCKMzbuYLUJwuIySMWHQ,-Satisfacción del Curso virtual - SALUD ORAL RPMS 3°C 2024,2024-11-27T03:47:46.769Z,,Femenino,Adultez (29 - 59 años),Postgrado,Área de la salud,5,5,5,5,5,5,5,5,5,5,5,5,5,COMUNA 2,
1Qx05FGgfnoRjddIgmKAMDfqdCKMzbuYLUJwuIySMWHQ,-Satisfacción del Curso virtual - SALUD ORAL RPMS 3°C 2024,2024-12-02T16:38:08.098Z,,Femenino,Adultez (29 - 59 años),Pregrado,Área de la salud,4,4,4,4,4,4,4,4,4,4,4,4,4,COMUNA 17,
1Qx05FGgfnoRjddIgmKAMDfqdCKMzbuYLUJwuIySMWHQ,-Satisfacción del Curso virtual - SALUD ORAL RPMS 3°C 2024,2024-12-03T03:49:49.011Z,,Femenino,Adultez (29 - 59 años),Postgrado,Área de la salud,5,5,5,5,5,5,5,5,5,5,5,5,5,COMUNA 17,
1Qx05FGgfnoRjddIgmKAMDfqdCKMzbuYLUJwuIySMWHQ,-Satisfacción del Curso virtual - SALUD ORAL RPMS 3°C 2024,2024-11-28T21:05:46.719Z,,Femenino,Adultez (29 - 59 años),Pregrado,Área de la salud,4,4,4,4,4,4,4,4,4,4,3,4,4,COMUNA 10,
1Qx05FGgfnoRjddIgmKAMDfqdCKMzbuYLUJwuIySMWHQ,-Satisfacción del Curso virtual - SALUD ORAL RPMS 3°C 2024,2024-11-28T00:40:17.515Z,,Femenino,Adultez (29 - 59 años),Pregrado,Área de la salud,5,5,5,5,5,5,5,5,5,5,5,5,5,COMUNA 19,
1Qx05FGgfnoRjddIgmKAMDfqdCKMzbuYLUJwuIySMWHQ,-Satisfacción del Curso virtual - SALUD ORAL RPMS 3°C 2024,2024-12-03T03:23:12.486Z,,Femenino,Juventud (18 - 28 años),Pregrado,Área de la salud,5,5,5,5,5,5,5,5,5,5,5,4,5,COMUNA 4,
1Qx05FGgfnoRjddIgmKAMDfqdCKMzbuYLUJwuIySMWHQ,-Satisfacción del Curso virtual - SALUD ORAL RPMS 3°C 2024,2024-11-30T22:30:34.049Z,,Femenino,Vejez (60 años o más),Bachiller,Área de la salud,5,5,5,5,5,5,5,5,5,5,5,5,5,COMUNA 6,
1Qx05FGgfnoRjddIgmKAMDfqdCKMzbuYLUJwuIySMWHQ,-Satisfacción del Curso virtual - SALUD ORAL RPMS 3°C 2024,2024-11-24T02:10:53.565Z,,Masculino,Adultez (29 - 59 años),Pregrado,Área de la salud,5,5,5,5,4,5,5,5,4,4,5,5,5,COMUNA 2,
1Qx05FGgfnoRjddIgmKAMDfqdCKMzbuYLUJwuIySMWHQ,-Satisfacción del Curso virtual - SALUD ORAL RPMS 3°C 2024,2024-12-04T05:05:23.797Z,,Femenino,Adultez (29 - 59 años),Pregrado,Área de la salud,5,5,5,5,5,5,4,4,4,4,4,5,4,COMUNA 17,
1Qx05FGgfnoRjddIgmKAMDfqdCKMzbuYLUJwuIySMWHQ,-Satisfacción del Curso virtual - SALUD ORAL RPMS 3°C 2024,2024-12-04T05:04:43.498Z,,Femenino,Juventud (18 - 28 años),Pregrado,Área de la salud,5,5,5,5,5,5,5,5,5,5,5,5,5,COMUNA 3,
1Qx05FGgfnoRjddIgmKAMDfqdCKMzbuYLUJwuIySMWHQ,-Satisfacción del Curso virtual - SALUD ORAL RPMS 3°C 2024,2024-11-29T01:15:03.644Z,,Femenino,Juventud (18 - 28 años),Pregrado,Área de la salud,4,4,4,4,4,5,5,3,4,1,4,4,4,COMUNA 9,
1Qx05FGgfnoRjddIgmKAMDfqdCKMzbuYLUJwuIySMWHQ,-Satisfacción del Curso virtual - SALUD ORAL RPMS 3°C 2024,2024-12-04T13:19:57.961Z,,Masculino,Adultez (29 - 59 años),Postgrado,Área de la salud,5,5,5,5,4,5,5,4,4,4,5,5,5,COMUNA 22,
1Qx05FGgfnoRjddIgmKAMDfqdCKMzbuYLUJwuIySMWHQ,-Satisfacción del Curso virtual - SALUD ORAL RPMS 3°C 2024,2024-11-30T02:48:12.194Z,,Femenino,Adultez (29 - 59 años),Postgrado,Área de la salud,5,5,5,5,5,5,5,5,5,5,5,5,5,COMUNA 2,
1Qx05FGgfnoRjddIgmKAMDfqdCKMzbuYLUJwuIySMWHQ,-Satisfacción del Curso virtual - SALUD ORAL RPMS 3°C 2024,2024-11-26T22:49:58.949Z,,Femenino,Adultez (29 - 59 años),Pregrado,Área de la salud,5,5,5,3,5,5,5,4,1,1,1,5,3,COMUNA 19,
1XBl2d4tPWAkfrnGypbS738kM0kK8dOyYSWzaUYfz46U,-Satisfacción del Curso virtual - CÁNCER PROSTATA 1°C 2025,2025-07-06T03:48:36.659Z,,Femenino,Adultez (29 - 59 años),Pregrado,Área de la salud,5,5,5,5,5,5,5,5,5,5,5,5,5,COMUNA 10,
1XBl2d4tPWAkfrnGypbS738kM0kK8dOyYSWzaUYfz46U,-Satisfacción del Curso virtual - CÁNCER PROSTATA 1°C 2025,2025-07-03T22:25:13.287Z,,Femenino,Adultez (29 - 59 años),Pregrado,Área de la salud,4,4,4,4,4,4,4,4,4,4,4,4,4,COMUNA 3,
1XBl2d4tPWAkfrnGypbS738kM0kK8dOyYSWzaUYfz46U,-Satisfacción del Curso virtual - CÁNCER PROSTATA 1°C 2025,2025-07-11T14:56:48.932Z,,Femenino,Adultez (29 - 59 años),Postgrado,Área de la salud,1,1,1,1,1,1,1,1,1,2,2,1,2,COMUNA 4,
1XBl2d4tPWAkfrnGypbS738kM0kK8dOyYSWzaUYfz46U,-Satisfacción del Curso virtual - CÁNCER PROSTATA 1°C 2025,2025-07-21T22:54:05.504Z,,Femenino,Adultez (29 - 59 años),Pregrado,Área de la salud,2,4,1,1,1,3,4,3,1,1,5,4,1,COMUNA 17,
1XBl2d4tPWAkfrnGypbS738kM0kK8dOyYSWzaUYfz46U,-Satisfacción del Curso virtual - CÁNCER PROSTATA 1°C 2025,2025-07-17T14:54:24.864Z,,Masculino,Adultez (29 - 59 años),Pregrado,Área de la salud,5,5,5,5,5,5,5,5,5,5,5,5,5,COMUNA 14,
1XBl2d4tPWAkfrnGypbS738kM0kK8dOyYSWzaUYfz46U,-Satisfacción del Curso virtual - CÁNCER PROSTATA 1°C 2025,2025-07-08T20:26:46.023Z,,Femenino,Adultez (29 - 59 años),Bachiller,Área de la salud,5,5,5,5,5,5,5,5,5,5,5,5,5,COMUNA 4,
1XBl2d4tPWAkfrnGypbS738kM0kK8dOyYSWzaUYfz46U,-Satisfacción del Curso virtual - CÁNCER PROSTATA 1°C 2025,2025-07-10T14:12:55.853Z,,Masculino,Vejez (60 años o más),Pregrado,Área de la salud,4,4,5,4,5,5,4,5,5,5,5,5,5,COMUNA 20,
1XBl2d4tPWAkfrnGypbS738kM0kK8dOyYSWzaUYfz46U,-Satisfacción del Curso virtual - CÁNCER PROSTATA 1°C 2025,2025-07-03T15:09:33.250Z,,Femenino,Adultez (29 - 59 años),Bachiller,Área de la salud,5,5,5,5,5,5,5,5,5,5,5,5,5,COMUNA 1,
1XBl2d4tPWAkfrnGypbS738kM0kK8dOyYSWzaUYfz46U,-Satisfacción del Curso virtual - CÁNCER PROSTATA 1°C 2025,2025-07-23T22:29:08.862Z,,Femenino,Adultez (29 - 59 años),Pregrado,Área de la salud,5,5,5,5,5,5,5,5,5,5,5,5,5,COMUNA 9,
1XBl2d4tPWAkfrnGypbS738kM0kK8dOyYSWzaUYfz46U,-Satisfacción del Curso virtual - CÁNCER PROSTATA 1°C 2025,2025-07-03T19:06:12.686Z,,Femenino,Juventud (18 - 28 años),Pregrado,Área de la salud,5,5,5,4,5,5,3,5,1,1,3,3,3,COMUNA 3,
1XBl2d4tPWAkfrnGypbS738kM0kK8dOyYSWzaUYfz46U,-Satisfacción del Curso virtual - CÁNCER PROSTATA 1°C 2025,2025-07-05T14:19:19.657Z,,Masculino,Adultez (29 - 59 años),Postgrado,Área de la salud,5,5,5,4,4,5,5,5,5,5,5,4,5,COMUNA 19,
1XBl2d4tPWAkfrnGypbS738kM0kK8dOyYSWzaUYfz46U,-Satisfacción del Curso virtual - CÁNCER PROSTATA 1°C 2025,2025-07-21T14:13:14.056Z,,Femenino,Adultez (29 - 59 años),Postgrado,Área de la salud,1,1,1,1,1,1,1,1,1,1,1,1,1,COMUNA 1,
1XBl2d4tPWAkfrnGypbS738kM0kK8dOyYSWzaUYfz46U,-Satisfacción del Curso virtual - CÁNCER PROSTATA 1°C 2025,2025-07-29T02:32:59.403Z,,Femenino,Adultez (29 - 59 años),Postgrado,Área de la salud,5,5,5,5,5,5,5,5,5,5,5,5,5,COMUNA 18,
1XBl2d4tPWAkfrnGypbS738kM0kK8dOyYSWzaUYfz46U,-Satisfacción del Curso virtual - CÁNCER PROSTATA 1°C 2025,2025-07-04T22:39:37.665Z,,Femenino,Adultez (29 - 59 años),Pregrado,Área de la salud,5,5,5,4,5,5,5,5,3,3,4,5,5,COMUNA 17,
1XBl2d4tPWAkfrnGypbS738kM0kK8dOyYSWzaUYfz46U,-Satisfacción del Curso virtual - CÁNCER PROSTATA 1°C 2025,2025-07-09T15:32:46.685Z,,Femenino,Adultez (29 - 59 años),Pregrado,Área de la salud,4,4,4,4,4,4,4,4,4,4,4,4,4,COMUNA 9,
1XBl2d4tPWAkfrnGypbS738kM0kK8dOyYSWzaUYfz46U,-Satisfacción del Curso virtual - CÁNCER PROSTATA 1°C 2025,2025-07-10T02:35:35.404Z,,Femenino,Adultez (29 - 59 años),Pregrado,Área de la salud,5,5,5,5,5,5,5,5,5,4,5,5,5,COMUNA 1,
1XBl2d4tPWAkfrnGypbS738kM0kK8dOyYSWzaUYfz46U,-Satisfacción del Curso virtual - CÁNCER PROSTATA 1°C 2025,2025-07-10T01:36:31.870Z,,Masculino,Adultez (29 - 59 años),Postgrado,Área de la salud,5,5,5,5,5,5,5,5,5,5,5,5,5,COMUNA 6,
1XBl2d4tPWAkfrnGypbS738kM0kK8dOyYSWzaUYfz46U,-Satisfacción del Curso virtual - CÁNCER PROSTATA 1°C 2025,2025-07-09T21:34:53.056Z,,Femenino,Adultez (29 - 59 años),Pregrado,Área de la salud,5,5,4,5,5,5,5,5,5,5,5,5,5,COMUNA 6,
1XBl2d4tPWAkfrnGypbS738kM0kK8dOyYSWzaUYfz46U,-Satisfacción del Curso virtual - CÁNCER PROSTATA 1°C 2025,2025-07-08T23:14:29.532Z,,Masculino,Juventud (18 - 28 años),Pregrado,Área de la salud,5,5,5,5,5,5,5,5,5,5,5,5,5,COMUNA 19,
1XBl2d4tPWAkfrnGypbS738kM0kK8dOyYSWzaUYfz46U,-Satisfacción del Curso virtual - CÁNCER PROSTATA 1°C 2025,2025-07-07T13:56:22.308Z,,Femenino,Adultez (29 - 59 años),Postgrado,Área de la salud,5,5,5,5,5,5,5,5,5,5,5,5,5,COMUNA 5,
1XBl2d4tPWAkfrnGypbS738kM0kK8dOyYSWzaUYfz46U,-Satisfacción del Curso virtual - CÁNCER PROSTATA 1°C 2025,2025-07-25T15:38:47.937Z,,Masculino,Adultez (29 - 59 años),Postgrado,Área de la salud,5,5,5,5,5,5,5,5,5,5,5,5,5,COMUNA 10,
1XBl2d4tPWAkfrnGypbS738kM0kK8dOyYSWzaUYfz46U,-Satisfacción del Curso virtual - CÁNCER PROSTATA 1°C 2025,2025-07-20T18:33:27.752Z,,Masculino,Vejez (60 años o más),Pregrado,Área de la salud,1,1,1,1,1,1,1,1,1,1,1,1,1,COMUNA 5,
1XBl2d4tPWAkfrnGypbS738kM0kK8dOyYSWzaUYfz46U,-Satisfacción del Curso virtual - CÁNCER PROSTATA 1°C 2025,2025-07-05T16:29:39.790Z,,Masculino,Adultez (29 - 59 años),Pregrado,Área de la salud,5,5,5,5,5,5,5,5,5,5,5,5,5,COMUNA 7,
1XBl2d4tPWAkfrnGypbS738kM0kK8dOyYSWzaUYfz46U,-Satisfacción del Curso virtual - CÁNCER PROSTATA 1°C 2025,2025-07-29T04:05:10.829Z,,Femenino,Juventud (18 - 28 años),Pregrado,Área de la salud,5,5,5,5,5,5,5,5,5,5,5,5,5,COMUNA 17,
1XBl2d4tPWAkfrnGypbS738kM0kK8dOyYSWzaUYfz46U,-Satisfacción del Curso virtual - CÁNCER PROSTATA 1°C 2025,2025-07-03T16:00:30.984Z,,Femenino,Adultez (29 - 59 años),Pregrado,Área de la salud,5,5,5,5,5,5,5,5,5,5,5,5,5,COMUNA 17,
1XBl2d4tPWAkfrnGypbS738kM0kK8dOyYSWzaUYfz46U,-Satisfacción del Curso virtual - CÁNCER PROSTATA 1°C 2025,2025-07-14T16:40:57.707Z,,Femenino,Vejez (60 años o más),Postgrado,Área de la salud,4,4,4,5,5,5,4,5,3,3,4,4,4,COMUNA 2,
1XBl2d4tPWAkfrnGypbS738kM0kK8dOyYSWzaUYfz46U,-Satisfacción del Curso virtual - CÁNCER PROSTATA 1°C 2025,2025-07-06T01:34:41.938Z,,Masculino,Adultez (29 - 59 años),Pregrado,Área de la salud,5,5,5,4,4,5,5,4,4,4,4,4,5,COMUNA 4,
1XBl2d4tPWAkfrnGypbS738kM0kK8dOyYSWzaUYfz46U,-Satisfacción del Curso virtual - CÁNCER PROSTATA 1°C 2025,2025-07-03T15:03:51.015Z,,Masculino,Adultez (29 - 59 años),Pregrado,Área de la salud,5,5,5,5,5,5,5,5,5,5,5,5,5,COMUNA 6,
1XBl2d4tPWAkfrnGypbS738kM0kK8dOyYSWzaUYfz46U,-Satisfacción del Curso virtual - CÁNCER PROSTATA 1°C 2025,2025-07-07T13:42:04.536Z,,Masculino,Adultez (29 - 59 años),Pregrado,Área de la salud,5,5,5,5,5,5,5,5,5,5,5,5,5,COMUNA 10,
1XBl2d4tPWAkfrnGypbS738kM0kK8dOyYSWzaUYfz46U,-Satisfacción del Curso virtual - CÁNCER PROSTATA 1°C 2025,2025-07-11T12:59:09.485Z,,Femenino,Adultez (29 - 59 años),Postgrado,Área de la salud,5,5,5,5,5,5,5,5,5,5,5,5,5,COMUNA 1,
10ct8mKgnxFsFVZgcrb8ii3bLYV7khBU_jay-D9fkx1I,-Satisfacción del Curso virtual - CÁNCER PROSTATA 1°C 2024,2024-10-29T03:04:51.943Z,,Femenino,Adultez (29 - 59 años),Pregrado,Área de la salud,5,5,5,5,5,5,5,5,5,5,5,5,5,COMUNA 1,
10ct8mKgnxFsFVZgcrb8ii3bLYV7khBU_jay-D9fkx1I,-Satisfacción del Curso virtual - CÁNCER PROSTATA 1°C 2024,2024-10-26T23:03:19.156Z,,Femenino,Adultez (29 - 59 años),Postgrado,Área de la salud,5,5,5,5,5,5,5,5,5,5,5,5,5,COMUNA 19,
10ct8mKgnxFsFVZgcrb8ii3bLYV7khBU_jay-D9fkx1I,-Satisfacción del Curso virtual - CÁNCER PROSTATA 1°C 2024,2024-11-22T14:53:12.829Z,,Femenino,Adultez (29 - 59 años),Postgrado,Área de la salud,4,4,4,4,4,4,4,4,4,4,4,4,4,COMUNA 19,
10ct8mKgnxFsFVZgcrb8ii3bLYV7khBU_jay-D9fkx1I,-Satisfacción del Curso virtual - CÁNCER PROSTATA 1°C 2024,2024-10-29T15:06:42.850Z,,Femenino,Juventud (18 - 28 años),Pregrado,Área de la salud,5,5,5,5,5,5,5,5,5,5,5,5,5,COMUNA 17,
10ct8mKgnxFsFVZgcrb8ii3bLYV7khBU_jay-D9fkx1I,-Satisfacción del Curso virtual - CÁNCER PROSTATA 1°C 2024,2024-11-22T13:50:15.356Z,,Femenino,Juventud (18 - 28 años),Pregrado,Área de la salud,1,1,1,1,1,1,1,1,1,1,1,1,1,COMUNA 4,
10ct8mKgnxFsFVZgcrb8ii3bLYV7khBU_jay-D9fkx1I,-Satisfacción del Curso virtual - CÁNCER PROSTATA 1°C 2024,2024-11-10T21:48:26.010Z,,Femenino,Adultez (29 - 59 años),Bachiller,Área de la salud,5,5,5,5,5,5,5,5,5,5,5,5,5,COMUNA 4,
10ct8mKgnxFsFVZgcrb8ii3bLYV7khBU_jay-D9fkx1I,-Satisfacción del Curso virtual - CÁNCER PROSTATA 1°C 2024,2024-10-23T00:51:55.054Z,,Femenino,Adultez (29 - 59 años),Pregrado,Área de la salud,5,5,5,5,5,5,5,5,5,5,5,5,5,COMUNA 12,
10ct8mKgnxFsFVZgcrb8ii3bLYV7khBU_jay-D9fkx1I,-Satisfacción del Curso virtual - CÁNCER PROSTATA 1°C 2024,2024-11-02T14:18:20.039Z,,Masculino,Adultez (29 - 59 años),Pregrado,Área de la salud,5,5,5,5,5,5,5,5,5,5,5,5,5,COMUNA 17,
10ct8mKgnxFsFVZgcrb8ii3bLYV7khBU_jay-D9fkx1I,-Satisfacción del Curso virtual - CÁNCER PROSTATA 1°C 2024,2024-10-29T19:19:34.393Z,,Femenino,Adultez (29 - 59 años),Postgrado,Área de la salud,5,5,5,5,5,5,5,5,5,5,5,5,5,COMUNA 3,
10ct8mKgnxFsFVZgcrb8ii3bLYV7khBU_jay-D9fkx1I,-Satisfacción del Curso virtual - CÁNCER PROSTATA 1°C 2024,2024-11-19T12:21:50.875Z,,Femenino,Juventud (18 - 28 años),Pregrado,Área de la salud,5,5,5,3,5,5,5,5,5,5,4,5,5,COMUNA 16,
10ct8mKgnxFsFVZgcrb8ii3bLYV7khBU_jay-D9fkx1I,-Satisfacción del Curso virtual - CÁNCER PROSTATA 1°C 2024,2024-11-05T13:36:08.325Z,,Masculino,Adultez (29 - 59 años),Pregrado,Área de la salud,4,4,4,4,4,4,4,4,4,4,4,4,4,COMUNA 4,
10ct8mKgnxFsFVZgcrb8ii3bLYV7khBU_jay-D9fkx1I,-Satisfacción del Curso virtual - CÁNCER PROSTATA 1°C 2024,2024-10-30T20:18:44.162Z,,Femenino,Adultez (29 - 59 años),Postgrado,Área de la salud,4,4,4,4,4,4,4,4,4,4,4,4,4,COMUNA 1,
10ct8mKgnxFsFVZgcrb8ii3bLYV7khBU_jay-D9fkx1I,-Satisfacción del Curso virtual - CÁNCER PROSTATA 1°C 2024,2024-11-19T02:30:59.808Z,,Femenino,Juventud (18 - 28 años),Pregrado,Área de la salud,5,5,5,5,5,5,5,3,3,3,3,3,4,COMUNA 6,
10ct8mKgnxFsFVZgcrb8ii3bLYV7khBU_jay-D9fkx1I,-Satisfacción del Curso virtual - CÁNCER PROSTATA 1°C 2024,2024-10-30T03:03:36.299Z,,Femenino,Adultez (29 - 59 años),Pregrado,Área de la salud,4,4,4,4,4,4,4,4,4,4,4,4,4,COMUNA 12,
10ct8mKgnxFsFVZgcrb8ii3bLYV7khBU_jay-D9fkx1I,-Satisfacción del Curso virtual - CÁNCER PROSTATA 1°C 2024,2024-11-01T05:08:47.402Z,,Femenino,Adultez (29 - 59 años),Pregrado,Área de la salud,4,5,4,4,5,5,4,4,3,3,4,5,5,COMUNA 9,
10ct8mKgnxFsFVZgcrb8ii3bLYV7khBU_jay-D9fkx1I,-Satisfacción del Curso virtual - CÁNCER PROSTATA 1°C 2024,2024-11-14T00:54:44.421Z,,Femenino,Adultez (29 - 59 años),Postgrado,Área de la salud,3,5,3,5,5,5,5,5,3,3,4,5,3,COMUNA 1,
10ct8mKgnxFsFVZgcrb8ii3bLYV7khBU_jay-D9fkx1I,-Satisfacción del Curso virtual - CÁNCER PROSTATA 1°C 2024,2024-11-05T04:06:43.684Z,,Masculino,Adultez (29 - 59 años),Postgrado,Área de la salud,4,4,4,5,4,4,3,5,3,3,4,4,4,COMUNA 17,
10ct8mKgnxFsFVZgcrb8ii3bLYV7khBU_jay-D9fkx1I,-Satisfacción del Curso virtual - CÁNCER PROSTATA 1°C 2024,2024-10-24T15:53:56.728Z,,Femenino,Adultez (29 - 59 años),Pregrado,Área de la salud,4,4,4,4,4,4,4,4,4,4,4,4,4,COMUNA 12,
10ct8mKgnxFsFVZgcrb8ii3bLYV7khBU_jay-D9fkx1I,-Satisfacción del Curso virtual - CÁNCER PROSTATA 1°C 2024,2024-10-27T23:51:28.580Z,,Femenino,Adultez (29 - 59 años),Pregrado,Área de la salud,4,4,4,4,4,4,4,4,4,4,4,4,4,COMUNA 4,
10ct8mKgnxFsFVZgcrb8ii3bLYV7khBU_jay-D9fkx1I,-Satisfacción del Curso virtual - CÁNCER PROSTATA 1°C 2024,2024-11-14T02:44:27.088Z,,Masculino,Adultez (29 - 59 años),Pregrado,Área de la salud,5,5,5,5,5,5,5,5,5,5,5,5,5,COMUNA 1,
10ct8mKgnxFsFVZgcrb8ii3bLYV7khBU_jay-D9fkx1I,-Satisfacción del Curso virtual - CÁNCER PROSTATA 1°C 2024,2024-10-28T23:18:30.450Z,,Masculino,Juventud (18 - 28 años),Pregrado,Área de la salud,5,5,5,5,1,5,5,5,5,5,5,5,5,COMUNA 21,
10ct8mKgnxFsFVZgcrb8ii3bLYV7khBU_jay-D9fkx1I,-Satisfacción del Curso virtual - CÁNCER PROSTATA 1°C 2024,2024-11-19T13:46:57.063Z,,Femenino,Adultez (29 - 59 años),Pregrado,Área de la salud,5,5,5,5,5,5,5,5,5,5,5,5,5,COMUNA 1,
10ct8mKgnxFsFVZgcrb8ii3bLYV7khBU_jay-D9fkx1I,-Satisfacción del Curso virtual - CÁNCER PROSTATA 1°C 2024,2024-10-24T13:51:37.726Z,,Femenino,Adultez (29 - 59 años),Postgrado,Otro,5,5,5,5,5,5,5,5,5,5,5,5,5,COMUNA 19,
10ct8mKgnxFsFVZgcrb8ii3bLYV7khBU_jay-D9fkx1I,-Satisfacción del Curso virtual - CÁNCER PROSTATA 1°C 2024,2024-11-02T13:41:15.071Z,,Femenino,Adultez (29 - 59 años),Postgrado,Área de la salud,5,5,5,5,5,5,5,5,5,5,5,5,5,COMUNA 1,
10ct8mKgnxFsFVZgcrb8ii3bLYV7khBU_jay-D9fkx1I,-Satisfacción del Curso virtual - CÁNCER PROSTATA 1°C 2024,2024-11-03T19:38:38.365Z,,Femenino,Adultez (29 - 59 años),Pregrado,Área de la salud,5,5,5,5,5,5,5,5,4,4,5,5,5,COMUNA 5,
10ct8mKgnxFsFVZgcrb8ii3bLYV7khBU_jay-D9fkx1I,-Satisfacción del Curso virtual - CÁNCER PROSTATA 1°C 2024,2024-11-01T20:11:29.808Z,,Femenino,Adultez (29 - 59 años),Postgrado,Área de la salud,5,5,4,4,5,4,5,4,5,4,5,5,5,COMUNA 19,
10ct8mKgnxFsFVZgcrb8ii3bLYV7khBU_jay-D9fkx1I,-Satisfacción del Curso virtual - CÁNCER PROSTATA 1°C 2024,2024-11-22T03:39:00.104Z,,Femenino,Adultez (29 - 59 años),Pregrado,Área de la salud,5,5,5,5,5,5,5,5,5,5,5,5,5,COMUNA 6,
10ct8mKgnxFsFVZgcrb8ii3bLYV7khBU_jay-D9fkx1I,-Satisfacción del Curso virtual - CÁNCER PROSTATA 1°C 2024,2024-10-31T16:13:51.216Z,,Femenino,Adultez (29 - 59 años),Bachiller,Área de la salud,5,5,5,5,5,5,5,5,5,5,5,5,5,COMUNA 8,
10ct8mKgnxFsFVZgcrb8ii3bLYV7khBU_jay-D9fkx1I,-Satisfacción del Curso virtual - CÁNCER PROSTATA 1°C 2024,2024-11-18T23:12:26.896Z,,Femenino,Juventud (18 - 28 años),Postgrado,Área de la salud,5,5,5,5,5,4,5,5,1,1,5,5,5,COMUNA 17,
10ct8mKgnxFsFVZgcrb8ii3bLYV7khBU_jay-D9fkx1I,-Satisfacción del Curso virtual - CÁNCER PROSTATA 1°C 2024,2024-10-23T22:50:18.070Z,,Masculino,Vejez (60 años o más),Postgrado,Área de la salud,5,5,5,5,5,5,5,5,5,5,5,5,5,COMUNA 19,
10ct8mKgnxFsFVZgcrb8ii3bLYV7khBU_jay-D9fkx1I,-Satisfacción del Curso virtual - CÁNCER PROSTATA 1°C 2024,2024-10-31T14:13:29.648Z,,Femenino,Adultez (29 - 59 años),Pregrado,Área de la salud,4,4,4,4,4,4,4,4,4,3,4,4,4,COMUNA 17,
1hRleDQExrdvb2bZhv_NkoM6eG21pRcpN02oLBP_hZaI,-Satisfacción del Curso virtual - SISTEMA DE INFORMACIÓN EN TB 1°C 2024,2024-10-27T19:50:25.250Z,,Femenino,Adultez (29 - 59 años),Pregrado,Área de la salud,5,5,5,5,5,5,5,5,5,5,5,5,5,COMUNA 8,
1hRleDQExrdvb2bZhv_NkoM6eG21pRcpN02oLBP_hZaI,-Satisfacción del Curso virtual - SISTEMA DE INFORMACIÓN EN TB 1°C 2024,2024-11-08T17:37:50.428Z,,Femenino,Adultez (29 - 59 años),Bachiller,Área de la salud,5,5,5,5,5,5,5,5,5,5,5,5,5,COMUNA 3,
1hRleDQExrdvb2bZhv_NkoM6eG21pRcpN02oLBP_hZaI,-Satisfacción del Curso virtual - SISTEMA DE INFORMACIÓN EN TB 1°C 2024,2024-10-16T16:22:22.147Z,,Femenino,Adultez (29 - 59 años),Pregrado,Área de la salud,5,5,5,5,5,5,5,5,5,5,5,5,5,C. DE PANCE,
1hRleDQExrdvb2bZhv_NkoM6eG21pRcpN02oLBP_hZaI,-Satisfacción del Curso virtual - SISTEMA DE INFORMACIÓN EN TB 1°C 2024,2024-10-22T01:09:33.310Z,,Femenino,Adultez (29 - 59 años),Pregrado,Área de la salud,5,5,5,5,5,5,5,5,5,5,5,5,5,COMUNA 12,
1hRleDQExrdvb2bZhv_NkoM6eG21pRcpN02oLBP_hZaI,-Satisfacción del Curso virtual - SISTEMA DE INFORMACIÓN EN TB 1°C 2024,2024-10-22T21:19:01.975Z,,Femenino,Juventud (18 - 28 años),Postgrado,Área de la salud,5,5,5,5,5,5,4,5,5,4,4,5,5,COMUNA 17,
1hRleDQExrdvb2bZhv_NkoM6eG21pRcpN02oLBP_hZaI,-Satisfacción del Curso virtual - SISTEMA DE INFORMACIÓN EN TB 1°C 2024,2024-11-04T02:04:46.996Z,,Femenino,Adultez (29 - 59 años),Pregrado,Área de la salud,5,5,5,5,5,5,5,5,5,5,5,5,5,COMUNA 18,
1hRleDQExrdvb2bZhv_NkoM6eG21pRcpN02oLBP_hZaI,-Satisfacción del Curso virtual - SISTEMA DE INFORMACIÓN EN TB 1°C 2024,2024-10-23T15:11:45.061Z,,Femenino,Adultez (29 - 59 años),Pregrado,Área de la salud,4,4,4,4,5,4,4,5,2,3,4,4,4,COMUNA 5,
1hRleDQExrdvb2bZhv_NkoM6eG21pRcpN02oLBP_hZaI,-Satisfacción del Curso virtual - SISTEMA DE INFORMACIÓN EN TB 1°C 2024,2024-10-19T00:52:55.544Z,,Femenino,Adultez (29 - 59 años),Pregrado,Área de la salud,5,5,5,5,5,5,5,5,5,5,5,5,5,COMUNA 21,
1hRleDQExrdvb2bZhv_NkoM6eG21pRcpN02oLBP_hZaI,-Satisfacción del Curso virtual - SISTEMA DE INFORMACIÓN EN TB 1°C 2024,2024-10-19T01:38:25.088Z,,Femenino,Adultez (29 - 59 años),Postgrado,Área de la salud,4,4,4,4,4,4,4,4,4,4,4,4,4,COMUNA 13,
1hRleDQExrdvb2bZhv_NkoM6eG21pRcpN02oLBP_hZaI,-Satisfacción del Curso virtual - SISTEMA DE INFORMACIÓN EN TB 1°C 2024,2024-11-08T20:15:38.944Z,,Femenino,Juventud (18 - 28 años),Pregrado,Área de la salud,5,5,5,5,5,5,5,5,5,5,5,5,5,COMUNA 20,
1hRleDQExrdvb2bZhv_NkoM6eG21pRcpN02oLBP_hZaI,-Satisfacción del Curso virtual - SISTEMA DE INFORMACIÓN EN TB 1°C 2024,2024-11-01T19:11:40.225Z,,Femenino,Adultez (29 - 59 años),Pregrado,Área de la salud,4,4,4,4,4,4,4,4,4,4,4,4,4,COMUNA 15,
1hRleDQExrdvb2bZhv_NkoM6eG21pRcpN02oLBP_hZaI,-Satisfacción del Curso virtual - SISTEMA DE INFORMACIÓN EN TB 1°C 2024,2024-10-30T22:05:52.167Z,,Femenino,Adultez (29 - 59 años),Pregrado,Área de la salud,5,5,5,5,5,5,5,5,5,5,5,5,5,COMUNA 16,
1hRleDQExrdvb2bZhv_NkoM6eG21pRcpN02oLBP_hZaI,-Satisfacción del Curso virtual - SISTEMA DE INFORMACIÓN EN TB 1°C 2024,2024-11-08T16:14:01.847Z,,Femenino,Adultez (29 - 59 años),Pregrado,Área de la salud,5,5,5,5,5,5,5,5,5,5,5,5,5,COMUNA 8,
1hRleDQExrdvb2bZhv_NkoM6eG21pRcpN02oLBP_hZaI,-Satisfacción del Curso virtual - SISTEMA DE INFORMACIÓN EN TB 1°C 2024,2024-11-08T22:33:30.138Z,,Femenino,Adultez (29 - 59 años),Postgrado,Área de la salud,4,4,4,3,5,5,3,5,5,3,5,4,4,COMUNA 17,
1hRleDQExrdvb2bZhv_NkoM6eG21pRcpN02oLBP_hZaI,-Satisfacción del Curso virtual - SISTEMA DE INFORMACIÓN EN TB 1°C 2024,2024-10-31T15:33:02.915Z,,Femenino,Adultez (29 - 59 años),Pregrado,Área de la salud,5,5,5,5,5,5,5,5,5,5,5,5,5,COMUNA 22,
1hRleDQExrdvb2bZhv_NkoM6eG21pRcpN02oLBP_hZaI,-Satisfacción del Curso virtual - SISTEMA DE INFORMACIÓN EN TB 1°C 2024,2024-11-04T02:12:36.692Z,,Femenino,Adultez (29 - 59 años),Pregrado,Área de la salud,5,5,5,5,5,5,5,5,5,5,5,5,5,COMUNA 13,
1VLTWlXkzWM_GcwZ479ulnY6mqCRs-kmRHbxZgoWUi0Y,-Satisfacción del Curso virtual - RPMS PRIMERA INFANCIA - 1°C 2025,2025-05-02T14:04:54.290Z,,Femenino,Juventud (18 - 28 años),Pregrado,Área de la salud,5,5,5,5,5,5,5,5,5,5,5,5,5,COMUNA 4,
1VLTWlXkzWM_GcwZ479ulnY6mqCRs-kmRHbxZgoWUi0Y,-Satisfacción del Curso virtual - RPMS PRIMERA INFANCIA - 1°C 2025,2025-06-04T21:28:40.557Z,,Masculino,Adultez (29 - 59 años),Postgrado,Área de la salud,5,5,5,5,5,5,5,5,5,5,5,5,5,COMUNA 21,
1VLTWlXkzWM_GcwZ479ulnY6mqCRs-kmRHbxZgoWUi0Y,-Satisfacción del Curso virtual - RPMS PRIMERA INFANCIA - 1°C 2025,2025-05-07T12:49:38.521Z,,Femenino,Adultez (29 - 59 años),Pregrado,Área de la salud,5,5,5,5,5,5,5,5,5,5,5,5,5,COMUNA 18,
1VLTWlXkzWM_GcwZ479ulnY6mqCRs-kmRHbxZgoWUi0Y,-Satisfacción del Curso virtual - RPMS PRIMERA INFANCIA - 1°C 2025,2025-05-09T15:01:33.255Z,,Femenino,Juventud (18 - 28 años),Postgrado,Área de la salud,5,5,5,5,5,5,5,5,5,5,5,5,5,COMUNA 17,
1VLTWlXkzWM_GcwZ479ulnY6mqCRs-kmRHbxZgoWUi0Y,-Satisfacción del Curso virtual - RPMS PRIMERA INFANCIA - 1°C 2025,2025-05-11T21:33:14.503Z,,Femenino,Adultez (29 - 59 años),Postgrado,Área de la salud,4,5,5,5,5,5,5,5,5,5,5,5,5,COMUNA 10,
1VLTWlXkzWM_GcwZ479ulnY6mqCRs-kmRHbxZgoWUi0Y,-Satisfacción del Curso virtual - RPMS PRIMERA INFANCIA - 1°C 2025,2025-04-29T16:15:56.981Z,,Femenino,Juventud (18 - 28 años),Postgrado,Área de la salud,4,4,4,4,4,4,4,4,3,3,4,4,4,COMUNA 2,
1VLTWlXkzWM_GcwZ479ulnY6mqCRs-kmRHbxZgoWUi0Y,-Satisfacción del Curso virtual - RPMS PRIMERA INFANCIA - 1°C 2025,2025-04-10T03:13:57.417Z,,Femenino,Adultez (29 - 59 años),Postgrado,Área de la salud,4,4,4,4,4,4,4,4,4,4,4,4,4,COMUNA 4,
1VLTWlXkzWM_GcwZ479ulnY6mqCRs-kmRHbxZgoWUi0Y,-Satisfacción del Curso virtual - RPMS PRIMERA INFANCIA - 1°C 2025,2025-04-22T22:06:59.693Z,,Femenino,Adultez (29 - 59 años),Pregrado,Área de la salud,5,5,5,5,5,5,5,5,4,5,4,5,5,COMUNA 8,
14HaogoJkoibDUPdhmhvUZdp9HWSYbYNEmJFW4NRwuzg,-Satisfacción del Curso virtual - RPMS INFANCIA - 1°C 2025,2025-05-03T13:14:21.527Z,,Femenino,Adultez (29 - 59 años),Postgrado,Área de la salud,5,5,5,5,5,5,4,5,3,2,5,5,5,COMUNA 4,
14HaogoJkoibDUPdhmhvUZdp9HWSYbYNEmJFW4NRwuzg,-Satisfacción del Curso virtual - RPMS INFANCIA - 1°C 2025,2025-04-22T22:56:09.311Z,,Masculino,Vejez (60 años o más),Postgrado,Área de la salud,5,5,5,5,5,5,5,5,5,5,5,5,5,C. DE LA BUITRERA,
14HaogoJkoibDUPdhmhvUZdp9HWSYbYNEmJFW4NRwuzg,-Satisfacción del Curso virtual - RPMS INFANCIA - 1°C 2025,2025-05-06T15:30:32.485Z,,Femenino,Adultez (29 - 59 años),Pregrado,Área de la salud,5,5,5,5,5,5,5,5,5,5,5,5,5,COMUNA 18,
14HaogoJkoibDUPdhmhvUZdp9HWSYbYNEmJFW4NRwuzg,-Satisfacción del Curso virtual - RPMS INFANCIA - 1°C 2025,2025-05-07T21:34:31.805Z,,Femenino,Adolescencia (12 - 17 años),Pregrado,Área de la salud,5,5,5,5,5,5,5,5,5,5,5,5,5,COMUNA 5,
14HaogoJkoibDUPdhmhvUZdp9HWSYbYNEmJFW4NRwuzg,-Satisfacción del Curso virtual - RPMS INFANCIA - 1°C 2025,2025-05-28T23:00:09.274Z,,Femenino,Adultez (29 - 59 años),Pregrado,Área de la salud,5,4,5,5,5,5,5,5,5,4,5,5,5,COMUNA 10,
14HaogoJkoibDUPdhmhvUZdp9HWSYbYNEmJFW4NRwuzg,-Satisfacción del Curso virtual - RPMS INFANCIA - 1°C 2025,2025-06-03T21:15:13.071Z,,Masculino,Adultez (29 - 59 años),Postgrado,Área de la salud,5,5,5,5,5,5,5,5,5,5,5,5,5,COMUNA 21,
14HaogoJkoibDUPdhmhvUZdp9HWSYbYNEmJFW4NRwuzg,-Satisfacción del Curso virtual - RPMS INFANCIA - 1°C 2025,2025-04-28T03:17:30.041Z,,Femenino,Juventud (18 - 28 años),Pregrado,Área de la salud,5,5,5,5,5,4,4,4,4,3,4,5,5,COMUNA 16,
10_w8OhDSxn3PZx5V-dQSFfVw_7JsSu8xz1wU8b4ZCBo,-Satisfacción del Curso virtual - RPMS ADOLESCENCIA - 1°C 2025,2025-04-24T23:56:14.500Z,,Femenino,Juventud (18 - 28 años),Pregrado,Área de la salud,5,5,5,5,5,4,4,4,3,3,5,5,5,COMUNA 16,
10_w8OhDSxn3PZx5V-dQSFfVw_7JsSu8xz1wU8b4ZCBo,-Satisfacción del Curso virtual - RPMS ADOLESCENCIA - 1°C 2025,2025-04-29T20:41:01.804Z,,Femenino,Adultez (29 - 59 años),Pregrado,Área de la salud,4,5,4,4,4,5,4,4,4,4,4,4,5,COMUNA 2,
10_w8OhDSxn3PZx5V-dQSFfVw_7JsSu8xz1wU8b4ZCBo,-Satisfacción del Curso virtual - RPMS ADOLESCENCIA - 1°C 2025,2025-04-29T20:28:52.895Z,,Femenino,Adolescencia (12 - 17 años),Bachiller,Área de la salud,4,4,4,4,4,4,4,4,4,4,4,4,4,COMUNA 1,
10_w8OhDSxn3PZx5V-dQSFfVw_7JsSu8xz1wU8b4ZCBo,-Satisfacción del Curso virtual - RPMS ADOLESCENCIA - 1°C 2025,2025-05-02T14:32:16.694Z,,Femenino,Adolescencia (12 - 17 años),Bachiller,Área de la salud,5,5,5,5,5,5,5,5,5,5,5,5,5,COMUNA 6,
10_w8OhDSxn3PZx5V-dQSFfVw_7JsSu8xz1wU8b4ZCBo,-Satisfacción del Curso virtual - RPMS ADOLESCENCIA - 1°C 2025,2025-04-30T05:39:18.197Z,,Masculino,Adultez (29 - 59 años),Postgrado,Área de la salud,5,5,5,5,5,5,4,5,3,3,5,5,5,COMUNA 17,
10_w8OhDSxn3PZx5V-dQSFfVw_7JsSu8xz1wU8b4ZCBo,-Satisfacción del Curso virtual - RPMS ADOLESCENCIA - 1°C 2025,2025-04-28T02:15:12.135Z,,Masculino,Adolescencia (12 - 17 años),Postgrado,Área de la salud,5,5,5,5,5,5,5,5,5,5,5,5,5,COMUNA 12,
10_w8OhDSxn3PZx5V-dQSFfVw_7JsSu8xz1wU8b4ZCBo,-Satisfacción del Curso virtual - RPMS ADOLESCENCIA - 1°C 2025,2025-05-07T13:28:45.867Z,,Femenino,Adultez (29 - 59 años),Pregrado,Área de la salud,5,5,5,5,5,5,5,5,5,5,5,5,5,COMUNA 18,
10_w8OhDSxn3PZx5V-dQSFfVw_7JsSu8xz1wU8b4ZCBo,-Satisfacción del Curso virtual - RPMS ADOLESCENCIA - 1°C 2025,2025-04-29T20:26:49.632Z,,Femenino,Adolescencia (12 - 17 años),Bachiller,Área de la salud,3,4,4,4,4,4,4,4,4,4,4,4,4,COMUNA 1,
10_w8OhDSxn3PZx5V-dQSFfVw_7JsSu8xz1wU8b4ZCBo,-Satisfacción del Curso virtual - RPMS ADOLESCENCIA - 1°C 2025,2025-05-12T03:23:17.766Z,,Femenino,Adultez (29 - 59 años),Pregrado,Área de la salud,5,5,5,5,5,5,5,5,5,5,4,5,5,COMUNA 8,
10_w8OhDSxn3PZx5V-dQSFfVw_7JsSu8xz1wU8b4ZCBo,-Satisfacción del Curso virtual - RPMS ADOLESCENCIA - 1°C 2025,2025-04-29T20:34:23.515Z,,Femenino,Adolescencia (12 - 17 años),Pregrado,Área de la salud,4,4,4,4,4,4,4,4,4,4,4,4,4,COMUNA 2,
10_w8OhDSxn3PZx5V-dQSFfVw_7JsSu8xz1wU8b4ZCBo,-Satisfacción del Curso virtual - RPMS ADOLESCENCIA - 1°C 2025,2025-04-17T17:35:28.535Z,,Femenino,Adultez (29 - 59 años),Postgrado,Área de la salud,5,5,5,5,5,5,5,5,5,5,5,5,5,COMUNA 4,
10vZIMhpsaNL44usQIa0gIF3mgk-CzTpWQTTBEK-xE5A,-Satisfacción del Curso virtual - RPMS JUVENTUD - 1°C 2025,2025-04-22T21:34:59.289Z,,Femenino,Juventud (18 - 28 años),Postgrado,Área de la salud,5,5,5,4,5,5,4,4,5,4,5,5,5,COMUNA 3,
10vZIMhpsaNL44usQIa0gIF3mgk-CzTpWQTTBEK-xE5A,-Satisfacción del Curso virtual - RPMS JUVENTUD - 1°C 2025,2025-04-23T19:13:57.006Z,,Masculino,Juventud (18 - 28 años),Bachiller,Área de la salud,5,5,5,4,4,4,4,4,4,4,4,4,4,COMUNA 2,
10vZIMhpsaNL44usQIa0gIF3mgk-CzTpWQTTBEK-xE5A,-Satisfacción del Curso virtual - RPMS JUVENTUD - 1°C 2025,2025-05-14T13:00:00.295Z,,Femenino,Adultez (29 - 59 años),Pregrado,Área de la salud,5,5,5,5,5,5,5,5,5,5,5,5,5,COMUNA 18,
10vZIMhpsaNL44usQIa0gIF3mgk-CzTpWQTTBEK-xE5A,-Satisfacción del Curso virtual - RPMS JUVENTUD - 1°C 2025,2025-04-23T14:21:39.960Z,,Femenino,Juventud (18 - 28 años),Bachiller,Área de la salud,5,5,5,5,5,5,5,5,5,5,5,5,5,COMUNA 2,
10vZIMhpsaNL44usQIa0gIF3mgk-CzTpWQTTBEK-xE5A,-Satisfacción del Curso virtual - RPMS JUVENTUD - 1°C 2025,2025-04-22T21:35:29.703Z,,Femenino,Juventud (18 - 28 años),Postgrado,Área de la salud,5,5,5,5,5,5,5,5,5,5,5,5,5,COMUNA 19,
10vZIMhpsaNL44usQIa0gIF3mgk-CzTpWQTTBEK-xE5A,-Satisfacción del Curso virtual - RPMS JUVENTUD - 1°C 2025,2025-04-27T20:28:55.732Z,,Femenino,Adultez (29 - 59 años),Postgrado,Área de la salud,5,5,5,5,5,5,5,5,4,5,5,5,5,COMUNA 10,
10vZIMhpsaNL44usQIa0gIF3mgk-CzTpWQTTBEK-xE5A,-Satisfacción del Curso virtual - RPMS JUVENTUD - 1°C 2025,2025-04-22T21:33:30.844Z,,Femenino,Adultez (29 - 59 años),Bachiller,Área de la salud,5,5,5,5,5,5,5,5,5,5,5,5,5,COMUNA 6,
10vZIMhpsaNL44usQIa0gIF3mgk-CzTpWQTTBEK-xE5A,-Satisfacción del Curso virtual - RPMS JUVENTUD - 1°C 2025,2025-04-11T20:09:44.959Z,,Femenino,Juventud (18 - 28 años),Postgrado,Área de la salud,4,4,4,4,4,4,4,4,4,4,4,4,4,COMUNA 6,
10vZIMhpsaNL44usQIa0gIF3mgk-CzTpWQTTBEK-xE5A,-Satisfacción del Curso virtual - RPMS JUVENTUD - 1°C 2025,2025-04-22T21:33:48.224Z,,Femenino,Juventud (18 - 28 años),Pregrado,Área de la salud,4,4,4,4,4,4,4,4,4,4,4,4,4,COMUNA 2,
10vZIMhpsaNL44usQIa0gIF3mgk-CzTpWQTTBEK-xE5A,-Satisfacción del Curso virtual - RPMS JUVENTUD - 1°C 2025,2025-04-17T18:07:29.321Z,,Femenino,Adultez (29 - 59 años),Postgrado,Área de la salud,4,4,4,4,4,4,4,4,4,4,4,4,4,COMUNA 4,
1AClngQc49VHjyrgJ1Q1Nm4-FmrItfqswld3vPAVsNkI,-Satisfacción del Curso virtual - RPMS ADULTEZ - 1°C 2025,2025-04-29T20:29:38.545Z,,Masculino,Juventud (18 - 28 años),Bachiller,Otro,4,4,4,4,4,4,4,3,3,4,4,5,3,COMUNA 2,
1AClngQc49VHjyrgJ1Q1Nm4-FmrItfqswld3vPAVsNkI,-Satisfacción del Curso virtual - RPMS ADULTEZ - 1°C 2025,2025-05-18T02:43:50.965Z,,Femenino,Adultez (29 - 59 años),Pregrado,Área de la salud,5,5,5,5,5,5,5,5,5,5,5,5,5,COMUNA 17,
1AClngQc49VHjyrgJ1Q1Nm4-FmrItfqswld3vPAVsNkI,-Satisfacción del Curso virtual - RPMS ADULTEZ - 1°C 2025,2025-04-14T16:32:18.898Z,,Masculino,Adultez (29 - 59 años),Pregrado,Área de la salud,5,5,5,5,5,5,5,5,5,5,5,5,5,COMUNA 22,
1AClngQc49VHjyrgJ1Q1Nm4-FmrItfqswld3vPAVsNkI,-Satisfacción del Curso virtual - RPMS ADULTEZ - 1°C 2025,2025-05-05T01:56:17.159Z,,Femenino,Adultez (29 - 59 años),Pregrado,Área de la salud,5,5,5,5,5,5,5,5,5,5,5,5,5,COMUNA 17,
1AClngQc49VHjyrgJ1Q1Nm4-FmrItfqswld3vPAVsNkI,-Satisfacción del Curso virtual - RPMS ADULTEZ - 1°C 2025,2025-04-23T17:11:04.272Z,,Femenino,Adultez (29 - 59 años),Pregrado,Área de la salud,4,4,4,4,4,4,4,4,4,4,4,4,4,COMUNA 3,
16M3e4onIATWuLZo_fqH-C-YRZefr8noWMEv9GG1uYho,-Satisfacción del Curso virtual - RPMS VEJEZ - 1°C 2025,2025-05-18T02:40:14.197Z,,Femenino,Adultez (29 - 59 años),Pregrado,Área de la salud,5,5,5,5,5,5,5,5,5,5,5,5,5,COMUNA 17,
16M3e4onIATWuLZo_fqH-C-YRZefr8noWMEv9GG1uYho,-Satisfacción del Curso virtual - RPMS VEJEZ - 1°C 2025,2025-05-16T02:39:23.791Z,,Masculino,Adultez (29 - 59 años),Postgrado,Área de la salud,5,5,5,5,5,5,5,5,5,5,5,5,5,COMUNA 12,
16M3e4onIATWuLZo_fqH-C-YRZefr8noWMEv9GG1uYho,-Satisfacción del Curso virtual - RPMS VEJEZ - 1°C 2025,2025-04-14T18:55:08.596Z,,Masculino,Vejez (60 años o más),Pregrado,Área de la salud,5,5,5,5,5,5,5,5,5,5,5,5,5,COMUNA 22,
16M3e4onIATWuLZo_fqH-C-YRZefr8noWMEv9GG1uYho,-Satisfacción del Curso virtual - RPMS VEJEZ - 1°C 2025,2025-04-23T14:24:12.914Z,,Femenino,Juventud (18 - 28 años),Pregrado,Área de la salud,5,5,5,5,5,5,5,5,5,5,5,5,5,COMUNA 4,
16M3e4onIATWuLZo_fqH-C-YRZefr8noWMEv9GG1uYho,-Satisfacción del Curso virtual - RPMS VEJEZ - 1°C 2025,2025-05-05T02:37:58.291Z,,Femenino,Vejez (60 años o más),Pregrado,Área de la salud,5,5,5,5,5,5,5,5,5,5,5,5,5,COMUNA 17,
16M3e4onIATWuLZo_fqH-C-YRZefr8noWMEv9GG1uYho,-Satisfacción del Curso virtual - RPMS VEJEZ - 1°C 2025,2025-04-30T03:13:40.353Z,,Femenino,Vejez (60 años o más),Postgrado,Área de la salud,5,4,4,4,5,5,5,5,5,5,4,4,5,COMUNA 3,
16M3e4onIATWuLZo_fqH-C-YRZefr8noWMEv9GG1uYho,-Satisfacción del Curso virtual - RPMS VEJEZ - 1°C 2025,2025-04-23T18:22:41.765Z,,Femenino,Adultez (29 - 59 años),Pregrado,Área de la salud,4,4,4,4,4,4,4,4,4,4,4,4,4,COMUNA 3,
1iSzRozvOqW12ZkBEZz3aniJV7P932Wy6G0hAGzF1C14,-Satisfacción del Curso virtual - CÁNCER INFANTIL 1°C 2025,2025-04-07T15:57:59.603Z,,Femenino,Juventud (18 - 28 años),Pregrado,Área de la salud,5,5,5,5,5,5,5,5,5,5,5,5,5,COMUNA 5,
1iSzRozvOqW12ZkBEZz3aniJV7P932Wy6G0hAGzF1C14,-Satisfacción del Curso virtual - CÁNCER INFANTIL 1°C 2025,2025-03-21T23:22:28.349Z,,Masculino,Vejez (60 años o más),Pregrado,Área de la salud,5,5,5,5,5,5,5,5,5,5,5,5,5,COMUNA 5,
1iSzRozvOqW12ZkBEZz3aniJV7P932Wy6G0hAGzF1C14,-Satisfacción del Curso virtual - CÁNCER INFANTIL 1°C 2025,2025-03-10T14:39:47.540Z,,Femenino,Juventud (18 - 28 años),Pregrado,Área de la salud,5,5,5,5,5,5,5,5,5,5,5,5,5,COMUNA 17,
1iSzRozvOqW12ZkBEZz3aniJV7P932Wy6G0hAGzF1C14,-Satisfacción del Curso virtual - CÁNCER INFANTIL 1°C 2025,2025-03-03T22:50:23.027Z,,Masculino,Adultez (29 - 59 años),Pregrado,Área de la salud,1,1,1,1,1,1,1,1,1,1,1,1,1,COMUNA 2,
1iSzRozvOqW12ZkBEZz3aniJV7P932Wy6G0hAGzF1C14,-Satisfacción del Curso virtual - CÁNCER INFANTIL 1°C 2025,2025-02-26T15:35:52.609Z,,Femenino,Adultez (29 - 59 años),Postgrado,Área de la salud,4,4,4,4,4,4,4,4,4,4,4,4,4,COMUNA 19,
1iSzRozvOqW12ZkBEZz3aniJV7P932Wy6G0hAGzF1C14,-Satisfacción del Curso virtual - CÁNCER INFANTIL 1°C 2025,2025-03-10T04:29:07.919Z,,Femenino,Adultez (29 - 59 años),Pregrado,Área de la salud,5,5,5,5,5,5,5,5,5,5,5,5,5,COMUNA 10,
1iSzRozvOqW12ZkBEZz3aniJV7P932Wy6G0hAGzF1C14,-Satisfacción del Curso virtual - CÁNCER INFANTIL 1°C 2025,2025-03-24T16:57:51.127Z,,Masculino,Adultez (29 - 59 años),Postgrado,Área de la salud,5,4,4,4,5,5,4,5,5,4,4,4,4,COMUNA 2,
1iSzRozvOqW12ZkBEZz3aniJV7P932Wy6G0hAGzF1C14,-Satisfacción del Curso virtual - CÁNCER INFANTIL 1°C 2025,2025-03-11T02:00:59.926Z,,Masculino,Adultez (29 - 59 años),Pregrado,Área de la salud,5,5,5,5,5,5,5,5,5,5,5,5,5,COMUNA 1,
1iSzRozvOqW12ZkBEZz3aniJV7P932Wy6G0hAGzF1C14,-Satisfacción del Curso virtual - CÁNCER INFANTIL 1°C 2025,2025-03-25T02:53:17.780Z,,Femenino,Adultez (29 - 59 años),Pregrado,Área de la salud,4,4,4,3,5,5,4,4,3,3,3,4,3,COMUNA 10,
1iSzRozvOqW12ZkBEZz3aniJV7P932Wy6G0hAGzF1C14,-Satisfacción del Curso virtual - CÁNCER INFANTIL 1°C 2025,2025-03-03T15:17:34.813Z,,Masculino,Adultez (29 - 59 años),Pregrado,Área de la salud,5,5,5,5,5,5,5,5,5,5,5,5,5,COMUNA 14,
1iSzRozvOqW12ZkBEZz3aniJV7P932Wy6G0hAGzF1C14,-Satisfacción del Curso virtual - CÁNCER INFANTIL 1°C 2025,2025-02-26T19:41:11.528Z,,Femenino,Juventud (18 - 28 años),Bachiller,Área de la salud,5,5,5,5,5,5,5,5,5,5,5,5,5,C. DE PICHINDE,
1iSzRozvOqW12ZkBEZz3aniJV7P932Wy6G0hAGzF1C14,-Satisfacción del Curso virtual - CÁNCER INFANTIL 1°C 2025,2025-03-11T04:00:34.083Z,,Femenino,Adultez (29 - 59 años),Postgrado,Área de la salud,5,5,5,5,5,5,5,5,5,4,5,5,5,COMUNA 1,
1iSzRozvOqW12ZkBEZz3aniJV7P932Wy6G0hAGzF1C14,-Satisfacción del Curso virtual - CÁNCER INFANTIL 1°C 2025,2025-02-26T21:28:16.552Z,,Masculino,Adultez (29 - 59 años),Pregrado,Área de la salud,5,5,5,5,5,5,5,5,5,5,5,5,5,COMUNA 5,
1iSzRozvOqW12ZkBEZz3aniJV7P932Wy6G0hAGzF1C14,-Satisfacción del Curso virtual - CÁNCER INFANTIL 1°C 2025,2025-04-04T17:28:59.139Z,,Femenino,Adultez (29 - 59 años),Postgrado,Área de la salud,5,5,5,5,5,5,5,5,5,5,5,5,5,COMUNA 13,
1iSzRozvOqW12ZkBEZz3aniJV7P932Wy6G0hAGzF1C14,-Satisfacción del Curso virtual - CÁNCER INFANTIL 1°C 2025,2025-03-09T18:30:12.404Z,,Femenino,Adultez (29 - 59 años),Postgrado,Área de la salud,5,5,4,4,4,4,4,4,4,4,4,4,4,COMUNA 17,
1iSzRozvOqW12ZkBEZz3aniJV7P932Wy6G0hAGzF1C14,-Satisfacción del Curso virtual - CÁNCER INFANTIL 1°C 2025,2025-03-24T05:14:22.627Z,,Femenino,Adultez (29 - 59 años),Pregrado,Área de la salud,4,4,4,4,5,5,4,3,3,3,4,4,4,COMUNA 9,
1iSzRozvOqW12ZkBEZz3aniJV7P932Wy6G0hAGzF1C14,-Satisfacción del Curso virtual - CÁNCER INFANTIL 1°C 2025,2025-03-04T02:45:17.923Z,,Femenino,Adultez (29 - 59 años),Pregrado,Área de la salud,1,1,1,1,1,1,1,1,1,1,1,1,1,COMUNA 14,
1iSzRozvOqW12ZkBEZz3aniJV7P932Wy6G0hAGzF1C14,-Satisfacción del Curso virtual - CÁNCER INFANTIL 1°C 2025,2025-03-14T19:31:41.284Z,,Femenino,Juventud (18 - 28 años),Pregrado,Área de la salud,5,5,5,5,5,5,5,5,5,5,5,5,5,COMUNA 6,
1iSzRozvOqW12ZkBEZz3aniJV7P932Wy6G0hAGzF1C14,-Satisfacción del Curso virtual - CÁNCER INFANTIL 1°C 2025,2025-04-01T04:17:09.133Z,,Femenino,Juventud (18 - 28 años),Pregrado,Área de la salud,4,4,4,3,4,4,3,4,2,1,2,3,3,COMUNA 17,
1iSzRozvOqW12ZkBEZz3aniJV7P932Wy6G0hAGzF1C14,-Satisfacción del Curso virtual - CÁNCER INFANTIL 1°C 2025,2025-03-05T22:31:33.461Z,,Femenino,Adultez (29 - 59 años),Bachiller,Área de la salud,5,5,5,5,5,5,5,5,5,5,5,5,5,COMUNA 1,
1iSzRozvOqW12ZkBEZz3aniJV7P932Wy6G0hAGzF1C14,-Satisfacción del Curso virtual - CÁNCER INFANTIL 1°C 2025,2025-02-27T22:18:59.507Z,,Femenino,Juventud (18 - 28 años),Pregrado,Área de la salud,5,5,5,5,5,5,5,5,5,5,5,5,5,COMUNA 17,
1iSzRozvOqW12ZkBEZz3aniJV7P932Wy6G0hAGzF1C14,-Satisfacción del Curso virtual - CÁNCER INFANTIL 1°C 2025,2025-03-05T14:03:50.985Z,,Femenino,Adultez (29 - 59 años),Postgrado,Área de la salud,5,5,5,5,3,5,5,5,3,3,5,5,5,COMUNA 2,
1iSzRozvOqW12ZkBEZz3aniJV7P932Wy6G0hAGzF1C14,-Satisfacción del Curso virtual - CÁNCER INFANTIL 1°C 2025,2025-03-14T00:31:08.401Z,,Femenino,Adultez (29 - 59 años),Pregrado,Área de la salud,5,5,5,5,5,5,5,5,5,5,5,5,5,COMUNA 1,
1iSzRozvOqW12ZkBEZz3aniJV7P932Wy6G0hAGzF1C14,-Satisfacción del Curso virtual - CÁNCER INFANTIL 1°C 2025,2025-02-25T04:01:15.716Z,,Masculino,Adultez (29 - 59 años),Pregrado,Área de la salud,5,5,5,5,5,5,5,5,5,5,5,5,5,COMUNA 14,
1iSzRozvOqW12ZkBEZz3aniJV7P932Wy6G0hAGzF1C14,-Satisfacción del Curso virtual - CÁNCER INFANTIL 1°C 2025,2025-03-25T06:53:02.900Z,,Femenino,Adultez (29 - 59 años),Postgrado,Área de la salud,4,4,4,4,4,4,4,4,4,4,4,4,4,COMUNA 5,
1iSzRozvOqW12ZkBEZz3aniJV7P932Wy6G0hAGzF1C14,-Satisfacción del Curso virtual - CÁNCER INFANTIL 1°C 2025,2025-03-18T14:57:46.166Z,,Femenino,Adultez (29 - 59 años),Pregrado,Área de la salud,5,5,5,5,5,5,5,5,5,5,5,5,5,COMUNA 17,
1iSzRozvOqW12ZkBEZz3aniJV7P932Wy6G0hAGzF1C14,-Satisfacción del Curso virtual - CÁNCER INFANTIL 1°C 2025,2025-03-12T17:55:38.920Z,,Femenino,Adultez (29 - 59 años),Postgrado,Área de la salud,5,5,5,5,5,5,5,5,5,5,5,5,5,COMUNA 1,
1iSzRozvOqW12ZkBEZz3aniJV7P932Wy6G0hAGzF1C14,-Satisfacción del Curso virtual - CÁNCER INFANTIL 1°C 2025,2025-02-26T17:00:14.952Z,,Masculino,Juventud (18 - 28 años),Pregrado,Área de la salud,5,5,5,5,5,5,5,5,5,5,5,5,5,COMUNA 3,
1iSzRozvOqW12ZkBEZz3aniJV7P932Wy6G0hAGzF1C14,-Satisfacción del Curso virtual - CÁNCER INFANTIL 1°C 2025,2025-03-04T23:09:01.402Z,,Masculino,Adultez (29 - 59 años),Postgrado,Área de la salud,5,5,5,5,5,5,5,5,5,5,5,5,5,C. DE FELIDIA,
1iSzRozvOqW12ZkBEZz3aniJV7P932Wy6G0hAGzF1C14,-Satisfacción del Curso virtual - CÁNCER INFANTIL 1°C 2025,2025-03-23T12:57:06.955Z,,Femenino,Adultez (29 - 59 años),Pregrado,Área de la salud,4,4,4,4,5,5,4,4,4,4,4,4,4,COMUNA 22,
1iSzRozvOqW12ZkBEZz3aniJV7P932Wy6G0hAGzF1C14,-Satisfacción del Curso virtual - CÁNCER INFANTIL 1°C 2025,2025-03-09T21:22:25.611Z,,Femenino,Adultez (29 - 59 años),Postgrado,Área de la salud,4,4,4,4,4,4,4,4,4,2,4,4,4,COMUNA 2,
1iSzRozvOqW12ZkBEZz3aniJV7P932Wy6G0hAGzF1C14,-Satisfacción del Curso virtual - CÁNCER INFANTIL 1°C 2025,2025-03-25T04:26:43.970Z,,Masculino,Adultez (29 - 59 años),Pregrado,Área de la salud,5,5,5,3,5,5,5,5,5,4,5,5,5,COMUNA 19,
1iSzRozvOqW12ZkBEZz3aniJV7P932Wy6G0hAGzF1C14,-Satisfacción del Curso virtual - CÁNCER INFANTIL 1°C 2025,2025-03-05T14:54:14.967Z,,Femenino,Juventud (18 - 28 años),Pregrado,Área de la salud,5,5,5,5,4,5,4,5,5,4,5,5,5,COMUNA 3,
1iSzRozvOqW12ZkBEZz3aniJV7P932Wy6G0hAGzF1C14,-Satisfacción del Curso virtual - CÁNCER INFANTIL 1°C 2025,2025-03-04T01:47:07.555Z,,Masculino,Adultez (29 - 59 años),Postgrado,Área de la salud,5,5,5,5,5,5,5,5,5,5,5,5,4,COMUNA 2,
1iSzRozvOqW12ZkBEZz3aniJV7P932Wy6G0hAGzF1C14,-Satisfacción del Curso virtual - CÁNCER INFANTIL 1°C 2025,2025-03-11T16:21:31.934Z,,Femenino,Juventud (18 - 28 años),Pregrado,Área de la salud,5,5,4,4,4,4,4,4,4,1,4,4,5,COMUNA 10,
1iSzRozvOqW12ZkBEZz3aniJV7P932Wy6G0hAGzF1C14,-Satisfacción del Curso virtual - CÁNCER INFANTIL 1°C 2025,2025-03-14T20:35:16.985Z,,Femenino,Adultez (29 - 59 años),Postgrado,Área de la salud,4,4,4,4,4,4,4,4,3,3,5,5,5,COMUNA 2,
1iSzRozvOqW12ZkBEZz3aniJV7P932Wy6G0hAGzF1C14,-Satisfacción del Curso virtual - CÁNCER INFANTIL 1°C 2025,2025-02-24T23:46:13.504Z,,Femenino,Adultez (29 - 59 años),Pregrado,Área de la salud,5,5,5,5,5,5,5,5,5,5,5,5,5,COMUNA 17,
1iSzRozvOqW12ZkBEZz3aniJV7P932Wy6G0hAGzF1C14,-Satisfacción del Curso virtual - CÁNCER INFANTIL 1°C 2025,2025-03-10T18:04:19.068Z,,Femenino,Adultez (29 - 59 años),Postgrado,Área de la salud,5,4,4,5,5,5,1,3,2,1,2,2,3,COMUNA 3,
1iSzRozvOqW12ZkBEZz3aniJV7P932Wy6G0hAGzF1C14,-Satisfacción del Curso virtual - CÁNCER INFANTIL 1°C 2025,2025-03-03T01:47:44.656Z,,Masculino,Adultez (29 - 59 años),Pregrado,Área de la salud,4,4,4,4,4,4,3,4,3,3,4,3,5,COMUNA 4,
1iSzRozvOqW12ZkBEZz3aniJV7P932Wy6G0hAGzF1C14,-Satisfacción del Curso virtual - CÁNCER INFANTIL 1°C 2025,2025-02-28T14:03:43.901Z,,Femenino,Adultez (29 - 59 años),Pregrado,Área de la salud,5,5,5,5,5,5,5,5,5,5,5,5,5,COMUNA 10,
1iSzRozvOqW12ZkBEZz3aniJV7P932Wy6G0hAGzF1C14,-Satisfacción del Curso virtual - CÁNCER INFANTIL 1°C 2025,2025-03-12T03:38:19.576Z,,Femenino,Juventud (18 - 28 años),Pregrado,Área de la salud,5,5,4,5,5,5,5,5,4,5,5,5,5,COMUNA 1,
1iSzRozvOqW12ZkBEZz3aniJV7P932Wy6G0hAGzF1C14,-Satisfacción del Curso virtual - CÁNCER INFANTIL 1°C 2025,2025-03-18T14:28:06.753Z,,Femenino,Adultez (29 - 59 años),Postgrado,Área de la salud,3,3,3,4,4,4,3,3,4,3,3,4,3,COMUNA 17,
1iSzRozvOqW12ZkBEZz3aniJV7P932Wy6G0hAGzF1C14,-Satisfacción del Curso virtual - CÁNCER INFANTIL 1°C 2025,2025-03-10T22:37:48.068Z,,Femenino,Adultez (29 - 59 años),Pregrado,Área de la salud,2,2,2,2,2,2,2,2,2,2,2,2,2,COMUNA 9,
1iSzRozvOqW12ZkBEZz3aniJV7P932Wy6G0hAGzF1C14,-Satisfacción del Curso virtual - CÁNCER INFANTIL 1°C 2025,2025-03-06T09:05:45.197Z,,Femenino,Juventud (18 - 28 años),Pregrado,Área de la salud,5,5,5,5,5,5,5,5,5,5,5,5,5,COMUNA 1,
1iSzRozvOqW12ZkBEZz3aniJV7P932Wy6G0hAGzF1C14,-Satisfacción del Curso virtual - CÁNCER INFANTIL 1°C 2025,2025-03-05T16:30:18.034Z,,Masculino,Adultez (29 - 59 años),Pregrado,Área de la salud,5,5,5,5,5,5,5,5,5,5,5,5,5,COMUNA 1,
1iSzRozvOqW12ZkBEZz3aniJV7P932Wy6G0hAGzF1C14,-Satisfacción del Curso virtual - CÁNCER INFANTIL 1°C 2025,2025-03-14T03:19:17.235Z,,Masculino,Adultez (29 - 59 años),Pregrado,Área de la salud,1,1,1,1,1,1,1,1,1,1,1,1,1,COMUNA 2,
1iSzRozvOqW12ZkBEZz3aniJV7P932Wy6G0hAGzF1C14,-Satisfacción del Curso virtual - CÁNCER INFANTIL 1°C 2025,2025-03-19T13:58:43.216Z,,Masculino,Adultez (29 - 59 años),Pregrado,Área de la salud,5,5,5,5,5,5,5,5,5,5,5,5,5,COMUNA 19,
1iSzRozvOqW12ZkBEZz3aniJV7P932Wy6G0hAGzF1C14,-Satisfacción del Curso virtual - CÁNCER INFANTIL 1°C 2025,2025-03-12T13:21:29.840Z,,Femenino,Adultez (29 - 59 años),Pregrado,Área de la salud,4,4,4,4,4,4,4,4,4,4,4,4,4,COMUNA 17,
1iSzRozvOqW12ZkBEZz3aniJV7P932Wy6G0hAGzF1C14,-Satisfacción del Curso virtual - CÁNCER INFANTIL 1°C 2025,2025-03-26T02:03:19.648Z,,Femenino,Adultez (29 - 59 años),Postgrado,Área de la salud,5,5,5,5,5,5,5,5,5,5,5,5,5,COMUNA 22,
1iSzRozvOqW12ZkBEZz3aniJV7P932Wy6G0hAGzF1C14,-Satisfacción del Curso virtual - CÁNCER INFANTIL 1°C 2025,2025-03-05T16:42:52.781Z,,Femenino,Adultez (29 - 59 años),Pregrado,Área de la salud,5,5,5,5,5,5,5,5,5,3,5,5,5,COMUNA 17,
1iSzRozvOqW12ZkBEZz3aniJV7P932Wy6G0hAGzF1C14,-Satisfacción del Curso virtual - CÁNCER INFANTIL 1°C 2025,2025-02-28T14:47:40.403Z,,Femenino,Adultez (29 - 59 años),Pregrado,Área de la salud,5,5,5,5,5,5,5,5,5,5,5,5,5,COMUNA 2,
1iSzRozvOqW12ZkBEZz3aniJV7P932Wy6G0hAGzF1C14,-Satisfacción del Curso virtual - CÁNCER INFANTIL 1°C 2025,2025-02-26T15:51:06.348Z,,Femenino,Juventud (18 - 28 años),Pregrado,Área de la salud,4,4,4,5,5,5,4,4,5,3,5,5,5,COMUNA 2,
1iSzRozvOqW12ZkBEZz3aniJV7P932Wy6G0hAGzF1C14,-Satisfacción del Curso virtual - CÁNCER INFANTIL 1°C 2025,2025-03-03T15:54:29.722Z,,Femenino,Adultez (29 - 59 años),Postgrado,Área de la salud,5,5,5,5,5,5,5,5,4,1,5,5,5,COMUNA 19,
1iSzRozvOqW12ZkBEZz3aniJV7P932Wy6G0hAGzF1C14,-Satisfacción del Curso virtual - CÁNCER INFANTIL 1°C 2025,2025-03-22T15:17:49.002Z,,Femenino,Adultez (29 - 59 años),Postgrado,Área de la salud,4,4,4,4,4,4,4,4,4,4,4,4,4,COMUNA 10,
1iSzRozvOqW12ZkBEZz3aniJV7P932Wy6G0hAGzF1C14,-Satisfacción del Curso virtual - CÁNCER INFANTIL 1°C 2025,2025-03-23T21:41:44.010Z,,Femenino,Adultez (29 - 59 años),Pregrado,Área de la salud,5,5,5,5,5,5,5,5,4,5,5,5,5,COMUNA 7,
1iSzRozvOqW12ZkBEZz3aniJV7P932Wy6G0hAGzF1C14,-Satisfacción del Curso virtual - CÁNCER INFANTIL 1°C 2025,2025-03-05T22:42:47.993Z,,Masculino,Adultez (29 - 59 años),Pregrado,Área de la salud,5,5,5,5,5,5,5,5,5,5,5,5,5,COMUNA 1,
1iSzRozvOqW12ZkBEZz3aniJV7P932Wy6G0hAGzF1C14,-Satisfacción del Curso virtual - CÁNCER INFANTIL 1°C 2025,2025-03-14T15:38:38.948Z,,Femenino,Adultez (29 - 59 años),Pregrado,Área de la salud,5,5,5,5,5,5,5,5,5,5,5,5,5,COMUNA 1,
1iSzRozvOqW12ZkBEZz3aniJV7P932Wy6G0hAGzF1C14,-Satisfacción del Curso virtual - CÁNCER INFANTIL 1°C 2025,2025-03-24T01:45:42.720Z,,Femenino,Adultez (29 - 59 años),Pregrado,Área de la salud,5,5,5,5,5,5,5,5,5,5,5,5,5,COMUNA 4,
1iSzRozvOqW12ZkBEZz3aniJV7P932Wy6G0hAGzF1C14,-Satisfacción del Curso virtual - CÁNCER INFANTIL 1°C 2025,2025-03-03T20:52:25.720Z,,Femenino,Adultez (29 - 59 años),Pregrado,Área de la salud,5,5,5,5,5,5,5,5,5,5,5,5,5,COMUNA 1,
1iSzRozvOqW12ZkBEZz3aniJV7P932Wy6G0hAGzF1C14,-Satisfacción del Curso virtual - CÁNCER INFANTIL 1°C 2025,2025-03-05T21:26:50.617Z,,Femenino,Adultez (29 - 59 años),Postgrado,Área de la salud,4,4,3,5,4,4,5,5,4,4,5,5,5,COMUNA 2,
1iSzRozvOqW12ZkBEZz3aniJV7P932Wy6G0hAGzF1C14,-Satisfacción del Curso virtual - CÁNCER INFANTIL 1°C 2025,2025-03-05T13:24:51.906Z,,Masculino,Adultez (29 - 59 años),Pregrado,Área de la salud,5,5,5,5,5,5,5,5,5,5,5,5,5,COMUNA 20,
1s9JncsbTBvWSEVdih-Cluwa6BfRTKAsolY3RXqKMvvQ, -Satisfacción del Curso virtual - PRUEBAS DIAGNÓSTICAS Y RUTA DE LABORATORIO PARA TB 1°C 2024,2024-11-15T23:55:08.915Z,,Masculino,Adultez (29 - 59 años),Pregrado,Área de la salud,5,5,4,1,2,3,4,4,5,5,5,4,4,COMUNA 17,
1s9JncsbTBvWSEVdih-Cluwa6BfRTKAsolY3RXqKMvvQ, -Satisfacción del Curso virtual - PRUEBAS DIAGNÓSTICAS Y RUTA DE LABORATORIO PARA TB 1°C 2024,2024-11-16T00:31:32.630Z,,Femenino,Adultez (29 - 59 años),Postgrado,Área de la salud,4,5,5,5,5,5,5,4,4,4,4,4,4,COMUNA 12,
1s9JncsbTBvWSEVdih-Cluwa6BfRTKAsolY3RXqKMvvQ, -Satisfacción del Curso virtual - PRUEBAS DIAGNÓSTICAS Y RUTA DE LABORATORIO PARA TB 1°C 2024,2024-11-15T18:32:21.271Z,,Masculino,Adultez (29 - 59 años),Postgrado,Área de la salud,5,5,5,5,5,5,5,5,5,5,5,5,5,COMUNA 1,
1s9JncsbTBvWSEVdih-Cluwa6BfRTKAsolY3RXqKMvvQ, -Satisfacción del Curso virtual - PRUEBAS DIAGNÓSTICAS Y RUTA DE LABORATORIO PARA TB 1°C 2024,2024-11-13T16:12:43.090Z,,Femenino,Adultez (29 - 59 años),Postgrado,Área de la salud,5,4,5,5,4,5,5,5,4,5,4,5,5,COMUNA 19,
1s9JncsbTBvWSEVdih-Cluwa6BfRTKAsolY3RXqKMvvQ, -Satisfacción del Curso virtual - PRUEBAS DIAGNÓSTICAS Y RUTA DE LABORATORIO PARA TB 1°C 2024,2024-11-15T16:39:04.315Z,,Femenino,Adultez (29 - 59 años),Pregrado,Área de la salud,4,4,4,4,4,4,3,4,4,4,4,4,4,COMUNA 1,
1s9JncsbTBvWSEVdih-Cluwa6BfRTKAsolY3RXqKMvvQ, -Satisfacción del Curso virtual - PRUEBAS DIAGNÓSTICAS Y RUTA DE LABORATORIO PARA TB 1°C 2024,2024-11-11T03:08:10.137Z,,Femenino,Adultez (29 - 59 años),Pregrado,Área de la salud,5,5,5,5,5,5,5,5,5,5,5,5,5,COMUNA 10,
1s9JncsbTBvWSEVdih-Cluwa6BfRTKAsolY3RXqKMvvQ, -Satisfacción del Curso virtual - PRUEBAS DIAGNÓSTICAS Y RUTA DE LABORATORIO PARA TB 1°C 2024,2024-11-12T14:09:44.417Z,,Femenino,Adultez (29 - 59 años),Pregrado,Área de la salud,5,5,5,5,5,5,5,5,5,5,5,5,5,COMUNA 17,
1s9JncsbTBvWSEVdih-Cluwa6BfRTKAsolY3RXqKMvvQ, -Satisfacción del Curso virtual - PRUEBAS DIAGNÓSTICAS Y RUTA DE LABORATORIO PARA TB 1°C 2024,2024-11-12T02:24:52.051Z,,Masculino,Adultez (29 - 59 años),Postgrado,Área de la salud,5,5,5,5,5,5,5,5,5,5,5,5,5,COMUNA 5,
1s9JncsbTBvWSEVdih-Cluwa6BfRTKAsolY3RXqKMvvQ, -Satisfacción del Curso virtual - PRUEBAS DIAGNÓSTICAS Y RUTA DE LABORATORIO PARA TB 1°C 2024,2024-11-21T22:13:16.448Z,,Femenino,Adultez (29 - 59 años),Postgrado,Área de la salud,5,5,5,5,5,5,5,5,5,4,4,5,5,COMUNA 17,
1s9JncsbTBvWSEVdih-Cluwa6BfRTKAsolY3RXqKMvvQ, -Satisfacción del Curso virtual - PRUEBAS DIAGNÓSTICAS Y RUTA DE LABORATORIO PARA TB 1°C 2024,2024-11-11T23:19:46.222Z,,Masculino,Vejez (60 años o más),Postgrado,Área de la salud,5,5,5,5,5,5,5,5,5,5,5,5,5,COMUNA 17,
1s9JncsbTBvWSEVdih-Cluwa6BfRTKAsolY3RXqKMvvQ, -Satisfacción del Curso virtual - PRUEBAS DIAGNÓSTICAS Y RUTA DE LABORATORIO PARA TB 1°C 2024,2024-11-12T18:02:51.793Z,,Femenino,Juventud (18 - 28 años),Pregrado,Área de la salud,3,3,3,4,4,3,2,2,4,4,4,3,3,COMUNA 17,
1s9JncsbTBvWSEVdih-Cluwa6BfRTKAsolY3RXqKMvvQ, -Satisfacción del Curso virtual - PRUEBAS DIAGNÓSTICAS Y RUTA DE LABORATORIO PARA TB 1°C 2024,2024-11-29T14:53:32.432Z,,Femenino,Adultez (29 - 59 años),Pregrado,Área de la salud,5,5,5,5,5,5,4,3,4,4,4,4,4,COMUNA 10,
1s9JncsbTBvWSEVdih-Cluwa6BfRTKAsolY3RXqKMvvQ, -Satisfacción del Curso virtual - PRUEBAS DIAGNÓSTICAS Y RUTA DE LABORATORIO PARA TB 1°C 2024,2024-11-17T22:20:35.045Z,,Femenino,Adultez (29 - 59 años),Pregrado,Área de la salud,5,5,4,4,5,4,5,4,3,3,4,4,4,COMUNA 9,
1s9JncsbTBvWSEVdih-Cluwa6BfRTKAsolY3RXqKMvvQ, -Satisfacción del Curso virtual - PRUEBAS DIAGNÓSTICAS Y RUTA DE LABORATORIO PARA TB 1°C 2024,2024-11-14T21:31:23.122Z,,Masculino,Adultez (29 - 59 años),Pregrado,Área de la salud,5,5,5,5,5,5,5,5,5,5,5,5,5,COMUNA 5,
1s9JncsbTBvWSEVdih-Cluwa6BfRTKAsolY3RXqKMvvQ, -Satisfacción del Curso virtual - PRUEBAS DIAGNÓSTICAS Y RUTA DE LABORATORIO PARA TB 1°C 2024,2024-11-17T17:29:27.400Z,,Femenino,Adultez (29 - 59 años),Pregrado,Área de la salud,5,5,5,5,5,5,5,5,5,5,5,5,5,COMUNA 6,
1s9JncsbTBvWSEVdih-Cluwa6BfRTKAsolY3RXqKMvvQ, -Satisfacción del Curso virtual - PRUEBAS DIAGNÓSTICAS Y RUTA DE LABORATORIO PARA TB 1°C 2024,2024-11-18T21:50:52.373Z,,Femenino,Adultez (29 - 59 años),Postgrado,Área de la salud,4,4,4,4,5,4,4,4,4,5,3,4,4,COMUNA 21,
1s9JncsbTBvWSEVdih-Cluwa6BfRTKAsolY3RXqKMvvQ, -Satisfacción del Curso virtual - PRUEBAS DIAGNÓSTICAS Y RUTA DE LABORATORIO PARA TB 1°C 2024,2024-11-08T05:30:18.558Z,,Femenino,Adultez (29 - 59 años),Pregrado,Área de la salud,5,5,5,5,5,5,5,5,5,5,5,5,5,COMUNA 17,
1s9JncsbTBvWSEVdih-Cluwa6BfRTKAsolY3RXqKMvvQ, -Satisfacción del Curso virtual - PRUEBAS DIAGNÓSTICAS Y RUTA DE LABORATORIO PARA TB 1°C 2024,2024-11-15T20:52:41.047Z,,Femenino,Adultez (29 - 59 años),Pregrado,Área de la salud,5,5,5,5,5,5,5,5,5,5,5,5,5,COMUNA 1,
1s9JncsbTBvWSEVdih-Cluwa6BfRTKAsolY3RXqKMvvQ, -Satisfacción del Curso virtual - PRUEBAS DIAGNÓSTICAS Y RUTA DE LABORATORIO PARA TB 1°C 2024,2024-11-15T17:07:55.789Z,,Femenino,Adultez (29 - 59 años),Postgrado,Área de la salud,5,5,5,5,5,5,5,5,5,5,5,5,5,COMUNA 9,
1s9JncsbTBvWSEVdih-Cluwa6BfRTKAsolY3RXqKMvvQ, -Satisfacción del Curso virtual - PRUEBAS DIAGNÓSTICAS Y RUTA DE LABORATORIO PARA TB 1°C 2024,2024-11-19T02:16:28.060Z,,Femenino,Adultez (29 - 59 años),Postgrado,Área de la salud,5,5,5,5,5,5,5,5,5,5,5,5,5,COMUNA 6,
1s9JncsbTBvWSEVdih-Cluwa6BfRTKAsolY3RXqKMvvQ, -Satisfacción del Curso virtual - PRUEBAS DIAGNÓSTICAS Y RUTA DE LABORATORIO PARA TB 1°C 2024,2024-11-14T00:13:36.900Z,,Femenino,Adultez (29 - 59 años),Postgrado,Área de la salud,5,5,5,5,5,5,5,5,5,5,5,5,5,COMUNA 4,
1s9JncsbTBvWSEVdih-Cluwa6BfRTKAsolY3RXqKMvvQ, -Satisfacción del Curso virtual - PRUEBAS DIAGNÓSTICAS Y RUTA DE LABORATORIO PARA TB 1°C 2024,2024-11-15T10:30:07.229Z,,Masculino,Adultez (29 - 59 años),Pregrado,Área de la salud,5,5,5,5,5,5,5,5,5,5,5,5,5,COMUNA 17,
1s9JncsbTBvWSEVdih-Cluwa6BfRTKAsolY3RXqKMvvQ, -Satisfacción del Curso virtual - PRUEBAS DIAGNÓSTICAS Y RUTA DE LABORATORIO PARA TB 1°C 2024,2024-12-19T15:20:23.241Z,,Masculino,Adultez (29 - 59 años),Postgrado,Área de la salud,5,5,5,5,5,5,5,5,5,5,5,5,5,COMUNA 19,
1s9JncsbTBvWSEVdih-Cluwa6BfRTKAsolY3RXqKMvvQ, -Satisfacción del Curso virtual - PRUEBAS DIAGNÓSTICAS Y RUTA DE LABORATORIO PARA TB 1°C 2024,2024-11-24T05:16:37.071Z,,Femenino,Adultez (29 - 59 años),Postgrado,Área de la salud,5,5,5,5,5,5,5,5,5,5,5,5,5,COMUNA 16,
1s9JncsbTBvWSEVdih-Cluwa6BfRTKAsolY3RXqKMvvQ, -Satisfacción del Curso virtual - PRUEBAS DIAGNÓSTICAS Y RUTA DE LABORATORIO PARA TB 1°C 2024,2024-11-14T19:53:46.968Z,,Femenino,Adultez (29 - 59 años),Pregrado,Área de la salud,5,5,5,5,5,5,5,5,4,4,5,5,5,COMUNA 16,
1s9JncsbTBvWSEVdih-Cluwa6BfRTKAsolY3RXqKMvvQ, -Satisfacción del Curso virtual - PRUEBAS DIAGNÓSTICAS Y RUTA DE LABORATORIO PARA TB 1°C 2024,2024-11-16T04:00:05.689Z,,Masculino,Adultez (29 - 59 años),Pregrado,Área de la salud,3,3,4,2,4,5,4,4,4,3,3,4,3,COMUNA 2,
1s9JncsbTBvWSEVdih-Cluwa6BfRTKAsolY3RXqKMvvQ, -Satisfacción del Curso virtual - PRUEBAS DIAGNÓSTICAS Y RUTA DE LABORATORIO PARA TB 1°C 2024,2024-11-11T18:10:13.642Z,,Masculino,Juventud (18 - 28 años),Pregrado,Área de la salud,5,4,5,5,2,3,3,2,5,5,5,4,3,COMUNA 10,
1s9JncsbTBvWSEVdih-Cluwa6BfRTKAsolY3RXqKMvvQ, -Satisfacción del Curso virtual - PRUEBAS DIAGNÓSTICAS Y RUTA DE LABORATORIO PARA TB 1°C 2024,2024-11-10T14:49:37.777Z,,Femenino,Adultez (29 - 59 años),Pregrado,Área de la salud,5,5,5,5,5,5,5,5,5,5,5,5,5,COMUNA 17,
1s9JncsbTBvWSEVdih-Cluwa6BfRTKAsolY3RXqKMvvQ, -Satisfacción del Curso virtual - PRUEBAS DIAGNÓSTICAS Y RUTA DE LABORATORIO PARA TB 1°C 2024,2024-11-16T05:28:44.941Z,,Femenino,Adultez (29 - 59 años),Pregrado,Área de la salud,5,5,5,5,5,5,5,5,5,4,4,5,5,COMUNA 10,
1s9JncsbTBvWSEVdih-Cluwa6BfRTKAsolY3RXqKMvvQ, -Satisfacción del Curso virtual - PRUEBAS DIAGNÓSTICAS Y RUTA DE LABORATORIO PARA TB 1°C 2024,2024-11-13T04:07:06.014Z,,Femenino,Adultez (29 - 59 años),Pregrado,Área de la salud,5,5,5,5,5,5,5,5,5,5,5,5,5,COMUNA 3,
1s9JncsbTBvWSEVdih-Cluwa6BfRTKAsolY3RXqKMvvQ, -Satisfacción del Curso virtual - PRUEBAS DIAGNÓSTICAS Y RUTA DE LABORATORIO PARA TB 1°C 2024,2024-11-28T04:25:36.462Z,,Femenino,Adultez (29 - 59 años),Pregrado,Área de la salud,5,5,5,5,5,5,5,5,5,5,5,5,5,COMUNA 17,
1s9JncsbTBvWSEVdih-Cluwa6BfRTKAsolY3RXqKMvvQ, -Satisfacción del Curso virtual - PRUEBAS DIAGNÓSTICAS Y RUTA DE LABORATORIO PARA TB 1°C 2024,2024-11-16T01:52:16.911Z,,Femenino,Juventud (18 - 28 años),Postgrado,Área de la salud,5,5,5,5,5,5,5,5,5,5,5,5,5,COMUNA 8,
1s9JncsbTBvWSEVdih-Cluwa6BfRTKAsolY3RXqKMvvQ, -Satisfacción del Curso virtual - PRUEBAS DIAGNÓSTICAS Y RUTA DE LABORATORIO PARA TB 1°C 2024,2024-11-14T17:30:43.455Z,,Femenino,Adultez (29 - 59 años),Pregrado,Área de la salud,4,4,4,4,4,4,4,4,3,3,4,4,4,COMUNA 8,
1s9JncsbTBvWSEVdih-Cluwa6BfRTKAsolY3RXqKMvvQ, -Satisfacción del Curso virtual - PRUEBAS DIAGNÓSTICAS Y RUTA DE LABORATORIO PARA TB 1°C 2024,2024-11-23T20:53:52.981Z,,Femenino,Adultez (29 - 59 años),Pregrado,Área de la salud,5,5,5,5,5,5,5,5,5,5,4,5,5,COMUNA 10,
1s9JncsbTBvWSEVdih-Cluwa6BfRTKAsolY3RXqKMvvQ, -Satisfacción del Curso virtual - PRUEBAS DIAGNÓSTICAS Y RUTA DE LABORATORIO PARA TB 1°C 2024,2024-11-19T21:55:34.683Z,,Femenino,Adultez (29 - 59 años),Postgrado,Área de la salud,5,5,5,5,5,5,5,5,4,4,4,5,5,COMUNA 18,
1s9JncsbTBvWSEVdih-Cluwa6BfRTKAsolY3RXqKMvvQ, -Satisfacción del Curso virtual - PRUEBAS DIAGNÓSTICAS Y RUTA DE LABORATORIO PARA TB 1°C 2024,2024-11-20T21:24:57.287Z,,Femenino,Adultez (29 - 59 años),Postgrado,Área de la salud,5,5,4,5,5,5,4,4,5,5,5,5,5,COMUNA 1,
1s9JncsbTBvWSEVdih-Cluwa6BfRTKAsolY3RXqKMvvQ, -Satisfacción del Curso virtual - PRUEBAS DIAGNÓSTICAS Y RUTA DE LABORATORIO PARA TB 1°C 2024,2024-11-28T16:13:00.739Z,,Femenino,Adultez (29 - 59 años),Postgrado,Área de la salud,5,5,5,5,5,5,4,5,4,4,4,5,5,COMUNA 10,
1s9JncsbTBvWSEVdih-Cluwa6BfRTKAsolY3RXqKMvvQ, -Satisfacción del Curso virtual - PRUEBAS DIAGNÓSTICAS Y RUTA DE LABORATORIO PARA TB 1°C 2024,2024-11-13T22:15:28.978Z,,Femenino,Adultez (29 - 59 años),Pregrado,Área de la salud,4,4,4,4,5,5,5,4,4,4,5,4,4,COMUNA 2,
1s9JncsbTBvWSEVdih-Cluwa6BfRTKAsolY3RXqKMvvQ, -Satisfacción del Curso virtual - PRUEBAS DIAGNÓSTICAS Y RUTA DE LABORATORIO PARA TB 1°C 2024,2024-11-22T19:52:26.965Z,,Femenino,Adultez (29 - 59 años),Pregrado,Área de la salud,4,4,4,4,1,1,5,3,4,4,4,4,3,COMUNA 17,
1s9JncsbTBvWSEVdih-Cluwa6BfRTKAsolY3RXqKMvvQ, -Satisfacción del Curso virtual - PRUEBAS DIAGNÓSTICAS Y RUTA DE LABORATORIO PARA TB 1°C 2024,2024-11-13T01:49:05.285Z,,Masculino,Juventud (18 - 28 años),Pregrado,Área de la salud,5,5,5,5,5,5,5,5,5,4,5,5,5,COMUNA 19,
1s9JncsbTBvWSEVdih-Cluwa6BfRTKAsolY3RXqKMvvQ, -Satisfacción del Curso virtual - PRUEBAS DIAGNÓSTICAS Y RUTA DE LABORATORIO PARA TB 1°C 2024,2024-11-09T17:07:08.086Z,,Femenino,Adultez (29 - 59 años),Pregrado,Área de la salud,5,5,5,5,5,5,5,5,5,5,5,5,5,COMUNA 18,
1s9JncsbTBvWSEVdih-Cluwa6BfRTKAsolY3RXqKMvvQ, -Satisfacción del Curso virtual - PRUEBAS DIAGNÓSTICAS Y RUTA DE LABORATORIO PARA TB 1°C 2024,2024-11-11T06:06:37.356Z,,Masculino,Adultez (29 - 59 años),Pregrado,Área de la salud,5,5,5,5,5,5,5,5,5,5,5,5,5,COMUNA 2,
1s9JncsbTBvWSEVdih-Cluwa6BfRTKAsolY3RXqKMvvQ, -Satisfacción del Curso virtual - PRUEBAS DIAGNÓSTICAS Y RUTA DE LABORATORIO PARA TB 1°C 2024,2024-11-14T14:45:13.126Z,,Femenino,Adultez (29 - 59 años),Postgrado,Área de la salud,5,5,5,5,5,5,5,5,5,5,5,5,5,COMUNA 15,
1s9JncsbTBvWSEVdih-Cluwa6BfRTKAsolY3RXqKMvvQ, -Satisfacción del Curso virtual - PRUEBAS DIAGNÓSTICAS Y RUTA DE LABORATORIO PARA TB 1°C 2024,2024-11-22T17:14:06.594Z,,Masculino,Adultez (29 - 59 años),Pregrado,Área de la salud,5,5,5,5,5,4,5,5,5,4,5,5,5,COMUNA 11,
1s9JncsbTBvWSEVdih-Cluwa6BfRTKAsolY3RXqKMvvQ, -Satisfacción del Curso virtual - PRUEBAS DIAGNÓSTICAS Y RUTA DE LABORATORIO PARA TB 1°C 2024,2024-11-26T16:39:40.580Z,,Femenino,Adultez (29 - 59 años),Pregrado,Área de la salud,5,5,5,5,5,5,5,5,5,5,5,5,5,COMUNA 10,
1s9JncsbTBvWSEVdih-Cluwa6BfRTKAsolY3RXqKMvvQ, -Satisfacción del Curso virtual - PRUEBAS DIAGNÓSTICAS Y RUTA DE LABORATORIO PARA TB 1°C 2024,2024-11-13T15:30:39.772Z,,Femenino,Adultez (29 - 59 años),Postgrado,Área de la salud,5,5,5,3,5,5,5,5,4,4,4,4,4,COMUNA 16,
1s9JncsbTBvWSEVdih-Cluwa6BfRTKAsolY3RXqKMvvQ, -Satisfacción del Curso virtual - PRUEBAS DIAGNÓSTICAS Y RUTA DE LABORATORIO PARA TB 1°C 2024,2024-11-29T17:09:59.766Z,,Femenino,Adultez (29 - 59 años),Postgrado,Área de la salud,5,5,5,5,5,5,5,5,5,5,5,5,5,COMUNA 2,
1s9JncsbTBvWSEVdih-Cluwa6BfRTKAsolY3RXqKMvvQ, -Satisfacción del Curso virtual - PRUEBAS DIAGNÓSTICAS Y RUTA DE LABORATORIO PARA TB 1°C 2024,2024-11-14T00:30:52.794Z,,Femenino,Adultez (29 - 59 años),Postgrado,Área de la salud,4,4,5,4,4,5,3,4,5,5,2,3,4,COMUNA 10,
1s9JncsbTBvWSEVdih-Cluwa6BfRTKAsolY3RXqKMvvQ, -Satisfacción del Curso virtual - PRUEBAS DIAGNÓSTICAS Y RUTA DE LABORATORIO PARA TB 1°C 2024,2024-11-12T14:52:43.886Z,,Masculino,Adultez (29 - 59 años),Pregrado,Área de la salud,4,4,4,4,4,4,4,4,4,4,4,4,4,COMUNA 4,
1s9JncsbTBvWSEVdih-Cluwa6BfRTKAsolY3RXqKMvvQ, -Satisfacción del Curso virtual - PRUEBAS DIAGNÓSTICAS Y RUTA DE LABORATORIO PARA TB 1°C 2024,2024-11-14T22:25:02.898Z,,Femenino,Adultez (29 - 59 años),Postgrado,Área de la salud,5,5,5,5,5,5,5,5,5,5,5,5,5,COMUNA 17,
1s9JncsbTBvWSEVdih-Cluwa6BfRTKAsolY3RXqKMvvQ, -Satisfacción del Curso virtual - PRUEBAS DIAGNÓSTICAS Y RUTA DE LABORATORIO PARA TB 1°C 2024,2024-11-16T15:44:15.524Z,,Femenino,Adultez (29 - 59 años),Pregrado,Área de la salud,4,4,4,4,4,4,4,4,4,4,4,4,4,COMUNA 11,
15YtcBYtFiSRraE6QMfnfUpJvXVwEAvebuT_F4TIb9gg,-Satisfacción del Curso virtual - SALUD ORAL RMP 3°C 2024,2024-11-26T23:12:49.320Z,,Femenino,Juventud (18 - 28 años),Pregrado,Área de la salud,5,5,5,5,5,5,5,5,5,5,5,5,5,COMUNA 5,
15YtcBYtFiSRraE6QMfnfUpJvXVwEAvebuT_F4TIb9gg,-Satisfacción del Curso virtual - SALUD ORAL RMP 3°C 2024,2024-11-28T01:40:28.250Z,,Femenino,Adultez (29 - 59 años),Pregrado,Área de la salud,5,5,5,5,5,5,5,5,5,5,5,5,5,COMUNA 19,
15YtcBYtFiSRraE6QMfnfUpJvXVwEAvebuT_F4TIb9gg,-Satisfacción del Curso virtual - SALUD ORAL RMP 3°C 2024,2024-12-04T12:37:52.200Z,,Femenino,Juventud (18 - 28 años),Pregrado,Área de la salud,5,5,5,5,5,5,5,5,5,5,5,5,5,COMUNA 3,
15YtcBYtFiSRraE6QMfnfUpJvXVwEAvebuT_F4TIb9gg,-Satisfacción del Curso virtual - SALUD ORAL RMP 3°C 2024,2024-11-29T23:21:44.554Z,,Femenino,Adultez (29 - 59 años),Pregrado,Área de la salud,5,5,5,3,5,5,5,3,1,1,4,5,1,COMUNA 19,
15YtcBYtFiSRraE6QMfnfUpJvXVwEAvebuT_F4TIb9gg,-Satisfacción del Curso virtual - SALUD ORAL RMP 3°C 2024,2024-12-04T03:17:00.307Z,,Femenino,Adultez (29 - 59 años),Pregrado,Área de la salud,5,5,5,5,5,5,4,4,4,4,4,5,5,COMUNA 17,
15YtcBYtFiSRraE6QMfnfUpJvXVwEAvebuT_F4TIb9gg,-Satisfacción del Curso virtual - SALUD ORAL RMP 3°C 2024,2024-12-03T15:50:35.704Z,,Femenino,Juventud (18 - 28 años),Pregrado,Área de la salud,5,5,5,5,5,5,5,5,5,5,5,5,5,COMUNA 4,
15YtcBYtFiSRraE6QMfnfUpJvXVwEAvebuT_F4TIb9gg,-Satisfacción del Curso virtual - SALUD ORAL RMP 3°C 2024,2024-12-04T13:34:34.550Z,,Masculino,Adultez (29 - 59 años),Postgrado,Área de la salud,5,5,5,5,4,5,5,4,4,4,5,5,5,COMUNA 22,
15YtcBYtFiSRraE6QMfnfUpJvXVwEAvebuT_F4TIb9gg,-Satisfacción del Curso virtual - SALUD ORAL RMP 3°C 2024,2024-11-29T00:55:21.708Z,,Femenino,Adultez (29 - 59 años),Pregrado,Área de la salud,5,5,5,5,4,5,5,5,4,4,5,5,5,COMUNA 16,
15YtcBYtFiSRraE6QMfnfUpJvXVwEAvebuT_F4TIb9gg,-Satisfacción del Curso virtual - SALUD ORAL RMP 3°C 2024,2024-11-28T14:59:35.919Z,,Femenino,Adultez (29 - 59 años),Postgrado,Área de la salud,5,5,5,5,5,5,5,5,5,5,5,5,5,COMUNA 2,
15YtcBYtFiSRraE6QMfnfUpJvXVwEAvebuT_F4TIb9gg,-Satisfacción del Curso virtual - SALUD ORAL RMP 3°C 2024,2024-12-03T03:29:42.703Z,,Femenino,Adultez (29 - 59 años),Pregrado,Área de la salud,5,5,5,4,5,5,5,3,3,3,4,5,4,COMUNA 1,
15YtcBYtFiSRraE6QMfnfUpJvXVwEAvebuT_F4TIb9gg,-Satisfacción del Curso virtual - SALUD ORAL RMP 3°C 2024,2024-11-29T01:46:49.189Z,,Femenino,Juventud (18 - 28 años),Pregrado,Área de la salud,5,5,5,5,5,5,5,5,5,1,5,5,5,COMUNA 9,
15YtcBYtFiSRraE6QMfnfUpJvXVwEAvebuT_F4TIb9gg,-Satisfacción del Curso virtual - SALUD ORAL RMP 3°C 2024,2024-11-29T18:02:12.995Z,,Femenino,Adultez (29 - 59 años),Bachiller,Área de la salud,5,5,5,5,5,5,5,4,4,4,5,5,5,COMUNA 17,
15YtcBYtFiSRraE6QMfnfUpJvXVwEAvebuT_F4TIb9gg,-Satisfacción del Curso virtual - SALUD ORAL RMP 3°C 2024,2024-11-27T04:18:45.528Z,,Femenino,Adultez (29 - 59 años),Postgrado,Área de la salud,5,5,5,5,5,5,5,5,5,5,5,5,5,COMUNA 2,
15YtcBYtFiSRraE6QMfnfUpJvXVwEAvebuT_F4TIb9gg,-Satisfacción del Curso virtual - SALUD ORAL RMP 3°C 2024,2024-12-01T03:13:57.776Z,,Femenino,Vejez (60 años o más),Bachiller,Área de la salud,5,5,5,5,4,5,5,5,5,5,5,5,5,COMUNA 6,
15YtcBYtFiSRraE6QMfnfUpJvXVwEAvebuT_F4TIb9gg,-Satisfacción del Curso virtual - SALUD ORAL RMP 3°C 2024,2024-11-22T03:43:51.911Z,,Masculino,Adultez (29 - 59 años),Pregrado,Área de la salud,5,5,5,5,4,5,5,5,5,4,5,5,5,COMUNA 2,
15YtcBYtFiSRraE6QMfnfUpJvXVwEAvebuT_F4TIb9gg,-Satisfacción del Curso virtual - SALUD ORAL RMP 3°C 2024,2024-11-29T22:48:18.086Z,,Femenino,Adultez (29 - 59 años),Pregrado,Área de la salud,4,4,4,4,5,5,4,4,4,3,4,4,4,COMUNA 16,
