ID_Formulario,Nombre_Curso,Sexo,Curso de vida,Escolaridad,Perfil,Comuna_Unificada,ESE
12imN--sH0MBswxs3ix0yrHryrQIOsbLZPljvGifls58,"RPMS (A, J) - (AISPPMSCVJA_01_2026) (AISPPMSCVA_01_2026)",Femenino,Adultez (29 - 59 años),Bachiller,Área de la salud,,
12imN--sH0MBswxs3ix0yrHryrQIOsbLZPljvGifls58,"RPMS (A, J) - (AISPPMSCVJA_01_2026) (AISPPMSCVA_01_2026)",Femenino,Adultez (29 - 59 años),Postgrado,Área de la salud,,
12imN--sH0MBswxs3ix0yrHryrQIOsbLZPljvGifls58,"RPMS (A, J) - (AISPPMSCVJA_01_2026) (AISPPMSCVA_01_2026)",Femenino,Adolescencia (12 - 17 años),Bachiller,Área de la salud,,
12imN--sH0MBswxs3ix0yrHryrQIOsbLZPljvGifls58,"RPMS (A, J) - (AISPPMSCVJA_01_2026) (AISPPMSCVA_01_2026)",Femenino,Adultez (29 - 59 años),Postgrado,Área de la salud,,
12imN--sH0MBswxs3ix0yrHryrQIOsbLZPljvGifls58,"RPMS (A, J) - (AISPPMSCVJA_01_2026) (AISPPMSCVA_01_2026)",Femenino,Adultez (29 - 59 años),Pregrado,Área de la salud,,
12imN--sH0MBswxs3ix0yrHryrQIOsbLZPljvGifls58,"RPMS (A, J) - (AISPPMSCVJA_01_2026) (AISPPMSCVA_01_2026)",Femenino,Adultez (29 - 59 años),Pregrado,Área de la salud,,
12imN--sH0MBswxs3ix0yrHryrQIOsbLZPljvGifls58,"RPMS (A, J) - (AISPPMSCVJA_01_2026) (AISPPMSCVA_01_2026)",Masculino,Juventud (18 - 28 años),Pregrado,Área de la salud,,
12imN--sH0MBswxs3ix0yrHryrQIOsbLZPljvGifls58,"RPMS (A, J) - (AISPPMSCVJA_01_2026) (AISPPMSCVA_01_2026)",Femenino,Juventud (18 - 28 años),Pregrado,Área de la salud,COMUNA 17,
12imN--sH0MBswxs3ix0yrHryrQIOsbLZPljvGifls58,"RPMS (A, J) - (AISPPMSCVJA_01_2026) (AISPPMSCVA_01_2026)",Femenino,Adultez (29 - 59 años),Pregrado,Área de la salud,,
12imN--sH0MBswxs3ix0yrHryrQIOsbLZPljvGifls58,"RPMS (A, J) - (AISPPMSCVJA_01_2026) (AISPPMSCVA_01_2026)",Femenino,Adultez (29 - 59 años),Pregrado,Área de la salud,COMUNA 5,
12imN--sH0MBswxs3ix0yrHryrQIOsbLZPljvGifls58,"RPMS (A, J) - (AISPPMSCVJA_01_2026) (AISPPMSCVA_01_2026)",Femenino,Juventud (18 - 28 años),Postgrado,Área de la salud,,
12imN--sH0MBswxs3ix0yrHryrQIOsbLZPljvGifls58,"RPMS (A, J) - (AISPPMSCVJA_01_2026) (AISPPMSCVA_01_2026)",Masculino,Vejez (60 años o más),Pregrado,Área de la salud,COMUNA 16,
12imN--sH0MBswxs3ix0yrHryrQIOsbLZPljvGifls58,"RPMS (A, J) - (AISPPMSCVJA_01_2026) (AISPPMSCVA_01_2026)",Femenino,Adultez (29 - 59 años),Pregrado,Área de la salud,,
12imN--sH0MBswxs3ix0yrHryrQIOsbLZPljvGifls58,"RPMS (A, J) - (AISPPMSCVJA_01_2026) (AISPPMSCVA_01_2026)",Femenino,Juventud (18 - 28 años),Pregrado,Área de la salud,,
12imN--sH0MBswxs3ix0yrHryrQIOsbLZPljvGifls58,"RPMS (A, J) - (AISPPMSCVJA_01_2026) (AISPPMSCVA_01_2026)",Femenino,Adultez (29 - 59 años),Bachiller,Área de la salud,,
12imN--sH0MBswxs3ix0yrHryrQIOsbLZPljvGifls58,"RPMS (A, J) - (AISPPMSCVJA_01_2026) (AISPPMSCVA_01_2026)",Femenino,Adultez (29 - 59 años),Pregrado,Área de la salud,COMUNA 12,
12imN--sH0MBswxs3ix0yrHryrQIOsbLZPljvGifls58,"RPMS (A, J) - (AISPPMSCVJA_01_2026) (AISPPMSCVA_01_2026)",Femenino,Juventud (18 - 28 años),Pregrado,Área de la salud,,
12imN--sH0MBswxs3ix0yrHryrQIOsbLZPljvGifls58,"RPMS (A, J) - (AISPPMSCVJA_01_2026) (AISPPMSCVA_01_2026)",Femenino,Juventud (18 - 28 años),Pregrado,Área de la salud,,
12imN--sH0MBswxs3ix0yrHryrQIOsbLZPljvGifls58,"RPMS (A, J) - (AISPPMSCVJA_01_2026) (AISPPMSCVA_01_2026)",Femenino,Juventud (18 - 28 años),Pregrado,Área de la salud,,
12imN--sH0MBswxs3ix0yrHryrQIOsbLZPljvGifls58,"RPMS (A, J) - (AISPPMSCVJA_01_2026) (AISPPMSCVA_01_2026)",Femenino,Adolescencia (12 - 17 años),Pregrado,Área de la salud,,
12imN--sH0MBswxs3ix0yrHryrQIOsbLZPljvGifls58,"RPMS (A, J) - (AISPPMSCVJA_01_2026) (AISPPMSCVA_01_2026)",Femenino,Juventud (18 - 28 años),Pregrado,Área de la salud,,
12imN--sH0MBswxs3ix0yrHryrQIOsbLZPljvGifls58,"RPMS (A, J) - (AISPPMSCVJA_01_2026) (AISPPMSCVA_01_2026)",Femenino,Adolescencia (12 - 17 años),Pregrado,Área de la salud,COMUNA 1,
12imN--sH0MBswxs3ix0yrHryrQIOsbLZPljvGifls58,"RPMS (A, J) - (AISPPMSCVJA_01_2026) (AISPPMSCVA_01_2026)",Femenino,Adultez (29 - 59 años),Bachiller,Área de la salud,,
12imN--sH0MBswxs3ix0yrHryrQIOsbLZPljvGifls58,"RPMS (A, J) - (AISPPMSCVJA_01_2026) (AISPPMSCVA_01_2026)",Femenino,Adultez (29 - 59 años),Pregrado,Área de la salud,COMUNA 1,
12imN--sH0MBswxs3ix0yrHryrQIOsbLZPljvGifls58,"RPMS (A, J) - (AISPPMSCVJA_01_2026) (AISPPMSCVA_01_2026)",Femenino,Juventud (18 - 28 años),Bachiller,Área de la salud,COMUNA 13,
12imN--sH0MBswxs3ix0yrHryrQIOsbLZPljvGifls58,"RPMS (A, J) - (AISPPMSCVJA_01_2026) (AISPPMSCVA_01_2026)",Femenino,Juventud (18 - 28 años),Pregrado,Área de la salud,,
12imN--sH0MBswxs3ix0yrHryrQIOsbLZPljvGifls58,"RPMS (A, J) - (AISPPMSCVJA_01_2026) (AISPPMSCVA_01_2026)",Femenino,Juventud (18 - 28 años),Bachiller,Área de la salud,,
12imN--sH0MBswxs3ix0yrHryrQIOsbLZPljvGifls58,"RPMS (A, J) - (AISPPMSCVJA_01_2026) (AISPPMSCVA_01_2026)",Femenino,Juventud (18 - 28 años),Pregrado,Área de la salud,,
12imN--sH0MBswxs3ix0yrHryrQIOsbLZPljvGifls58,"RPMS (A, J) - (AISPPMSCVJA_01_2026) (AISPPMSCVA_01_2026)",Femenino,Juventud (18 - 28 años),Postgrado,Área de la salud,COMUNA 3,
12imN--sH0MBswxs3ix0yrHryrQIOsbLZPljvGifls58,"RPMS (A, J) - (AISPPMSCVJA_01_2026) (AISPPMSCVA_01_2026)",Femenino,Adultez (29 - 59 años),Postgrado,Área de la salud,,
12imN--sH0MBswxs3ix0yrHryrQIOsbLZPljvGifls58,"RPMS (A, J) - (AISPPMSCVJA_01_2026) (AISPPMSCVA_01_2026)",Masculino,Adultez (29 - 59 años),Pregrado,Área de la salud,COMUNA 18,
12imN--sH0MBswxs3ix0yrHryrQIOsbLZPljvGifls58,"RPMS (A, J) - (AISPPMSCVJA_01_2026) (AISPPMSCVA_01_2026)",Femenino,Adolescencia (12 - 17 años),Pregrado,Área de la salud,,
12imN--sH0MBswxs3ix0yrHryrQIOsbLZPljvGifls58,"RPMS (A, J) - (AISPPMSCVJA_01_2026) (AISPPMSCVA_01_2026)",Femenino,Adolescencia (12 - 17 años),Pregrado,Área de la salud,,
12imN--sH0MBswxs3ix0yrHryrQIOsbLZPljvGifls58,"RPMS (A, J) - (AISPPMSCVJA_01_2026) (AISPPMSCVA_01_2026)",Femenino,Adultez (29 - 59 años),Postgrado,Área de la salud,COMUNA 1,
12imN--sH0MBswxs3ix0yrHryrQIOsbLZPljvGifls58,"RPMS (A, J) - (AISPPMSCVJA_01_2026) (AISPPMSCVA_01_2026)",Femenino,Adultez (29 - 59 años),Pregrado,Área de la salud,COMUNA 21,
12imN--sH0MBswxs3ix0yrHryrQIOsbLZPljvGifls58,"RPMS (A, J) - (AISPPMSCVJA_01_2026) (AISPPMSCVA_01_2026)",Femenino,Adultez (29 - 59 años),Pregrado,Área de la salud,,
12imN--sH0MBswxs3ix0yrHryrQIOsbLZPljvGifls58,"RPMS (A, J) - (AISPPMSCVJA_01_2026) (AISPPMSCVA_01_2026)",Femenino,Adultez (29 - 59 años),Pregrado,Área de la salud,,
12imN--sH0MBswxs3ix0yrHryrQIOsbLZPljvGifls58,"RPMS (A, J) - (AISPPMSCVJA_01_2026) (AISPPMSCVA_01_2026)",Femenino,Juventud (18 - 28 años),Pregrado,Otro,,
12imN--sH0MBswxs3ix0yrHryrQIOsbLZPljvGifls58,"RPMS (A, J) - (AISPPMSCVJA_01_2026) (AISPPMSCVA_01_2026)",Femenino,Adultez (29 - 59 años),Bachiller,Área de la salud,,
12imN--sH0MBswxs3ix0yrHryrQIOsbLZPljvGifls58,"RPMS (A, J) - (AISPPMSCVJA_01_2026) (AISPPMSCVA_01_2026)",Masculino,Juventud (18 - 28 años),Pregrado,Área de la salud,,
12imN--sH0MBswxs3ix0yrHryrQIOsbLZPljvGifls58,"RPMS (A, J) - (AISPPMSCVJA_01_2026) (AISPPMSCVA_01_2026)",Femenino,Adultez (29 - 59 años),Pregrado,Área de la salud,COMUNA 3,
12imN--sH0MBswxs3ix0yrHryrQIOsbLZPljvGifls58,"RPMS (A, J) - (AISPPMSCVJA_01_2026) (AISPPMSCVA_01_2026)",Masculino,Vejez (60 años o más),Postgrado,Área de la salud,COMUNA 16,
12imN--sH0MBswxs3ix0yrHryrQIOsbLZPljvGifls58,"RPMS (A, J) - (AISPPMSCVJA_01_2026) (AISPPMSCVA_01_2026)",Femenino,Adolescencia (12 - 17 años),Bachiller,Área de la salud,COMUNA 11,
12imN--sH0MBswxs3ix0yrHryrQIOsbLZPljvGifls58,"RPMS (A, J) - (AISPPMSCVJA_01_2026) (AISPPMSCVA_01_2026)",Femenino,Adultez (29 - 59 años),Pregrado,Área de la salud,,
12imN--sH0MBswxs3ix0yrHryrQIOsbLZPljvGifls58,"RPMS (A, J) - (AISPPMSCVJA_01_2026) (AISPPMSCVA_01_2026)",Femenino,Juventud (18 - 28 años),Bachiller,Área de la salud,,
12imN--sH0MBswxs3ix0yrHryrQIOsbLZPljvGifls58,"RPMS (A, J) - (AISPPMSCVJA_01_2026) (AISPPMSCVA_01_2026)",Femenino,Juventud (18 - 28 años),Pregrado,Área de la salud,,
12imN--sH0MBswxs3ix0yrHryrQIOsbLZPljvGifls58,"RPMS (A, J) - (AISPPMSCVJA_01_2026) (AISPPMSCVA_01_2026)",Masculino,Adultez (29 - 59 años),Pregrado,Área de la salud,,
12imN--sH0MBswxs3ix0yrHryrQIOsbLZPljvGifls58,"RPMS (A, J) - (AISPPMSCVJA_01_2026) (AISPPMSCVA_01_2026)",Masculino,Adolescencia (12 - 17 años),Pregrado,Área de la salud,C. DE EL HORMIGUERO,
12imN--sH0MBswxs3ix0yrHryrQIOsbLZPljvGifls58,"RPMS (A, J) - (AISPPMSCVJA_01_2026) (AISPPMSCVA_01_2026)",Femenino,Adultez (29 - 59 años),Pregrado,Área de la salud,,
12imN--sH0MBswxs3ix0yrHryrQIOsbLZPljvGifls58,"RPMS (A, J) - (AISPPMSCVJA_01_2026) (AISPPMSCVA_01_2026)",Femenino,Juventud (18 - 28 años),Pregrado,Área de la salud,,
12imN--sH0MBswxs3ix0yrHryrQIOsbLZPljvGifls58,"RPMS (A, J) - (AISPPMSCVJA_01_2026) (AISPPMSCVA_01_2026)",Femenino,Adultez (29 - 59 años),Postgrado,Área de la salud,COMUNA 4,
12imN--sH0MBswxs3ix0yrHryrQIOsbLZPljvGifls58,"RPMS (A, J) - (AISPPMSCVJA_01_2026) (AISPPMSCVA_01_2026)",Femenino,Adultez (29 - 59 años),Pregrado,Área de la salud,COMUNA 13,
12imN--sH0MBswxs3ix0yrHryrQIOsbLZPljvGifls58,"RPMS (A, J) - (AISPPMSCVJA_01_2026) (AISPPMSCVA_01_2026)",Femenino,Juventud (18 - 28 años),Pregrado,Área de la salud,,
12imN--sH0MBswxs3ix0yrHryrQIOsbLZPljvGifls58,"RPMS (A, J) - (AISPPMSCVJA_01_2026) (AISPPMSCVA_01_2026)",Femenino,Adolescencia (12 - 17 años),Postgrado,Área de la salud,,
12imN--sH0MBswxs3ix0yrHryrQIOsbLZPljvGifls58,"RPMS (A, J) - (AISPPMSCVJA_01_2026) (AISPPMSCVA_01_2026)",Femenino,Juventud (18 - 28 años),Pregrado,Área de la salud,,
12imN--sH0MBswxs3ix0yrHryrQIOsbLZPljvGifls58,"RPMS (A, J) - (AISPPMSCVJA_01_2026) (AISPPMSCVA_01_2026)",Femenino,Adultez (29 - 59 años),Pregrado,Área de la salud,,
12imN--sH0MBswxs3ix0yrHryrQIOsbLZPljvGifls58,"RPMS (A, J) - (AISPPMSCVJA_01_2026) (AISPPMSCVA_01_2026)",Femenino,Juventud (18 - 28 años),Pregrado,Área de la salud,COMUNA 12,
12imN--sH0MBswxs3ix0yrHryrQIOsbLZPljvGifls58,"RPMS (A, J) - (AISPPMSCVJA_01_2026) (AISPPMSCVA_01_2026)",Femenino,Adolescencia (12 - 17 años),Pregrado,Área de la salud,,
12imN--sH0MBswxs3ix0yrHryrQIOsbLZPljvGifls58,"RPMS (A, J) - (AISPPMSCVJA_01_2026) (AISPPMSCVA_01_2026)",Femenino,Juventud (18 - 28 años),Bachiller,Área de la salud,,
12imN--sH0MBswxs3ix0yrHryrQIOsbLZPljvGifls58,"RPMS (A, J) - (AISPPMSCVJA_01_2026) (AISPPMSCVA_01_2026)",Femenino,Adultez (29 - 59 años),Pregrado,Área de la salud,,
12imN--sH0MBswxs3ix0yrHryrQIOsbLZPljvGifls58,"RPMS (A, J) - (AISPPMSCVJA_01_2026) (AISPPMSCVA_01_2026)",Masculino,Juventud (18 - 28 años),Pregrado,Área de la salud,,
12imN--sH0MBswxs3ix0yrHryrQIOsbLZPljvGifls58,"RPMS (A, J) - (AISPPMSCVJA_01_2026) (AISPPMSCVA_01_2026)",Femenino,Juventud (18 - 28 años),Pregrado,Área de la salud,,
12imN--sH0MBswxs3ix0yrHryrQIOsbLZPljvGifls58,"RPMS (A, J) - (AISPPMSCVJA_01_2026) (AISPPMSCVA_01_2026)",Femenino,Adultez (29 - 59 años),Pregrado,Área de la salud,,
12imN--sH0MBswxs3ix0yrHryrQIOsbLZPljvGifls58,"RPMS (A, J) - (AISPPMSCVJA_01_2026) (AISPPMSCVA_01_2026)",Femenino,Adultez (29 - 59 años),Pregrado,Área de la salud,,
12imN--sH0MBswxs3ix0yrHryrQIOsbLZPljvGifls58,"RPMS (A, J) - (AISPPMSCVJA_01_2026) (AISPPMSCVA_01_2026)",Femenino,Adultez (29 - 59 años),Postgrado,Área de la salud,COMUNA 10,
12imN--sH0MBswxs3ix0yrHryrQIOsbLZPljvGifls58,"RPMS (A, J) - (AISPPMSCVJA_01_2026) (AISPPMSCVA_01_2026)",Femenino,Juventud (18 - 28 años),Pregrado,Área de la salud,COMUNA 17,
12imN--sH0MBswxs3ix0yrHryrQIOsbLZPljvGifls58,"RPMS (A, J) - (AISPPMSCVJA_01_2026) (AISPPMSCVA_01_2026)",Femenino,Adultez (29 - 59 años),Pregrado,Área de la salud,,
12imN--sH0MBswxs3ix0yrHryrQIOsbLZPljvGifls58,"RPMS (A, J) - (AISPPMSCVJA_01_2026) (AISPPMSCVA_01_2026)",Femenino,Adultez (29 - 59 años),Pregrado,Área de la salud,,
12imN--sH0MBswxs3ix0yrHryrQIOsbLZPljvGifls58,"RPMS (A, J) - (AISPPMSCVJA_01_2026) (AISPPMSCVA_01_2026)",Femenino,Adultez (29 - 59 años),Postgrado,Área de la salud,,
12imN--sH0MBswxs3ix0yrHryrQIOsbLZPljvGifls58,"RPMS (A, J) - (AISPPMSCVJA_01_2026) (AISPPMSCVA_01_2026)",Femenino,Adolescencia (12 - 17 años),Postgrado,Área de la salud,COMUNA 6,
12imN--sH0MBswxs3ix0yrHryrQIOsbLZPljvGifls58,"RPMS (A, J) - (AISPPMSCVJA_01_2026) (AISPPMSCVA_01_2026)",Femenino,Adultez (29 - 59 años),Pregrado,Área de la salud,,
12imN--sH0MBswxs3ix0yrHryrQIOsbLZPljvGifls58,"RPMS (A, J) - (AISPPMSCVJA_01_2026) (AISPPMSCVA_01_2026)",Femenino,Juventud (18 - 28 años),Pregrado,Área de la salud,,
12imN--sH0MBswxs3ix0yrHryrQIOsbLZPljvGifls58,"RPMS (A, J) - (AISPPMSCVJA_01_2026) (AISPPMSCVA_01_2026)",Femenino,Adultez (29 - 59 años),Pregrado,Área de la salud,,
12imN--sH0MBswxs3ix0yrHryrQIOsbLZPljvGifls58,"RPMS (A, J) - (AISPPMSCVJA_01_2026) (AISPPMSCVA_01_2026)",Femenino,Adultez (29 - 59 años),Pregrado,Área de la salud,,
12imN--sH0MBswxs3ix0yrHryrQIOsbLZPljvGifls58,"RPMS (A, J) - (AISPPMSCVJA_01_2026) (AISPPMSCVA_01_2026)",Femenino,Adultez (29 - 59 años),Pregrado,Área de la salud,,
12imN--sH0MBswxs3ix0yrHryrQIOsbLZPljvGifls58,"RPMS (A, J) - (AISPPMSCVJA_01_2026) (AISPPMSCVA_01_2026)",Masculino,Adolescencia (12 - 17 años),Pregrado,Área de la salud,,
12imN--sH0MBswxs3ix0yrHryrQIOsbLZPljvGifls58,"RPMS (A, J) - (AISPPMSCVJA_01_2026) (AISPPMSCVA_01_2026)",Femenino,Adultez (29 - 59 años),Postgrado,Área de la salud,COMUNA 10,
12imN--sH0MBswxs3ix0yrHryrQIOsbLZPljvGifls58,"RPMS (A, J) - (AISPPMSCVJA_01_2026) (AISPPMSCVA_01_2026)",Femenino,Juventud (18 - 28 años),Pregrado,Área de la salud,,
12imN--sH0MBswxs3ix0yrHryrQIOsbLZPljvGifls58,"RPMS (A, J) - (AISPPMSCVJA_01_2026) (AISPPMSCVA_01_2026)",Femenino,Adolescencia (12 - 17 años),Pregrado,Área de la salud,,
12imN--sH0MBswxs3ix0yrHryrQIOsbLZPljvGifls58,"RPMS (A, J) - (AISPPMSCVJA_01_2026) (AISPPMSCVA_01_2026)",Femenino,Juventud (18 - 28 años),Pregrado,Área de la salud,COMUNA 9,
12imN--sH0MBswxs3ix0yrHryrQIOsbLZPljvGifls58,"RPMS (A, J) - (AISPPMSCVJA_01_2026) (AISPPMSCVA_01_2026)",Femenino,Adolescencia (12 - 17 años),Pregrado,Área de la salud,,
12imN--sH0MBswxs3ix0yrHryrQIOsbLZPljvGifls58,"RPMS (A, J) - (AISPPMSCVJA_01_2026) (AISPPMSCVA_01_2026)",Masculino,Juventud (18 - 28 años),Pregrado,Otro,,
12imN--sH0MBswxs3ix0yrHryrQIOsbLZPljvGifls58,"RPMS (A, J) - (AISPPMSCVJA_01_2026) (AISPPMSCVA_01_2026)",Femenino,Juventud (18 - 28 años),Pregrado,Área de la salud,COMUNA 10,
12imN--sH0MBswxs3ix0yrHryrQIOsbLZPljvGifls58,"RPMS (A, J) - (AISPPMSCVJA_01_2026) (AISPPMSCVA_01_2026)",Femenino,Adultez (29 - 59 años),Postgrado,Área de la salud,,
12imN--sH0MBswxs3ix0yrHryrQIOsbLZPljvGifls58,"RPMS (A, J) - (AISPPMSCVJA_01_2026) (AISPPMSCVA_01_2026)",Femenino,Juventud (18 - 28 años),Pregrado,Área de la salud,,
12imN--sH0MBswxs3ix0yrHryrQIOsbLZPljvGifls58,"RPMS (A, J) - (AISPPMSCVJA_01_2026) (AISPPMSCVA_01_2026)",Femenino,Adultez (29 - 59 años),Postgrado,Área de la salud,,
12imN--sH0MBswxs3ix0yrHryrQIOsbLZPljvGifls58,"RPMS (A, J) - (AISPPMSCVJA_01_2026) (AISPPMSCVA_01_2026)",Femenino,Adultez (29 - 59 años),Pregrado,Área de la salud,,
12imN--sH0MBswxs3ix0yrHryrQIOsbLZPljvGifls58,"RPMS (A, J) - (AISPPMSCVJA_01_2026) (AISPPMSCVA_01_2026)",Femenino,Adultez (29 - 59 años),Pregrado,Área de la salud,,
12imN--sH0MBswxs3ix0yrHryrQIOsbLZPljvGifls58,"RPMS (A, J) - (AISPPMSCVJA_01_2026) (AISPPMSCVA_01_2026)",Femenino,Juventud (18 - 28 años),Pregrado,Área de la salud,,
12imN--sH0MBswxs3ix0yrHryrQIOsbLZPljvGifls58,"RPMS (A, J) - (AISPPMSCVJA_01_2026) (AISPPMSCVA_01_2026)",Femenino,Adultez (29 - 59 años),Bachiller,Área de la salud,,
12imN--sH0MBswxs3ix0yrHryrQIOsbLZPljvGifls58,"RPMS (A, J) - (AISPPMSCVJA_01_2026) (AISPPMSCVA_01_2026)",Femenino,Adultez (29 - 59 años),Bachiller,Área de la salud,,
12imN--sH0MBswxs3ix0yrHryrQIOsbLZPljvGifls58,"RPMS (A, J) - (AISPPMSCVJA_01_2026) (AISPPMSCVA_01_2026)",Femenino,Adultez (29 - 59 años),Pregrado,Área de la salud,,
12imN--sH0MBswxs3ix0yrHryrQIOsbLZPljvGifls58,"RPMS (A, J) - (AISPPMSCVJA_01_2026) (AISPPMSCVA_01_2026)",Femenino,Juventud (18 - 28 años),Pregrado,Área de la salud,,
12imN--sH0MBswxs3ix0yrHryrQIOsbLZPljvGifls58,"RPMS (A, J) - (AISPPMSCVJA_01_2026) (AISPPMSCVA_01_2026)",Femenino,Adultez (29 - 59 años),Ninguna,Área de la salud,COMUNA 1,
12imN--sH0MBswxs3ix0yrHryrQIOsbLZPljvGifls58,"RPMS (A, J) - (AISPPMSCVJA_01_2026) (AISPPMSCVA_01_2026)",Femenino,Juventud (18 - 28 años),Pregrado,Área de la salud,,
12imN--sH0MBswxs3ix0yrHryrQIOsbLZPljvGifls58,"RPMS (A, J) - (AISPPMSCVJA_01_2026) (AISPPMSCVA_01_2026)",Femenino,Juventud (18 - 28 años),Pregrado,Área de la salud,COMUNA 6,
12imN--sH0MBswxs3ix0yrHryrQIOsbLZPljvGifls58,"RPMS (A, J) - (AISPPMSCVJA_01_2026) (AISPPMSCVA_01_2026)",Femenino,Adolescencia (12 - 17 años),Postgrado,Área de la salud,COMUNA 19,
12imN--sH0MBswxs3ix0yrHryrQIOsbLZPljvGifls58,"RPMS (A, J) - (AISPPMSCVJA_01_2026) (AISPPMSCVA_01_2026)",Femenino,Juventud (18 - 28 años),Bachiller,Área de la salud,COMUNA 18,
12imN--sH0MBswxs3ix0yrHryrQIOsbLZPljvGifls58,"RPMS (A, J) - (AISPPMSCVJA_01_2026) (AISPPMSCVA_01_2026)",Femenino,Adultez (29 - 59 años),Pregrado,Área de la salud,,
12imN--sH0MBswxs3ix0yrHryrQIOsbLZPljvGifls58,"RPMS (A, J) - (AISPPMSCVJA_01_2026) (AISPPMSCVA_01_2026)",Femenino,Adultez (29 - 59 años),Postgrado,Área de la salud,,
12imN--sH0MBswxs3ix0yrHryrQIOsbLZPljvGifls58,"RPMS (A, J) - (AISPPMSCVJA_01_2026) (AISPPMSCVA_01_2026)",Masculino,Adolescencia (12 - 17 años),Pregrado,Otro,,
12imN--sH0MBswxs3ix0yrHryrQIOsbLZPljvGifls58,"RPMS (A, J) - (AISPPMSCVJA_01_2026) (AISPPMSCVA_01_2026)",Femenino,Adultez (29 - 59 años),Pregrado,Área de la salud,COMUNA 1,
12imN--sH0MBswxs3ix0yrHryrQIOsbLZPljvGifls58,"RPMS (A, J) - (AISPPMSCVJA_01_2026) (AISPPMSCVA_01_2026)",Femenino,Adultez (29 - 59 años),Pregrado,Área de la salud,COMUNA 5,
12imN--sH0MBswxs3ix0yrHryrQIOsbLZPljvGifls58,"RPMS (A, J) - (AISPPMSCVJA_01_2026) (AISPPMSCVA_01_2026)",Femenino,Juventud (18 - 28 años),Bachiller,Área de la salud,,
12imN--sH0MBswxs3ix0yrHryrQIOsbLZPljvGifls58,"RPMS (A, J) - (AISPPMSCVJA_01_2026) (AISPPMSCVA_01_2026)",Femenino,Adultez (29 - 59 años),Bachiller,Área de la salud,COMUNA 18,
12imN--sH0MBswxs3ix0yrHryrQIOsbLZPljvGifls58,"RPMS (A, J) - (AISPPMSCVJA_01_2026) (AISPPMSCVA_01_2026)",Femenino,Adolescencia (12 - 17 años),Ninguna,Área de la salud,,
12imN--sH0MBswxs3ix0yrHryrQIOsbLZPljvGifls58,"RPMS (A, J) - (AISPPMSCVJA_01_2026) (AISPPMSCVA_01_2026)",Femenino,Juventud (18 - 28 años),Pregrado,Área de la salud,,
12imN--sH0MBswxs3ix0yrHryrQIOsbLZPljvGifls58,"RPMS (A, J) - (AISPPMSCVJA_01_2026) (AISPPMSCVA_01_2026)",Femenino,Adolescencia (12 - 17 años),Pregrado,Área de la salud,COMUNA 10,
12imN--sH0MBswxs3ix0yrHryrQIOsbLZPljvGifls58,"RPMS (A, J) - (AISPPMSCVJA_01_2026) (AISPPMSCVA_01_2026)",Femenino,Adultez (29 - 59 años),Pregrado,Área de la salud,,
12imN--sH0MBswxs3ix0yrHryrQIOsbLZPljvGifls58,"RPMS (A, J) - (AISPPMSCVJA_01_2026) (AISPPMSCVA_01_2026)",Femenino,Adultez (29 - 59 años),Pregrado,Área de la salud,,
12imN--sH0MBswxs3ix0yrHryrQIOsbLZPljvGifls58,"RPMS (A, J) - (AISPPMSCVJA_01_2026) (AISPPMSCVA_01_2026)",Masculino,Adolescencia (12 - 17 años),Pregrado,Área de la salud,,
12imN--sH0MBswxs3ix0yrHryrQIOsbLZPljvGifls58,"RPMS (A, J) - (AISPPMSCVJA_01_2026) (AISPPMSCVA_01_2026)",Femenino,Adultez (29 - 59 años),Ninguna,Área de la salud,,
12imN--sH0MBswxs3ix0yrHryrQIOsbLZPljvGifls58,"RPMS (A, J) - (AISPPMSCVJA_01_2026) (AISPPMSCVA_01_2026)",Femenino,Juventud (18 - 28 años),Pregrado,Área de la salud,,
12imN--sH0MBswxs3ix0yrHryrQIOsbLZPljvGifls58,"RPMS (A, J) - (AISPPMSCVJA_01_2026) (AISPPMSCVA_01_2026)",Masculino,Adolescencia (12 - 17 años),Bachiller,Área de la salud,COMUNA 21,
12imN--sH0MBswxs3ix0yrHryrQIOsbLZPljvGifls58,"RPMS (A, J) - (AISPPMSCVJA_01_2026) (AISPPMSCVA_01_2026)",Masculino,Adultez (29 - 59 años),Pregrado,Área de la salud,,
12imN--sH0MBswxs3ix0yrHryrQIOsbLZPljvGifls58,"RPMS (A, J) - (AISPPMSCVJA_01_2026) (AISPPMSCVA_01_2026)",Femenino,Adultez (29 - 59 años),Pregrado,Área de la salud,,
12imN--sH0MBswxs3ix0yrHryrQIOsbLZPljvGifls58,"RPMS (A, J) - (AISPPMSCVJA_01_2026) (AISPPMSCVA_01_2026)",Femenino,Juventud (18 - 28 años),Bachiller,Área de la salud,,
12imN--sH0MBswxs3ix0yrHryrQIOsbLZPljvGifls58,"RPMS (A, J) - (AISPPMSCVJA_01_2026) (AISPPMSCVA_01_2026)",Femenino,Juventud (18 - 28 años),Pregrado,Área de la salud,,
12imN--sH0MBswxs3ix0yrHryrQIOsbLZPljvGifls58,"RPMS (A, J) - (AISPPMSCVJA_01_2026) (AISPPMSCVA_01_2026)",Femenino,Adolescencia (12 - 17 años),Pregrado,Área de la salud,COMUNA 1,
12imN--sH0MBswxs3ix0yrHryrQIOsbLZPljvGifls58,"RPMS (A, J) - (AISPPMSCVJA_01_2026) (AISPPMSCVA_01_2026)",Femenino,Juventud (18 - 28 años),Pregrado,Área de la salud,COMUNA 19,
12imN--sH0MBswxs3ix0yrHryrQIOsbLZPljvGifls58,"RPMS (A, J) - (AISPPMSCVJA_01_2026) (AISPPMSCVA_01_2026)",Masculino,Adolescencia (12 - 17 años),Pregrado,Área de la salud,,
12imN--sH0MBswxs3ix0yrHryrQIOsbLZPljvGifls58,"RPMS (A, J) - (AISPPMSCVJA_01_2026) (AISPPMSCVA_01_2026)",Femenino,Adultez (29 - 59 años),Postgrado,Área de la salud,COMUNA 10,
12imN--sH0MBswxs3ix0yrHryrQIOsbLZPljvGifls58,"RPMS (A, J) - (AISPPMSCVJA_01_2026) (AISPPMSCVA_01_2026)",Femenino,Juventud (18 - 28 años),Pregrado,Área de la salud,,
12imN--sH0MBswxs3ix0yrHryrQIOsbLZPljvGifls58,"RPMS (A, J) - (AISPPMSCVJA_01_2026) (AISPPMSCVA_01_2026)",Femenino,Adolescencia (12 - 17 años),Pregrado,Área de la salud,,
12imN--sH0MBswxs3ix0yrHryrQIOsbLZPljvGifls58,"RPMS (A, J) - (AISPPMSCVJA_01_2026) (AISPPMSCVA_01_2026)",Femenino,Juventud (18 - 28 años),Bachiller,Área de la salud,,
12imN--sH0MBswxs3ix0yrHryrQIOsbLZPljvGifls58,"RPMS (A, J) - (AISPPMSCVJA_01_2026) (AISPPMSCVA_01_2026)",Femenino,Adolescencia (12 - 17 años),Pregrado,Área de la salud,,
12imN--sH0MBswxs3ix0yrHryrQIOsbLZPljvGifls58,"RPMS (A, J) - (AISPPMSCVJA_01_2026) (AISPPMSCVA_01_2026)",Femenino,Adolescencia (12 - 17 años),Pregrado,Área de la salud,,
12imN--sH0MBswxs3ix0yrHryrQIOsbLZPljvGifls58,"RPMS (A, J) - (AISPPMSCVJA_01_2026) (AISPPMSCVA_01_2026)",Femenino,Adultez (29 - 59 años),Bachiller,Área de la salud,COMUNA 14,
12imN--sH0MBswxs3ix0yrHryrQIOsbLZPljvGifls58,"RPMS (A, J) - (AISPPMSCVJA_01_2026) (AISPPMSCVA_01_2026)",Femenino,Juventud (18 - 28 años),Bachiller,Área de la salud,,
12imN--sH0MBswxs3ix0yrHryrQIOsbLZPljvGifls58,"RPMS (A, J) - (AISPPMSCVJA_01_2026) (AISPPMSCVA_01_2026)",Femenino,Adultez (29 - 59 años),Postgrado,Área de la salud,COMUNA 8,
12imN--sH0MBswxs3ix0yrHryrQIOsbLZPljvGifls58,"RPMS (A, J) - (AISPPMSCVJA_01_2026) (AISPPMSCVA_01_2026)",Femenino,Juventud (18 - 28 años),Pregrado,Área de la salud,,
12imN--sH0MBswxs3ix0yrHryrQIOsbLZPljvGifls58,"RPMS (A, J) - (AISPPMSCVJA_01_2026) (AISPPMSCVA_01_2026)",Femenino,Adultez (29 - 59 años),Postgrado,Área de la salud,,
12imN--sH0MBswxs3ix0yrHryrQIOsbLZPljvGifls58,"RPMS (A, J) - (AISPPMSCVJA_01_2026) (AISPPMSCVA_01_2026)",Femenino,Juventud (18 - 28 años),Pregrado,Área de la salud,,
12imN--sH0MBswxs3ix0yrHryrQIOsbLZPljvGifls58,"RPMS (A, J) - (AISPPMSCVJA_01_2026) (AISPPMSCVA_01_2026)",Femenino,Adultez (29 - 59 años),Pregrado,Área de la salud,,
12imN--sH0MBswxs3ix0yrHryrQIOsbLZPljvGifls58,"RPMS (A, J) - (AISPPMSCVJA_01_2026) (AISPPMSCVA_01_2026)",Femenino,Adultez (29 - 59 años),Postgrado,Área de la salud,,
12imN--sH0MBswxs3ix0yrHryrQIOsbLZPljvGifls58,"RPMS (A, J) - (AISPPMSCVJA_01_2026) (AISPPMSCVA_01_2026)",Femenino,Adultez (29 - 59 años),Postgrado,Área de la salud,,
12imN--sH0MBswxs3ix0yrHryrQIOsbLZPljvGifls58,"RPMS (A, J) - (AISPPMSCVJA_01_2026) (AISPPMSCVA_01_2026)",Femenino,Juventud (18 - 28 años),Bachiller,Área de la salud,,
12imN--sH0MBswxs3ix0yrHryrQIOsbLZPljvGifls58,"RPMS (A, J) - (AISPPMSCVJA_01_2026) (AISPPMSCVA_01_2026)",Masculino,Juventud (18 - 28 años),Pregrado,Área de la salud,,
12imN--sH0MBswxs3ix0yrHryrQIOsbLZPljvGifls58,"RPMS (A, J) - (AISPPMSCVJA_01_2026) (AISPPMSCVA_01_2026)",Femenino,Adolescencia (12 - 17 años),Bachiller,Área de la salud,,
12imN--sH0MBswxs3ix0yrHryrQIOsbLZPljvGifls58,"RPMS (A, J) - (AISPPMSCVJA_01_2026) (AISPPMSCVA_01_2026)",Femenino,Juventud (18 - 28 años),Bachiller,Área de la salud,,
12imN--sH0MBswxs3ix0yrHryrQIOsbLZPljvGifls58,"RPMS (A, J) - (AISPPMSCVJA_01_2026) (AISPPMSCVA_01_2026)",Femenino,Adultez (29 - 59 años),Postgrado,Área de la salud,,
12imN--sH0MBswxs3ix0yrHryrQIOsbLZPljvGifls58,"RPMS (A, J) - (AISPPMSCVJA_01_2026) (AISPPMSCVA_01_2026)",Femenino,Adultez (29 - 59 años),Pregrado,Área de la salud,,
12imN--sH0MBswxs3ix0yrHryrQIOsbLZPljvGifls58,"RPMS (A, J) - (AISPPMSCVJA_01_2026) (AISPPMSCVA_01_2026)",Femenino,Juventud (18 - 28 años),Postgrado,Área de la salud,,
12imN--sH0MBswxs3ix0yrHryrQIOsbLZPljvGifls58,"RPMS (A, J) - (AISPPMSCVJA_01_2026) (AISPPMSCVA_01_2026)",Femenino,Adultez (29 - 59 años),Pregrado,Área de la salud,,
12imN--sH0MBswxs3ix0yrHryrQIOsbLZPljvGifls58,"RPMS (A, J) - (AISPPMSCVJA_01_2026) (AISPPMSCVA_01_2026)",Masculino,Juventud (18 - 28 años),Bachiller,Área de la salud,COMUNA 4,
12imN--sH0MBswxs3ix0yrHryrQIOsbLZPljvGifls58,"RPMS (A, J) - (AISPPMSCVJA_01_2026) (AISPPMSCVA_01_2026)",Femenino,Adultez (29 - 59 años),Pregrado,Área de la salud,,
12imN--sH0MBswxs3ix0yrHryrQIOsbLZPljvGifls58,"RPMS (A, J) - (AISPPMSCVJA_01_2026) (AISPPMSCVA_01_2026)",Femenino,Adultez (29 - 59 años),Pregrado,Área de la salud,COMUNA 2,
12imN--sH0MBswxs3ix0yrHryrQIOsbLZPljvGifls58,"RPMS (A, J) - (AISPPMSCVJA_01_2026) (AISPPMSCVA_01_2026)",Femenino,Adultez (29 - 59 años),Pregrado,Área de la salud,,
12imN--sH0MBswxs3ix0yrHryrQIOsbLZPljvGifls58,"RPMS (A, J) - (AISPPMSCVJA_01_2026) (AISPPMSCVA_01_2026)",Femenino,Juventud (18 - 28 años),Pregrado,Área de la salud,,
1v0nC15GpcAkOvN0VZOFwR3QlkEXLh0BPbzE57FI5fR4,"RPMS PI e I 012026 - (AISPPMSCVPI_01_2026, AISPPMSCVI_01_2026)",Masculino,Adultez (29 - 59 años),Bachiller,Área de la salud,COMUNA 4,
1v0nC15GpcAkOvN0VZOFwR3QlkEXLh0BPbzE57FI5fR4,"RPMS PI e I 012026 - (AISPPMSCVPI_01_2026, AISPPMSCVI_01_2026)",Femenino,Adultez (29 - 59 años),Bachiller,Área de la salud,,
1v0nC15GpcAkOvN0VZOFwR3QlkEXLh0BPbzE57FI5fR4,"RPMS PI e I 012026 - (AISPPMSCVPI_01_2026, AISPPMSCVI_01_2026)",Femenino,Adultez (29 - 59 años),Bachiller,Área de la salud,,
1v0nC15GpcAkOvN0VZOFwR3QlkEXLh0BPbzE57FI5fR4,"RPMS PI e I 012026 - (AISPPMSCVPI_01_2026, AISPPMSCVI_01_2026)",Femenino,Adultez (29 - 59 años),Pregrado,Área de la salud,COMUNA 13,
1v0nC15GpcAkOvN0VZOFwR3QlkEXLh0BPbzE57FI5fR4,"RPMS PI e I 012026 - (AISPPMSCVPI_01_2026, AISPPMSCVI_01_2026)",Femenino,Adultez (29 - 59 años),Pregrado,Área de la salud,,
1v0nC15GpcAkOvN0VZOFwR3QlkEXLh0BPbzE57FI5fR4,"RPMS PI e I 012026 - (AISPPMSCVPI_01_2026, AISPPMSCVI_01_2026)",Femenino,Adultez (29 - 59 años),Pregrado,Área de la salud,,
1v0nC15GpcAkOvN0VZOFwR3QlkEXLh0BPbzE57FI5fR4,"RPMS PI e I 012026 - (AISPPMSCVPI_01_2026, AISPPMSCVI_01_2026)",Femenino,Adultez (29 - 59 años),Pregrado,Área de la salud,,
1v0nC15GpcAkOvN0VZOFwR3QlkEXLh0BPbzE57FI5fR4,"RPMS PI e I 012026 - (AISPPMSCVPI_01_2026, AISPPMSCVI_01_2026)",Femenino,Juventud (18 - 28 años),Pregrado,Área de la salud,COMUNA 7,
1v0nC15GpcAkOvN0VZOFwR3QlkEXLh0BPbzE57FI5fR4,"RPMS PI e I 012026 - (AISPPMSCVPI_01_2026, AISPPMSCVI_01_2026)",Femenino,Adultez (29 - 59 años),Pregrado,Área de la salud,COMUNA 3,
1v0nC15GpcAkOvN0VZOFwR3QlkEXLh0BPbzE57FI5fR4,"RPMS PI e I 012026 - (AISPPMSCVPI_01_2026, AISPPMSCVI_01_2026)",Femenino,Adultez (29 - 59 años),Bachiller,Área de la salud,,
1v0nC15GpcAkOvN0VZOFwR3QlkEXLh0BPbzE57FI5fR4,"RPMS PI e I 012026 - (AISPPMSCVPI_01_2026, AISPPMSCVI_01_2026)",Femenino,Juventud (18 - 28 años),Bachiller,Área de la salud,,
1v0nC15GpcAkOvN0VZOFwR3QlkEXLh0BPbzE57FI5fR4,"RPMS PI e I 012026 - (AISPPMSCVPI_01_2026, AISPPMSCVI_01_2026)",Femenino,Juventud (18 - 28 años),Pregrado,Área de la salud,,
1v0nC15GpcAkOvN0VZOFwR3QlkEXLh0BPbzE57FI5fR4,"RPMS PI e I 012026 - (AISPPMSCVPI_01_2026, AISPPMSCVI_01_2026)",Masculino,Adultez (29 - 59 años),Pregrado,Área de la salud,,
1v0nC15GpcAkOvN0VZOFwR3QlkEXLh0BPbzE57FI5fR4,"RPMS PI e I 012026 - (AISPPMSCVPI_01_2026, AISPPMSCVI_01_2026)",Femenino,Adultez (29 - 59 años),Pregrado,Área de la salud,,
1v0nC15GpcAkOvN0VZOFwR3QlkEXLh0BPbzE57FI5fR4,"RPMS PI e I 012026 - (AISPPMSCVPI_01_2026, AISPPMSCVI_01_2026)",Femenino,Adultez (29 - 59 años),Pregrado,Área de la salud,,
1v0nC15GpcAkOvN0VZOFwR3QlkEXLh0BPbzE57FI5fR4,"RPMS PI e I 012026 - (AISPPMSCVPI_01_2026, AISPPMSCVI_01_2026)",Femenino,Adultez (29 - 59 años),Bachiller,Área de la salud,COMUNA 15,
1v0nC15GpcAkOvN0VZOFwR3QlkEXLh0BPbzE57FI5fR4,"RPMS PI e I 012026 - (AISPPMSCVPI_01_2026, AISPPMSCVI_01_2026)",Femenino,Adultez (29 - 59 años),Postgrado,Área de la salud,,
1v0nC15GpcAkOvN0VZOFwR3QlkEXLh0BPbzE57FI5fR4,"RPMS PI e I 012026 - (AISPPMSCVPI_01_2026, AISPPMSCVI_01_2026)",Femenino,Juventud (18 - 28 años),Postgrado,Área de la salud,COMUNA 1,
1v0nC15GpcAkOvN0VZOFwR3QlkEXLh0BPbzE57FI5fR4,"RPMS PI e I 012026 - (AISPPMSCVPI_01_2026, AISPPMSCVI_01_2026)",Femenino,Adultez (29 - 59 años),Pregrado,Área de la salud,,
1v0nC15GpcAkOvN0VZOFwR3QlkEXLh0BPbzE57FI5fR4,"RPMS PI e I 012026 - (AISPPMSCVPI_01_2026, AISPPMSCVI_01_2026)",Femenino,Juventud (18 - 28 años),Pregrado,Área de la salud,,
1v0nC15GpcAkOvN0VZOFwR3QlkEXLh0BPbzE57FI5fR4,"RPMS PI e I 012026 - (AISPPMSCVPI_01_2026, AISPPMSCVI_01_2026)",Femenino,Juventud (18 - 28 años),Pregrado,Área de la salud,,
1v0nC15GpcAkOvN0VZOFwR3QlkEXLh0BPbzE57FI5fR4,"RPMS PI e I 012026 - (AISPPMSCVPI_01_2026, AISPPMSCVI_01_2026)",Femenino,Juventud (18 - 28 años),Pregrado,Área de la salud,,
1v0nC15GpcAkOvN0VZOFwR3QlkEXLh0BPbzE57FI5fR4,"RPMS PI e I 012026 - (AISPPMSCVPI_01_2026, AISPPMSCVI_01_2026)",Femenino,Juventud (18 - 28 años),Bachiller,Área de la salud,,
1v0nC15GpcAkOvN0VZOFwR3QlkEXLh0BPbzE57FI5fR4,"RPMS PI e I 012026 - (AISPPMSCVPI_01_2026, AISPPMSCVI_01_2026)",Masculino,Juventud (18 - 28 años),Pregrado,Área de la salud,,
1v0nC15GpcAkOvN0VZOFwR3QlkEXLh0BPbzE57FI5fR4,"RPMS PI e I 012026 - (AISPPMSCVPI_01_2026, AISPPMSCVI_01_2026)",Masculino,Adultez (29 - 59 años),Pregrado,Área de la salud,,
1v0nC15GpcAkOvN0VZOFwR3QlkEXLh0BPbzE57FI5fR4,"RPMS PI e I 012026 - (AISPPMSCVPI_01_2026, AISPPMSCVI_01_2026)",Masculino,Adultez (29 - 59 años),Pregrado,Área de la salud,,
1v0nC15GpcAkOvN0VZOFwR3QlkEXLh0BPbzE57FI5fR4,"RPMS PI e I 012026 - (AISPPMSCVPI_01_2026, AISPPMSCVI_01_2026)",Femenino,Adultez (29 - 59 años),Pregrado,Área de la salud,COMUNA 9,
1v0nC15GpcAkOvN0VZOFwR3QlkEXLh0BPbzE57FI5fR4,"RPMS PI e I 012026 - (AISPPMSCVPI_01_2026, AISPPMSCVI_01_2026)",Femenino,Juventud (18 - 28 años),Pregrado,Área de la salud,COMUNA 10,
1v0nC15GpcAkOvN0VZOFwR3QlkEXLh0BPbzE57FI5fR4,"RPMS PI e I 012026 - (AISPPMSCVPI_01_2026, AISPPMSCVI_01_2026)",Femenino,Adultez (29 - 59 años),Pregrado,Área de la salud,,
1v0nC15GpcAkOvN0VZOFwR3QlkEXLh0BPbzE57FI5fR4,"RPMS PI e I 012026 - (AISPPMSCVPI_01_2026, AISPPMSCVI_01_2026)",Femenino,Adultez (29 - 59 años),Bachiller,Área de la salud,,
1v0nC15GpcAkOvN0VZOFwR3QlkEXLh0BPbzE57FI5fR4,"RPMS PI e I 012026 - (AISPPMSCVPI_01_2026, AISPPMSCVI_01_2026)",Femenino,Adultez (29 - 59 años),Pregrado,Área de la salud,COMUNA 5,
1v0nC15GpcAkOvN0VZOFwR3QlkEXLh0BPbzE57FI5fR4,"RPMS PI e I 012026 - (AISPPMSCVPI_01_2026, AISPPMSCVI_01_2026)",Femenino,Adultez (29 - 59 años),Postgrado,Área de la salud,COMUNA 1,
1v0nC15GpcAkOvN0VZOFwR3QlkEXLh0BPbzE57FI5fR4,"RPMS PI e I 012026 - (AISPPMSCVPI_01_2026, AISPPMSCVI_01_2026)",Femenino,Juventud (18 - 28 años),Pregrado,Área de la salud,,
1v0nC15GpcAkOvN0VZOFwR3QlkEXLh0BPbzE57FI5fR4,"RPMS PI e I 012026 - (AISPPMSCVPI_01_2026, AISPPMSCVI_01_2026)",Masculino,Adolescencia (12 - 17 años),Postgrado,Área de la salud,,
1v0nC15GpcAkOvN0VZOFwR3QlkEXLh0BPbzE57FI5fR4,"RPMS PI e I 012026 - (AISPPMSCVPI_01_2026, AISPPMSCVI_01_2026)",Femenino,Adultez (29 - 59 años),Bachiller,Área de la salud,COMUNA 2,
1v0nC15GpcAkOvN0VZOFwR3QlkEXLh0BPbzE57FI5fR4,"RPMS PI e I 012026 - (AISPPMSCVPI_01_2026, AISPPMSCVI_01_2026)",Femenino,Juventud (18 - 28 años),Bachiller,Área de la salud,,
1v0nC15GpcAkOvN0VZOFwR3QlkEXLh0BPbzE57FI5fR4,"RPMS PI e I 012026 - (AISPPMSCVPI_01_2026, AISPPMSCVI_01_2026)",Femenino,Adultez (29 - 59 años),Postgrado,Área de la salud,,
1v0nC15GpcAkOvN0VZOFwR3QlkEXLh0BPbzE57FI5fR4,"RPMS PI e I 012026 - (AISPPMSCVPI_01_2026, AISPPMSCVI_01_2026)",Femenino,Juventud (18 - 28 años),Pregrado,Área de la salud,,
1v0nC15GpcAkOvN0VZOFwR3QlkEXLh0BPbzE57FI5fR4,"RPMS PI e I 012026 - (AISPPMSCVPI_01_2026, AISPPMSCVI_01_2026)",Femenino,Adultez (29 - 59 años),Pregrado,Área de la salud,,
1v0nC15GpcAkOvN0VZOFwR3QlkEXLh0BPbzE57FI5fR4,"RPMS PI e I 012026 - (AISPPMSCVPI_01_2026, AISPPMSCVI_01_2026)",Femenino,Adultez (29 - 59 años),Pregrado,Área de la salud,,
1v0nC15GpcAkOvN0VZOFwR3QlkEXLh0BPbzE57FI5fR4,"RPMS PI e I 012026 - (AISPPMSCVPI_01_2026, AISPPMSCVI_01_2026)",Femenino,Juventud (18 - 28 años),Pregrado,Área de la salud,,
1v0nC15GpcAkOvN0VZOFwR3QlkEXLh0BPbzE57FI5fR4,"RPMS PI e I 012026 - (AISPPMSCVPI_01_2026, AISPPMSCVI_01_2026)",Femenino,Adultez (29 - 59 años),Pregrado,Área de la salud,COMUNA 10,
1v0nC15GpcAkOvN0VZOFwR3QlkEXLh0BPbzE57FI5fR4,"RPMS PI e I 012026 - (AISPPMSCVPI_01_2026, AISPPMSCVI_01_2026)",Femenino,Juventud (18 - 28 años),Pregrado,Área de la salud,,
1v0nC15GpcAkOvN0VZOFwR3QlkEXLh0BPbzE57FI5fR4,"RPMS PI e I 012026 - (AISPPMSCVPI_01_2026, AISPPMSCVI_01_2026)",Masculino,Adultez (29 - 59 años),Postgrado,Área de la salud,COMUNA 5,
1v0nC15GpcAkOvN0VZOFwR3QlkEXLh0BPbzE57FI5fR4,"RPMS PI e I 012026 - (AISPPMSCVPI_01_2026, AISPPMSCVI_01_2026)",Femenino,Adultez (29 - 59 años),Bachiller,Área de la salud,,
1v0nC15GpcAkOvN0VZOFwR3QlkEXLh0BPbzE57FI5fR4,"RPMS PI e I 012026 - (AISPPMSCVPI_01_2026, AISPPMSCVI_01_2026)",Femenino,Adultez (29 - 59 años),Pregrado,Área de la salud,,
1v0nC15GpcAkOvN0VZOFwR3QlkEXLh0BPbzE57FI5fR4,"RPMS PI e I 012026 - (AISPPMSCVPI_01_2026, AISPPMSCVI_01_2026)",Femenino,Adultez (29 - 59 años),Postgrado,Área de la salud,COMUNA 2,
1v0nC15GpcAkOvN0VZOFwR3QlkEXLh0BPbzE57FI5fR4,"RPMS PI e I 012026 - (AISPPMSCVPI_01_2026, AISPPMSCVI_01_2026)",Femenino,Adultez (29 - 59 años),Pregrado,Área de la salud,COMUNA 2,
1v0nC15GpcAkOvN0VZOFwR3QlkEXLh0BPbzE57FI5fR4,"RPMS PI e I 012026 - (AISPPMSCVPI_01_2026, AISPPMSCVI_01_2026)",Femenino,Juventud (18 - 28 años),Pregrado,Área de la salud,COMUNA 19,
1v0nC15GpcAkOvN0VZOFwR3QlkEXLh0BPbzE57FI5fR4,"RPMS PI e I 012026 - (AISPPMSCVPI_01_2026, AISPPMSCVI_01_2026)",Femenino,Adultez (29 - 59 años),Pregrado,Área de la salud,COMUNA 2,
1v0nC15GpcAkOvN0VZOFwR3QlkEXLh0BPbzE57FI5fR4,"RPMS PI e I 012026 - (AISPPMSCVPI_01_2026, AISPPMSCVI_01_2026)",Masculino,Adultez (29 - 59 años),Pregrado,Área de la salud,,
1v0nC15GpcAkOvN0VZOFwR3QlkEXLh0BPbzE57FI5fR4,"RPMS PI e I 012026 - (AISPPMSCVPI_01_2026, AISPPMSCVI_01_2026)",Femenino,Juventud (18 - 28 años),Pregrado,Área de la salud,,
1v0nC15GpcAkOvN0VZOFwR3QlkEXLh0BPbzE57FI5fR4,"RPMS PI e I 012026 - (AISPPMSCVPI_01_2026, AISPPMSCVI_01_2026)",Femenino,Juventud (18 - 28 años),Postgrado,Área de la salud,,
1v0nC15GpcAkOvN0VZOFwR3QlkEXLh0BPbzE57FI5fR4,"RPMS PI e I 012026 - (AISPPMSCVPI_01_2026, AISPPMSCVI_01_2026)",Femenino,Juventud (18 - 28 años),Pregrado,Área de la salud,,
1v0nC15GpcAkOvN0VZOFwR3QlkEXLh0BPbzE57FI5fR4,"RPMS PI e I 012026 - (AISPPMSCVPI_01_2026, AISPPMSCVI_01_2026)",Femenino,Juventud (18 - 28 años),Bachiller,Área de la salud,,
1v0nC15GpcAkOvN0VZOFwR3QlkEXLh0BPbzE57FI5fR4,"RPMS PI e I 012026 - (AISPPMSCVPI_01_2026, AISPPMSCVI_01_2026)",Femenino,Juventud (18 - 28 años),Pregrado,Área de la salud,,
1v0nC15GpcAkOvN0VZOFwR3QlkEXLh0BPbzE57FI5fR4,"RPMS PI e I 012026 - (AISPPMSCVPI_01_2026, AISPPMSCVI_01_2026)",Femenino,Juventud (18 - 28 años),Bachiller,Área de la salud,COMUNA 2,
1v0nC15GpcAkOvN0VZOFwR3QlkEXLh0BPbzE57FI5fR4,"RPMS PI e I 012026 - (AISPPMSCVPI_01_2026, AISPPMSCVI_01_2026)",Femenino,Adultez (29 - 59 años),Pregrado,Área de la salud,COMUNA 1,
1v0nC15GpcAkOvN0VZOFwR3QlkEXLh0BPbzE57FI5fR4,"RPMS PI e I 012026 - (AISPPMSCVPI_01_2026, AISPPMSCVI_01_2026)",Masculino,Adultez (29 - 59 años),Pregrado,Área de la salud,,
1v0nC15GpcAkOvN0VZOFwR3QlkEXLh0BPbzE57FI5fR4,"RPMS PI e I 012026 - (AISPPMSCVPI_01_2026, AISPPMSCVI_01_2026)",Femenino,Adultez (29 - 59 años),Pregrado,Otro,,
1v0nC15GpcAkOvN0VZOFwR3QlkEXLh0BPbzE57FI5fR4,"RPMS PI e I 012026 - (AISPPMSCVPI_01_2026, AISPPMSCVI_01_2026)",Femenino,Adultez (29 - 59 años),Postgrado,Área de la salud,COMUNA 21,
1v0nC15GpcAkOvN0VZOFwR3QlkEXLh0BPbzE57FI5fR4,"RPMS PI e I 012026 - (AISPPMSCVPI_01_2026, AISPPMSCVI_01_2026)",Femenino,Adultez (29 - 59 años),Bachiller,Área de la salud,,
1v0nC15GpcAkOvN0VZOFwR3QlkEXLh0BPbzE57FI5fR4,"RPMS PI e I 012026 - (AISPPMSCVPI_01_2026, AISPPMSCVI_01_2026)",Femenino,Adultez (29 - 59 años),Bachiller,Área de la salud,,
1v0nC15GpcAkOvN0VZOFwR3QlkEXLh0BPbzE57FI5fR4,"RPMS PI e I 012026 - (AISPPMSCVPI_01_2026, AISPPMSCVI_01_2026)",Femenino,Adultez (29 - 59 años),Bachiller,Área de la salud,COMUNA 17,
1v0nC15GpcAkOvN0VZOFwR3QlkEXLh0BPbzE57FI5fR4,"RPMS PI e I 012026 - (AISPPMSCVPI_01_2026, AISPPMSCVI_01_2026)",Femenino,Adultez (29 - 59 años),Pregrado,Área de la salud,COMUNA 8,
1v0nC15GpcAkOvN0VZOFwR3QlkEXLh0BPbzE57FI5fR4,"RPMS PI e I 012026 - (AISPPMSCVPI_01_2026, AISPPMSCVI_01_2026)",Femenino,Adultez (29 - 59 años),Postgrado,Área de la salud,,
1v0nC15GpcAkOvN0VZOFwR3QlkEXLh0BPbzE57FI5fR4,"RPMS PI e I 012026 - (AISPPMSCVPI_01_2026, AISPPMSCVI_01_2026)",Femenino,Adultez (29 - 59 años),Pregrado,Área de la salud,,
1v0nC15GpcAkOvN0VZOFwR3QlkEXLh0BPbzE57FI5fR4,"RPMS PI e I 012026 - (AISPPMSCVPI_01_2026, AISPPMSCVI_01_2026)",Femenino,Juventud (18 - 28 años),Bachiller,Área de la salud,COMUNA 18,
1v0nC15GpcAkOvN0VZOFwR3QlkEXLh0BPbzE57FI5fR4,"RPMS PI e I 012026 - (AISPPMSCVPI_01_2026, AISPPMSCVI_01_2026)",Femenino,Adultez (29 - 59 años),Pregrado,Área de la salud,,
1v0nC15GpcAkOvN0VZOFwR3QlkEXLh0BPbzE57FI5fR4,"RPMS PI e I 012026 - (AISPPMSCVPI_01_2026, AISPPMSCVI_01_2026)",Femenino,Juventud (18 - 28 años),Pregrado,Área de la salud,COMUNA 3,
1v0nC15GpcAkOvN0VZOFwR3QlkEXLh0BPbzE57FI5fR4,"RPMS PI e I 012026 - (AISPPMSCVPI_01_2026, AISPPMSCVI_01_2026)",Femenino,Adultez (29 - 59 años),Postgrado,Área de la salud,COMUNA 17,
1v0nC15GpcAkOvN0VZOFwR3QlkEXLh0BPbzE57FI5fR4,"RPMS PI e I 012026 - (AISPPMSCVPI_01_2026, AISPPMSCVI_01_2026)",Femenino,Adultez (29 - 59 años),Pregrado,Área de la salud,,
1v0nC15GpcAkOvN0VZOFwR3QlkEXLh0BPbzE57FI5fR4,"RPMS PI e I 012026 - (AISPPMSCVPI_01_2026, AISPPMSCVI_01_2026)",Femenino,Adultez (29 - 59 años),Pregrado,Área de la salud,,
1v0nC15GpcAkOvN0VZOFwR3QlkEXLh0BPbzE57FI5fR4,"RPMS PI e I 012026 - (AISPPMSCVPI_01_2026, AISPPMSCVI_01_2026)",Femenino,Juventud (18 - 28 años),Pregrado,Área de la salud,COMUNA 17,
1v0nC15GpcAkOvN0VZOFwR3QlkEXLh0BPbzE57FI5fR4,"RPMS PI e I 012026 - (AISPPMSCVPI_01_2026, AISPPMSCVI_01_2026)",Femenino,Adultez (29 - 59 años),Bachiller,Área de la salud,,
1v0nC15GpcAkOvN0VZOFwR3QlkEXLh0BPbzE57FI5fR4,"RPMS PI e I 012026 - (AISPPMSCVPI_01_2026, AISPPMSCVI_01_2026)",Femenino,Adultez (29 - 59 años),Bachiller,Área de la salud,,
1v0nC15GpcAkOvN0VZOFwR3QlkEXLh0BPbzE57FI5fR4,"RPMS PI e I 012026 - (AISPPMSCVPI_01_2026, AISPPMSCVI_01_2026)",Femenino,Juventud (18 - 28 años),Bachiller,Área de la salud,COMUNA 1,
1v0nC15GpcAkOvN0VZOFwR3QlkEXLh0BPbzE57FI5fR4,"RPMS PI e I 012026 - (AISPPMSCVPI_01_2026, AISPPMSCVI_01_2026)",Femenino,Juventud (18 - 28 años),Pregrado,Área de la salud,,
1v0nC15GpcAkOvN0VZOFwR3QlkEXLh0BPbzE57FI5fR4,"RPMS PI e I 012026 - (AISPPMSCVPI_01_2026, AISPPMSCVI_01_2026)",Femenino,Adultez (29 - 59 años),Pregrado,Área de la salud,,
1v0nC15GpcAkOvN0VZOFwR3QlkEXLh0BPbzE57FI5fR4,"RPMS PI e I 012026 - (AISPPMSCVPI_01_2026, AISPPMSCVI_01_2026)",Femenino,Adultez (29 - 59 años),Pregrado,Área de la salud,,
1v0nC15GpcAkOvN0VZOFwR3QlkEXLh0BPbzE57FI5fR4,"RPMS PI e I 012026 - (AISPPMSCVPI_01_2026, AISPPMSCVI_01_2026)",Femenino,Juventud (18 - 28 años),Pregrado,Área de la salud,,
1v0nC15GpcAkOvN0VZOFwR3QlkEXLh0BPbzE57FI5fR4,"RPMS PI e I 012026 - (AISPPMSCVPI_01_2026, AISPPMSCVI_01_2026)",Femenino,Adultez (29 - 59 años),Postgrado,Área de la salud,,
1v0nC15GpcAkOvN0VZOFwR3QlkEXLh0BPbzE57FI5fR4,"RPMS PI e I 012026 - (AISPPMSCVPI_01_2026, AISPPMSCVI_01_2026)",Femenino,Juventud (18 - 28 años),Pregrado,Área de la salud,,
1v0nC15GpcAkOvN0VZOFwR3QlkEXLh0BPbzE57FI5fR4,"RPMS PI e I 012026 - (AISPPMSCVPI_01_2026, AISPPMSCVI_01_2026)",Femenino,Adultez (29 - 59 años),Pregrado,Área de la salud,,
1v0nC15GpcAkOvN0VZOFwR3QlkEXLh0BPbzE57FI5fR4,"RPMS PI e I 012026 - (AISPPMSCVPI_01_2026, AISPPMSCVI_01_2026)",Femenino,Adultez (29 - 59 años),Bachiller,Área de la salud,COMUNA 14,
1v0nC15GpcAkOvN0VZOFwR3QlkEXLh0BPbzE57FI5fR4,"RPMS PI e I 012026 - (AISPPMSCVPI_01_2026, AISPPMSCVI_01_2026)",Femenino,Adultez (29 - 59 años),Postgrado,Área de la salud,,
1v0nC15GpcAkOvN0VZOFwR3QlkEXLh0BPbzE57FI5fR4,"RPMS PI e I 012026 - (AISPPMSCVPI_01_2026, AISPPMSCVI_01_2026)",Femenino,Juventud (18 - 28 años),Postgrado,Área de la salud,,
1v0nC15GpcAkOvN0VZOFwR3QlkEXLh0BPbzE57FI5fR4,"RPMS PI e I 012026 - (AISPPMSCVPI_01_2026, AISPPMSCVI_01_2026)",Femenino,Adultez (29 - 59 años),Bachiller,Área de la salud,COMUNA 11,
1v0nC15GpcAkOvN0VZOFwR3QlkEXLh0BPbzE57FI5fR4,"RPMS PI e I 012026 - (AISPPMSCVPI_01_2026, AISPPMSCVI_01_2026)",Femenino,Adultez (29 - 59 años),Postgrado,Área de la salud,COMUNA 17,
1v0nC15GpcAkOvN0VZOFwR3QlkEXLh0BPbzE57FI5fR4,"RPMS PI e I 012026 - (AISPPMSCVPI_01_2026, AISPPMSCVI_01_2026)",Femenino,Juventud (18 - 28 años),Pregrado,Área de la salud,,
1v0nC15GpcAkOvN0VZOFwR3QlkEXLh0BPbzE57FI5fR4,"RPMS PI e I 012026 - (AISPPMSCVPI_01_2026, AISPPMSCVI_01_2026)",Femenino,Adultez (29 - 59 años),Pregrado,Área de la salud,,
1v0nC15GpcAkOvN0VZOFwR3QlkEXLh0BPbzE57FI5fR4,"RPMS PI e I 012026 - (AISPPMSCVPI_01_2026, AISPPMSCVI_01_2026)",Femenino,Juventud (18 - 28 años),Pregrado,Área de la salud,COMUNA 10,
1v0nC15GpcAkOvN0VZOFwR3QlkEXLh0BPbzE57FI5fR4,"RPMS PI e I 012026 - (AISPPMSCVPI_01_2026, AISPPMSCVI_01_2026)",Femenino,Adultez (29 - 59 años),Bachiller,Área de la salud,,
1v0nC15GpcAkOvN0VZOFwR3QlkEXLh0BPbzE57FI5fR4,"RPMS PI e I 012026 - (AISPPMSCVPI_01_2026, AISPPMSCVI_01_2026)",Masculino,Adultez (29 - 59 años),Pregrado,Área de la salud,COMUNA 8,
1v0nC15GpcAkOvN0VZOFwR3QlkEXLh0BPbzE57FI5fR4,"RPMS PI e I 012026 - (AISPPMSCVPI_01_2026, AISPPMSCVI_01_2026)",Femenino,Adultez (29 - 59 años),Pregrado,Área de la salud,,
1v0nC15GpcAkOvN0VZOFwR3QlkEXLh0BPbzE57FI5fR4,"RPMS PI e I 012026 - (AISPPMSCVPI_01_2026, AISPPMSCVI_01_2026)",Femenino,Juventud (18 - 28 años),Pregrado,Área de la salud,COMUNA 4,
1v0nC15GpcAkOvN0VZOFwR3QlkEXLh0BPbzE57FI5fR4,"RPMS PI e I 012026 - (AISPPMSCVPI_01_2026, AISPPMSCVI_01_2026)",Femenino,Adultez (29 - 59 años),Pregrado,Área de la salud,COMUNA 5,
1v0nC15GpcAkOvN0VZOFwR3QlkEXLh0BPbzE57FI5fR4,"RPMS PI e I 012026 - (AISPPMSCVPI_01_2026, AISPPMSCVI_01_2026)",Femenino,Juventud (18 - 28 años),Pregrado,Área de la salud,COMUNA 2,
1v0nC15GpcAkOvN0VZOFwR3QlkEXLh0BPbzE57FI5fR4,"RPMS PI e I 012026 - (AISPPMSCVPI_01_2026, AISPPMSCVI_01_2026)",Masculino,Juventud (18 - 28 años),Pregrado,Área de la salud,,
1v0nC15GpcAkOvN0VZOFwR3QlkEXLh0BPbzE57FI5fR4,"RPMS PI e I 012026 - (AISPPMSCVPI_01_2026, AISPPMSCVI_01_2026)",Femenino,Adultez (29 - 59 años),Postgrado,Área de la salud,,
1v0nC15GpcAkOvN0VZOFwR3QlkEXLh0BPbzE57FI5fR4,"RPMS PI e I 012026 - (AISPPMSCVPI_01_2026, AISPPMSCVI_01_2026)",Femenino,Juventud (18 - 28 años),Bachiller,Área de la salud,,
1v0nC15GpcAkOvN0VZOFwR3QlkEXLh0BPbzE57FI5fR4,"RPMS PI e I 012026 - (AISPPMSCVPI_01_2026, AISPPMSCVI_01_2026)",Femenino,Adultez (29 - 59 años),Pregrado,Área de la salud,,
1v0nC15GpcAkOvN0VZOFwR3QlkEXLh0BPbzE57FI5fR4,"RPMS PI e I 012026 - (AISPPMSCVPI_01_2026, AISPPMSCVI_01_2026)",Femenino,Juventud (18 - 28 años),Pregrado,Área de la salud,,
1v0nC15GpcAkOvN0VZOFwR3QlkEXLh0BPbzE57FI5fR4,"RPMS PI e I 012026 - (AISPPMSCVPI_01_2026, AISPPMSCVI_01_2026)",Femenino,Adultez (29 - 59 años),Bachiller,Área de la salud,COMUNA 7,
1v0nC15GpcAkOvN0VZOFwR3QlkEXLh0BPbzE57FI5fR4,"RPMS PI e I 012026 - (AISPPMSCVPI_01_2026, AISPPMSCVI_01_2026)",Femenino,Juventud (18 - 28 años),Pregrado,Área de la salud,,
1v0nC15GpcAkOvN0VZOFwR3QlkEXLh0BPbzE57FI5fR4,"RPMS PI e I 012026 - (AISPPMSCVPI_01_2026, AISPPMSCVI_01_2026)",Femenino,Adultez (29 - 59 años),Pregrado,Área de la salud,,
1v0nC15GpcAkOvN0VZOFwR3QlkEXLh0BPbzE57FI5fR4,"RPMS PI e I 012026 - (AISPPMSCVPI_01_2026, AISPPMSCVI_01_2026)",Femenino,Juventud (18 - 28 años),Bachiller,Área de la salud,,
1v0nC15GpcAkOvN0VZOFwR3QlkEXLh0BPbzE57FI5fR4,"RPMS PI e I 012026 - (AISPPMSCVPI_01_2026, AISPPMSCVI_01_2026)",Femenino,Adultez (29 - 59 años),Pregrado,Área de la salud,,
1v0nC15GpcAkOvN0VZOFwR3QlkEXLh0BPbzE57FI5fR4,"RPMS PI e I 012026 - (AISPPMSCVPI_01_2026, AISPPMSCVI_01_2026)",Femenino,Adultez (29 - 59 años),Pregrado,Área de la salud,,
1v0nC15GpcAkOvN0VZOFwR3QlkEXLh0BPbzE57FI5fR4,"RPMS PI e I 012026 - (AISPPMSCVPI_01_2026, AISPPMSCVI_01_2026)",Femenino,Adultez (29 - 59 años),Pregrado,Área de la salud,,
1v0nC15GpcAkOvN0VZOFwR3QlkEXLh0BPbzE57FI5fR4,"RPMS PI e I 012026 - (AISPPMSCVPI_01_2026, AISPPMSCVI_01_2026)",Femenino,Adultez (29 - 59 años),Postgrado,Área de la salud,,
1v0nC15GpcAkOvN0VZOFwR3QlkEXLh0BPbzE57FI5fR4,"RPMS PI e I 012026 - (AISPPMSCVPI_01_2026, AISPPMSCVI_01_2026)",Femenino,Juventud (18 - 28 años),Pregrado,Área de la salud,,
1v0nC15GpcAkOvN0VZOFwR3QlkEXLh0BPbzE57FI5fR4,"RPMS PI e I 012026 - (AISPPMSCVPI_01_2026, AISPPMSCVI_01_2026)",Femenino,Adultez (29 - 59 años),Bachiller,Área de la salud,,
1v0nC15GpcAkOvN0VZOFwR3QlkEXLh0BPbzE57FI5fR4,"RPMS PI e I 012026 - (AISPPMSCVPI_01_2026, AISPPMSCVI_01_2026)",Femenino,Juventud (18 - 28 años),Pregrado,Área de la salud,COMUNA 11,
1v0nC15GpcAkOvN0VZOFwR3QlkEXLh0BPbzE57FI5fR4,"RPMS PI e I 012026 - (AISPPMSCVPI_01_2026, AISPPMSCVI_01_2026)",Femenino,Juventud (18 - 28 años),Bachiller,Área de la salud,,
1v0nC15GpcAkOvN0VZOFwR3QlkEXLh0BPbzE57FI5fR4,"RPMS PI e I 012026 - (AISPPMSCVPI_01_2026, AISPPMSCVI_01_2026)",Femenino,Adultez (29 - 59 años),Postgrado,Área de la salud,,
1v0nC15GpcAkOvN0VZOFwR3QlkEXLh0BPbzE57FI5fR4,"RPMS PI e I 012026 - (AISPPMSCVPI_01_2026, AISPPMSCVI_01_2026)",Masculino,Adultez (29 - 59 años),Pregrado,Área de la salud,,
1v0nC15GpcAkOvN0VZOFwR3QlkEXLh0BPbzE57FI5fR4,"RPMS PI e I 012026 - (AISPPMSCVPI_01_2026, AISPPMSCVI_01_2026)",Femenino,Adultez (29 - 59 años),Pregrado,Área de la salud,,
1v0nC15GpcAkOvN0VZOFwR3QlkEXLh0BPbzE57FI5fR4,"RPMS PI e I 012026 - (AISPPMSCVPI_01_2026, AISPPMSCVI_01_2026)",Femenino,Adultez (29 - 59 años),Pregrado,Área de la salud,,
1v0nC15GpcAkOvN0VZOFwR3QlkEXLh0BPbzE57FI5fR4,"RPMS PI e I 012026 - (AISPPMSCVPI_01_2026, AISPPMSCVI_01_2026)",Femenino,Adultez (29 - 59 años),Postgrado,Área de la salud,COMUNA 22,
1v0nC15GpcAkOvN0VZOFwR3QlkEXLh0BPbzE57FI5fR4,"RPMS PI e I 012026 - (AISPPMSCVPI_01_2026, AISPPMSCVI_01_2026)",Femenino,Adultez (29 - 59 años),Postgrado,Área de la salud,C. DE LA CASTILLA,
1v0nC15GpcAkOvN0VZOFwR3QlkEXLh0BPbzE57FI5fR4,"RPMS PI e I 012026 - (AISPPMSCVPI_01_2026, AISPPMSCVI_01_2026)",Femenino,Adultez (29 - 59 años),Postgrado,Área de la salud,COMUNA 17,
1v0nC15GpcAkOvN0VZOFwR3QlkEXLh0BPbzE57FI5fR4,"RPMS PI e I 012026 - (AISPPMSCVPI_01_2026, AISPPMSCVI_01_2026)",Femenino,Adultez (29 - 59 años),Pregrado,Área de la salud,,
1v0nC15GpcAkOvN0VZOFwR3QlkEXLh0BPbzE57FI5fR4,"RPMS PI e I 012026 - (AISPPMSCVPI_01_2026, AISPPMSCVI_01_2026)",Femenino,Adultez (29 - 59 años),Pregrado,Área de la salud,,
1v0nC15GpcAkOvN0VZOFwR3QlkEXLh0BPbzE57FI5fR4,"RPMS PI e I 012026 - (AISPPMSCVPI_01_2026, AISPPMSCVI_01_2026)",Femenino,Juventud (18 - 28 años),Pregrado,Área de la salud,,
1v0nC15GpcAkOvN0VZOFwR3QlkEXLh0BPbzE57FI5fR4,"RPMS PI e I 012026 - (AISPPMSCVPI_01_2026, AISPPMSCVI_01_2026)",Femenino,Juventud (18 - 28 años),Pregrado,Área de la salud,,
1v0nC15GpcAkOvN0VZOFwR3QlkEXLh0BPbzE57FI5fR4,"RPMS PI e I 012026 - (AISPPMSCVPI_01_2026, AISPPMSCVI_01_2026)",Femenino,Adolescencia (12 - 17 años),Bachiller,Área de la salud,COMUNA 21,
1v0nC15GpcAkOvN0VZOFwR3QlkEXLh0BPbzE57FI5fR4,"RPMS PI e I 012026 - (AISPPMSCVPI_01_2026, AISPPMSCVI_01_2026)",Masculino,Adultez (29 - 59 años),Postgrado,Área de la salud,,
1v0nC15GpcAkOvN0VZOFwR3QlkEXLh0BPbzE57FI5fR4,"RPMS PI e I 012026 - (AISPPMSCVPI_01_2026, AISPPMSCVI_01_2026)",Femenino,Adultez (29 - 59 años),Pregrado,Área de la salud,,
1v0nC15GpcAkOvN0VZOFwR3QlkEXLh0BPbzE57FI5fR4,"RPMS PI e I 012026 - (AISPPMSCVPI_01_2026, AISPPMSCVI_01_2026)",Femenino,Adultez (29 - 59 años),Bachiller,Área de la salud,,
1v0nC15GpcAkOvN0VZOFwR3QlkEXLh0BPbzE57FI5fR4,"RPMS PI e I 012026 - (AISPPMSCVPI_01_2026, AISPPMSCVI_01_2026)",Femenino,Juventud (18 - 28 años),Pregrado,Área de la salud,,
1v0nC15GpcAkOvN0VZOFwR3QlkEXLh0BPbzE57FI5fR4,"RPMS PI e I 012026 - (AISPPMSCVPI_01_2026, AISPPMSCVI_01_2026)",Femenino,Juventud (18 - 28 años),Pregrado,Área de la salud,,
1v0nC15GpcAkOvN0VZOFwR3QlkEXLh0BPbzE57FI5fR4,"RPMS PI e I 012026 - (AISPPMSCVPI_01_2026, AISPPMSCVI_01_2026)",Femenino,Adultez (29 - 59 años),Postgrado,Área de la salud,COMUNA 3,
1v0nC15GpcAkOvN0VZOFwR3QlkEXLh0BPbzE57FI5fR4,"RPMS PI e I 012026 - (AISPPMSCVPI_01_2026, AISPPMSCVI_01_2026)",Femenino,Adultez (29 - 59 años),Postgrado,Área de la salud,COMUNA 10,
1v0nC15GpcAkOvN0VZOFwR3QlkEXLh0BPbzE57FI5fR4,"RPMS PI e I 012026 - (AISPPMSCVPI_01_2026, AISPPMSCVI_01_2026)",Masculino,Adultez (29 - 59 años),Pregrado,Área de la salud,COMUNA 19,
1v0nC15GpcAkOvN0VZOFwR3QlkEXLh0BPbzE57FI5fR4,"RPMS PI e I 012026 - (AISPPMSCVPI_01_2026, AISPPMSCVI_01_2026)",Femenino,Adultez (29 - 59 años),Bachiller,Área de la salud,COMUNA 1,
1v0nC15GpcAkOvN0VZOFwR3QlkEXLh0BPbzE57FI5fR4,"RPMS PI e I 012026 - (AISPPMSCVPI_01_2026, AISPPMSCVI_01_2026)",Femenino,Adultez (29 - 59 años),Pregrado,Área de la salud,COMUNA 2,
1v0nC15GpcAkOvN0VZOFwR3QlkEXLh0BPbzE57FI5fR4,"RPMS PI e I 012026 - (AISPPMSCVPI_01_2026, AISPPMSCVI_01_2026)",Masculino,Adultez (29 - 59 años),Postgrado,Área de la salud,,
1v0nC15GpcAkOvN0VZOFwR3QlkEXLh0BPbzE57FI5fR4,"RPMS PI e I 012026 - (AISPPMSCVPI_01_2026, AISPPMSCVI_01_2026)",Femenino,Juventud (18 - 28 años),Pregrado,Área de la salud,,
1v0nC15GpcAkOvN0VZOFwR3QlkEXLh0BPbzE57FI5fR4,"RPMS PI e I 012026 - (AISPPMSCVPI_01_2026, AISPPMSCVI_01_2026)",Femenino,Juventud (18 - 28 años),Pregrado,Área de la salud,,
1v0nC15GpcAkOvN0VZOFwR3QlkEXLh0BPbzE57FI5fR4,"RPMS PI e I 012026 - (AISPPMSCVPI_01_2026, AISPPMSCVI_01_2026)",Femenino,Adultez (29 - 59 años),Postgrado,Área de la salud,C. DE PANCE,
1v0nC15GpcAkOvN0VZOFwR3QlkEXLh0BPbzE57FI5fR4,"RPMS PI e I 012026 - (AISPPMSCVPI_01_2026, AISPPMSCVI_01_2026)",Femenino,Adultez (29 - 59 años),Bachiller,Área de la salud,,
1v0nC15GpcAkOvN0VZOFwR3QlkEXLh0BPbzE57FI5fR4,"RPMS PI e I 012026 - (AISPPMSCVPI_01_2026, AISPPMSCVI_01_2026)",Femenino,Adultez (29 - 59 años),Pregrado,Área de la salud,COMUNA 1,
1v0nC15GpcAkOvN0VZOFwR3QlkEXLh0BPbzE57FI5fR4,"RPMS PI e I 012026 - (AISPPMSCVPI_01_2026, AISPPMSCVI_01_2026)",Femenino,Juventud (18 - 28 años),Bachiller,Área de la salud,COMUNA 8,
1v0nC15GpcAkOvN0VZOFwR3QlkEXLh0BPbzE57FI5fR4,"RPMS PI e I 012026 - (AISPPMSCVPI_01_2026, AISPPMSCVI_01_2026)",Femenino,Adultez (29 - 59 años),Postgrado,Área de la salud,COMUNA 14,
1v0nC15GpcAkOvN0VZOFwR3QlkEXLh0BPbzE57FI5fR4,"RPMS PI e I 012026 - (AISPPMSCVPI_01_2026, AISPPMSCVI_01_2026)",Femenino,Juventud (18 - 28 años),Bachiller,Área de la salud,COMUNA 10,
1v0nC15GpcAkOvN0VZOFwR3QlkEXLh0BPbzE57FI5fR4,"RPMS PI e I 012026 - (AISPPMSCVPI_01_2026, AISPPMSCVI_01_2026)",Femenino,Juventud (18 - 28 años),Pregrado,Área de la salud,COMUNA 11,
1v0nC15GpcAkOvN0VZOFwR3QlkEXLh0BPbzE57FI5fR4,"RPMS PI e I 012026 - (AISPPMSCVPI_01_2026, AISPPMSCVI_01_2026)",Femenino,Juventud (18 - 28 años),Postgrado,Área de la salud,,
1v0nC15GpcAkOvN0VZOFwR3QlkEXLh0BPbzE57FI5fR4,"RPMS PI e I 012026 - (AISPPMSCVPI_01_2026, AISPPMSCVI_01_2026)",Femenino,Adultez (29 - 59 años),Postgrado,Área de la salud,COMUNA 21,
1v0nC15GpcAkOvN0VZOFwR3QlkEXLh0BPbzE57FI5fR4,"RPMS PI e I 012026 - (AISPPMSCVPI_01_2026, AISPPMSCVI_01_2026)",Femenino,Adultez (29 - 59 años),Pregrado,Área de la salud,,
1v0nC15GpcAkOvN0VZOFwR3QlkEXLh0BPbzE57FI5fR4,"RPMS PI e I 012026 - (AISPPMSCVPI_01_2026, AISPPMSCVI_01_2026)",Masculino,Juventud (18 - 28 años),Pregrado,Otro,,
1v0nC15GpcAkOvN0VZOFwR3QlkEXLh0BPbzE57FI5fR4,"RPMS PI e I 012026 - (AISPPMSCVPI_01_2026, AISPPMSCVI_01_2026)",Femenino,Juventud (18 - 28 años),Postgrado,Área de la salud,,
1v0nC15GpcAkOvN0VZOFwR3QlkEXLh0BPbzE57FI5fR4,"RPMS PI e I 012026 - (AISPPMSCVPI_01_2026, AISPPMSCVI_01_2026)",Femenino,Adultez (29 - 59 años),Postgrado,Área de la salud,,
1v0nC15GpcAkOvN0VZOFwR3QlkEXLh0BPbzE57FI5fR4,"RPMS PI e I 012026 - (AISPPMSCVPI_01_2026, AISPPMSCVI_01_2026)",Femenino,Adultez (29 - 59 años),Pregrado,Área de la salud,COMUNA 4,
1v0nC15GpcAkOvN0VZOFwR3QlkEXLh0BPbzE57FI5fR4,"RPMS PI e I 012026 - (AISPPMSCVPI_01_2026, AISPPMSCVI_01_2026)",Femenino,Juventud (18 - 28 años),Pregrado,Área de la salud,,
1v0nC15GpcAkOvN0VZOFwR3QlkEXLh0BPbzE57FI5fR4,"RPMS PI e I 012026 - (AISPPMSCVPI_01_2026, AISPPMSCVI_01_2026)",Femenino,Adultez (29 - 59 años),Pregrado,Área de la salud,COMUNA 10,
1v0nC15GpcAkOvN0VZOFwR3QlkEXLh0BPbzE57FI5fR4,"RPMS PI e I 012026 - (AISPPMSCVPI_01_2026, AISPPMSCVI_01_2026)",Femenino,Adultez (29 - 59 años),Postgrado,Área de la salud,,
1v0nC15GpcAkOvN0VZOFwR3QlkEXLh0BPbzE57FI5fR4,"RPMS PI e I 012026 - (AISPPMSCVPI_01_2026, AISPPMSCVI_01_2026)",Femenino,Adultez (29 - 59 años),Pregrado,Área de la salud,,
1v0nC15GpcAkOvN0VZOFwR3QlkEXLh0BPbzE57FI5fR4,"RPMS PI e I 012026 - (AISPPMSCVPI_01_2026, AISPPMSCVI_01_2026)",Femenino,Adultez (29 - 59 años),Postgrado,Área de la salud,COMUNA 1,
1v0nC15GpcAkOvN0VZOFwR3QlkEXLh0BPbzE57FI5fR4,"RPMS PI e I 012026 - (AISPPMSCVPI_01_2026, AISPPMSCVI_01_2026)",Femenino,Adultez (29 - 59 años),Pregrado,Área de la salud,COMUNA 1,
1v0nC15GpcAkOvN0VZOFwR3QlkEXLh0BPbzE57FI5fR4,"RPMS PI e I 012026 - (AISPPMSCVPI_01_2026, AISPPMSCVI_01_2026)",Femenino,Adultez (29 - 59 años),Pregrado,Área de la salud,,
1v0nC15GpcAkOvN0VZOFwR3QlkEXLh0BPbzE57FI5fR4,"RPMS PI e I 012026 - (AISPPMSCVPI_01_2026, AISPPMSCVI_01_2026)",Femenino,Adultez (29 - 59 años),Pregrado,Área de la salud,,
1v0nC15GpcAkOvN0VZOFwR3QlkEXLh0BPbzE57FI5fR4,"RPMS PI e I 012026 - (AISPPMSCVPI_01_2026, AISPPMSCVI_01_2026)",Femenino,Adultez (29 - 59 años),Postgrado,Área de la salud,,
1v0nC15GpcAkOvN0VZOFwR3QlkEXLh0BPbzE57FI5fR4,"RPMS PI e I 012026 - (AISPPMSCVPI_01_2026, AISPPMSCVI_01_2026)",Femenino,Adultez (29 - 59 años),Bachiller,Área de la salud,,
1v0nC15GpcAkOvN0VZOFwR3QlkEXLh0BPbzE57FI5fR4,"RPMS PI e I 012026 - (AISPPMSCVPI_01_2026, AISPPMSCVI_01_2026)",Femenino,Juventud (18 - 28 años),Bachiller,Área de la salud,,
1v0nC15GpcAkOvN0VZOFwR3QlkEXLh0BPbzE57FI5fR4,"RPMS PI e I 012026 - (AISPPMSCVPI_01_2026, AISPPMSCVI_01_2026)",Femenino,Adultez (29 - 59 años),Pregrado,Área de la salud,,
1v0nC15GpcAkOvN0VZOFwR3QlkEXLh0BPbzE57FI5fR4,"RPMS PI e I 012026 - (AISPPMSCVPI_01_2026, AISPPMSCVI_01_2026)",Femenino,Adolescencia (12 - 17 años),Postgrado,Área de la salud,,
1v0nC15GpcAkOvN0VZOFwR3QlkEXLh0BPbzE57FI5fR4,"RPMS PI e I 012026 - (AISPPMSCVPI_01_2026, AISPPMSCVI_01_2026)",Femenino,Juventud (18 - 28 años),Postgrado,Área de la salud,,
1v0nC15GpcAkOvN0VZOFwR3QlkEXLh0BPbzE57FI5fR4,"RPMS PI e I 012026 - (AISPPMSCVPI_01_2026, AISPPMSCVI_01_2026)",Femenino,Adultez (29 - 59 años),Postgrado,Área de la salud,,
1v0nC15GpcAkOvN0VZOFwR3QlkEXLh0BPbzE57FI5fR4,"RPMS PI e I 012026 - (AISPPMSCVPI_01_2026, AISPPMSCVI_01_2026)",Femenino,Adultez (29 - 59 años),Pregrado,Área de la salud,,
1v0nC15GpcAkOvN0VZOFwR3QlkEXLh0BPbzE57FI5fR4,"RPMS PI e I 012026 - (AISPPMSCVPI_01_2026, AISPPMSCVI_01_2026)",Femenino,Adolescencia (12 - 17 años),Pregrado,Área de la salud,,
1v0nC15GpcAkOvN0VZOFwR3QlkEXLh0BPbzE57FI5fR4,"RPMS PI e I 012026 - (AISPPMSCVPI_01_2026, AISPPMSCVI_01_2026)",Masculino,Adultez (29 - 59 años),Postgrado,Área de la salud,COMUNA 2,
1v0nC15GpcAkOvN0VZOFwR3QlkEXLh0BPbzE57FI5fR4,"RPMS PI e I 012026 - (AISPPMSCVPI_01_2026, AISPPMSCVI_01_2026)",Femenino,Juventud (18 - 28 años),Bachiller,Área de la salud,,
1v0nC15GpcAkOvN0VZOFwR3QlkEXLh0BPbzE57FI5fR4,"RPMS PI e I 012026 - (AISPPMSCVPI_01_2026, AISPPMSCVI_01_2026)",Femenino,Adultez (29 - 59 años),Bachiller,Área de la salud,COMUNA 2,
1v0nC15GpcAkOvN0VZOFwR3QlkEXLh0BPbzE57FI5fR4,"RPMS PI e I 012026 - (AISPPMSCVPI_01_2026, AISPPMSCVI_01_2026)",Femenino,Adultez (29 - 59 años),Pregrado,Área de la salud,,
1v0nC15GpcAkOvN0VZOFwR3QlkEXLh0BPbzE57FI5fR4,"RPMS PI e I 012026 - (AISPPMSCVPI_01_2026, AISPPMSCVI_01_2026)",Femenino,Adultez (29 - 59 años),Pregrado,Área de la salud,,
1v0nC15GpcAkOvN0VZOFwR3QlkEXLh0BPbzE57FI5fR4,"RPMS PI e I 012026 - (AISPPMSCVPI_01_2026, AISPPMSCVI_01_2026)",Femenino,Juventud (18 - 28 años),Pregrado,Área de la salud,COMUNA 16,
1v0nC15GpcAkOvN0VZOFwR3QlkEXLh0BPbzE57FI5fR4,"RPMS PI e I 012026 - (AISPPMSCVPI_01_2026, AISPPMSCVI_01_2026)",Femenino,Adultez (29 - 59 años),Pregrado,Área de la salud,,
1v0nC15GpcAkOvN0VZOFwR3QlkEXLh0BPbzE57FI5fR4,"RPMS PI e I 012026 - (AISPPMSCVPI_01_2026, AISPPMSCVI_01_2026)",Masculino,Adultez (29 - 59 años),Postgrado,Área de la salud,COMUNA 4,
1v0nC15GpcAkOvN0VZOFwR3QlkEXLh0BPbzE57FI5fR4,"RPMS PI e I 012026 - (AISPPMSCVPI_01_2026, AISPPMSCVI_01_2026)",Femenino,Juventud (18 - 28 años),Pregrado,Área de la salud,,
1v0nC15GpcAkOvN0VZOFwR3QlkEXLh0BPbzE57FI5fR4,"RPMS PI e I 012026 - (AISPPMSCVPI_01_2026, AISPPMSCVI_01_2026)",Femenino,Adultez (29 - 59 años),Pregrado,Área de la salud,,
1v0nC15GpcAkOvN0VZOFwR3QlkEXLh0BPbzE57FI5fR4,"RPMS PI e I 012026 - (AISPPMSCVPI_01_2026, AISPPMSCVI_01_2026)",Femenino,Juventud (18 - 28 años),Pregrado,Área de la salud,COMUNA 17,
1v0nC15GpcAkOvN0VZOFwR3QlkEXLh0BPbzE57FI5fR4,"RPMS PI e I 012026 - (AISPPMSCVPI_01_2026, AISPPMSCVI_01_2026)",Femenino,Adultez (29 - 59 años),Pregrado,Área de la salud,,
1v0nC15GpcAkOvN0VZOFwR3QlkEXLh0BPbzE57FI5fR4,"RPMS PI e I 012026 - (AISPPMSCVPI_01_2026, AISPPMSCVI_01_2026)",Masculino,Adultez (29 - 59 años),Pregrado,Área de la salud,,
1v0nC15GpcAkOvN0VZOFwR3QlkEXLh0BPbzE57FI5fR4,"RPMS PI e I 012026 - (AISPPMSCVPI_01_2026, AISPPMSCVI_01_2026)",Femenino,Adultez (29 - 59 años),Pregrado,Área de la salud,COMUNA 1,
1v0nC15GpcAkOvN0VZOFwR3QlkEXLh0BPbzE57FI5fR4,"RPMS PI e I 012026 - (AISPPMSCVPI_01_2026, AISPPMSCVI_01_2026)",Femenino,Adultez (29 - 59 años),Postgrado,Área de la salud,,
1v0nC15GpcAkOvN0VZOFwR3QlkEXLh0BPbzE57FI5fR4,"RPMS PI e I 012026 - (AISPPMSCVPI_01_2026, AISPPMSCVI_01_2026)",Femenino,Adultez (29 - 59 años),Pregrado,Área de la salud,,
1v0nC15GpcAkOvN0VZOFwR3QlkEXLh0BPbzE57FI5fR4,"RPMS PI e I 012026 - (AISPPMSCVPI_01_2026, AISPPMSCVI_01_2026)",Femenino,Juventud (18 - 28 años),Bachiller,Área de la salud,,
1v0nC15GpcAkOvN0VZOFwR3QlkEXLh0BPbzE57FI5fR4,"RPMS PI e I 012026 - (AISPPMSCVPI_01_2026, AISPPMSCVI_01_2026)",Femenino,Adultez (29 - 59 años),Bachiller,Área de la salud,,
1v0nC15GpcAkOvN0VZOFwR3QlkEXLh0BPbzE57FI5fR4,"RPMS PI e I 012026 - (AISPPMSCVPI_01_2026, AISPPMSCVI_01_2026)",Femenino,Adultez (29 - 59 años),Postgrado,Área de la salud,COMUNA 17,
1v0nC15GpcAkOvN0VZOFwR3QlkEXLh0BPbzE57FI5fR4,"RPMS PI e I 012026 - (AISPPMSCVPI_01_2026, AISPPMSCVI_01_2026)",Femenino,Adultez (29 - 59 años),Postgrado,Área de la salud,COMUNA 18,
1v0nC15GpcAkOvN0VZOFwR3QlkEXLh0BPbzE57FI5fR4,"RPMS PI e I 012026 - (AISPPMSCVPI_01_2026, AISPPMSCVI_01_2026)",Femenino,Juventud (18 - 28 años),Postgrado,Área de la salud,,
1v0nC15GpcAkOvN0VZOFwR3QlkEXLh0BPbzE57FI5fR4,"RPMS PI e I 012026 - (AISPPMSCVPI_01_2026, AISPPMSCVI_01_2026)",Masculino,Adultez (29 - 59 años),Pregrado,Área de la salud,,
1v0nC15GpcAkOvN0VZOFwR3QlkEXLh0BPbzE57FI5fR4,"RPMS PI e I 012026 - (AISPPMSCVPI_01_2026, AISPPMSCVI_01_2026)",Femenino,Juventud (18 - 28 años),Pregrado,Área de la salud,,
1v0nC15GpcAkOvN0VZOFwR3QlkEXLh0BPbzE57FI5fR4,"RPMS PI e I 012026 - (AISPPMSCVPI_01_2026, AISPPMSCVI_01_2026)",Femenino,Adultez (29 - 59 años),Pregrado,Área de la salud,C. DE LA BUITRERA,
1v0nC15GpcAkOvN0VZOFwR3QlkEXLh0BPbzE57FI5fR4,"RPMS PI e I 012026 - (AISPPMSCVPI_01_2026, AISPPMSCVI_01_2026)",Femenino,Juventud (18 - 28 años),Bachiller,Área de la salud,,
1v0nC15GpcAkOvN0VZOFwR3QlkEXLh0BPbzE57FI5fR4,"RPMS PI e I 012026 - (AISPPMSCVPI_01_2026, AISPPMSCVI_01_2026)",Femenino,Adultez (29 - 59 años),Pregrado,Área de la salud,COMUNA 12,
1v0nC15GpcAkOvN0VZOFwR3QlkEXLh0BPbzE57FI5fR4,"RPMS PI e I 012026 - (AISPPMSCVPI_01_2026, AISPPMSCVI_01_2026)",Femenino,Adultez (29 - 59 años),Pregrado,Área de la salud,,
1v0nC15GpcAkOvN0VZOFwR3QlkEXLh0BPbzE57FI5fR4,"RPMS PI e I 012026 - (AISPPMSCVPI_01_2026, AISPPMSCVI_01_2026)",Femenino,Adultez (29 - 59 años),Pregrado,Área de la salud,,
1v0nC15GpcAkOvN0VZOFwR3QlkEXLh0BPbzE57FI5fR4,"RPMS PI e I 012026 - (AISPPMSCVPI_01_2026, AISPPMSCVI_01_2026)",Femenino,Adultez (29 - 59 años),Pregrado,Otro,,
1v0nC15GpcAkOvN0VZOFwR3QlkEXLh0BPbzE57FI5fR4,"RPMS PI e I 012026 - (AISPPMSCVPI_01_2026, AISPPMSCVI_01_2026)",Femenino,Adultez (29 - 59 años),Ninguna,Área de la salud,,
1v0nC15GpcAkOvN0VZOFwR3QlkEXLh0BPbzE57FI5fR4,"RPMS PI e I 012026 - (AISPPMSCVPI_01_2026, AISPPMSCVI_01_2026)",Femenino,Adultez (29 - 59 años),Pregrado,Área de la salud,,
1v0nC15GpcAkOvN0VZOFwR3QlkEXLh0BPbzE57FI5fR4,"RPMS PI e I 012026 - (AISPPMSCVPI_01_2026, AISPPMSCVI_01_2026)",Femenino,Adultez (29 - 59 años),Pregrado,Área de la salud,COMUNA 1,
1v0nC15GpcAkOvN0VZOFwR3QlkEXLh0BPbzE57FI5fR4,"RPMS PI e I 012026 - (AISPPMSCVPI_01_2026, AISPPMSCVI_01_2026)",Femenino,Adultez (29 - 59 años),Pregrado,Área de la salud,,
1v0nC15GpcAkOvN0VZOFwR3QlkEXLh0BPbzE57FI5fR4,"RPMS PI e I 012026 - (AISPPMSCVPI_01_2026, AISPPMSCVI_01_2026)",Femenino,Adultez (29 - 59 años),Postgrado,Área de la salud,,
1v0nC15GpcAkOvN0VZOFwR3QlkEXLh0BPbzE57FI5fR4,"RPMS PI e I 012026 - (AISPPMSCVPI_01_2026, AISPPMSCVI_01_2026)",Femenino,Juventud (18 - 28 años),Pregrado,Área de la salud,,
1v0nC15GpcAkOvN0VZOFwR3QlkEXLh0BPbzE57FI5fR4,"RPMS PI e I 012026 - (AISPPMSCVPI_01_2026, AISPPMSCVI_01_2026)",Femenino,Adultez (29 - 59 años),Pregrado,Área de la salud,,
1v0nC15GpcAkOvN0VZOFwR3QlkEXLh0BPbzE57FI5fR4,"RPMS PI e I 012026 - (AISPPMSCVPI_01_2026, AISPPMSCVI_01_2026)",Femenino,Adolescencia (12 - 17 años),Pregrado,Área de la salud,,
1v0nC15GpcAkOvN0VZOFwR3QlkEXLh0BPbzE57FI5fR4,"RPMS PI e I 012026 - (AISPPMSCVPI_01_2026, AISPPMSCVI_01_2026)",Femenino,Adultez (29 - 59 años),Pregrado,Área de la salud,,
1v0nC15GpcAkOvN0VZOFwR3QlkEXLh0BPbzE57FI5fR4,"RPMS PI e I 012026 - (AISPPMSCVPI_01_2026, AISPPMSCVI_01_2026)",Femenino,Adultez (29 - 59 años),Postgrado,Área de la salud,COMUNA 5,
1v0nC15GpcAkOvN0VZOFwR3QlkEXLh0BPbzE57FI5fR4,"RPMS PI e I 012026 - (AISPPMSCVPI_01_2026, AISPPMSCVI_01_2026)",Femenino,Adultez (29 - 59 años),Pregrado,Área de la salud,,
1v0nC15GpcAkOvN0VZOFwR3QlkEXLh0BPbzE57FI5fR4,"RPMS PI e I 012026 - (AISPPMSCVPI_01_2026, AISPPMSCVI_01_2026)",Femenino,Juventud (18 - 28 años),Pregrado,Área de la salud,COMUNA 8,
1v0nC15GpcAkOvN0VZOFwR3QlkEXLh0BPbzE57FI5fR4,"RPMS PI e I 012026 - (AISPPMSCVPI_01_2026, AISPPMSCVI_01_2026)",Femenino,Juventud (18 - 28 años),Bachiller,Área de la salud,COMUNA 1,
1v0nC15GpcAkOvN0VZOFwR3QlkEXLh0BPbzE57FI5fR4,"RPMS PI e I 012026 - (AISPPMSCVPI_01_2026, AISPPMSCVI_01_2026)",Masculino,Adultez (29 - 59 años),Pregrado,Área de la salud,,
1v0nC15GpcAkOvN0VZOFwR3QlkEXLh0BPbzE57FI5fR4,"RPMS PI e I 012026 - (AISPPMSCVPI_01_2026, AISPPMSCVI_01_2026)",Masculino,Adultez (29 - 59 años),Postgrado,Área de la salud,,
1v0nC15GpcAkOvN0VZOFwR3QlkEXLh0BPbzE57FI5fR4,"RPMS PI e I 012026 - (AISPPMSCVPI_01_2026, AISPPMSCVI_01_2026)",Femenino,Adultez (29 - 59 años),Pregrado,Área de la salud,,
1v0nC15GpcAkOvN0VZOFwR3QlkEXLh0BPbzE57FI5fR4,"RPMS PI e I 012026 - (AISPPMSCVPI_01_2026, AISPPMSCVI_01_2026)",Femenino,Adultez (29 - 59 años),Bachiller,Área de la salud,,
1v0nC15GpcAkOvN0VZOFwR3QlkEXLh0BPbzE57FI5fR4,"RPMS PI e I 012026 - (AISPPMSCVPI_01_2026, AISPPMSCVI_01_2026)",Femenino,Juventud (18 - 28 años),Pregrado,Área de la salud,,
1v0nC15GpcAkOvN0VZOFwR3QlkEXLh0BPbzE57FI5fR4,"RPMS PI e I 012026 - (AISPPMSCVPI_01_2026, AISPPMSCVI_01_2026)",Femenino,Adultez (29 - 59 años),Postgrado,Área de la salud,,
1v0nC15GpcAkOvN0VZOFwR3QlkEXLh0BPbzE57FI5fR4,"RPMS PI e I 012026 - (AISPPMSCVPI_01_2026, AISPPMSCVI_01_2026)",Femenino,Juventud (18 - 28 años),Pregrado,Área de la salud,,
1v0nC15GpcAkOvN0VZOFwR3QlkEXLh0BPbzE57FI5fR4,"RPMS PI e I 012026 - (AISPPMSCVPI_01_2026, AISPPMSCVI_01_2026)",Femenino,Juventud (18 - 28 años),Pregrado,Área de la salud,,
1v0nC15GpcAkOvN0VZOFwR3QlkEXLh0BPbzE57FI5fR4,"RPMS PI e I 012026 - (AISPPMSCVPI_01_2026, AISPPMSCVI_01_2026)",Femenino,Adultez (29 - 59 años),Pregrado,Área de la salud,,
1v0nC15GpcAkOvN0VZOFwR3QlkEXLh0BPbzE57FI5fR4,"RPMS PI e I 012026 - (AISPPMSCVPI_01_2026, AISPPMSCVI_01_2026)",Femenino,Adultez (29 - 59 años),Bachiller,Área de la salud,,
1v0nC15GpcAkOvN0VZOFwR3QlkEXLh0BPbzE57FI5fR4,"RPMS PI e I 012026 - (AISPPMSCVPI_01_2026, AISPPMSCVI_01_2026)",Femenino,Adultez (29 - 59 años),Pregrado,Área de la salud,,
1v0nC15GpcAkOvN0VZOFwR3QlkEXLh0BPbzE57FI5fR4,"RPMS PI e I 012026 - (AISPPMSCVPI_01_2026, AISPPMSCVI_01_2026)",Femenino,Adultez (29 - 59 años),Pregrado,Área de la salud,COMUNA 13,
1v0nC15GpcAkOvN0VZOFwR3QlkEXLh0BPbzE57FI5fR4,"RPMS PI e I 012026 - (AISPPMSCVPI_01_2026, AISPPMSCVI_01_2026)",Femenino,Adultez (29 - 59 años),Pregrado,Área de la salud,COMUNA 21,
1v0nC15GpcAkOvN0VZOFwR3QlkEXLh0BPbzE57FI5fR4,"RPMS PI e I 012026 - (AISPPMSCVPI_01_2026, AISPPMSCVI_01_2026)",Femenino,Adolescencia (12 - 17 años),Ninguna,Área de la salud,COMUNA 1,
1v0nC15GpcAkOvN0VZOFwR3QlkEXLh0BPbzE57FI5fR4,"RPMS PI e I 012026 - (AISPPMSCVPI_01_2026, AISPPMSCVI_01_2026)",Femenino,Adultez (29 - 59 años),Bachiller,Área de la salud,,
1v0nC15GpcAkOvN0VZOFwR3QlkEXLh0BPbzE57FI5fR4,"RPMS PI e I 012026 - (AISPPMSCVPI_01_2026, AISPPMSCVI_01_2026)",Femenino,Adultez (29 - 59 años),Pregrado,Área de la salud,C. DE LA BUITRERA,
1v0nC15GpcAkOvN0VZOFwR3QlkEXLh0BPbzE57FI5fR4,"RPMS PI e I 012026 - (AISPPMSCVPI_01_2026, AISPPMSCVI_01_2026)",Femenino,Adultez (29 - 59 años),Postgrado,Área de la salud,COMUNA 6,
1v0nC15GpcAkOvN0VZOFwR3QlkEXLh0BPbzE57FI5fR4,"RPMS PI e I 012026 - (AISPPMSCVPI_01_2026, AISPPMSCVI_01_2026)",Femenino,Adultez (29 - 59 años),Pregrado,Área de la salud,,
1v0nC15GpcAkOvN0VZOFwR3QlkEXLh0BPbzE57FI5fR4,"RPMS PI e I 012026 - (AISPPMSCVPI_01_2026, AISPPMSCVI_01_2026)",Femenino,Adultez (29 - 59 años),Postgrado,Área de la salud,COMUNA 8,
1v0nC15GpcAkOvN0VZOFwR3QlkEXLh0BPbzE57FI5fR4,"RPMS PI e I 012026 - (AISPPMSCVPI_01_2026, AISPPMSCVI_01_2026)",Femenino,Adolescencia (12 - 17 años),Bachiller,Área de la salud,,
1v0nC15GpcAkOvN0VZOFwR3QlkEXLh0BPbzE57FI5fR4,"RPMS PI e I 012026 - (AISPPMSCVPI_01_2026, AISPPMSCVI_01_2026)",Femenino,Juventud (18 - 28 años),Postgrado,Área de la salud,COMUNA 4,
1v0nC15GpcAkOvN0VZOFwR3QlkEXLh0BPbzE57FI5fR4,"RPMS PI e I 012026 - (AISPPMSCVPI_01_2026, AISPPMSCVI_01_2026)",Femenino,Adultez (29 - 59 años),Pregrado,Área de la salud,,
1v0nC15GpcAkOvN0VZOFwR3QlkEXLh0BPbzE57FI5fR4,"RPMS PI e I 012026 - (AISPPMSCVPI_01_2026, AISPPMSCVI_01_2026)",Masculino,Adultez (29 - 59 años),Pregrado,Área de la salud,,
1v0nC15GpcAkOvN0VZOFwR3QlkEXLh0BPbzE57FI5fR4,"RPMS PI e I 012026 - (AISPPMSCVPI_01_2026, AISPPMSCVI_01_2026)",Femenino,Juventud (18 - 28 años),Pregrado,Área de la salud,COMUNA 16,
1v0nC15GpcAkOvN0VZOFwR3QlkEXLh0BPbzE57FI5fR4,"RPMS PI e I 012026 - (AISPPMSCVPI_01_2026, AISPPMSCVI_01_2026)",Femenino,Adultez (29 - 59 años),Pregrado,Área de la salud,,
1v0nC15GpcAkOvN0VZOFwR3QlkEXLh0BPbzE57FI5fR4,"RPMS PI e I 012026 - (AISPPMSCVPI_01_2026, AISPPMSCVI_01_2026)",Femenino,Adultez (29 - 59 años),Bachiller,Área de la salud,,
1v0nC15GpcAkOvN0VZOFwR3QlkEXLh0BPbzE57FI5fR4,"RPMS PI e I 012026 - (AISPPMSCVPI_01_2026, AISPPMSCVI_01_2026)",Masculino,Juventud (18 - 28 años),Pregrado,Otro,,
1v0nC15GpcAkOvN0VZOFwR3QlkEXLh0BPbzE57FI5fR4,"RPMS PI e I 012026 - (AISPPMSCVPI_01_2026, AISPPMSCVI_01_2026)",Femenino,Adultez (29 - 59 años),Pregrado,Área de la salud,COMUNA 1,
1v0nC15GpcAkOvN0VZOFwR3QlkEXLh0BPbzE57FI5fR4,"RPMS PI e I 012026 - (AISPPMSCVPI_01_2026, AISPPMSCVI_01_2026)",Femenino,Adultez (29 - 59 años),Postgrado,Área de la salud,,
1v0nC15GpcAkOvN0VZOFwR3QlkEXLh0BPbzE57FI5fR4,"RPMS PI e I 012026 - (AISPPMSCVPI_01_2026, AISPPMSCVI_01_2026)",Femenino,Juventud (18 - 28 años),Pregrado,Área de la salud,,
1v0nC15GpcAkOvN0VZOFwR3QlkEXLh0BPbzE57FI5fR4,"RPMS PI e I 012026 - (AISPPMSCVPI_01_2026, AISPPMSCVI_01_2026)",Femenino,Adultez (29 - 59 años),Postgrado,Área de la salud,COMUNA 19,
1v0nC15GpcAkOvN0VZOFwR3QlkEXLh0BPbzE57FI5fR4,"RPMS PI e I 012026 - (AISPPMSCVPI_01_2026, AISPPMSCVI_01_2026)",Femenino,Adultez (29 - 59 años),Bachiller,Área de la salud,COMUNA 18,
1v0nC15GpcAkOvN0VZOFwR3QlkEXLh0BPbzE57FI5fR4,"RPMS PI e I 012026 - (AISPPMSCVPI_01_2026, AISPPMSCVI_01_2026)",Masculino,Adultez (29 - 59 años),Pregrado,Área de la salud,,
1v0nC15GpcAkOvN0VZOFwR3QlkEXLh0BPbzE57FI5fR4,"RPMS PI e I 012026 - (AISPPMSCVPI_01_2026, AISPPMSCVI_01_2026)",Femenino,Adolescencia (12 - 17 años),Pregrado,Área de la salud,,
1v0nC15GpcAkOvN0VZOFwR3QlkEXLh0BPbzE57FI5fR4,"RPMS PI e I 012026 - (AISPPMSCVPI_01_2026, AISPPMSCVI_01_2026)",Femenino,Adultez (29 - 59 años),Postgrado,Área de la salud,,
1v0nC15GpcAkOvN0VZOFwR3QlkEXLh0BPbzE57FI5fR4,"RPMS PI e I 012026 - (AISPPMSCVPI_01_2026, AISPPMSCVI_01_2026)",Femenino,Adolescencia (12 - 17 años),Pregrado,Área de la salud,,
1v0nC15GpcAkOvN0VZOFwR3QlkEXLh0BPbzE57FI5fR4,"RPMS PI e I 012026 - (AISPPMSCVPI_01_2026, AISPPMSCVI_01_2026)",Femenino,Adultez (29 - 59 años),Postgrado,Área de la salud,,
1v0nC15GpcAkOvN0VZOFwR3QlkEXLh0BPbzE57FI5fR4,"RPMS PI e I 012026 - (AISPPMSCVPI_01_2026, AISPPMSCVI_01_2026)",Femenino,Adultez (29 - 59 años),Bachiller,Área de la salud,,
1v0nC15GpcAkOvN0VZOFwR3QlkEXLh0BPbzE57FI5fR4,"RPMS PI e I 012026 - (AISPPMSCVPI_01_2026, AISPPMSCVI_01_2026)",Masculino,Juventud (18 - 28 años),Pregrado,Área de la salud,COMUNA 8,
1v0nC15GpcAkOvN0VZOFwR3QlkEXLh0BPbzE57FI5fR4,"RPMS PI e I 012026 - (AISPPMSCVPI_01_2026, AISPPMSCVI_01_2026)",Femenino,Adolescencia (12 - 17 años),Pregrado,Otro,,
1v0nC15GpcAkOvN0VZOFwR3QlkEXLh0BPbzE57FI5fR4,"RPMS PI e I 012026 - (AISPPMSCVPI_01_2026, AISPPMSCVI_01_2026)",Femenino,Juventud (18 - 28 años),Bachiller,Área de la salud,,
1v0nC15GpcAkOvN0VZOFwR3QlkEXLh0BPbzE57FI5fR4,"RPMS PI e I 012026 - (AISPPMSCVPI_01_2026, AISPPMSCVI_01_2026)",Femenino,Adultez (29 - 59 años),Postgrado,Área de la salud,COMUNA 16,
1v0nC15GpcAkOvN0VZOFwR3QlkEXLh0BPbzE57FI5fR4,"RPMS PI e I 012026 - (AISPPMSCVPI_01_2026, AISPPMSCVI_01_2026)",Masculino,Vejez (60 años o más),Postgrado,Área de la salud,,
1v0nC15GpcAkOvN0VZOFwR3QlkEXLh0BPbzE57FI5fR4,"RPMS PI e I 012026 - (AISPPMSCVPI_01_2026, AISPPMSCVI_01_2026)",Femenino,Adultez (29 - 59 años),Pregrado,Área de la salud,,
1v0nC15GpcAkOvN0VZOFwR3QlkEXLh0BPbzE57FI5fR4,"RPMS PI e I 012026 - (AISPPMSCVPI_01_2026, AISPPMSCVI_01_2026)",Femenino,Juventud (18 - 28 años),Pregrado,Área de la salud,,
1v0nC15GpcAkOvN0VZOFwR3QlkEXLh0BPbzE57FI5fR4,"RPMS PI e I 012026 - (AISPPMSCVPI_01_2026, AISPPMSCVI_01_2026)",Femenino,Adultez (29 - 59 años),Bachiller,Área de la salud,,
1v0nC15GpcAkOvN0VZOFwR3QlkEXLh0BPbzE57FI5fR4,"RPMS PI e I 012026 - (AISPPMSCVPI_01_2026, AISPPMSCVI_01_2026)",Femenino,Adultez (29 - 59 años),Bachiller,Área de la salud,,
1v0nC15GpcAkOvN0VZOFwR3QlkEXLh0BPbzE57FI5fR4,"RPMS PI e I 012026 - (AISPPMSCVPI_01_2026, AISPPMSCVI_01_2026)",Femenino,Adultez (29 - 59 años),Postgrado,Área de la salud,,
1v0nC15GpcAkOvN0VZOFwR3QlkEXLh0BPbzE57FI5fR4,"RPMS PI e I 012026 - (AISPPMSCVPI_01_2026, AISPPMSCVI_01_2026)",Femenino,Adultez (29 - 59 años),Pregrado,Área de la salud,,
1v0nC15GpcAkOvN0VZOFwR3QlkEXLh0BPbzE57FI5fR4,"RPMS PI e I 012026 - (AISPPMSCVPI_01_2026, AISPPMSCVI_01_2026)",Femenino,Adultez (29 - 59 años),Postgrado,Área de la salud,COMUNA 4,
1v0nC15GpcAkOvN0VZOFwR3QlkEXLh0BPbzE57FI5fR4,"RPMS PI e I 012026 - (AISPPMSCVPI_01_2026, AISPPMSCVI_01_2026)",Femenino,Adultez (29 - 59 años),Pregrado,Área de la salud,COMUNA 7,
1v0nC15GpcAkOvN0VZOFwR3QlkEXLh0BPbzE57FI5fR4,"RPMS PI e I 012026 - (AISPPMSCVPI_01_2026, AISPPMSCVI_01_2026)",Femenino,Adultez (29 - 59 años),Pregrado,Área de la salud,COMUNA 21,
1v0nC15GpcAkOvN0VZOFwR3QlkEXLh0BPbzE57FI5fR4,"RPMS PI e I 012026 - (AISPPMSCVPI_01_2026, AISPPMSCVI_01_2026)",Femenino,Adultez (29 - 59 años),Pregrado,Área de la salud,,
1v0nC15GpcAkOvN0VZOFwR3QlkEXLh0BPbzE57FI5fR4,"RPMS PI e I 012026 - (AISPPMSCVPI_01_2026, AISPPMSCVI_01_2026)",Femenino,Adultez (29 - 59 años),Pregrado,Área de la salud,,
1v0nC15GpcAkOvN0VZOFwR3QlkEXLh0BPbzE57FI5fR4,"RPMS PI e I 012026 - (AISPPMSCVPI_01_2026, AISPPMSCVI_01_2026)",Femenino,Juventud (18 - 28 años),Pregrado,Área de la salud,,
1v0nC15GpcAkOvN0VZOFwR3QlkEXLh0BPbzE57FI5fR4,"RPMS PI e I 012026 - (AISPPMSCVPI_01_2026, AISPPMSCVI_01_2026)",Femenino,Juventud (18 - 28 años),Postgrado,Área de la salud,,
1v0nC15GpcAkOvN0VZOFwR3QlkEXLh0BPbzE57FI5fR4,"RPMS PI e I 012026 - (AISPPMSCVPI_01_2026, AISPPMSCVI_01_2026)",Masculino,Adultez (29 - 59 años),Pregrado,Área de la salud,COMUNA 18,
1v0nC15GpcAkOvN0VZOFwR3QlkEXLh0BPbzE57FI5fR4,"RPMS PI e I 012026 - (AISPPMSCVPI_01_2026, AISPPMSCVI_01_2026)",Femenino,Adultez (29 - 59 años),Postgrado,Área de la salud,COMUNA 10,
1v0nC15GpcAkOvN0VZOFwR3QlkEXLh0BPbzE57FI5fR4,"RPMS PI e I 012026 - (AISPPMSCVPI_01_2026, AISPPMSCVI_01_2026)",Femenino,Adultez (29 - 59 años),Pregrado,Área de la salud,,
1v0nC15GpcAkOvN0VZOFwR3QlkEXLh0BPbzE57FI5fR4,"RPMS PI e I 012026 - (AISPPMSCVPI_01_2026, AISPPMSCVI_01_2026)",Femenino,Adultez (29 - 59 años),Bachiller,Área de la salud,,
1v0nC15GpcAkOvN0VZOFwR3QlkEXLh0BPbzE57FI5fR4,"RPMS PI e I 012026 - (AISPPMSCVPI_01_2026, AISPPMSCVI_01_2026)",Femenino,Adultez (29 - 59 años),Pregrado,Área de la salud,,
1v0nC15GpcAkOvN0VZOFwR3QlkEXLh0BPbzE57FI5fR4,"RPMS PI e I 012026 - (AISPPMSCVPI_01_2026, AISPPMSCVI_01_2026)",Femenino,Adultez (29 - 59 años),Postgrado,Área de la salud,C. DE MONTEBELLO,
1v0nC15GpcAkOvN0VZOFwR3QlkEXLh0BPbzE57FI5fR4,"RPMS PI e I 012026 - (AISPPMSCVPI_01_2026, AISPPMSCVI_01_2026)",Femenino,Adultez (29 - 59 años),Pregrado,Otro,,
1v0nC15GpcAkOvN0VZOFwR3QlkEXLh0BPbzE57FI5fR4,"RPMS PI e I 012026 - (AISPPMSCVPI_01_2026, AISPPMSCVI_01_2026)",Masculino,Juventud (18 - 28 años),Bachiller,Área de la salud,,
1v0nC15GpcAkOvN0VZOFwR3QlkEXLh0BPbzE57FI5fR4,"RPMS PI e I 012026 - (AISPPMSCVPI_01_2026, AISPPMSCVI_01_2026)",Femenino,Juventud (18 - 28 años),Pregrado,Área de la salud,,
1v0nC15GpcAkOvN0VZOFwR3QlkEXLh0BPbzE57FI5fR4,"RPMS PI e I 012026 - (AISPPMSCVPI_01_2026, AISPPMSCVI_01_2026)",Femenino,Adultez (29 - 59 años),Ninguna,Área de la salud,COMUNA 1,
1v0nC15GpcAkOvN0VZOFwR3QlkEXLh0BPbzE57FI5fR4,"RPMS PI e I 012026 - (AISPPMSCVPI_01_2026, AISPPMSCVI_01_2026)",Femenino,Adultez (29 - 59 años),Pregrado,Área de la salud,COMUNA 1,
1v0nC15GpcAkOvN0VZOFwR3QlkEXLh0BPbzE57FI5fR4,"RPMS PI e I 012026 - (AISPPMSCVPI_01_2026, AISPPMSCVI_01_2026)",Femenino,Adultez (29 - 59 años),Ninguna,Área de la salud,,
1v0nC15GpcAkOvN0VZOFwR3QlkEXLh0BPbzE57FI5fR4,"RPMS PI e I 012026 - (AISPPMSCVPI_01_2026, AISPPMSCVI_01_2026)",Femenino,Adultez (29 - 59 años),Pregrado,Área de la salud,,
1v0nC15GpcAkOvN0VZOFwR3QlkEXLh0BPbzE57FI5fR4,"RPMS PI e I 012026 - (AISPPMSCVPI_01_2026, AISPPMSCVI_01_2026)",Femenino,Juventud (18 - 28 años),Pregrado,Área de la salud,,
1v0nC15GpcAkOvN0VZOFwR3QlkEXLh0BPbzE57FI5fR4,"RPMS PI e I 012026 - (AISPPMSCVPI_01_2026, AISPPMSCVI_01_2026)",Femenino,Juventud (18 - 28 años),Bachiller,Área de la salud,,
1v0nC15GpcAkOvN0VZOFwR3QlkEXLh0BPbzE57FI5fR4,"RPMS PI e I 012026 - (AISPPMSCVPI_01_2026, AISPPMSCVI_01_2026)",Femenino,Juventud (18 - 28 años),Bachiller,Área de la salud,,
1v0nC15GpcAkOvN0VZOFwR3QlkEXLh0BPbzE57FI5fR4,"RPMS PI e I 012026 - (AISPPMSCVPI_01_2026, AISPPMSCVI_01_2026)",Femenino,Juventud (18 - 28 años),Pregrado,Área de la salud,,
1v0nC15GpcAkOvN0VZOFwR3QlkEXLh0BPbzE57FI5fR4,"RPMS PI e I 012026 - (AISPPMSCVPI_01_2026, AISPPMSCVI_01_2026)",Femenino,Adultez (29 - 59 años),Postgrado,Área de la salud,,
1v0nC15GpcAkOvN0VZOFwR3QlkEXLh0BPbzE57FI5fR4,"RPMS PI e I 012026 - (AISPPMSCVPI_01_2026, AISPPMSCVI_01_2026)",Femenino,Juventud (18 - 28 años),Bachiller,Área de la salud,COMUNA 2,
1v0nC15GpcAkOvN0VZOFwR3QlkEXLh0BPbzE57FI5fR4,"RPMS PI e I 012026 - (AISPPMSCVPI_01_2026, AISPPMSCVI_01_2026)",Femenino,Adultez (29 - 59 años),Pregrado,Área de la salud,,
1v0nC15GpcAkOvN0VZOFwR3QlkEXLh0BPbzE57FI5fR4,"RPMS PI e I 012026 - (AISPPMSCVPI_01_2026, AISPPMSCVI_01_2026)",Femenino,Juventud (18 - 28 años),Pregrado,Área de la salud,COMUNA 9,
1v0nC15GpcAkOvN0VZOFwR3QlkEXLh0BPbzE57FI5fR4,"RPMS PI e I 012026 - (AISPPMSCVPI_01_2026, AISPPMSCVI_01_2026)",Femenino,Adultez (29 - 59 años),Pregrado,Área de la salud,,
1v0nC15GpcAkOvN0VZOFwR3QlkEXLh0BPbzE57FI5fR4,"RPMS PI e I 012026 - (AISPPMSCVPI_01_2026, AISPPMSCVI_01_2026)",Femenino,Adultez (29 - 59 años),Pregrado,Área de la salud,,
1v0nC15GpcAkOvN0VZOFwR3QlkEXLh0BPbzE57FI5fR4,"RPMS PI e I 012026 - (AISPPMSCVPI_01_2026, AISPPMSCVI_01_2026)",Femenino,Adultez (29 - 59 años),Pregrado,Área de la salud,,
1v0nC15GpcAkOvN0VZOFwR3QlkEXLh0BPbzE57FI5fR4,"RPMS PI e I 012026 - (AISPPMSCVPI_01_2026, AISPPMSCVI_01_2026)",Femenino,Juventud (18 - 28 años),Pregrado,Área de la salud,,
1v0nC15GpcAkOvN0VZOFwR3QlkEXLh0BPbzE57FI5fR4,"RPMS PI e I 012026 - (AISPPMSCVPI_01_2026, AISPPMSCVI_01_2026)",Femenino,Adultez (29 - 59 años),Pregrado,Área de la salud,,
1v0nC15GpcAkOvN0VZOFwR3QlkEXLh0BPbzE57FI5fR4,"RPMS PI e I 012026 - (AISPPMSCVPI_01_2026, AISPPMSCVI_01_2026)",Femenino,Adultez (29 - 59 años),Postgrado,Área de la salud,COMUNA 1,
1v0nC15GpcAkOvN0VZOFwR3QlkEXLh0BPbzE57FI5fR4,"RPMS PI e I 012026 - (AISPPMSCVPI_01_2026, AISPPMSCVI_01_2026)",Femenino,Adultez (29 - 59 años),Postgrado,Área de la salud,,
1v0nC15GpcAkOvN0VZOFwR3QlkEXLh0BPbzE57FI5fR4,"RPMS PI e I 012026 - (AISPPMSCVPI_01_2026, AISPPMSCVI_01_2026)",Femenino,Adultez (29 - 59 años),Bachiller,Área de la salud,,
1v0nC15GpcAkOvN0VZOFwR3QlkEXLh0BPbzE57FI5fR4,"RPMS PI e I 012026 - (AISPPMSCVPI_01_2026, AISPPMSCVI_01_2026)",Femenino,Juventud (18 - 28 años),Pregrado,Área de la salud,COMUNA 1,
1v0nC15GpcAkOvN0VZOFwR3QlkEXLh0BPbzE57FI5fR4,"RPMS PI e I 012026 - (AISPPMSCVPI_01_2026, AISPPMSCVI_01_2026)",Femenino,Juventud (18 - 28 años),Bachiller,Área de la salud,COMUNA 9,
1v0nC15GpcAkOvN0VZOFwR3QlkEXLh0BPbzE57FI5fR4,"RPMS PI e I 012026 - (AISPPMSCVPI_01_2026, AISPPMSCVI_01_2026)",Femenino,Adultez (29 - 59 años),Pregrado,Área de la salud,COMUNA 1,
1v0nC15GpcAkOvN0VZOFwR3QlkEXLh0BPbzE57FI5fR4,"RPMS PI e I 012026 - (AISPPMSCVPI_01_2026, AISPPMSCVI_01_2026)",Femenino,Juventud (18 - 28 años),Pregrado,Área de la salud,,
1v0nC15GpcAkOvN0VZOFwR3QlkEXLh0BPbzE57FI5fR4,"RPMS PI e I 012026 - (AISPPMSCVPI_01_2026, AISPPMSCVI_01_2026)",Femenino,Adultez (29 - 59 años),Postgrado,Área de la salud,COMUNA 1,
1v0nC15GpcAkOvN0VZOFwR3QlkEXLh0BPbzE57FI5fR4,"RPMS PI e I 012026 - (AISPPMSCVPI_01_2026, AISPPMSCVI_01_2026)",Femenino,Adultez (29 - 59 años),Pregrado,Área de la salud,,
1v0nC15GpcAkOvN0VZOFwR3QlkEXLh0BPbzE57FI5fR4,"RPMS PI e I 012026 - (AISPPMSCVPI_01_2026, AISPPMSCVI_01_2026)",Femenino,Adultez (29 - 59 años),Postgrado,Área de la salud,COMUNA 7,
1v0nC15GpcAkOvN0VZOFwR3QlkEXLh0BPbzE57FI5fR4,"RPMS PI e I 012026 - (AISPPMSCVPI_01_2026, AISPPMSCVI_01_2026)",Femenino,Adultez (29 - 59 años),Bachiller,Área de la salud,,
1v0nC15GpcAkOvN0VZOFwR3QlkEXLh0BPbzE57FI5fR4,"RPMS PI e I 012026 - (AISPPMSCVPI_01_2026, AISPPMSCVI_01_2026)",Femenino,Juventud (18 - 28 años),Pregrado,Área de la salud,,
1v0nC15GpcAkOvN0VZOFwR3QlkEXLh0BPbzE57FI5fR4,"RPMS PI e I 012026 - (AISPPMSCVPI_01_2026, AISPPMSCVI_01_2026)",Femenino,Juventud (18 - 28 años),Pregrado,Área de la salud,,
1v0nC15GpcAkOvN0VZOFwR3QlkEXLh0BPbzE57FI5fR4,"RPMS PI e I 012026 - (AISPPMSCVPI_01_2026, AISPPMSCVI_01_2026)",Femenino,Juventud (18 - 28 años),Pregrado,Área de la salud,,
1v0nC15GpcAkOvN0VZOFwR3QlkEXLh0BPbzE57FI5fR4,"RPMS PI e I 012026 - (AISPPMSCVPI_01_2026, AISPPMSCVI_01_2026)",Femenino,Adultez (29 - 59 años),Postgrado,Área de la salud,,
1v0nC15GpcAkOvN0VZOFwR3QlkEXLh0BPbzE57FI5fR4,"RPMS PI e I 012026 - (AISPPMSCVPI_01_2026, AISPPMSCVI_01_2026)",Femenino,Juventud (18 - 28 años),Pregrado,Área de la salud,,
1v0nC15GpcAkOvN0VZOFwR3QlkEXLh0BPbzE57FI5fR4,"RPMS PI e I 012026 - (AISPPMSCVPI_01_2026, AISPPMSCVI_01_2026)",Femenino,Juventud (18 - 28 años),Pregrado,Área de la salud,,
1v0nC15GpcAkOvN0VZOFwR3QlkEXLh0BPbzE57FI5fR4,"RPMS PI e I 012026 - (AISPPMSCVPI_01_2026, AISPPMSCVI_01_2026)",Femenino,Juventud (18 - 28 años),Pregrado,Área de la salud,,
1v0nC15GpcAkOvN0VZOFwR3QlkEXLh0BPbzE57FI5fR4,"RPMS PI e I 012026 - (AISPPMSCVPI_01_2026, AISPPMSCVI_01_2026)",Femenino,Adultez (29 - 59 años),Postgrado,Área de la salud,COMUNA 19,
1v0nC15GpcAkOvN0VZOFwR3QlkEXLh0BPbzE57FI5fR4,"RPMS PI e I 012026 - (AISPPMSCVPI_01_2026, AISPPMSCVI_01_2026)",Femenino,Adultez (29 - 59 años),Bachiller,Área de la salud,COMUNA 21,
1v0nC15GpcAkOvN0VZOFwR3QlkEXLh0BPbzE57FI5fR4,"RPMS PI e I 012026 - (AISPPMSCVPI_01_2026, AISPPMSCVI_01_2026)",Femenino,Juventud (18 - 28 años),Pregrado,Área de la salud,,
1v0nC15GpcAkOvN0VZOFwR3QlkEXLh0BPbzE57FI5fR4,"RPMS PI e I 012026 - (AISPPMSCVPI_01_2026, AISPPMSCVI_01_2026)",Femenino,Adultez (29 - 59 años),Bachiller,Área de la salud,,
1v0nC15GpcAkOvN0VZOFwR3QlkEXLh0BPbzE57FI5fR4,"RPMS PI e I 012026 - (AISPPMSCVPI_01_2026, AISPPMSCVI_01_2026)",Femenino,Adultez (29 - 59 años),Postgrado,Área de la salud,,
1v0nC15GpcAkOvN0VZOFwR3QlkEXLh0BPbzE57FI5fR4,"RPMS PI e I 012026 - (AISPPMSCVPI_01_2026, AISPPMSCVI_01_2026)",Femenino,Juventud (18 - 28 años),Pregrado,Área de la salud,,
1v0nC15GpcAkOvN0VZOFwR3QlkEXLh0BPbzE57FI5fR4,"RPMS PI e I 012026 - (AISPPMSCVPI_01_2026, AISPPMSCVI_01_2026)",Masculino,Adultez (29 - 59 años),Pregrado,Área de la salud,COMUNA 9,
1v0nC15GpcAkOvN0VZOFwR3QlkEXLh0BPbzE57FI5fR4,"RPMS PI e I 012026 - (AISPPMSCVPI_01_2026, AISPPMSCVI_01_2026)",Femenino,Juventud (18 - 28 años),Postgrado,Área de la salud,COMUNA 4,
1v0nC15GpcAkOvN0VZOFwR3QlkEXLh0BPbzE57FI5fR4,"RPMS PI e I 012026 - (AISPPMSCVPI_01_2026, AISPPMSCVI_01_2026)",Femenino,Adultez (29 - 59 años),Pregrado,Área de la salud,,
1v0nC15GpcAkOvN0VZOFwR3QlkEXLh0BPbzE57FI5fR4,"RPMS PI e I 012026 - (AISPPMSCVPI_01_2026, AISPPMSCVI_01_2026)",Masculino,Adultez (29 - 59 años),Pregrado,Área de la salud,,
1v0nC15GpcAkOvN0VZOFwR3QlkEXLh0BPbzE57FI5fR4,"RPMS PI e I 012026 - (AISPPMSCVPI_01_2026, AISPPMSCVI_01_2026)",Femenino,Adultez (29 - 59 años),Ninguna,Área de la salud,,
1v0nC15GpcAkOvN0VZOFwR3QlkEXLh0BPbzE57FI5fR4,"RPMS PI e I 012026 - (AISPPMSCVPI_01_2026, AISPPMSCVI_01_2026)",Masculino,Juventud (18 - 28 años),Postgrado,Área de la salud,COMUNA 7,
1v0nC15GpcAkOvN0VZOFwR3QlkEXLh0BPbzE57FI5fR4,"RPMS PI e I 012026 - (AISPPMSCVPI_01_2026, AISPPMSCVI_01_2026)",Femenino,Adultez (29 - 59 años),Pregrado,Área de la salud,,
1v0nC15GpcAkOvN0VZOFwR3QlkEXLh0BPbzE57FI5fR4,"RPMS PI e I 012026 - (AISPPMSCVPI_01_2026, AISPPMSCVI_01_2026)",Femenino,Adultez (29 - 59 años),Pregrado,Área de la salud,,
1v0nC15GpcAkOvN0VZOFwR3QlkEXLh0BPbzE57FI5fR4,"RPMS PI e I 012026 - (AISPPMSCVPI_01_2026, AISPPMSCVI_01_2026)",Femenino,Adolescencia (12 - 17 años),Pregrado,Área de la salud,,
1v0nC15GpcAkOvN0VZOFwR3QlkEXLh0BPbzE57FI5fR4,"RPMS PI e I 012026 - (AISPPMSCVPI_01_2026, AISPPMSCVI_01_2026)",Femenino,Adultez (29 - 59 años),Pregrado,Área de la salud,,
1v0nC15GpcAkOvN0VZOFwR3QlkEXLh0BPbzE57FI5fR4,"RPMS PI e I 012026 - (AISPPMSCVPI_01_2026, AISPPMSCVI_01_2026)",Femenino,Juventud (18 - 28 años),Bachiller,Área de la salud,,
1v0nC15GpcAkOvN0VZOFwR3QlkEXLh0BPbzE57FI5fR4,"RPMS PI e I 012026 - (AISPPMSCVPI_01_2026, AISPPMSCVI_01_2026)",Femenino,Juventud (18 - 28 años),Pregrado,Estudiante,,
1v0nC15GpcAkOvN0VZOFwR3QlkEXLh0BPbzE57FI5fR4,"RPMS PI e I 012026 - (AISPPMSCVPI_01_2026, AISPPMSCVI_01_2026)",Masculino,Adultez (29 - 59 años),Postgrado,Área de la salud,,
1v0nC15GpcAkOvN0VZOFwR3QlkEXLh0BPbzE57FI5fR4,"RPMS PI e I 012026 - (AISPPMSCVPI_01_2026, AISPPMSCVI_01_2026)",Femenino,Juventud (18 - 28 años),Pregrado,Área de la salud,COMUNA 2,
1v0nC15GpcAkOvN0VZOFwR3QlkEXLh0BPbzE57FI5fR4,"RPMS PI e I 012026 - (AISPPMSCVPI_01_2026, AISPPMSCVI_01_2026)",Femenino,Adultez (29 - 59 años),Postgrado,Área de la salud,COMUNA 2,
1v0nC15GpcAkOvN0VZOFwR3QlkEXLh0BPbzE57FI5fR4,"RPMS PI e I 012026 - (AISPPMSCVPI_01_2026, AISPPMSCVI_01_2026)",Femenino,Adultez (29 - 59 años),Pregrado,Área de la salud,,
1v0nC15GpcAkOvN0VZOFwR3QlkEXLh0BPbzE57FI5fR4,"RPMS PI e I 012026 - (AISPPMSCVPI_01_2026, AISPPMSCVI_01_2026)",Femenino,Juventud (18 - 28 años),Pregrado,Área de la salud,COMUNA 8,
1v0nC15GpcAkOvN0VZOFwR3QlkEXLh0BPbzE57FI5fR4,"RPMS PI e I 012026 - (AISPPMSCVPI_01_2026, AISPPMSCVI_01_2026)",Femenino,Adultez (29 - 59 años),Pregrado,Área de la salud,,
1v0nC15GpcAkOvN0VZOFwR3QlkEXLh0BPbzE57FI5fR4,"RPMS PI e I 012026 - (AISPPMSCVPI_01_2026, AISPPMSCVI_01_2026)",Femenino,Adultez (29 - 59 años),Pregrado,Área de la salud,,
1v0nC15GpcAkOvN0VZOFwR3QlkEXLh0BPbzE57FI5fR4,"RPMS PI e I 012026 - (AISPPMSCVPI_01_2026, AISPPMSCVI_01_2026)",Femenino,Adultez (29 - 59 años),Pregrado,Área de la salud,,
1v0nC15GpcAkOvN0VZOFwR3QlkEXLh0BPbzE57FI5fR4,"RPMS PI e I 012026 - (AISPPMSCVPI_01_2026, AISPPMSCVI_01_2026)",Femenino,Adultez (29 - 59 años),Bachiller,Área de la salud,,
1v0nC15GpcAkOvN0VZOFwR3QlkEXLh0BPbzE57FI5fR4,"RPMS PI e I 012026 - (AISPPMSCVPI_01_2026, AISPPMSCVI_01_2026)",Femenino,Adolescencia (12 - 17 años),Pregrado,Área de la salud,COMUNA 1,
1v0nC15GpcAkOvN0VZOFwR3QlkEXLh0BPbzE57FI5fR4,"RPMS PI e I 012026 - (AISPPMSCVPI_01_2026, AISPPMSCVI_01_2026)",Femenino,Juventud (18 - 28 años),Pregrado,Área de la salud,COMUNA 8,
1v0nC15GpcAkOvN0VZOFwR3QlkEXLh0BPbzE57FI5fR4,"RPMS PI e I 012026 - (AISPPMSCVPI_01_2026, AISPPMSCVI_01_2026)",Femenino,Adultez (29 - 59 años),Pregrado,Área de la salud,COMUNA 17,
1v0nC15GpcAkOvN0VZOFwR3QlkEXLh0BPbzE57FI5fR4,"RPMS PI e I 012026 - (AISPPMSCVPI_01_2026, AISPPMSCVI_01_2026)",Femenino,Adultez (29 - 59 años),Bachiller,Área de la salud,,
1v0nC15GpcAkOvN0VZOFwR3QlkEXLh0BPbzE57FI5fR4,"RPMS PI e I 012026 - (AISPPMSCVPI_01_2026, AISPPMSCVI_01_2026)",Femenino,Adolescencia (12 - 17 años),Pregrado,Área de la salud,,
1v0nC15GpcAkOvN0VZOFwR3QlkEXLh0BPbzE57FI5fR4,"RPMS PI e I 012026 - (AISPPMSCVPI_01_2026, AISPPMSCVI_01_2026)",Femenino,Juventud (18 - 28 años),Pregrado,Área de la salud,,
1v0nC15GpcAkOvN0VZOFwR3QlkEXLh0BPbzE57FI5fR4,"RPMS PI e I 012026 - (AISPPMSCVPI_01_2026, AISPPMSCVI_01_2026)",Femenino,Adultez (29 - 59 años),Pregrado,Área de la salud,,
1v0nC15GpcAkOvN0VZOFwR3QlkEXLh0BPbzE57FI5fR4,"RPMS PI e I 012026 - (AISPPMSCVPI_01_2026, AISPPMSCVI_01_2026)",Femenino,Adultez (29 - 59 años),Pregrado,Área de la salud,,
1v0nC15GpcAkOvN0VZOFwR3QlkEXLh0BPbzE57FI5fR4,"RPMS PI e I 012026 - (AISPPMSCVPI_01_2026, AISPPMSCVI_01_2026)",Femenino,Adultez (29 - 59 años),Pregrado,Área de la salud,C. DE PANCE,
1v0nC15GpcAkOvN0VZOFwR3QlkEXLh0BPbzE57FI5fR4,"RPMS PI e I 012026 - (AISPPMSCVPI_01_2026, AISPPMSCVI_01_2026)",Femenino,Juventud (18 - 28 años),Pregrado,Área de la salud,COMUNA 1,
1v0nC15GpcAkOvN0VZOFwR3QlkEXLh0BPbzE57FI5fR4,"RPMS PI e I 012026 - (AISPPMSCVPI_01_2026, AISPPMSCVI_01_2026)",Femenino,Adultez (29 - 59 años),Bachiller,Área de la salud,COMUNA 1,
1v0nC15GpcAkOvN0VZOFwR3QlkEXLh0BPbzE57FI5fR4,"RPMS PI e I 012026 - (AISPPMSCVPI_01_2026, AISPPMSCVI_01_2026)",Femenino,Juventud (18 - 28 años),Pregrado,Área de la salud,COMUNA 10,
1v0nC15GpcAkOvN0VZOFwR3QlkEXLh0BPbzE57FI5fR4,"RPMS PI e I 012026 - (AISPPMSCVPI_01_2026, AISPPMSCVI_01_2026)",Femenino,Adolescencia (12 - 17 años),Pregrado,Área de la salud,COMUNA 16,
1v0nC15GpcAkOvN0VZOFwR3QlkEXLh0BPbzE57FI5fR4,"RPMS PI e I 012026 - (AISPPMSCVPI_01_2026, AISPPMSCVI_01_2026)",Femenino,Adultez (29 - 59 años),Pregrado,Área de la salud,,
1v0nC15GpcAkOvN0VZOFwR3QlkEXLh0BPbzE57FI5fR4,"RPMS PI e I 012026 - (AISPPMSCVPI_01_2026, AISPPMSCVI_01_2026)",Femenino,Adultez (29 - 59 años),Bachiller,Área de la salud,,
1v0nC15GpcAkOvN0VZOFwR3QlkEXLh0BPbzE57FI5fR4,"RPMS PI e I 012026 - (AISPPMSCVPI_01_2026, AISPPMSCVI_01_2026)",Femenino,Adolescencia (12 - 17 años),Bachiller,Área de la salud,,
1v0nC15GpcAkOvN0VZOFwR3QlkEXLh0BPbzE57FI5fR4,"RPMS PI e I 012026 - (AISPPMSCVPI_01_2026, AISPPMSCVI_01_2026)",Femenino,Juventud (18 - 28 años),Pregrado,Área de la salud,,
1v0nC15GpcAkOvN0VZOFwR3QlkEXLh0BPbzE57FI5fR4,"RPMS PI e I 012026 - (AISPPMSCVPI_01_2026, AISPPMSCVI_01_2026)",Femenino,Adultez (29 - 59 años),Bachiller,Área de la salud,,
1v0nC15GpcAkOvN0VZOFwR3QlkEXLh0BPbzE57FI5fR4,"RPMS PI e I 012026 - (AISPPMSCVPI_01_2026, AISPPMSCVI_01_2026)",Femenino,Adultez (29 - 59 años),Pregrado,Área de la salud,,
1v0nC15GpcAkOvN0VZOFwR3QlkEXLh0BPbzE57FI5fR4,"RPMS PI e I 012026 - (AISPPMSCVPI_01_2026, AISPPMSCVI_01_2026)",Femenino,Adultez (29 - 59 años),Pregrado,Área de la salud,COMUNA 2,
1v0nC15GpcAkOvN0VZOFwR3QlkEXLh0BPbzE57FI5fR4,"RPMS PI e I 012026 - (AISPPMSCVPI_01_2026, AISPPMSCVI_01_2026)",Femenino,Juventud (18 - 28 años),Postgrado,Área de la salud,,
1v0nC15GpcAkOvN0VZOFwR3QlkEXLh0BPbzE57FI5fR4,"RPMS PI e I 012026 - (AISPPMSCVPI_01_2026, AISPPMSCVI_01_2026)",Femenino,Adultez (29 - 59 años),Postgrado,Área de la salud,,
1v0nC15GpcAkOvN0VZOFwR3QlkEXLh0BPbzE57FI5fR4,"RPMS PI e I 012026 - (AISPPMSCVPI_01_2026, AISPPMSCVI_01_2026)",Femenino,Juventud (18 - 28 años),Pregrado,Área de la salud,,
1v0nC15GpcAkOvN0VZOFwR3QlkEXLh0BPbzE57FI5fR4,"RPMS PI e I 012026 - (AISPPMSCVPI_01_2026, AISPPMSCVI_01_2026)",Femenino,Adultez (29 - 59 años),Pregrado,Área de la salud,COMUNA 14,
1v0nC15GpcAkOvN0VZOFwR3QlkEXLh0BPbzE57FI5fR4,"RPMS PI e I 012026 - (AISPPMSCVPI_01_2026, AISPPMSCVI_01_2026)",Femenino,Adultez (29 - 59 años),Postgrado,Área de la salud,COMUNA 1,
1v0nC15GpcAkOvN0VZOFwR3QlkEXLh0BPbzE57FI5fR4,"RPMS PI e I 012026 - (AISPPMSCVPI_01_2026, AISPPMSCVI_01_2026)",Masculino,Juventud (18 - 28 años),Pregrado,Área de la salud,,
1v0nC15GpcAkOvN0VZOFwR3QlkEXLh0BPbzE57FI5fR4,"RPMS PI e I 012026 - (AISPPMSCVPI_01_2026, AISPPMSCVI_01_2026)",Femenino,Adultez (29 - 59 años),Pregrado,Área de la salud,COMUNA 9,
1v0nC15GpcAkOvN0VZOFwR3QlkEXLh0BPbzE57FI5fR4,"RPMS PI e I 012026 - (AISPPMSCVPI_01_2026, AISPPMSCVI_01_2026)",Femenino,Adultez (29 - 59 años),Bachiller,Área de la salud,COMUNA 21,
1v0nC15GpcAkOvN0VZOFwR3QlkEXLh0BPbzE57FI5fR4,"RPMS PI e I 012026 - (AISPPMSCVPI_01_2026, AISPPMSCVI_01_2026)",Femenino,Juventud (18 - 28 años),Ninguna,Área de la salud,,
1v0nC15GpcAkOvN0VZOFwR3QlkEXLh0BPbzE57FI5fR4,"RPMS PI e I 012026 - (AISPPMSCVPI_01_2026, AISPPMSCVI_01_2026)",Femenino,Juventud (18 - 28 años),Pregrado,Área de la salud,,
1v0nC15GpcAkOvN0VZOFwR3QlkEXLh0BPbzE57FI5fR4,"RPMS PI e I 012026 - (AISPPMSCVPI_01_2026, AISPPMSCVI_01_2026)",Masculino,Adultez (29 - 59 años),Pregrado,Área de la salud,,
1v0nC15GpcAkOvN0VZOFwR3QlkEXLh0BPbzE57FI5fR4,"RPMS PI e I 012026 - (AISPPMSCVPI_01_2026, AISPPMSCVI_01_2026)",Femenino,Adultez (29 - 59 años),Bachiller,Área de la salud,,
1v0nC15GpcAkOvN0VZOFwR3QlkEXLh0BPbzE57FI5fR4,"RPMS PI e I 012026 - (AISPPMSCVPI_01_2026, AISPPMSCVI_01_2026)",Masculino,Adultez (29 - 59 años),Pregrado,Área de la salud,,
1v0nC15GpcAkOvN0VZOFwR3QlkEXLh0BPbzE57FI5fR4,"RPMS PI e I 012026 - (AISPPMSCVPI_01_2026, AISPPMSCVI_01_2026)",Femenino,Adultez (29 - 59 años),Bachiller,Área de la salud,,
1v0nC15GpcAkOvN0VZOFwR3QlkEXLh0BPbzE57FI5fR4,"RPMS PI e I 012026 - (AISPPMSCVPI_01_2026, AISPPMSCVI_01_2026)",Femenino,Adultez (29 - 59 años),Bachiller,Área de la salud,COMUNA 13,
1v0nC15GpcAkOvN0VZOFwR3QlkEXLh0BPbzE57FI5fR4,"RPMS PI e I 012026 - (AISPPMSCVPI_01_2026, AISPPMSCVI_01_2026)",Intersexual,Adultez (29 - 59 años),Bachiller,Área de la salud,,
1v0nC15GpcAkOvN0VZOFwR3QlkEXLh0BPbzE57FI5fR4,"RPMS PI e I 012026 - (AISPPMSCVPI_01_2026, AISPPMSCVI_01_2026)",Femenino,Adultez (29 - 59 años),Bachiller,Área de la salud,,
1v0nC15GpcAkOvN0VZOFwR3QlkEXLh0BPbzE57FI5fR4,"RPMS PI e I 012026 - (AISPPMSCVPI_01_2026, AISPPMSCVI_01_2026)",Femenino,Adultez (29 - 59 años),Pregrado,Área de la salud,COMUNA 2,
1v0nC15GpcAkOvN0VZOFwR3QlkEXLh0BPbzE57FI5fR4,"RPMS PI e I 012026 - (AISPPMSCVPI_01_2026, AISPPMSCVI_01_2026)",Femenino,Adultez (29 - 59 años),Postgrado,Área de la salud,,
1v0nC15GpcAkOvN0VZOFwR3QlkEXLh0BPbzE57FI5fR4,"RPMS PI e I 012026 - (AISPPMSCVPI_01_2026, AISPPMSCVI_01_2026)",Femenino,Adultez (29 - 59 años),Postgrado,Área de la salud,,
1v0nC15GpcAkOvN0VZOFwR3QlkEXLh0BPbzE57FI5fR4,"RPMS PI e I 012026 - (AISPPMSCVPI_01_2026, AISPPMSCVI_01_2026)",Femenino,Adultez (29 - 59 años),Bachiller,Área de la salud,,
1v0nC15GpcAkOvN0VZOFwR3QlkEXLh0BPbzE57FI5fR4,"RPMS PI e I 012026 - (AISPPMSCVPI_01_2026, AISPPMSCVI_01_2026)",Femenino,Juventud (18 - 28 años),Bachiller,Área de la salud,,
1v0nC15GpcAkOvN0VZOFwR3QlkEXLh0BPbzE57FI5fR4,"RPMS PI e I 012026 - (AISPPMSCVPI_01_2026, AISPPMSCVI_01_2026)",Masculino,Adultez (29 - 59 años),Pregrado,Área de la salud,,
1v0nC15GpcAkOvN0VZOFwR3QlkEXLh0BPbzE57FI5fR4,"RPMS PI e I 012026 - (AISPPMSCVPI_01_2026, AISPPMSCVI_01_2026)",Femenino,Adolescencia (12 - 17 años),Pregrado,Área de la salud,COMUNA 5,
1v0nC15GpcAkOvN0VZOFwR3QlkEXLh0BPbzE57FI5fR4,"RPMS PI e I 012026 - (AISPPMSCVPI_01_2026, AISPPMSCVI_01_2026)",Masculino,Adolescencia (12 - 17 años),Postgrado,Área de la salud,,
1v0nC15GpcAkOvN0VZOFwR3QlkEXLh0BPbzE57FI5fR4,"RPMS PI e I 012026 - (AISPPMSCVPI_01_2026, AISPPMSCVI_01_2026)",Femenino,Adultez (29 - 59 años),Bachiller,Área de la salud,,
1v0nC15GpcAkOvN0VZOFwR3QlkEXLh0BPbzE57FI5fR4,"RPMS PI e I 012026 - (AISPPMSCVPI_01_2026, AISPPMSCVI_01_2026)",Femenino,Juventud (18 - 28 años),Pregrado,Área de la salud,,
1v0nC15GpcAkOvN0VZOFwR3QlkEXLh0BPbzE57FI5fR4,"RPMS PI e I 012026 - (AISPPMSCVPI_01_2026, AISPPMSCVI_01_2026)",Femenino,Adultez (29 - 59 años),Bachiller,Área de la salud,,
1v0nC15GpcAkOvN0VZOFwR3QlkEXLh0BPbzE57FI5fR4,"RPMS PI e I 012026 - (AISPPMSCVPI_01_2026, AISPPMSCVI_01_2026)",Femenino,Adultez (29 - 59 años),Pregrado,Área de la salud,,
1v0nC15GpcAkOvN0VZOFwR3QlkEXLh0BPbzE57FI5fR4,"RPMS PI e I 012026 - (AISPPMSCVPI_01_2026, AISPPMSCVI_01_2026)",Femenino,Juventud (18 - 28 años),Pregrado,Área de la salud,,
1v0nC15GpcAkOvN0VZOFwR3QlkEXLh0BPbzE57FI5fR4,"RPMS PI e I 012026 - (AISPPMSCVPI_01_2026, AISPPMSCVI_01_2026)",Masculino,Adultez (29 - 59 años),Pregrado,Área de la salud,,
1v0nC15GpcAkOvN0VZOFwR3QlkEXLh0BPbzE57FI5fR4,"RPMS PI e I 012026 - (AISPPMSCVPI_01_2026, AISPPMSCVI_01_2026)",Femenino,Juventud (18 - 28 años),Pregrado,Área de la salud,,
1v0nC15GpcAkOvN0VZOFwR3QlkEXLh0BPbzE57FI5fR4,"RPMS PI e I 012026 - (AISPPMSCVPI_01_2026, AISPPMSCVI_01_2026)",Femenino,Adultez (29 - 59 años),Pregrado,Área de la salud,,
1v0nC15GpcAkOvN0VZOFwR3QlkEXLh0BPbzE57FI5fR4,"RPMS PI e I 012026 - (AISPPMSCVPI_01_2026, AISPPMSCVI_01_2026)",Femenino,Adultez (29 - 59 años),Postgrado,Área de la salud,COMUNA 16,
1v0nC15GpcAkOvN0VZOFwR3QlkEXLh0BPbzE57FI5fR4,"RPMS PI e I 012026 - (AISPPMSCVPI_01_2026, AISPPMSCVI_01_2026)",Femenino,Juventud (18 - 28 años),Pregrado,Área de la salud,COMUNA 6,
1v0nC15GpcAkOvN0VZOFwR3QlkEXLh0BPbzE57FI5fR4,"RPMS PI e I 012026 - (AISPPMSCVPI_01_2026, AISPPMSCVI_01_2026)",Femenino,Adultez (29 - 59 años),Postgrado,Área de la salud,,
1v0nC15GpcAkOvN0VZOFwR3QlkEXLh0BPbzE57FI5fR4,"RPMS PI e I 012026 - (AISPPMSCVPI_01_2026, AISPPMSCVI_01_2026)",Femenino,Adultez (29 - 59 años),Bachiller,Área de la salud,,
1v0nC15GpcAkOvN0VZOFwR3QlkEXLh0BPbzE57FI5fR4,"RPMS PI e I 012026 - (AISPPMSCVPI_01_2026, AISPPMSCVI_01_2026)",Femenino,Adultez (29 - 59 años),Bachiller,Área de la salud,,
1v0nC15GpcAkOvN0VZOFwR3QlkEXLh0BPbzE57FI5fR4,"RPMS PI e I 012026 - (AISPPMSCVPI_01_2026, AISPPMSCVI_01_2026)",Femenino,Juventud (18 - 28 años),Pregrado,Área de la salud,COMUNA 2,
1v0nC15GpcAkOvN0VZOFwR3QlkEXLh0BPbzE57FI5fR4,"RPMS PI e I 012026 - (AISPPMSCVPI_01_2026, AISPPMSCVI_01_2026)",Femenino,Adultez (29 - 59 años),Pregrado,Área de la salud,COMUNA 7,
1v0nC15GpcAkOvN0VZOFwR3QlkEXLh0BPbzE57FI5fR4,"RPMS PI e I 012026 - (AISPPMSCVPI_01_2026, AISPPMSCVI_01_2026)",Femenino,Adultez (29 - 59 años),Bachiller,Área de la salud,,
1v0nC15GpcAkOvN0VZOFwR3QlkEXLh0BPbzE57FI5fR4,"RPMS PI e I 012026 - (AISPPMSCVPI_01_2026, AISPPMSCVI_01_2026)",Femenino,Adultez (29 - 59 años),Pregrado,Área de la salud,,
1v0nC15GpcAkOvN0VZOFwR3QlkEXLh0BPbzE57FI5fR4,"RPMS PI e I 012026 - (AISPPMSCVPI_01_2026, AISPPMSCVI_01_2026)",Femenino,Adultez (29 - 59 años),Pregrado,Área de la salud,,
1v0nC15GpcAkOvN0VZOFwR3QlkEXLh0BPbzE57FI5fR4,"RPMS PI e I 012026 - (AISPPMSCVPI_01_2026, AISPPMSCVI_01_2026)",Masculino,Juventud (18 - 28 años),Bachiller,Área de la salud,,
1v0nC15GpcAkOvN0VZOFwR3QlkEXLh0BPbzE57FI5fR4,"RPMS PI e I 012026 - (AISPPMSCVPI_01_2026, AISPPMSCVI_01_2026)",Femenino,Adultez (29 - 59 años),Pregrado,Área de la salud,,
1v0nC15GpcAkOvN0VZOFwR3QlkEXLh0BPbzE57FI5fR4,"RPMS PI e I 012026 - (AISPPMSCVPI_01_2026, AISPPMSCVI_01_2026)",Femenino,Adultez (29 - 59 años),Pregrado,Área de la salud,COMUNA 5,
1v0nC15GpcAkOvN0VZOFwR3QlkEXLh0BPbzE57FI5fR4,"RPMS PI e I 012026 - (AISPPMSCVPI_01_2026, AISPPMSCVI_01_2026)",Femenino,Juventud (18 - 28 años),Pregrado,Área de la salud,,
1v0nC15GpcAkOvN0VZOFwR3QlkEXLh0BPbzE57FI5fR4,"RPMS PI e I 012026 - (AISPPMSCVPI_01_2026, AISPPMSCVI_01_2026)",Femenino,Adultez (29 - 59 años),Pregrado,Área de la salud,,
1v0nC15GpcAkOvN0VZOFwR3QlkEXLh0BPbzE57FI5fR4,"RPMS PI e I 012026 - (AISPPMSCVPI_01_2026, AISPPMSCVI_01_2026)",Femenino,Adultez (29 - 59 años),Pregrado,Área de la salud,,
1v0nC15GpcAkOvN0VZOFwR3QlkEXLh0BPbzE57FI5fR4,"RPMS PI e I 012026 - (AISPPMSCVPI_01_2026, AISPPMSCVI_01_2026)",Femenino,Adultez (29 - 59 años),Ninguna,Área de la salud,,
1v0nC15GpcAkOvN0VZOFwR3QlkEXLh0BPbzE57FI5fR4,"RPMS PI e I 012026 - (AISPPMSCVPI_01_2026, AISPPMSCVI_01_2026)",Femenino,Adultez (29 - 59 años),Bachiller,Área de la salud,,
1v0nC15GpcAkOvN0VZOFwR3QlkEXLh0BPbzE57FI5fR4,"RPMS PI e I 012026 - (AISPPMSCVPI_01_2026, AISPPMSCVI_01_2026)",Femenino,Juventud (18 - 28 años),Pregrado,Área de la salud,,
1v0nC15GpcAkOvN0VZOFwR3QlkEXLh0BPbzE57FI5fR4,"RPMS PI e I 012026 - (AISPPMSCVPI_01_2026, AISPPMSCVI_01_2026)",Femenino,Juventud (18 - 28 años),Pregrado,Área de la salud,,
1v0nC15GpcAkOvN0VZOFwR3QlkEXLh0BPbzE57FI5fR4,"RPMS PI e I 012026 - (AISPPMSCVPI_01_2026, AISPPMSCVI_01_2026)",Femenino,Juventud (18 - 28 años),Pregrado,Área de la salud,,
1v0nC15GpcAkOvN0VZOFwR3QlkEXLh0BPbzE57FI5fR4,"RPMS PI e I 012026 - (AISPPMSCVPI_01_2026, AISPPMSCVI_01_2026)",Femenino,Adultez (29 - 59 años),Bachiller,Área de la salud,,
1v0nC15GpcAkOvN0VZOFwR3QlkEXLh0BPbzE57FI5fR4,"RPMS PI e I 012026 - (AISPPMSCVPI_01_2026, AISPPMSCVI_01_2026)",Femenino,Juventud (18 - 28 años),Pregrado,Área de la salud,COMUNA 10,
1v0nC15GpcAkOvN0VZOFwR3QlkEXLh0BPbzE57FI5fR4,"RPMS PI e I 012026 - (AISPPMSCVPI_02_2026, AISPPMSCVI_02_2026)",Femenino,Adultez (29 - 59 años),Postgrado,Área de la salud,,
1v0nC15GpcAkOvN0VZOFwR3QlkEXLh0BPbzE57FI5fR4,"RPMS PI e I 012026 - (AISPPMSCVPI_02_2026, AISPPMSCVI_02_2026)",Femenino,Adultez (29 - 59 años),Pregrado,Área de la salud,,
1v0nC15GpcAkOvN0VZOFwR3QlkEXLh0BPbzE57FI5fR4,"RPMS PI e I 012026 - (AISPPMSCVPI_02_2026, AISPPMSCVI_02_2026)",Femenino,Juventud (18 - 28 años),Bachiller,Área de la salud,COMUNA 18,
1v0nC15GpcAkOvN0VZOFwR3QlkEXLh0BPbzE57FI5fR4,"RPMS PI e I 012026 - (AISPPMSCVPI_02_2026, AISPPMSCVI_02_2026)",Femenino,Adultez (29 - 59 años),Pregrado,Área de la salud,,
1v0nC15GpcAkOvN0VZOFwR3QlkEXLh0BPbzE57FI5fR4,"RPMS PI e I 012026 - (AISPPMSCVPI_02_2026, AISPPMSCVI_02_2026)",Femenino,Adultez (29 - 59 años),Bachiller,Área de la salud,,
1v0nC15GpcAkOvN0VZOFwR3QlkEXLh0BPbzE57FI5fR4,"RPMS PI e I 012026 - (AISPPMSCVPI_02_2026, AISPPMSCVI_02_2026)",Femenino,Adultez (29 - 59 años),Postgrado,Área de la salud,,
1v0nC15GpcAkOvN0VZOFwR3QlkEXLh0BPbzE57FI5fR4,"RPMS PI e I 012026 - (AISPPMSCVPI_02_2026, AISPPMSCVI_02_2026)",Femenino,Adultez (29 - 59 años),Postgrado,Área de la salud,,
1v0nC15GpcAkOvN0VZOFwR3QlkEXLh0BPbzE57FI5fR4,"RPMS PI e I 012026 - (AISPPMSCVPI_02_2026, AISPPMSCVI_02_2026)",Femenino,Juventud (18 - 28 años),Pregrado,Área de la salud,,
1v0nC15GpcAkOvN0VZOFwR3QlkEXLh0BPbzE57FI5fR4,"RPMS PI e I 012026 - (AISPPMSCVPI_02_2026, AISPPMSCVI_02_2026)",Femenino,Adultez (29 - 59 años),Pregrado,Área de la salud,COMUNA 1,
1v0nC15GpcAkOvN0VZOFwR3QlkEXLh0BPbzE57FI5fR4,"RPMS PI e I 012026 - (AISPPMSCVPI_02_2026, AISPPMSCVI_02_2026)",Femenino,Adultez (29 - 59 años),Bachiller,Área de la salud,,
1v0nC15GpcAkOvN0VZOFwR3QlkEXLh0BPbzE57FI5fR4,"RPMS PI e I 012026 - (AISPPMSCVPI_02_2026, AISPPMSCVI_02_2026)",Femenino,Adultez (29 - 59 años),Pregrado,Área de la salud,,
1v0nC15GpcAkOvN0VZOFwR3QlkEXLh0BPbzE57FI5fR4,"RPMS PI e I 012026 - (AISPPMSCVPI_02_2026, AISPPMSCVI_02_2026)",Femenino,Adultez (29 - 59 años),Postgrado,Área de la salud,,
1v0nC15GpcAkOvN0VZOFwR3QlkEXLh0BPbzE57FI5fR4,"RPMS PI e I 012026 - (AISPPMSCVPI_02_2026, AISPPMSCVI_02_2026)",Femenino,Adultez (29 - 59 años),Postgrado,Área de la salud,,
1v0nC15GpcAkOvN0VZOFwR3QlkEXLh0BPbzE57FI5fR4,"RPMS PI e I 012026 - (AISPPMSCVPI_02_2026, AISPPMSCVI_02_2026)",Femenino,Adultez (29 - 59 años),Pregrado,Área de la salud,,
1v0nC15GpcAkOvN0VZOFwR3QlkEXLh0BPbzE57FI5fR4,"RPMS PI e I 012026 - (AISPPMSCVPI_02_2026, AISPPMSCVI_02_2026)",Femenino,Juventud (18 - 28 años),Pregrado,Área de la salud,,
1v0nC15GpcAkOvN0VZOFwR3QlkEXLh0BPbzE57FI5fR4,"RPMS PI e I 012026 - (AISPPMSCVPI_02_2026, AISPPMSCVI_02_2026)",Masculino,Adultez (29 - 59 años),Bachiller,Área de la salud,,
1v0nC15GpcAkOvN0VZOFwR3QlkEXLh0BPbzE57FI5fR4,"RPMS PI e I 012026 - (AISPPMSCVPI_02_2026, AISPPMSCVI_02_2026)",Masculino,Adultez (29 - 59 años),Postgrado,Otro,,
1v0nC15GpcAkOvN0VZOFwR3QlkEXLh0BPbzE57FI5fR4,"RPMS PI e I 012026 - (AISPPMSCVPI_02_2026, AISPPMSCVI_02_2026)",Femenino,Adultez (29 - 59 años),Postgrado,Área de la salud,COMUNA 14,
1v0nC15GpcAkOvN0VZOFwR3QlkEXLh0BPbzE57FI5fR4,"RPMS PI e I 012026 - (AISPPMSCVPI_02_2026, AISPPMSCVI_02_2026)",Femenino,Juventud (18 - 28 años),Pregrado,Área de la salud,,
1v0nC15GpcAkOvN0VZOFwR3QlkEXLh0BPbzE57FI5fR4,"RPMS PI e I 012026 - (AISPPMSCVPI_02_2026, AISPPMSCVI_02_2026)",Femenino,Adultez (29 - 59 años),Bachiller,Área de la salud,,
1v0nC15GpcAkOvN0VZOFwR3QlkEXLh0BPbzE57FI5fR4,"RPMS PI e I 012026 - (AISPPMSCVPI_02_2026, AISPPMSCVI_02_2026)",Masculino,Juventud (18 - 28 años),Pregrado,Área de la salud,COMUNA 7,
1v0nC15GpcAkOvN0VZOFwR3QlkEXLh0BPbzE57FI5fR4,"RPMS PI e I 012026 - (AISPPMSCVPI_02_2026, AISPPMSCVI_02_2026)",Femenino,Juventud (18 - 28 años),Pregrado,Área de la salud,,
1v0nC15GpcAkOvN0VZOFwR3QlkEXLh0BPbzE57FI5fR4,"RPMS PI e I 012026 - (AISPPMSCVPI_02_2026, AISPPMSCVI_02_2026)",Femenino,Vejez (60 años o más),Postgrado,Área de la salud,,
1v0nC15GpcAkOvN0VZOFwR3QlkEXLh0BPbzE57FI5fR4,"RPMS PI e I 012026 - (AISPPMSCVPI_02_2026, AISPPMSCVI_02_2026)",Masculino,Juventud (18 - 28 años),Pregrado,Área de la salud,C. DE EL HORMIGUERO,
1v0nC15GpcAkOvN0VZOFwR3QlkEXLh0BPbzE57FI5fR4,"RPMS PI e I 012026 - (AISPPMSCVPI_02_2026, AISPPMSCVI_02_2026)",Femenino,Juventud (18 - 28 años),Bachiller,Área de la salud,,
1v0nC15GpcAkOvN0VZOFwR3QlkEXLh0BPbzE57FI5fR4,"RPMS PI e I 012026 - (AISPPMSCVPI_02_2026, AISPPMSCVI_02_2026)",Femenino,Vejez (60 años o más),Postgrado,Área de la salud,COMUNA 17,
1v0nC15GpcAkOvN0VZOFwR3QlkEXLh0BPbzE57FI5fR4,"RPMS PI e I 012026 - (AISPPMSCVPI_02_2026, AISPPMSCVI_02_2026)",Femenino,Juventud (18 - 28 años),Pregrado,Área de la salud,,
1v0nC15GpcAkOvN0VZOFwR3QlkEXLh0BPbzE57FI5fR4,"RPMS PI e I 012026 - (AISPPMSCVPI_02_2026, AISPPMSCVI_02_2026)",Femenino,Juventud (18 - 28 años),Pregrado,Área de la salud,,
1v0nC15GpcAkOvN0VZOFwR3QlkEXLh0BPbzE57FI5fR4,"RPMS PI e I 012026 - (AISPPMSCVPI_02_2026, AISPPMSCVI_02_2026)",Femenino,Juventud (18 - 28 años),Bachiller,Área de la salud,,
1v0nC15GpcAkOvN0VZOFwR3QlkEXLh0BPbzE57FI5fR4,"RPMS PI e I 012026 - (AISPPMSCVPI_02_2026, AISPPMSCVI_02_2026)",Femenino,Juventud (18 - 28 años),Pregrado,Área de la salud,,
1v0nC15GpcAkOvN0VZOFwR3QlkEXLh0BPbzE57FI5fR4,"RPMS PI e I 012026 - (AISPPMSCVPI_02_2026, AISPPMSCVI_02_2026)",Femenino,Adultez (29 - 59 años),Pregrado,Área de la salud,,
1v0nC15GpcAkOvN0VZOFwR3QlkEXLh0BPbzE57FI5fR4,"RPMS PI e I 012026 - (AISPPMSCVPI_02_2026, AISPPMSCVI_02_2026)",Femenino,Juventud (18 - 28 años),Bachiller,Área de la salud,,
1v0nC15GpcAkOvN0VZOFwR3QlkEXLh0BPbzE57FI5fR4,"RPMS PI e I 012026 - (AISPPMSCVPI_02_2026, AISPPMSCVI_02_2026)",Femenino,Juventud (18 - 28 años),Pregrado,Área de la salud,,
1v0nC15GpcAkOvN0VZOFwR3QlkEXLh0BPbzE57FI5fR4,"RPMS PI e I 012026 - (AISPPMSCVPI_02_2026, AISPPMSCVI_02_2026)",Femenino,Adultez (29 - 59 años),Postgrado,Área de la salud,COMUNA 5,
1v0nC15GpcAkOvN0VZOFwR3QlkEXLh0BPbzE57FI5fR4,"RPMS PI e I 012026 - (AISPPMSCVPI_02_2026, AISPPMSCVI_02_2026)",Femenino,Adultez (29 - 59 años),Pregrado,Área de la salud,COMUNA 15,
1v0nC15GpcAkOvN0VZOFwR3QlkEXLh0BPbzE57FI5fR4,"RPMS PI e I 012026 - (AISPPMSCVPI_02_2026, AISPPMSCVI_02_2026)",Femenino,Adultez (29 - 59 años),Pregrado,Área de la salud,COMUNA 3,
1v0nC15GpcAkOvN0VZOFwR3QlkEXLh0BPbzE57FI5fR4,"RPMS PI e I 012026 - (AISPPMSCVPI_02_2026, AISPPMSCVI_02_2026)",Masculino,Juventud (18 - 28 años),Pregrado,Área de la salud,,
1v0nC15GpcAkOvN0VZOFwR3QlkEXLh0BPbzE57FI5fR4,"RPMS PI e I 012026 - (AISPPMSCVPI_02_2026, AISPPMSCVI_02_2026)",Femenino,Adultez (29 - 59 años),Pregrado,Área de la salud,,
1v0nC15GpcAkOvN0VZOFwR3QlkEXLh0BPbzE57FI5fR4,"RPMS PI e I 012026 - (AISPPMSCVPI_02_2026, AISPPMSCVI_02_2026)",Femenino,Adultez (29 - 59 años),Postgrado,Área de la salud,COMUNA 1,
1v0nC15GpcAkOvN0VZOFwR3QlkEXLh0BPbzE57FI5fR4,"RPMS PI e I 012026 - (AISPPMSCVPI_02_2026, AISPPMSCVI_02_2026)",Masculino,Adultez (29 - 59 años),Postgrado,Área de la salud,,
1v0nC15GpcAkOvN0VZOFwR3QlkEXLh0BPbzE57FI5fR4,"RPMS PI e I 012026 - (AISPPMSCVPI_02_2026, AISPPMSCVI_02_2026)",Femenino,Adultez (29 - 59 años),Pregrado,Área de la salud,,
1v0nC15GpcAkOvN0VZOFwR3QlkEXLh0BPbzE57FI5fR4,"RPMS PI e I 012026 - (AISPPMSCVPI_02_2026, AISPPMSCVI_02_2026)",Femenino,Adultez (29 - 59 años),Pregrado,Área de la salud,,
1v0nC15GpcAkOvN0VZOFwR3QlkEXLh0BPbzE57FI5fR4,"RPMS PI e I 012026 - (AISPPMSCVPI_02_2026, AISPPMSCVI_02_2026)",Femenino,Juventud (18 - 28 años),Pregrado,Área de la salud,COMUNA 16,
1v0nC15GpcAkOvN0VZOFwR3QlkEXLh0BPbzE57FI5fR4,"RPMS PI e I 012026 - (AISPPMSCVPI_02_2026, AISPPMSCVI_02_2026)",Femenino,Adultez (29 - 59 años),Bachiller,Área de la salud,COMUNA 1,
1v0nC15GpcAkOvN0VZOFwR3QlkEXLh0BPbzE57FI5fR4,"RPMS PI e I 012026 - (AISPPMSCVPI_02_2026, AISPPMSCVI_02_2026)",Femenino,Juventud (18 - 28 años),Pregrado,Área de la salud,,
1v0nC15GpcAkOvN0VZOFwR3QlkEXLh0BPbzE57FI5fR4,"RPMS PI e I 012026 - (AISPPMSCVPI_02_2026, AISPPMSCVI_02_2026)",Femenino,Juventud (18 - 28 años),Bachiller,Área de la salud,,
1v0nC15GpcAkOvN0VZOFwR3QlkEXLh0BPbzE57FI5fR4,"RPMS PI e I 012026 - (AISPPMSCVPI_02_2026, AISPPMSCVI_02_2026)",Masculino,Adultez (29 - 59 años),Pregrado,Área de la salud,COMUNA 17,
1v0nC15GpcAkOvN0VZOFwR3QlkEXLh0BPbzE57FI5fR4,"RPMS PI e I 012026 - (AISPPMSCVPI_02_2026, AISPPMSCVI_02_2026)",Femenino,Adultez (29 - 59 años),Pregrado,Área de la salud,,
1v0nC15GpcAkOvN0VZOFwR3QlkEXLh0BPbzE57FI5fR4,"RPMS PI e I 012026 - (AISPPMSCVPI_02_2026, AISPPMSCVI_02_2026)",Femenino,Juventud (18 - 28 años),Pregrado,Área de la salud,,
1v0nC15GpcAkOvN0VZOFwR3QlkEXLh0BPbzE57FI5fR4,"RPMS PI e I 012026 - (AISPPMSCVPI_02_2026, AISPPMSCVI_02_2026)",Masculino,Adultez (29 - 59 años),Bachiller,Área de la salud,,
1v0nC15GpcAkOvN0VZOFwR3QlkEXLh0BPbzE57FI5fR4,"RPMS PI e I 012026 - (AISPPMSCVPI_02_2026, AISPPMSCVI_02_2026)",Femenino,Adultez (29 - 59 años),Bachiller,Área de la salud,,
1v0nC15GpcAkOvN0VZOFwR3QlkEXLh0BPbzE57FI5fR4,"RPMS PI e I 012026 - (AISPPMSCVPI_02_2026, AISPPMSCVI_02_2026)",Masculino,Adultez (29 - 59 años),Pregrado,Área de la salud,COMUNA 17,
1v0nC15GpcAkOvN0VZOFwR3QlkEXLh0BPbzE57FI5fR4,"RPMS PI e I 012026 - (AISPPMSCVPI_02_2026, AISPPMSCVI_02_2026)",Femenino,Juventud (18 - 28 años),Pregrado,Área de la salud,,
1v0nC15GpcAkOvN0VZOFwR3QlkEXLh0BPbzE57FI5fR4,"RPMS PI e I 012026 - (AISPPMSCVPI_02_2026, AISPPMSCVI_02_2026)",Femenino,Adultez (29 - 59 años),Pregrado,Área de la salud,,
1v0nC15GpcAkOvN0VZOFwR3QlkEXLh0BPbzE57FI5fR4,"RPMS PI e I 012026 - (AISPPMSCVPI_02_2026, AISPPMSCVI_02_2026)",Femenino,Adultez (29 - 59 años),Pregrado,Área de la salud,,
1v0nC15GpcAkOvN0VZOFwR3QlkEXLh0BPbzE57FI5fR4,"RPMS PI e I 012026 - (AISPPMSCVPI_02_2026, AISPPMSCVI_02_2026)",Femenino,Adultez (29 - 59 años),Bachiller,Área de la salud,,
1v0nC15GpcAkOvN0VZOFwR3QlkEXLh0BPbzE57FI5fR4,"RPMS PI e I 012026 - (AISPPMSCVPI_02_2026, AISPPMSCVI_02_2026)",Femenino,Adultez (29 - 59 años),Pregrado,Área de la salud,COMUNA 16,
1v0nC15GpcAkOvN0VZOFwR3QlkEXLh0BPbzE57FI5fR4,"RPMS PI e I 012026 - (AISPPMSCVPI_02_2026, AISPPMSCVI_02_2026)",Femenino,Adultez (29 - 59 años),Pregrado,Área de la salud,,
1v0nC15GpcAkOvN0VZOFwR3QlkEXLh0BPbzE57FI5fR4,"RPMS PI e I 012026 - (AISPPMSCVPI_02_2026, AISPPMSCVI_02_2026)",Femenino,Adultez (29 - 59 años),Pregrado,Área de la salud,,
1v0nC15GpcAkOvN0VZOFwR3QlkEXLh0BPbzE57FI5fR4,"RPMS PI e I 012026 - (AISPPMSCVPI_02_2026, AISPPMSCVI_02_2026)",Femenino,Juventud (18 - 28 años),Bachiller,Área de la salud,,
1v0nC15GpcAkOvN0VZOFwR3QlkEXLh0BPbzE57FI5fR4,"RPMS PI e I 012026 - (AISPPMSCVPI_02_2026, AISPPMSCVI_02_2026)",Femenino,Juventud (18 - 28 años),Pregrado,Área de la salud,COMUNA 18,
1v0nC15GpcAkOvN0VZOFwR3QlkEXLh0BPbzE57FI5fR4,"RPMS PI e I 012026 - (AISPPMSCVPI_02_2026, AISPPMSCVI_02_2026)",Femenino,Adultez (29 - 59 años),Bachiller,Área de la salud,,
1v0nC15GpcAkOvN0VZOFwR3QlkEXLh0BPbzE57FI5fR4,"RPMS PI e I 012026 - (AISPPMSCVPI_02_2026, AISPPMSCVI_02_2026)",Femenino,Adultez (29 - 59 años),Pregrado,Área de la salud,,
1v0nC15GpcAkOvN0VZOFwR3QlkEXLh0BPbzE57FI5fR4,"RPMS PI e I 012026 - (AISPPMSCVPI_02_2026, AISPPMSCVI_02_2026)",Femenino,Juventud (18 - 28 años),Pregrado,Área de la salud,,
1v0nC15GpcAkOvN0VZOFwR3QlkEXLh0BPbzE57FI5fR4,"RPMS PI e I 012026 - (AISPPMSCVPI_02_2026, AISPPMSCVI_02_2026)",Femenino,Adultez (29 - 59 años),Postgrado,Área de la salud,COMUNA 22,
1v0nC15GpcAkOvN0VZOFwR3QlkEXLh0BPbzE57FI5fR4,"RPMS PI e I 012026 - (AISPPMSCVPI_02_2026, AISPPMSCVI_02_2026)",Femenino,Adultez (29 - 59 años),Bachiller,Área de la salud,,
1v0nC15GpcAkOvN0VZOFwR3QlkEXLh0BPbzE57FI5fR4,"RPMS PI e I 012026 - (AISPPMSCVPI_02_2026, AISPPMSCVI_02_2026)",Femenino,Juventud (18 - 28 años),Bachiller,Área de la salud,COMUNA 3,
1v0nC15GpcAkOvN0VZOFwR3QlkEXLh0BPbzE57FI5fR4,"RPMS PI e I 012026 - (AISPPMSCVPI_02_2026, AISPPMSCVI_02_2026)",Femenino,Adolescencia (12 - 17 años),Pregrado,Área de la salud,,
1v0nC15GpcAkOvN0VZOFwR3QlkEXLh0BPbzE57FI5fR4,"RPMS PI e I 012026 - (AISPPMSCVPI_02_2026, AISPPMSCVI_02_2026)",Femenino,Juventud (18 - 28 años),Bachiller,Área de la salud,COMUNA 4,
1v0nC15GpcAkOvN0VZOFwR3QlkEXLh0BPbzE57FI5fR4,"RPMS PI e I 012026 - (AISPPMSCVPI_02_2026, AISPPMSCVI_02_2026)",Femenino,Adultez (29 - 59 años),Pregrado,Área de la salud,,
1v0nC15GpcAkOvN0VZOFwR3QlkEXLh0BPbzE57FI5fR4,"RPMS PI e I 012026 - (AISPPMSCVPI_02_2026, AISPPMSCVI_02_2026)",Masculino,Vejez (60 años o más),Pregrado,Área de la salud,COMUNA 16,
1v0nC15GpcAkOvN0VZOFwR3QlkEXLh0BPbzE57FI5fR4,"RPMS PI e I 012026 - (AISPPMSCVPI_02_2026, AISPPMSCVI_02_2026)",Femenino,Adultez (29 - 59 años),Pregrado,Área de la salud,COMUNA 19,
1v0nC15GpcAkOvN0VZOFwR3QlkEXLh0BPbzE57FI5fR4,"RPMS PI e I 012026 - (AISPPMSCVPI_02_2026, AISPPMSCVI_02_2026)",Femenino,Adultez (29 - 59 años),Postgrado,Área de la salud,,
1v0nC15GpcAkOvN0VZOFwR3QlkEXLh0BPbzE57FI5fR4,"RPMS PI e I 012026 - (AISPPMSCVPI_02_2026, AISPPMSCVI_02_2026)",Femenino,Adultez (29 - 59 años),Postgrado,Área de la salud,,
1v0nC15GpcAkOvN0VZOFwR3QlkEXLh0BPbzE57FI5fR4,"RPMS PI e I 012026 - (AISPPMSCVPI_02_2026, AISPPMSCVI_02_2026)",Femenino,Juventud (18 - 28 años),Pregrado,Área de la salud,COMUNA 6,
1v0nC15GpcAkOvN0VZOFwR3QlkEXLh0BPbzE57FI5fR4,"RPMS PI e I 012026 - (AISPPMSCVPI_02_2026, AISPPMSCVI_02_2026)",Femenino,Adultez (29 - 59 años),Bachiller,Área de la salud,COMUNA 14,
1v0nC15GpcAkOvN0VZOFwR3QlkEXLh0BPbzE57FI5fR4,"RPMS PI e I 012026 - (AISPPMSCVPI_02_2026, AISPPMSCVI_02_2026)",Femenino,Adolescencia (12 - 17 años),Postgrado,Área de la salud,,
1v0nC15GpcAkOvN0VZOFwR3QlkEXLh0BPbzE57FI5fR4,"RPMS PI e I 012026 - (AISPPMSCVPI_02_2026, AISPPMSCVI_02_2026)",Femenino,Adultez (29 - 59 años),Bachiller,Área de la salud,,
1v0nC15GpcAkOvN0VZOFwR3QlkEXLh0BPbzE57FI5fR4,"RPMS PI e I 012026 - (AISPPMSCVPI_02_2026, AISPPMSCVI_02_2026)",Femenino,Adultez (29 - 59 años),Postgrado,Área de la salud,COMUNA 20,
1v0nC15GpcAkOvN0VZOFwR3QlkEXLh0BPbzE57FI5fR4,"RPMS PI e I 012026 - (AISPPMSCVPI_02_2026, AISPPMSCVI_02_2026)",Femenino,Adultez (29 - 59 años),Pregrado,Área de la salud,COMUNA 1,
1v0nC15GpcAkOvN0VZOFwR3QlkEXLh0BPbzE57FI5fR4,"RPMS PI e I 012026 - (AISPPMSCVPI_02_2026, AISPPMSCVI_02_2026)",Femenino,Adultez (29 - 59 años),Bachiller,Área de la salud,COMUNA 11,
1v0nC15GpcAkOvN0VZOFwR3QlkEXLh0BPbzE57FI5fR4,"RPMS PI e I 012026 - (AISPPMSCVPI_02_2026, AISPPMSCVI_02_2026)",Femenino,Adultez (29 - 59 años),Pregrado,Área de la salud,,
1v0nC15GpcAkOvN0VZOFwR3QlkEXLh0BPbzE57FI5fR4,"RPMS PI e I 012026 - (AISPPMSCVPI_02_2026, AISPPMSCVI_02_2026)",Femenino,Juventud (18 - 28 años),Pregrado,Área de la salud,,
1v0nC15GpcAkOvN0VZOFwR3QlkEXLh0BPbzE57FI5fR4,"RPMS PI e I 012026 - (AISPPMSCVPI_02_2026, AISPPMSCVI_02_2026)",Femenino,Adultez (29 - 59 años),Pregrado,Área de la salud,COMUNA 7,
1v0nC15GpcAkOvN0VZOFwR3QlkEXLh0BPbzE57FI5fR4,"RPMS PI e I 012026 - (AISPPMSCVPI_02_2026, AISPPMSCVI_02_2026)",Femenino,Adultez (29 - 59 años),Pregrado,Área de la salud,COMUNA 10,
1v0nC15GpcAkOvN0VZOFwR3QlkEXLh0BPbzE57FI5fR4,"RPMS PI e I 012026 - (AISPPMSCVPI_02_2026, AISPPMSCVI_02_2026)",Femenino,Juventud (18 - 28 años),Pregrado,Área de la salud,,
1v0nC15GpcAkOvN0VZOFwR3QlkEXLh0BPbzE57FI5fR4,"RPMS PI e I 012026 - (AISPPMSCVPI_02_2026, AISPPMSCVI_02_2026)",Femenino,Adultez (29 - 59 años),Pregrado,Área de la salud,,
1v0nC15GpcAkOvN0VZOFwR3QlkEXLh0BPbzE57FI5fR4,"RPMS PI e I 012026 - (AISPPMSCVPI_02_2026, AISPPMSCVI_02_2026)",Femenino,Adolescencia (12 - 17 años),Bachiller,Área de la salud,,
1v0nC15GpcAkOvN0VZOFwR3QlkEXLh0BPbzE57FI5fR4,"RPMS PI e I 012026 - (AISPPMSCVPI_02_2026, AISPPMSCVI_02_2026)",Femenino,Juventud (18 - 28 años),Pregrado,Área de la salud,,
1v0nC15GpcAkOvN0VZOFwR3QlkEXLh0BPbzE57FI5fR4,"RPMS PI e I 012026 - (AISPPMSCVPI_02_2026, AISPPMSCVI_02_2026)",Femenino,Adultez (29 - 59 años),Bachiller,Área de la salud,COMUNA 1,
1v0nC15GpcAkOvN0VZOFwR3QlkEXLh0BPbzE57FI5fR4,"RPMS PI e I 012026 - (AISPPMSCVPI_02_2026, AISPPMSCVI_02_2026)",Femenino,Adolescencia (12 - 17 años),Pregrado,Área de la salud,,
1v0nC15GpcAkOvN0VZOFwR3QlkEXLh0BPbzE57FI5fR4,"RPMS PI e I 012026 - (AISPPMSCVPI_02_2026, AISPPMSCVI_02_2026)",Femenino,Adultez (29 - 59 años),Pregrado,Área de la salud,,
1v0nC15GpcAkOvN0VZOFwR3QlkEXLh0BPbzE57FI5fR4,"RPMS PI e I 012026 - (AISPPMSCVPI_02_2026, AISPPMSCVI_02_2026)",Femenino,Juventud (18 - 28 años),Pregrado,Área de la salud,COMUNA 21,
1v0nC15GpcAkOvN0VZOFwR3QlkEXLh0BPbzE57FI5fR4,"RPMS PI e I 012026 - (AISPPMSCVPI_02_2026, AISPPMSCVI_02_2026)",Masculino,Juventud (18 - 28 años),Bachiller,Área de la salud,COMUNA 11,
1v0nC15GpcAkOvN0VZOFwR3QlkEXLh0BPbzE57FI5fR4,"RPMS PI e I 012026 - (AISPPMSCVPI_02_2026, AISPPMSCVI_02_2026)",Femenino,Adultez (29 - 59 años),Postgrado,Otro,,
1v0nC15GpcAkOvN0VZOFwR3QlkEXLh0BPbzE57FI5fR4,"RPMS PI e I 012026 - (AISPPMSCVPI_02_2026, AISPPMSCVI_02_2026)",Masculino,Juventud (18 - 28 años),Pregrado,Área de la salud,,
1v0nC15GpcAkOvN0VZOFwR3QlkEXLh0BPbzE57FI5fR4,"RPMS PI e I 012026 - (AISPPMSCVPI_02_2026, AISPPMSCVI_02_2026)",Masculino,Adultez (29 - 59 años),Postgrado,Área de la salud,COMUNA 2,
1v0nC15GpcAkOvN0VZOFwR3QlkEXLh0BPbzE57FI5fR4,"RPMS PI e I 012026 - (AISPPMSCVPI_02_2026, AISPPMSCVI_02_2026)",Femenino,Adultez (29 - 59 años),Pregrado,Área de la salud,COMUNA 19,
1v0nC15GpcAkOvN0VZOFwR3QlkEXLh0BPbzE57FI5fR4,"RPMS PI e I 012026 - (AISPPMSCVPI_02_2026, AISPPMSCVI_02_2026)",Femenino,Juventud (18 - 28 años),Pregrado,Área de la salud,,
1v0nC15GpcAkOvN0VZOFwR3QlkEXLh0BPbzE57FI5fR4,"RPMS PI e I 012026 - (AISPPMSCVPI_02_2026, AISPPMSCVI_02_2026)",Femenino,Adolescencia (12 - 17 años),Postgrado,Área de la salud,,
1v0nC15GpcAkOvN0VZOFwR3QlkEXLh0BPbzE57FI5fR4,"RPMS PI e I 012026 - (AISPPMSCVPI_02_2026, AISPPMSCVI_02_2026)",Femenino,Adolescencia (12 - 17 años),Pregrado,Área de la salud,C. DE GOLONDRINAS,
1v0nC15GpcAkOvN0VZOFwR3QlkEXLh0BPbzE57FI5fR4,"RPMS PI e I 012026 - (AISPPMSCVPI_02_2026, AISPPMSCVI_02_2026)",Femenino,Adultez (29 - 59 años),Postgrado,Área de la salud,,
1v0nC15GpcAkOvN0VZOFwR3QlkEXLh0BPbzE57FI5fR4,"RPMS PI e I 012026 - (AISPPMSCVPI_02_2026, AISPPMSCVI_02_2026)",Masculino,Adultez (29 - 59 años),Pregrado,Área de la salud,,
1v0nC15GpcAkOvN0VZOFwR3QlkEXLh0BPbzE57FI5fR4,"RPMS PI e I 012026 - (AISPPMSCVPI_02_2026, AISPPMSCVI_02_2026)",Femenino,Adultez (29 - 59 años),Postgrado,Área de la salud,,
1v0nC15GpcAkOvN0VZOFwR3QlkEXLh0BPbzE57FI5fR4,"RPMS PI e I 012026 - (AISPPMSCVPI_02_2026, AISPPMSCVI_02_2026)",Masculino,Adultez (29 - 59 años),Postgrado,Área de la salud,,
1v0nC15GpcAkOvN0VZOFwR3QlkEXLh0BPbzE57FI5fR4,"RPMS PI e I 012026 - (AISPPMSCVPI_02_2026, AISPPMSCVI_02_2026)",Femenino,Juventud (18 - 28 años),Bachiller,Área de la salud,,
1v0nC15GpcAkOvN0VZOFwR3QlkEXLh0BPbzE57FI5fR4,"RPMS PI e I 012026 - (AISPPMSCVPI_02_2026, AISPPMSCVI_02_2026)",Femenino,Juventud (18 - 28 años),Pregrado,Área de la salud,,
1v0nC15GpcAkOvN0VZOFwR3QlkEXLh0BPbzE57FI5fR4,"RPMS PI e I 012026 - (AISPPMSCVPI_02_2026, AISPPMSCVI_02_2026)",Femenino,Adultez (29 - 59 años),Bachiller,Área de la salud,,
1v0nC15GpcAkOvN0VZOFwR3QlkEXLh0BPbzE57FI5fR4,"RPMS PI e I 012026 - (AISPPMSCVPI_02_2026, AISPPMSCVI_02_2026)",Femenino,Juventud (18 - 28 años),Pregrado,Área de la salud,,
1v0nC15GpcAkOvN0VZOFwR3QlkEXLh0BPbzE57FI5fR4,"RPMS PI e I 012026 - (AISPPMSCVPI_02_2026, AISPPMSCVI_02_2026)",Femenino,Adultez (29 - 59 años),Pregrado,Área de la salud,COMUNA 1,
1v0nC15GpcAkOvN0VZOFwR3QlkEXLh0BPbzE57FI5fR4,"RPMS PI e I 012026 - (AISPPMSCVPI_02_2026, AISPPMSCVI_02_2026)",Femenino,Adolescencia (12 - 17 años),Pregrado,Área de la salud,,
1v0nC15GpcAkOvN0VZOFwR3QlkEXLh0BPbzE57FI5fR4,"RPMS PI e I 012026 - (AISPPMSCVPI_02_2026, AISPPMSCVI_02_2026)",Femenino,Adultez (29 - 59 años),Pregrado,Área de la salud,,
1v0nC15GpcAkOvN0VZOFwR3QlkEXLh0BPbzE57FI5fR4,"RPMS PI e I 012026 - (AISPPMSCVPI_02_2026, AISPPMSCVI_02_2026)",Femenino,Adultez (29 - 59 años),Postgrado,Área de la salud,,
1v0nC15GpcAkOvN0VZOFwR3QlkEXLh0BPbzE57FI5fR4,"RPMS PI e I 012026 - (AISPPMSCVPI_02_2026, AISPPMSCVI_02_2026)",Femenino,Adultez (29 - 59 años),Pregrado,Área de la salud,,
1v0nC15GpcAkOvN0VZOFwR3QlkEXLh0BPbzE57FI5fR4,"RPMS PI e I 012026 - (AISPPMSCVPI_02_2026, AISPPMSCVI_02_2026)",Femenino,Juventud (18 - 28 años),Pregrado,Área de la salud,COMUNA 7,
1v0nC15GpcAkOvN0VZOFwR3QlkEXLh0BPbzE57FI5fR4,"RPMS PI e I 012026 - (AISPPMSCVPI_02_2026, AISPPMSCVI_02_2026)",Masculino,Juventud (18 - 28 años),Pregrado,Área de la salud,,
1v0nC15GpcAkOvN0VZOFwR3QlkEXLh0BPbzE57FI5fR4,"RPMS PI e I 012026 - (AISPPMSCVPI_02_2026, AISPPMSCVI_02_2026)",Femenino,Juventud (18 - 28 años),Pregrado,Área de la salud,,
1v0nC15GpcAkOvN0VZOFwR3QlkEXLh0BPbzE57FI5fR4,"RPMS PI e I 012026 - (AISPPMSCVPI_02_2026, AISPPMSCVI_02_2026)",Femenino,Juventud (18 - 28 años),Postgrado,Área de la salud,,
1v0nC15GpcAkOvN0VZOFwR3QlkEXLh0BPbzE57FI5fR4,"RPMS PI e I 012026 - (AISPPMSCVPI_02_2026, AISPPMSCVI_02_2026)",Masculino,Adultez (29 - 59 años),Postgrado,Área de la salud,,
1v0nC15GpcAkOvN0VZOFwR3QlkEXLh0BPbzE57FI5fR4,"RPMS PI e I 012026 - (AISPPMSCVPI_02_2026, AISPPMSCVI_02_2026)",Femenino,Adultez (29 - 59 años),Pregrado,Área de la salud,,
1v0nC15GpcAkOvN0VZOFwR3QlkEXLh0BPbzE57FI5fR4,"RPMS PI e I 012026 - (AISPPMSCVPI_02_2026, AISPPMSCVI_02_2026)",Femenino,Adultez (29 - 59 años),Pregrado,Área de la salud,,
1v0nC15GpcAkOvN0VZOFwR3QlkEXLh0BPbzE57FI5fR4,"RPMS PI e I 012026 - (AISPPMSCVPI_02_2026, AISPPMSCVI_02_2026)",Femenino,Adultez (29 - 59 años),Bachiller,Área de la salud,,
1v0nC15GpcAkOvN0VZOFwR3QlkEXLh0BPbzE57FI5fR4,"RPMS PI e I 012026 - (AISPPMSCVPI_02_2026, AISPPMSCVI_02_2026)",Femenino,Adultez (29 - 59 años),Pregrado,Área de la salud,,
1v0nC15GpcAkOvN0VZOFwR3QlkEXLh0BPbzE57FI5fR4,"RPMS PI e I 012026 - (AISPPMSCVPI_02_2026, AISPPMSCVI_02_2026)",Femenino,Adultez (29 - 59 años),Postgrado,Área de la salud,,
1v0nC15GpcAkOvN0VZOFwR3QlkEXLh0BPbzE57FI5fR4,"RPMS PI e I 012026 - (AISPPMSCVPI_02_2026, AISPPMSCVI_02_2026)",Femenino,Adultez (29 - 59 años),Pregrado,Área de la salud,COMUNA 17,
1v0nC15GpcAkOvN0VZOFwR3QlkEXLh0BPbzE57FI5fR4,"RPMS PI e I 012026 - (AISPPMSCVPI_02_2026, AISPPMSCVI_02_2026)",Femenino,Adultez (29 - 59 años),Pregrado,Área de la salud,,
1v0nC15GpcAkOvN0VZOFwR3QlkEXLh0BPbzE57FI5fR4,"RPMS PI e I 012026 - (AISPPMSCVPI_02_2026, AISPPMSCVI_02_2026)",Femenino,Juventud (18 - 28 años),Pregrado,Área de la salud,COMUNA 3,
1v0nC15GpcAkOvN0VZOFwR3QlkEXLh0BPbzE57FI5fR4,"RPMS PI e I 012026 - (AISPPMSCVPI_02_2026, AISPPMSCVI_02_2026)",Femenino,Adultez (29 - 59 años),Pregrado,Área de la salud,,
1v0nC15GpcAkOvN0VZOFwR3QlkEXLh0BPbzE57FI5fR4,"RPMS PI e I 012026 - (AISPPMSCVPI_02_2026, AISPPMSCVI_02_2026)",Femenino,Adultez (29 - 59 años),Postgrado,Área de la salud,,
1v0nC15GpcAkOvN0VZOFwR3QlkEXLh0BPbzE57FI5fR4,"RPMS PI e I 012026 - (AISPPMSCVPI_02_2026, AISPPMSCVI_02_2026)",Masculino,Adultez (29 - 59 años),Pregrado,Área de la salud,,
1v0nC15GpcAkOvN0VZOFwR3QlkEXLh0BPbzE57FI5fR4,"RPMS PI e I 012026 - (AISPPMSCVPI_02_2026, AISPPMSCVI_02_2026)",Femenino,Adultez (29 - 59 años),Postgrado,Área de la salud,,
1v0nC15GpcAkOvN0VZOFwR3QlkEXLh0BPbzE57FI5fR4,"RPMS PI e I 012026 - (AISPPMSCVPI_02_2026, AISPPMSCVI_02_2026)",Femenino,Juventud (18 - 28 años),Pregrado,Área de la salud,COMUNA 8,
1v0nC15GpcAkOvN0VZOFwR3QlkEXLh0BPbzE57FI5fR4,"RPMS PI e I 012026 - (AISPPMSCVPI_02_2026, AISPPMSCVI_02_2026)",Femenino,Juventud (18 - 28 años),Pregrado,Área de la salud,,
1v0nC15GpcAkOvN0VZOFwR3QlkEXLh0BPbzE57FI5fR4,"RPMS PI e I 012026 - (AISPPMSCVPI_02_2026, AISPPMSCVI_02_2026)",Femenino,Juventud (18 - 28 años),Pregrado,Área de la salud,COMUNA 12,
1v0nC15GpcAkOvN0VZOFwR3QlkEXLh0BPbzE57FI5fR4,"RPMS PI e I 012026 - (AISPPMSCVPI_02_2026, AISPPMSCVI_02_2026)",Masculino,Adolescencia (12 - 17 años),Postgrado,Área de la salud,,
1v0nC15GpcAkOvN0VZOFwR3QlkEXLh0BPbzE57FI5fR4,"RPMS PI e I 012026 - (AISPPMSCVPI_02_2026, AISPPMSCVI_02_2026)",Femenino,Adultez (29 - 59 años),Pregrado,Área de la salud,,
1qJvRFder96s1e8UWY1AyyJ6thKeVv8calOLG9lpgK_0,Cáncer de mama 2026 - (ACM_02_2026),Femenino,Adultez (29 - 59 años),Pregrado,Área de la salud,COMUNA 17,
1qJvRFder96s1e8UWY1AyyJ6thKeVv8calOLG9lpgK_0,Cáncer de mama 2026 - (ACM_02_2026),Femenino,Adultez (29 - 59 años),Pregrado,Área de la salud,COMUNA 17,
1qJvRFder96s1e8UWY1AyyJ6thKeVv8calOLG9lpgK_0,Cáncer de mama 2026 - (ACM_02_2026),Femenino,Adultez (29 - 59 años),Bachiller,Área de la salud,,
1qJvRFder96s1e8UWY1AyyJ6thKeVv8calOLG9lpgK_0,Cáncer de mama 2026 - (ACM_02_2026),Masculino,Adultez (29 - 59 años),Pregrado,Estudiante,COMUNA 17,
1qJvRFder96s1e8UWY1AyyJ6thKeVv8calOLG9lpgK_0,Cáncer de mama 2026 - (ACM_02_2026),Femenino,Adultez (29 - 59 años),Pregrado,Área de la salud,COMUNA 17,
1qJvRFder96s1e8UWY1AyyJ6thKeVv8calOLG9lpgK_0,Cáncer de mama 2026 - (ACM_02_2026),Femenino,Adultez (29 - 59 años),Postgrado,Área de la salud,COMUNA 17,
1qJvRFder96s1e8UWY1AyyJ6thKeVv8calOLG9lpgK_0,Cáncer de mama 2026 - (ACM_02_2026),Femenino,Vejez (60 años o más),Bachiller,Área de la salud,COMUNA 3,
1qJvRFder96s1e8UWY1AyyJ6thKeVv8calOLG9lpgK_0,Cáncer de mama 2026 - (ACM_02_2026),Masculino,Adultez (29 - 59 años),Postgrado,Área de la salud,COMUNA 17,
1qJvRFder96s1e8UWY1AyyJ6thKeVv8calOLG9lpgK_0,Cáncer de mama 2026 - (ACM_02_2026),Masculino,Adultez (29 - 59 años),Pregrado,Área de la salud,COMUNA 19,
1TMb_crQZVhFfjP9hb6MMkkd0cW9xy8oVb6GaDYgmDOY,DESNUTRICIÓN INFANTIL 1°C 2025 - (ADAM5_2025),Masculino,Vejez (60 años o más),Pregrado,Área de la salud,COMUNA 5,
1TMb_crQZVhFfjP9hb6MMkkd0cW9xy8oVb6GaDYgmDOY,DESNUTRICIÓN INFANTIL 1°C 2025 - (ADAM5_2025),Femenino,Adultez (29 - 59 años),Postgrado,Área de la salud,COMUNA 19,
1TMb_crQZVhFfjP9hb6MMkkd0cW9xy8oVb6GaDYgmDOY,DESNUTRICIÓN INFANTIL 1°C 2025 - (ADAM5_2025),Masculino,Adultez (29 - 59 años),Postgrado,Área de la salud,COMUNA 19,
1TMb_crQZVhFfjP9hb6MMkkd0cW9xy8oVb6GaDYgmDOY,DESNUTRICIÓN INFANTIL 1°C 2025 - (ADAM5_2025),Femenino,Adultez (29 - 59 años),Postgrado,Área de la salud,COMUNA 4,
1TMb_crQZVhFfjP9hb6MMkkd0cW9xy8oVb6GaDYgmDOY,DESNUTRICIÓN INFANTIL 1°C 2025 - (ADAM5_2025),Masculino,Adultez (29 - 59 años),Postgrado,Área de la salud,COMUNA 19,
1TMb_crQZVhFfjP9hb6MMkkd0cW9xy8oVb6GaDYgmDOY,DESNUTRICIÓN INFANTIL 1°C 2025 - (ADAM5_2025),Femenino,Adultez (29 - 59 años),Pregrado,Área de la salud,COMUNA 15,
1TMb_crQZVhFfjP9hb6MMkkd0cW9xy8oVb6GaDYgmDOY,DESNUTRICIÓN INFANTIL 1°C 2025 - (ADAM5_2025),Femenino,Adultez (29 - 59 años),Pregrado,Área de la salud,COMUNA 6,
1TMb_crQZVhFfjP9hb6MMkkd0cW9xy8oVb6GaDYgmDOY,DESNUTRICIÓN INFANTIL 1°C 2025 - (ADAM5_2025),Femenino,Adultez (29 - 59 años),Pregrado,Área de la salud,COMUNA 13,
1TMb_crQZVhFfjP9hb6MMkkd0cW9xy8oVb6GaDYgmDOY,DESNUTRICIÓN INFANTIL 1°C 2025 - (ADAM5_2025),Femenino,Adultez (29 - 59 años),Postgrado,Área de la salud,COMUNA 2,
1TMb_crQZVhFfjP9hb6MMkkd0cW9xy8oVb6GaDYgmDOY,DESNUTRICIÓN INFANTIL 1°C 2025 - (ADAM5_2025),Femenino,Adolescencia (12 - 17 años),Postgrado,Área de la salud,COMUNA 19,
1TMb_crQZVhFfjP9hb6MMkkd0cW9xy8oVb6GaDYgmDOY,DESNUTRICIÓN INFANTIL 1°C 2025 - (ADAM5_2025),Masculino,Adultez (29 - 59 años),Pregrado,Área de la salud,COMUNA 22,
1TMb_crQZVhFfjP9hb6MMkkd0cW9xy8oVb6GaDYgmDOY,DESNUTRICIÓN INFANTIL 1°C 2025 - (ADAM5_2025),Femenino,Adultez (29 - 59 años),Pregrado,Área de la salud,COMUNA 19,
1TMb_crQZVhFfjP9hb6MMkkd0cW9xy8oVb6GaDYgmDOY,DESNUTRICIÓN INFANTIL 1°C 2025 - (ADAM5_2025),Femenino,Adultez (29 - 59 años),Postgrado,Área de la salud,COMUNA 22,
1TMb_crQZVhFfjP9hb6MMkkd0cW9xy8oVb6GaDYgmDOY,DESNUTRICIÓN INFANTIL 1°C 2025 - (ADAM5_2025),Femenino,Adultez (29 - 59 años),Postgrado,Área de la salud,COMUNA 19,
1TMb_crQZVhFfjP9hb6MMkkd0cW9xy8oVb6GaDYgmDOY,DESNUTRICIÓN INFANTIL 1°C 2025 - (ADAM5_2025),Femenino,Adultez (29 - 59 años),Pregrado,Área de la salud,COMUNA 3,
1TMb_crQZVhFfjP9hb6MMkkd0cW9xy8oVb6GaDYgmDOY,DESNUTRICIÓN INFANTIL 1°C 2025 - (ADAM5_2025),Femenino,Adultez (29 - 59 años),Postgrado,Área de la salud,COMUNA 4,
1TMb_crQZVhFfjP9hb6MMkkd0cW9xy8oVb6GaDYgmDOY,DESNUTRICIÓN INFANTIL 1°C 2025 - (ADAM5_2025),Femenino,Adultez (29 - 59 años),Pregrado,Área de la salud,COMUNA 15,
1TMb_crQZVhFfjP9hb6MMkkd0cW9xy8oVb6GaDYgmDOY,DESNUTRICIÓN INFANTIL 1°C 2025 - (ADAM5_2025),Femenino,Juventud (18 - 28 años),Pregrado,Área de la salud,COMUNA 11,
1TMb_crQZVhFfjP9hb6MMkkd0cW9xy8oVb6GaDYgmDOY,DESNUTRICIÓN INFANTIL 1°C 2025 - (ADAM5_2025),Femenino,Adultez (29 - 59 años),Postgrado,Área de la salud,COMUNA 1,
1TMb_crQZVhFfjP9hb6MMkkd0cW9xy8oVb6GaDYgmDOY,DESNUTRICIÓN INFANTIL 1°C 2025 - (ADAM5_2025),Masculino,Adultez (29 - 59 años),Pregrado,Área de la salud,COMUNA 14,
1TMb_crQZVhFfjP9hb6MMkkd0cW9xy8oVb6GaDYgmDOY,DESNUTRICIÓN INFANTIL 1°C 2025 - (ADAM5_2025),Femenino,Juventud (18 - 28 años),Pregrado,Área de la salud,COMUNA 1,
1TMb_crQZVhFfjP9hb6MMkkd0cW9xy8oVb6GaDYgmDOY,DESNUTRICIÓN INFANTIL 1°C 2025 - (ADAM5_2025),Masculino,Adultez (29 - 59 años),Pregrado,Área de la salud,COMUNA 17,
1TMb_crQZVhFfjP9hb6MMkkd0cW9xy8oVb6GaDYgmDOY,DESNUTRICIÓN INFANTIL 1°C 2025 - (ADAM5_2025),Femenino,Adultez (29 - 59 años),Postgrado,Área de la salud,COMUNA 15,
1TMb_crQZVhFfjP9hb6MMkkd0cW9xy8oVb6GaDYgmDOY,DESNUTRICIÓN INFANTIL 1°C 2025 - (ADAM5_2025),Femenino,Adultez (29 - 59 años),Pregrado,Área de la salud,COMUNA 12,
1TMb_crQZVhFfjP9hb6MMkkd0cW9xy8oVb6GaDYgmDOY,DESNUTRICIÓN INFANTIL 1°C 2025 - (ADAM5_2025),Femenino,Juventud (18 - 28 años),Pregrado,Área de la salud,COMUNA 8,
1TMb_crQZVhFfjP9hb6MMkkd0cW9xy8oVb6GaDYgmDOY,DESNUTRICIÓN INFANTIL 1°C 2025 - (ADAM5_2025),Masculino,Vejez (60 años o más),Pregrado,Área de la salud,COMUNA 17,
1TMb_crQZVhFfjP9hb6MMkkd0cW9xy8oVb6GaDYgmDOY,DESNUTRICIÓN INFANTIL 1°C 2025 - (ADAM5_2025),Femenino,Adultez (29 - 59 años),Pregrado,Área de la salud,C. DE PANCE,
1TMb_crQZVhFfjP9hb6MMkkd0cW9xy8oVb6GaDYgmDOY,DESNUTRICIÓN INFANTIL 1°C 2025 - (ADAM5_2025),Femenino,Juventud (18 - 28 años),Pregrado,Área de la salud,COMUNA 1,
1TMb_crQZVhFfjP9hb6MMkkd0cW9xy8oVb6GaDYgmDOY,DESNUTRICIÓN INFANTIL 1°C 2025 - (ADAM5_2025),Femenino,Adultez (29 - 59 años),Pregrado,Área de la salud,COMUNA 4,
1TMb_crQZVhFfjP9hb6MMkkd0cW9xy8oVb6GaDYgmDOY,DESNUTRICIÓN INFANTIL 1°C 2025 - (ADAM5_2025),Femenino,Juventud (18 - 28 años),Postgrado,Área de la salud,COMUNA 17,
1TMb_crQZVhFfjP9hb6MMkkd0cW9xy8oVb6GaDYgmDOY,DESNUTRICIÓN INFANTIL 1°C 2025 - (ADAM5_2025),Femenino,Adultez (29 - 59 años),Postgrado,Área de la salud,COMUNA 1,
1TMb_crQZVhFfjP9hb6MMkkd0cW9xy8oVb6GaDYgmDOY,DESNUTRICIÓN INFANTIL 1°C 2025 - (ADAM5_2025),Femenino,Adultez (29 - 59 años),Pregrado,Área de la salud,COMUNA 2,
1TMb_crQZVhFfjP9hb6MMkkd0cW9xy8oVb6GaDYgmDOY,DESNUTRICIÓN INFANTIL 1°C 2025 - (ADAM5_2025),Femenino,Juventud (18 - 28 años),Pregrado,Área de la salud,COMUNA 22,
1TMb_crQZVhFfjP9hb6MMkkd0cW9xy8oVb6GaDYgmDOY,DESNUTRICIÓN INFANTIL 1°C 2025 - (ADAM5_2025),Masculino,Adultez (29 - 59 años),Pregrado,Área de la salud,COMUNA 2,
1TMb_crQZVhFfjP9hb6MMkkd0cW9xy8oVb6GaDYgmDOY,DESNUTRICIÓN INFANTIL 1°C 2025 - (ADAM5_2025),Femenino,Juventud (18 - 28 años),Pregrado,Área de la salud,COMUNA 5,
1TMb_crQZVhFfjP9hb6MMkkd0cW9xy8oVb6GaDYgmDOY,DESNUTRICIÓN INFANTIL 1°C 2025 - (ADAM5_2025),Femenino,Adultez (29 - 59 años),Bachiller,Área de la salud,COMUNA 18,
1TMb_crQZVhFfjP9hb6MMkkd0cW9xy8oVb6GaDYgmDOY,DESNUTRICIÓN INFANTIL 1°C 2025 - (ADAM5_2025),Femenino,Adultez (29 - 59 años),Postgrado,Área de la salud,COMUNA 4,
1TMb_crQZVhFfjP9hb6MMkkd0cW9xy8oVb6GaDYgmDOY,DESNUTRICIÓN INFANTIL 1°C 2025 - (ADAM5_2025),Femenino,Adultez (29 - 59 años),Pregrado,Área de la salud,COMUNA 18,
1TMb_crQZVhFfjP9hb6MMkkd0cW9xy8oVb6GaDYgmDOY,DESNUTRICIÓN INFANTIL 1°C 2025 - (ADAM5_2025),Femenino,Adultez (29 - 59 años),Postgrado,Área de la salud,COMUNA 17,
1TMb_crQZVhFfjP9hb6MMkkd0cW9xy8oVb6GaDYgmDOY,DESNUTRICIÓN INFANTIL 1°C 2025 - (ADAM5_2025),Femenino,Adultez (29 - 59 años),Pregrado,Área de la salud,COMUNA 19,
1TMb_crQZVhFfjP9hb6MMkkd0cW9xy8oVb6GaDYgmDOY,DESNUTRICIÓN INFANTIL 1°C 2025 - (ADAM5_2025),Femenino,Adultez (29 - 59 años),Bachiller,Área de la salud,COMUNA 13,
1TMb_crQZVhFfjP9hb6MMkkd0cW9xy8oVb6GaDYgmDOY,DESNUTRICIÓN INFANTIL 1°C 2025 - (ADAM5_2025),Femenino,Juventud (18 - 28 años),Pregrado,Área de la salud,COMUNA 9,
1TMb_crQZVhFfjP9hb6MMkkd0cW9xy8oVb6GaDYgmDOY,DESNUTRICIÓN INFANTIL 1°C 2025 - (ADAM5_2025),Femenino,Adultez (29 - 59 años),Pregrado,Área de la salud,C. DE VILLACARMELO,
1TMb_crQZVhFfjP9hb6MMkkd0cW9xy8oVb6GaDYgmDOY,DESNUTRICIÓN INFANTIL 1°C 2025 - (ADAM5_2025),Femenino,Adultez (29 - 59 años),Bachiller,Área de la salud,COMUNA 15,
1TMb_crQZVhFfjP9hb6MMkkd0cW9xy8oVb6GaDYgmDOY,DESNUTRICIÓN INFANTIL 1°C 2025 - (ADAM5_2025),Femenino,Adultez (29 - 59 años),Pregrado,Área de la salud,COMUNA 1,
1TMb_crQZVhFfjP9hb6MMkkd0cW9xy8oVb6GaDYgmDOY,DESNUTRICIÓN INFANTIL 1°C 2025 - (ADAM5_2025),Masculino,Juventud (18 - 28 años),Pregrado,Área de la salud,COMUNA 14,
1uprLFF249_cd7iDdYk1kd-PTAfVmw4ijkYCMq-1FiA0,SALUD ORAL RPMS 1°C 2025 - (ASBTPMS_2025),Femenino,Juventud (18 - 28 años),Bachiller,Área de la salud,COMUNA 21,
1uprLFF249_cd7iDdYk1kd-PTAfVmw4ijkYCMq-1FiA0,SALUD ORAL RPMS 1°C 2025 - (ASBTPMS_2025),Femenino,Adolescencia (12 - 17 años),Pregrado,Área de la salud,COMUNA 12,
1uprLFF249_cd7iDdYk1kd-PTAfVmw4ijkYCMq-1FiA0,SALUD ORAL RPMS 1°C 2025 - (ASBTPMS_2025),Femenino,Adultez (29 - 59 años),Postgrado,Área de la salud,COMUNA 6,
1uprLFF249_cd7iDdYk1kd-PTAfVmw4ijkYCMq-1FiA0,SALUD ORAL RPMS 1°C 2025 - (ASBTPMS_2025),Femenino,Vejez (60 años o más),Pregrado,Área de la salud,COMUNA 17,
1uprLFF249_cd7iDdYk1kd-PTAfVmw4ijkYCMq-1FiA0,SALUD ORAL RPMS 1°C 2025 - (ASBTPMS_2025),Masculino,Adultez (29 - 59 años),Postgrado,Área de la salud,COMUNA 22,
1uprLFF249_cd7iDdYk1kd-PTAfVmw4ijkYCMq-1FiA0,SALUD ORAL RPMS 1°C 2025 - (ASBTPMS_2025),Femenino,Adultez (29 - 59 años),Postgrado,Área de la salud,COMUNA 22,
1uprLFF249_cd7iDdYk1kd-PTAfVmw4ijkYCMq-1FiA0,SALUD ORAL RPMS 1°C 2025 - (ASBTPMS_2025),Femenino,Adultez (29 - 59 años),Postgrado,Área de la salud,COMUNA 10,
1uprLFF249_cd7iDdYk1kd-PTAfVmw4ijkYCMq-1FiA0,SALUD ORAL RPMS 1°C 2025 - (ASBTPMS_2025),Femenino,Vejez (60 años o más),Pregrado,Área de la salud,COMUNA 17,
1uprLFF249_cd7iDdYk1kd-PTAfVmw4ijkYCMq-1FiA0,SALUD ORAL RPMS 1°C 2025 - (ASBTPMS_2025),Femenino,Juventud (18 - 28 años),Pregrado,Área de la salud,COMUNA 5,
1uprLFF249_cd7iDdYk1kd-PTAfVmw4ijkYCMq-1FiA0,SALUD ORAL RPMS 1°C 2025 - (ASBTPMS_2025),Masculino,Adultez (29 - 59 años),Pregrado,Área de la salud,COMUNA 17,
1uprLFF249_cd7iDdYk1kd-PTAfVmw4ijkYCMq-1FiA0,SALUD ORAL RPMS 1°C 2025 - (ASBTPMS_2025),Femenino,Adultez (29 - 59 años),Bachiller,Área de la salud,COMUNA 17,
1uprLFF249_cd7iDdYk1kd-PTAfVmw4ijkYCMq-1FiA0,SALUD ORAL RPMS 1°C 2025 - (ASBTPMS_2025),Femenino,Juventud (18 - 28 años),Pregrado,Área de la salud,COMUNA 11,
1uprLFF249_cd7iDdYk1kd-PTAfVmw4ijkYCMq-1FiA0,SALUD ORAL RPMS 1°C 2025 - (ASBTPMS_2025),Femenino,Adultez (29 - 59 años),Pregrado,Área de la salud,COMUNA 7,
1uprLFF249_cd7iDdYk1kd-PTAfVmw4ijkYCMq-1FiA0,SALUD ORAL RPMS 1°C 2025 - (ASBTPMS_2025),Femenino,Adultez (29 - 59 años),Pregrado,Área de la salud,COMUNA 9,
1uprLFF249_cd7iDdYk1kd-PTAfVmw4ijkYCMq-1FiA0,SALUD ORAL RPMS 1°C 2025 - (ASBTPMS_2025),Femenino,Adultez (29 - 59 años),Pregrado,Área de la salud,C. DE PANCE,
1uprLFF249_cd7iDdYk1kd-PTAfVmw4ijkYCMq-1FiA0,SALUD ORAL RPMS 1°C 2025 - (ASBTPMS_2025),Femenino,Vejez (60 años o más),Postgrado,Área de la salud,COMUNA 17,
1uprLFF249_cd7iDdYk1kd-PTAfVmw4ijkYCMq-1FiA0,SALUD ORAL RPMS 1°C 2025 - (ASBTPMS_2025),Masculino,Juventud (18 - 28 años),Pregrado,Área de la salud,COMUNA 14,
1uprLFF249_cd7iDdYk1kd-PTAfVmw4ijkYCMq-1FiA0,SALUD ORAL RPMS 1°C 2025 - (ASBTPMS_2025),Femenino,Juventud (18 - 28 años),Bachiller,Área de la salud,COMUNA 2,
1uprLFF249_cd7iDdYk1kd-PTAfVmw4ijkYCMq-1FiA0,SALUD ORAL RPMS 1°C 2025 - (ASBTPMS_2025),Femenino,Adultez (29 - 59 años),Pregrado,Área de la salud,COMUNA 16,
1uprLFF249_cd7iDdYk1kd-PTAfVmw4ijkYCMq-1FiA0,SALUD ORAL RPMS 1°C 2025 - (ASBTPMS_2025),Femenino,Adultez (29 - 59 años),Bachiller,Área de la salud,COMUNA 11,
1uprLFF249_cd7iDdYk1kd-PTAfVmw4ijkYCMq-1FiA0,SALUD ORAL RPMS 1°C 2025 - (ASBTPMS_2025),Femenino,Adultez (29 - 59 años),Pregrado,Área de la salud,COMUNA 17,
1uprLFF249_cd7iDdYk1kd-PTAfVmw4ijkYCMq-1FiA0,SALUD ORAL RPMS 1°C 2025 - (ASBTPMS_2025),Masculino,Adultez (29 - 59 años),Pregrado,Área de la salud,COMUNA 17,
1uprLFF249_cd7iDdYk1kd-PTAfVmw4ijkYCMq-1FiA0,SALUD ORAL RPMS 1°C 2025 - (ASBTPMS_2025),Femenino,Juventud (18 - 28 años),Pregrado,Área de la salud,COMUNA 1,
1uprLFF249_cd7iDdYk1kd-PTAfVmw4ijkYCMq-1FiA0,SALUD ORAL RPMS 1°C 2025 - (ASBTPMS_2025),Femenino,Adultez (29 - 59 años),Bachiller,Área de la salud,COMUNA 20,
1uprLFF249_cd7iDdYk1kd-PTAfVmw4ijkYCMq-1FiA0,SALUD ORAL RPMS 1°C 2025 - (ASBTPMS_2025),Femenino,Vejez (60 años o más),Pregrado,Área de la salud,COMUNA 6,
1uprLFF249_cd7iDdYk1kd-PTAfVmw4ijkYCMq-1FiA0,SALUD ORAL RPMS 1°C 2025 - (ASBTPMS_2025),Masculino,Vejez (60 años o más),Pregrado,Área de la salud,COMUNA 7,
1uprLFF249_cd7iDdYk1kd-PTAfVmw4ijkYCMq-1FiA0,SALUD ORAL RPMS 1°C 2025 - (ASBTPMS_2025),Femenino,Vejez (60 años o más),Pregrado,Área de la salud,COMUNA 22,
1uprLFF249_cd7iDdYk1kd-PTAfVmw4ijkYCMq-1FiA0,SALUD ORAL RPMS 1°C 2025 - (ASBTPMS_2025),Masculino,Juventud (18 - 28 años),Pregrado,Área de la salud,COMUNA 5,
1uprLFF249_cd7iDdYk1kd-PTAfVmw4ijkYCMq-1FiA0,SALUD ORAL RPMS 1°C 2025 - (ASBTPMS_2025),Femenino,Adultez (29 - 59 años),Pregrado,Área de la salud,COMUNA 3,
1uprLFF249_cd7iDdYk1kd-PTAfVmw4ijkYCMq-1FiA0,SALUD ORAL RPMS 1°C 2025 - (ASBTPMS_2025),Femenino,Adolescencia (12 - 17 años),Pregrado,Área de la salud,C. DE LA CASTILLA,
1uprLFF249_cd7iDdYk1kd-PTAfVmw4ijkYCMq-1FiA0,SALUD ORAL RPMS 1°C 2025 - (ASBTPMS_2025),Masculino,Adultez (29 - 59 años),Postgrado,Área de la salud,COMUNA 17,
1uprLFF249_cd7iDdYk1kd-PTAfVmw4ijkYCMq-1FiA0,SALUD ORAL RPMS 1°C 2025 - (ASBTPMS_2025),Femenino,Adultez (29 - 59 años),Bachiller,Área de la salud,COMUNA 15,
1uprLFF249_cd7iDdYk1kd-PTAfVmw4ijkYCMq-1FiA0,SALUD ORAL RPMS 1°C 2025 - (ASBTPMS_2025),Femenino,Juventud (18 - 28 años),Pregrado,Área de la salud,COMUNA 15,
1uprLFF249_cd7iDdYk1kd-PTAfVmw4ijkYCMq-1FiA0,SALUD ORAL RPMS 1°C 2025 - (ASBTPMS_2025),Femenino,Adultez (29 - 59 años),Bachiller,Área de la salud,COMUNA 17,
1uprLFF249_cd7iDdYk1kd-PTAfVmw4ijkYCMq-1FiA0,SALUD ORAL RPMS 1°C 2025 - (ASBTPMS_2025),Femenino,Adultez (29 - 59 años),Postgrado,Área de la salud,COMUNA 2,
1uprLFF249_cd7iDdYk1kd-PTAfVmw4ijkYCMq-1FiA0,SALUD ORAL RPMS 1°C 2025 - (ASBTPMS_2025),Femenino,Adultez (29 - 59 años),Pregrado,Área de la salud,COMUNA 2,
1uprLFF249_cd7iDdYk1kd-PTAfVmw4ijkYCMq-1FiA0,SALUD ORAL RPMS 1°C 2025 - (ASBTPMS_2025),Femenino,Adolescencia (12 - 17 años),Pregrado,Área de la salud,COMUNA 7,
1uprLFF249_cd7iDdYk1kd-PTAfVmw4ijkYCMq-1FiA0,SALUD ORAL RPMS 1°C 2025 - (ASBTPMS_2025),Masculino,Adultez (29 - 59 años),Pregrado,Área de la salud,COMUNA 3,
1uprLFF249_cd7iDdYk1kd-PTAfVmw4ijkYCMq-1FiA0,SALUD ORAL RPMS 1°C 2025 - (ASBTPMS_2025),Femenino,Adultez (29 - 59 años),Postgrado,Área de la salud,COMUNA 2,
1uprLFF249_cd7iDdYk1kd-PTAfVmw4ijkYCMq-1FiA0,SALUD ORAL RPMS 1°C 2025 - (ASBTPMS_2025),Femenino,Juventud (18 - 28 años),Pregrado,Área de la salud,COMUNA 1,
1uprLFF249_cd7iDdYk1kd-PTAfVmw4ijkYCMq-1FiA0,SALUD ORAL RPMS 1°C 2025 - (ASBTPMS_2025),Femenino,Adultez (29 - 59 años),Pregrado,Área de la salud,COMUNA 6,
1uprLFF249_cd7iDdYk1kd-PTAfVmw4ijkYCMq-1FiA0,SALUD ORAL RPMS 1°C 2025 - (ASBTPMS_2025),Femenino,Adultez (29 - 59 años),Postgrado,Área de la salud,COMUNA 13,
1uprLFF249_cd7iDdYk1kd-PTAfVmw4ijkYCMq-1FiA0,SALUD ORAL RPMS 1°C 2025 - (ASBTPMS_2025),Femenino,Adultez (29 - 59 años),Pregrado,Área de la salud,COMUNA 5,
1uprLFF249_cd7iDdYk1kd-PTAfVmw4ijkYCMq-1FiA0,SALUD ORAL RPMS 1°C 2025 - (ASBTPMS_2025),Masculino,Adultez (29 - 59 años),Postgrado,Área de la salud,COMUNA 19,
1uprLFF249_cd7iDdYk1kd-PTAfVmw4ijkYCMq-1FiA0,SALUD ORAL RPMS 1°C 2025 - (ASBTPMS_2025),Masculino,Adultez (29 - 59 años),Pregrado,Área de la salud,COMUNA 2,
1uprLFF249_cd7iDdYk1kd-PTAfVmw4ijkYCMq-1FiA0,SALUD ORAL RPMS 1°C 2025 - (ASBTPMS_2025),Femenino,Adultez (29 - 59 años),Pregrado,Área de la salud,COMUNA 22,
1uprLFF249_cd7iDdYk1kd-PTAfVmw4ijkYCMq-1FiA0,SALUD ORAL RPMS 1°C 2025 - (ASBTPMS_2025),Femenino,Juventud (18 - 28 años),Postgrado,Área de la salud,COMUNA 5,
1uprLFF249_cd7iDdYk1kd-PTAfVmw4ijkYCMq-1FiA0,SALUD ORAL RPMS 1°C 2025 - (ASBTPMS_2025),Femenino,Juventud (18 - 28 años),Bachiller,Área de la salud,COMUNA 11,
1uprLFF249_cd7iDdYk1kd-PTAfVmw4ijkYCMq-1FiA0,SALUD ORAL RPMS 1°C 2025 - (ASBTPMS_2025),Femenino,Adultez (29 - 59 años),Pregrado,Área de la salud,COMUNA 21,
1uprLFF249_cd7iDdYk1kd-PTAfVmw4ijkYCMq-1FiA0,SALUD ORAL RPMS 1°C 2025 - (ASBTPMS_2025),Femenino,Adultez (29 - 59 años),Pregrado,Área de la salud,COMUNA 3,
1uprLFF249_cd7iDdYk1kd-PTAfVmw4ijkYCMq-1FiA0,SALUD ORAL RPMS 1°C 2025 - (ASBTPMS_2025),Femenino,Adultez (29 - 59 años),Postgrado,Área de la salud,COMUNA 17,
1uprLFF249_cd7iDdYk1kd-PTAfVmw4ijkYCMq-1FiA0,SALUD ORAL RPMS 1°C 2025 - (ASBTPMS_2025),Masculino,Adultez (29 - 59 años),Pregrado,Área de la salud,COMUNA 2,
1uprLFF249_cd7iDdYk1kd-PTAfVmw4ijkYCMq-1FiA0,SALUD ORAL RPMS 1°C 2025 - (ASBTPMS_2025),Femenino,Adultez (29 - 59 años),Bachiller,Área de la salud,COMUNA 17,
1uprLFF249_cd7iDdYk1kd-PTAfVmw4ijkYCMq-1FiA0,SALUD ORAL RPMS 1°C 2025 - (ASBTPMS_2025),Femenino,Adultez (29 - 59 años),Pregrado,Área de la salud,COMUNA 20,
1uprLFF249_cd7iDdYk1kd-PTAfVmw4ijkYCMq-1FiA0,SALUD ORAL RPMS 1°C 2025 - (ASBTPMS_2025),Femenino,Adultez (29 - 59 años),Bachiller,Área de la salud,COMUNA 6,
1uprLFF249_cd7iDdYk1kd-PTAfVmw4ijkYCMq-1FiA0,SALUD ORAL RPMS 1°C 2025 - (ASBTPMS_2025),Femenino,Adultez (29 - 59 años),Pregrado,Área de la salud,COMUNA 8,
1uprLFF249_cd7iDdYk1kd-PTAfVmw4ijkYCMq-1FiA0,SALUD ORAL RPMS 1°C 2025 - (ASBTPMS_2025),Femenino,Adultez (29 - 59 años),Pregrado,Área de la salud,COMUNA 6,
1uprLFF249_cd7iDdYk1kd-PTAfVmw4ijkYCMq-1FiA0,SALUD ORAL RPMS 1°C 2025 - (ASBTPMS_2025),Femenino,Adultez (29 - 59 años),Pregrado,Área de la salud,COMUNA 17,
1uprLFF249_cd7iDdYk1kd-PTAfVmw4ijkYCMq-1FiA0,SALUD ORAL RPMS 1°C 2025 - (ASBTPMS_2025),Femenino,Adultez (29 - 59 años),Pregrado,Área de la salud,COMUNA 17,
1uprLFF249_cd7iDdYk1kd-PTAfVmw4ijkYCMq-1FiA0,SALUD ORAL RPMS 1°C 2025 - (ASBTPMS_2025),Masculino,Adultez (29 - 59 años),Postgrado,Área de la salud,COMUNA 1,
1uprLFF249_cd7iDdYk1kd-PTAfVmw4ijkYCMq-1FiA0,SALUD ORAL RPMS 1°C 2025 - (ASBTPMS_2025),Femenino,Adultez (29 - 59 años),Pregrado,Área de la salud,COMUNA 17,
1Y9EBk3bZfhryciO21AlqlzLcKIGNSzTzvq0ByY9Ulf0,SALUD ORAL RMP 1°C 2025 - (ASBRMP_2025),Femenino,Adultez (29 - 59 años),Pregrado,Área de la salud,COMUNA 18,
1Y9EBk3bZfhryciO21AlqlzLcKIGNSzTzvq0ByY9Ulf0,SALUD ORAL RMP 1°C 2025 - (ASBRMP_2025),Femenino,Vejez (60 años o más),Pregrado,Área de la salud,COMUNA 6,
1Y9EBk3bZfhryciO21AlqlzLcKIGNSzTzvq0ByY9Ulf0,SALUD ORAL RMP 1°C 2025 - (ASBRMP_2025),Femenino,Adultez (29 - 59 años),Pregrado,Área de la salud,COMUNA 12,
1Y9EBk3bZfhryciO21AlqlzLcKIGNSzTzvq0ByY9Ulf0,SALUD ORAL RMP 1°C 2025 - (ASBRMP_2025),Femenino,Adultez (29 - 59 años),Pregrado,Área de la salud,COMUNA 5,
1Y9EBk3bZfhryciO21AlqlzLcKIGNSzTzvq0ByY9Ulf0,SALUD ORAL RMP 1°C 2025 - (ASBRMP_2025),Masculino,Adultez (29 - 59 años),Pregrado,Área de la salud,COMUNA 17,
1Y9EBk3bZfhryciO21AlqlzLcKIGNSzTzvq0ByY9Ulf0,SALUD ORAL RMP 1°C 2025 - (ASBRMP_2025),Femenino,Adultez (29 - 59 años),Bachiller,Área de la salud,COMUNA 20,
1Y9EBk3bZfhryciO21AlqlzLcKIGNSzTzvq0ByY9Ulf0,SALUD ORAL RMP 1°C 2025 - (ASBRMP_2025),Femenino,Juventud (18 - 28 años),Pregrado,Área de la salud,COMUNA 11,
1Y9EBk3bZfhryciO21AlqlzLcKIGNSzTzvq0ByY9Ulf0,SALUD ORAL RMP 1°C 2025 - (ASBRMP_2025),Femenino,Juventud (18 - 28 años),Bachiller,Área de la salud,COMUNA 2,
1Y9EBk3bZfhryciO21AlqlzLcKIGNSzTzvq0ByY9Ulf0,SALUD ORAL RMP 1°C 2025 - (ASBRMP_2025),Femenino,Adultez (29 - 59 años),Pregrado,Área de la salud,C. DE PANCE,
1Y9EBk3bZfhryciO21AlqlzLcKIGNSzTzvq0ByY9Ulf0,SALUD ORAL RMP 1°C 2025 - (ASBRMP_2025),Masculino,Adultez (29 - 59 años),Pregrado,Área de la salud,COMUNA 4,
1Y9EBk3bZfhryciO21AlqlzLcKIGNSzTzvq0ByY9Ulf0,SALUD ORAL RMP 1°C 2025 - (ASBRMP_2025),Femenino,Vejez (60 años o más),Pregrado,Área de la salud,COMUNA 22,
1Y9EBk3bZfhryciO21AlqlzLcKIGNSzTzvq0ByY9Ulf0,SALUD ORAL RMP 1°C 2025 - (ASBRMP_2025),Femenino,Adultez (29 - 59 años),Pregrado,Área de la salud,COMUNA 9,
1Y9EBk3bZfhryciO21AlqlzLcKIGNSzTzvq0ByY9Ulf0,SALUD ORAL RMP 1°C 2025 - (ASBRMP_2025),Femenino,Adultez (29 - 59 años),Pregrado,Área de la salud,C. DE LA CASTILLA,
1Y9EBk3bZfhryciO21AlqlzLcKIGNSzTzvq0ByY9Ulf0,SALUD ORAL RMP 1°C 2025 - (ASBRMP_2025),Femenino,Adultez (29 - 59 años),Bachiller,Área de la salud,COMUNA 17,
1Y9EBk3bZfhryciO21AlqlzLcKIGNSzTzvq0ByY9Ulf0,SALUD ORAL RMP 1°C 2025 - (ASBRMP_2025),Femenino,Adultez (29 - 59 años),Pregrado,Área de la salud,COMUNA 3,
1Y9EBk3bZfhryciO21AlqlzLcKIGNSzTzvq0ByY9Ulf0,SALUD ORAL RMP 1°C 2025 - (ASBRMP_2025),Femenino,Adultez (29 - 59 años),Pregrado,Área de la salud,COMUNA 17,
1Y9EBk3bZfhryciO21AlqlzLcKIGNSzTzvq0ByY9Ulf0,SALUD ORAL RMP 1°C 2025 - (ASBRMP_2025),Masculino,Adultez (29 - 59 años),Postgrado,Área de la salud,COMUNA 22,
1Y9EBk3bZfhryciO21AlqlzLcKIGNSzTzvq0ByY9Ulf0,SALUD ORAL RMP 1°C 2025 - (ASBRMP_2025),Femenino,Adultez (29 - 59 años),Pregrado,Área de la salud,COMUNA 7,
1Y9EBk3bZfhryciO21AlqlzLcKIGNSzTzvq0ByY9Ulf0,SALUD ORAL RMP 1°C 2025 - (ASBRMP_2025),Femenino,Juventud (18 - 28 años),Bachiller,Área de la salud,COMUNA 11,
1Y9EBk3bZfhryciO21AlqlzLcKIGNSzTzvq0ByY9Ulf0,SALUD ORAL RMP 1°C 2025 - (ASBRMP_2025),Femenino,Adultez (29 - 59 años),Postgrado,Área de la salud,COMUNA 2,
1Y9EBk3bZfhryciO21AlqlzLcKIGNSzTzvq0ByY9Ulf0,SALUD ORAL RMP 1°C 2025 - (ASBRMP_2025),Masculino,Juventud (18 - 28 años),Pregrado,Área de la salud,COMUNA 5,
1Y9EBk3bZfhryciO21AlqlzLcKIGNSzTzvq0ByY9Ulf0,SALUD ORAL RMP 1°C 2025 - (ASBRMP_2025),Femenino,Adultez (29 - 59 años),Bachiller,Área de la salud,COMUNA 15,
1Y9EBk3bZfhryciO21AlqlzLcKIGNSzTzvq0ByY9Ulf0,SALUD ORAL RMP 1°C 2025 - (ASBRMP_2025),Femenino,Adultez (29 - 59 años),Postgrado,Área de la salud,COMUNA 2,
1Y9EBk3bZfhryciO21AlqlzLcKIGNSzTzvq0ByY9Ulf0,SALUD ORAL RMP 1°C 2025 - (ASBRMP_2025),Femenino,Juventud (18 - 28 años),Bachiller,Área de la salud,COMUNA 21,
1Y9EBk3bZfhryciO21AlqlzLcKIGNSzTzvq0ByY9Ulf0,SALUD ORAL RMP 1°C 2025 - (ASBRMP_2025),Femenino,Adultez (29 - 59 años),Pregrado,Área de la salud,COMUNA 7,
1Y9EBk3bZfhryciO21AlqlzLcKIGNSzTzvq0ByY9Ulf0,SALUD ORAL RMP 1°C 2025 - (ASBRMP_2025),Femenino,Juventud (18 - 28 años),Bachiller,Área de la salud,COMUNA 2,
1Y9EBk3bZfhryciO21AlqlzLcKIGNSzTzvq0ByY9Ulf0,SALUD ORAL RMP 1°C 2025 - (ASBRMP_2025),Masculino,Adultez (29 - 59 años),Pregrado,Área de la salud,COMUNA 2,
1Y9EBk3bZfhryciO21AlqlzLcKIGNSzTzvq0ByY9Ulf0,SALUD ORAL RMP 1°C 2025 - (ASBRMP_2025),Femenino,Adultez (29 - 59 años),Pregrado,Área de la salud,COMUNA 6,
1Y9EBk3bZfhryciO21AlqlzLcKIGNSzTzvq0ByY9Ulf0,SALUD ORAL RMP 1°C 2025 - (ASBRMP_2025),Femenino,Juventud (18 - 28 años),Pregrado,Área de la salud,COMUNA 7,
1Y9EBk3bZfhryciO21AlqlzLcKIGNSzTzvq0ByY9Ulf0,SALUD ORAL RMP 1°C 2025 - (ASBRMP_2025),Femenino,Adultez (29 - 59 años),Pregrado,Área de la salud,COMUNA 3,
1Y9EBk3bZfhryciO21AlqlzLcKIGNSzTzvq0ByY9Ulf0,SALUD ORAL RMP 1°C 2025 - (ASBRMP_2025),Masculino,Vejez (60 años o más),Pregrado,Área de la salud,COMUNA 17,
1Y9EBk3bZfhryciO21AlqlzLcKIGNSzTzvq0ByY9Ulf0,SALUD ORAL RMP 1°C 2025 - (ASBRMP_2025),Femenino,Juventud (18 - 28 años),Bachiller,Área de la salud,COMUNA 14,
1Y9EBk3bZfhryciO21AlqlzLcKIGNSzTzvq0ByY9Ulf0,SALUD ORAL RMP 1°C 2025 - (ASBRMP_2025),Femenino,Adultez (29 - 59 años),Pregrado,Área de la salud,COMUNA 17,
1Y9EBk3bZfhryciO21AlqlzLcKIGNSzTzvq0ByY9Ulf0,SALUD ORAL RMP 1°C 2025 - (ASBRMP_2025),Femenino,Adultez (29 - 59 años),Pregrado,Área de la salud,COMUNA 17,
1Y9EBk3bZfhryciO21AlqlzLcKIGNSzTzvq0ByY9Ulf0,SALUD ORAL RMP 1°C 2025 - (ASBRMP_2025),Masculino,Adultez (29 - 59 años),Pregrado,Área de la salud,COMUNA 17,
1Y9EBk3bZfhryciO21AlqlzLcKIGNSzTzvq0ByY9Ulf0,SALUD ORAL RMP 1°C 2025 - (ASBRMP_2025),Femenino,Adultez (29 - 59 años),Pregrado,Área de la salud,COMUNA 22,
1Y9EBk3bZfhryciO21AlqlzLcKIGNSzTzvq0ByY9Ulf0,SALUD ORAL RMP 1°C 2025 - (ASBRMP_2025),Masculino,Juventud (18 - 28 años),Pregrado,Área de la salud,COMUNA 14,
1Y9EBk3bZfhryciO21AlqlzLcKIGNSzTzvq0ByY9Ulf0,SALUD ORAL RMP 1°C 2025 - (ASBRMP_2025),Femenino,Juventud (18 - 28 años),Pregrado,Área de la salud,COMUNA 5,
1Y9EBk3bZfhryciO21AlqlzLcKIGNSzTzvq0ByY9Ulf0,SALUD ORAL RMP 1°C 2025 - (ASBRMP_2025),Femenino,Adultez (29 - 59 años),Pregrado,Área de la salud,COMUNA 17,
1Y9EBk3bZfhryciO21AlqlzLcKIGNSzTzvq0ByY9Ulf0,SALUD ORAL RMP 1°C 2025 - (ASBRMP_2025),Femenino,Juventud (18 - 28 años),Postgrado,Área de la salud,COMUNA 5,
1Y9EBk3bZfhryciO21AlqlzLcKIGNSzTzvq0ByY9Ulf0,SALUD ORAL RMP 1°C 2025 - (ASBRMP_2025),Femenino,Adultez (29 - 59 años),Pregrado,Área de la salud,COMUNA 19,
1Y9EBk3bZfhryciO21AlqlzLcKIGNSzTzvq0ByY9Ulf0,SALUD ORAL RMP 1°C 2025 - (ASBRMP_2025),Masculino,Adultez (29 - 59 años),Postgrado,Área de la salud,COMUNA 17,
1Y9EBk3bZfhryciO21AlqlzLcKIGNSzTzvq0ByY9Ulf0,SALUD ORAL RMP 1°C 2025 - (ASBRMP_2025),Femenino,Adultez (29 - 59 años),Pregrado,Área de la salud,COMUNA 21,
1Y9EBk3bZfhryciO21AlqlzLcKIGNSzTzvq0ByY9Ulf0,SALUD ORAL RMP 1°C 2025 - (ASBRMP_2025),Femenino,Adultez (29 - 59 años),Pregrado,Área de la salud,COMUNA 20,
1eTxaJShqeigMeagqMno96jTDvPb8y_w_IQxNvQlLjXY,AIEPI 2025 - (DAC_2025) (DAC_01_2026),Femenino,Adultez (29 - 59 años),Postgrado,Área de la salud,COMUNA 19,
1eTxaJShqeigMeagqMno96jTDvPb8y_w_IQxNvQlLjXY,AIEPI 2025 - (DAC_2025) (DAC_01_2026),Femenino,Adultez (29 - 59 años),Pregrado,Área de la salud,COMUNA 1,
1eTxaJShqeigMeagqMno96jTDvPb8y_w_IQxNvQlLjXY,AIEPI 2025 - (DAC_2025) (DAC_01_2026),Femenino,Adultez (29 - 59 años),Pregrado,Área de la salud,COMUNA 1,
1eTxaJShqeigMeagqMno96jTDvPb8y_w_IQxNvQlLjXY,AIEPI 2025 - (DAC_2025) (DAC_01_2026),Femenino,Juventud (18 - 28 años),Pregrado,Área de la salud,COMUNA 11,
1eTxaJShqeigMeagqMno96jTDvPb8y_w_IQxNvQlLjXY,AIEPI 2025 - (DAC_2025) (DAC_01_2026),Masculino,Juventud (18 - 28 años),Pregrado,Estudiante,COMUNA 11,
1eTxaJShqeigMeagqMno96jTDvPb8y_w_IQxNvQlLjXY,AIEPI 2025 - (DAC_2025) (DAC_01_2026),Femenino,Adultez (29 - 59 años),Postgrado,Área de la salud,COMUNA 22,
1eTxaJShqeigMeagqMno96jTDvPb8y_w_IQxNvQlLjXY,AIEPI 2025 - (DAC_2025) (DAC_01_2026),Femenino,Adultez (29 - 59 años),Postgrado,Área de la salud,COMUNA 7,
1eTxaJShqeigMeagqMno96jTDvPb8y_w_IQxNvQlLjXY,AIEPI 2025 - (DAC_2025) (DAC_01_2026),Femenino,Vejez (60 años o más),Postgrado,Área de la salud,COMUNA 22,
1eTxaJShqeigMeagqMno96jTDvPb8y_w_IQxNvQlLjXY,AIEPI 2025 - (DAC_2025) (DAC_01_2026),Femenino,Adultez (29 - 59 años),Pregrado,Área de la salud,COMUNA 1,
1eTxaJShqeigMeagqMno96jTDvPb8y_w_IQxNvQlLjXY,AIEPI 2025 - (DAC_2025) (DAC_01_2026),Femenino,Adultez (29 - 59 años),Postgrado,Área de la salud,COMUNA 2,
1eTxaJShqeigMeagqMno96jTDvPb8y_w_IQxNvQlLjXY,AIEPI 2025 - (DAC_2025) (DAC_01_2026),Femenino,Adultez (29 - 59 años),Pregrado,Área de la salud,COMUNA 13,
1eTxaJShqeigMeagqMno96jTDvPb8y_w_IQxNvQlLjXY,AIEPI 2025 - (DAC_2025) (DAC_01_2026),Femenino,Adultez (29 - 59 años),Pregrado,Área de la salud,COMUNA 5,
1eTxaJShqeigMeagqMno96jTDvPb8y_w_IQxNvQlLjXY,AIEPI 2025 - (DAC_2025) (DAC_01_2026),Femenino,Juventud (18 - 28 años),Pregrado,Área de la salud,COMUNA 17,
1eTxaJShqeigMeagqMno96jTDvPb8y_w_IQxNvQlLjXY,AIEPI 2025 - (DAC_2025) (DAC_01_2026),Femenino,Adultez (29 - 59 años),Postgrado,Área de la salud,C. DE PANCE,
1eTxaJShqeigMeagqMno96jTDvPb8y_w_IQxNvQlLjXY,AIEPI 2025 - (DAC_2025) (DAC_01_2026),Masculino,Adultez (29 - 59 años),Pregrado,Área de la salud,COMUNA 1,
1eTxaJShqeigMeagqMno96jTDvPb8y_w_IQxNvQlLjXY,AIEPI 2025 - (DAC_2025) (DAC_01_2026),Masculino,Adultez (29 - 59 años),Pregrado,Área de la salud,COMUNA 1,
1eTxaJShqeigMeagqMno96jTDvPb8y_w_IQxNvQlLjXY,AIEPI 2025 - (DAC_2025) (DAC_01_2026),Femenino,Adultez (29 - 59 años),Postgrado,Área de la salud,COMUNA 2,
1eTxaJShqeigMeagqMno96jTDvPb8y_w_IQxNvQlLjXY,AIEPI 2025 - (DAC_2025) (DAC_01_2026),Femenino,Adultez (29 - 59 años),Postgrado,Área de la salud,COMUNA 17,
1eTxaJShqeigMeagqMno96jTDvPb8y_w_IQxNvQlLjXY,AIEPI 2025 - (DAC_2025) (DAC_01_2026),Masculino,Adultez (29 - 59 años),Pregrado,Área de la salud,COMUNA 2,
1eTxaJShqeigMeagqMno96jTDvPb8y_w_IQxNvQlLjXY,AIEPI 2025 - (DAC_2025) (DAC_01_2026),Femenino,Juventud (18 - 28 años),Postgrado,Área de la salud,COMUNA 1,
1eTxaJShqeigMeagqMno96jTDvPb8y_w_IQxNvQlLjXY,AIEPI 2025 - (DAC_2025) (DAC_01_2026),Femenino,Adultez (29 - 59 años),Postgrado,Área de la salud,COMUNA 17,
1eTxaJShqeigMeagqMno96jTDvPb8y_w_IQxNvQlLjXY,AIEPI 2025 - (DAC_2025) (DAC_01_2026),Masculino,Adultez (29 - 59 años),Pregrado,Área de la salud,COMUNA 14,
1eTxaJShqeigMeagqMno96jTDvPb8y_w_IQxNvQlLjXY,AIEPI 2025 - (DAC_2025) (DAC_01_2026),Masculino,Adultez (29 - 59 años),Postgrado,Área de la salud,COMUNA 9,
1eTxaJShqeigMeagqMno96jTDvPb8y_w_IQxNvQlLjXY,AIEPI 2025 - (DAC_2025) (DAC_01_2026),Femenino,Adultez (29 - 59 años),Pregrado,Área de la salud,COMUNA 2,
1eTxaJShqeigMeagqMno96jTDvPb8y_w_IQxNvQlLjXY,AIEPI 2025 - (DAC_2025) (DAC_01_2026),Femenino,Adultez (29 - 59 años),Pregrado,Estudiante,COMUNA 17,
1eTxaJShqeigMeagqMno96jTDvPb8y_w_IQxNvQlLjXY,AIEPI 2025 - (DAC_2025) (DAC_01_2026),Femenino,Adultez (29 - 59 años),Pregrado,Área de la salud,COMUNA 1,
1eTxaJShqeigMeagqMno96jTDvPb8y_w_IQxNvQlLjXY,AIEPI 2025 - (DAC_2025) (DAC_01_2026),Masculino,Adultez (29 - 59 años),Pregrado,Área de la salud,COMUNA 2,
1eTxaJShqeigMeagqMno96jTDvPb8y_w_IQxNvQlLjXY,AIEPI 2025 - (DAC_2025) (DAC_01_2026),Masculino,Juventud (18 - 28 años),Pregrado,Área de la salud,COMUNA 6,
1eTxaJShqeigMeagqMno96jTDvPb8y_w_IQxNvQlLjXY,AIEPI 2025 - (DAC_2025) (DAC_01_2026),Masculino,Adultez (29 - 59 años),Pregrado,Área de la salud,COMUNA 13,
1eTxaJShqeigMeagqMno96jTDvPb8y_w_IQxNvQlLjXY,AIEPI 2025 - (DAC_2025) (DAC_01_2026),Femenino,Adultez (29 - 59 años),Postgrado,Área de la salud,COMUNA 7,
1eTxaJShqeigMeagqMno96jTDvPb8y_w_IQxNvQlLjXY,AIEPI 2025 - (DAC_2025) (DAC_01_2026),Femenino,Adultez (29 - 59 años),Pregrado,Área de la salud,C. DE NAVARRO,
1eTxaJShqeigMeagqMno96jTDvPb8y_w_IQxNvQlLjXY,AIEPI 2025 - (DAC_2025) (DAC_01_2026),Masculino,Juventud (18 - 28 años),Postgrado,Área de la salud,COMUNA 19,
1eTxaJShqeigMeagqMno96jTDvPb8y_w_IQxNvQlLjXY,AIEPI 2025 - (DAC_2025) (DAC_01_2026),Masculino,Adultez (29 - 59 años),Postgrado,Área de la salud,COMUNA 17,
1eTxaJShqeigMeagqMno96jTDvPb8y_w_IQxNvQlLjXY,AIEPI 2025 - (DAC_2025) (DAC_01_2026),Femenino,Juventud (18 - 28 años),Pregrado,Área de la salud,COMUNA 17,
1eTxaJShqeigMeagqMno96jTDvPb8y_w_IQxNvQlLjXY,AIEPI 2025 - (DAC_2025) (DAC_01_2026),Femenino,Adultez (29 - 59 años),Pregrado,Área de la salud,COMUNA 1,
1eTxaJShqeigMeagqMno96jTDvPb8y_w_IQxNvQlLjXY,AIEPI 2025 - (DAC_2025) (DAC_01_2026),Femenino,Adultez (29 - 59 años),Postgrado,Área de la salud,COMUNA 17,
1eTxaJShqeigMeagqMno96jTDvPb8y_w_IQxNvQlLjXY,AIEPI 2025 - (DAC_2025) (DAC_01_2026),Masculino,Adultez (29 - 59 años),Pregrado,Área de la salud,COMUNA 2,
1eTxaJShqeigMeagqMno96jTDvPb8y_w_IQxNvQlLjXY,AIEPI 2025 - (DAC_2025) (DAC_01_2026),Masculino,Adultez (29 - 59 años),Postgrado,Área de la salud,COMUNA 17,
1eTxaJShqeigMeagqMno96jTDvPb8y_w_IQxNvQlLjXY,AIEPI 2025 - (DAC_2025) (DAC_01_2026),Femenino,Adultez (29 - 59 años),Postgrado,Área de la salud,COMUNA 5,
1eTxaJShqeigMeagqMno96jTDvPb8y_w_IQxNvQlLjXY,AIEPI 2025 - (DAC_2025) (DAC_01_2026),Femenino,Juventud (18 - 28 años),Postgrado,Área de la salud,COMUNA 17,
1eTxaJShqeigMeagqMno96jTDvPb8y_w_IQxNvQlLjXY,AIEPI 2025 - (DAC_2025) (DAC_01_2026),Masculino,Adultez (29 - 59 años),Postgrado,Área de la salud,COMUNA 1,
1eTxaJShqeigMeagqMno96jTDvPb8y_w_IQxNvQlLjXY,AIEPI 2025 - (DAC_2025) (DAC_01_2026),Masculino,Adultez (29 - 59 años),Postgrado,Área de la salud,COMUNA 19,
1eTxaJShqeigMeagqMno96jTDvPb8y_w_IQxNvQlLjXY,AIEPI 2025 - (DAC_2025) (DAC_01_2026),Femenino,Adultez (29 - 59 años),Pregrado,Área de la salud,COMUNA 4,
1eTxaJShqeigMeagqMno96jTDvPb8y_w_IQxNvQlLjXY,AIEPI 2025 - (DAC_2025) (DAC_01_2026),Masculino,Adultez (29 - 59 años),Postgrado,Área de la salud,COMUNA 1,
1eTxaJShqeigMeagqMno96jTDvPb8y_w_IQxNvQlLjXY,AIEPI 2025 - (DAC_2025) (DAC_01_2026),Masculino,Adultez (29 - 59 años),Postgrado,Área de la salud,COMUNA 2,
1eTxaJShqeigMeagqMno96jTDvPb8y_w_IQxNvQlLjXY,AIEPI 2025 - (DAC_2025) (DAC_01_2026),Masculino,Adultez (29 - 59 años),Postgrado,Área de la salud,C. DE PANCE,
1eTxaJShqeigMeagqMno96jTDvPb8y_w_IQxNvQlLjXY,AIEPI 2025 - (DAC_2025) (DAC_01_2026),Masculino,Adultez (29 - 59 años),Pregrado,Área de la salud,COMUNA 1,
1guZiH_PrAn9Om_IpVs4WNydUVL5F1Nznzed7yP4yu-Q,Proceso de inducción y reinducción 2025 - (PIR_SSPM_2025),Masculino,Adultez (29 - 59 años),Pregrado,Área de la salud,COMUNA 12,
1guZiH_PrAn9Om_IpVs4WNydUVL5F1Nznzed7yP4yu-Q,Proceso de inducción y reinducción 2025 - (PIR_SSPM_2025),Femenino,Adultez (29 - 59 años),Postgrado,Área de la salud,COMUNA 12,
1guZiH_PrAn9Om_IpVs4WNydUVL5F1Nznzed7yP4yu-Q,Proceso de inducción y reinducción 2025 - (PIR_SSPM_2025),Femenino,Adultez (29 - 59 años),Pregrado,Área de la salud,COMUNA 10,
1guZiH_PrAn9Om_IpVs4WNydUVL5F1Nznzed7yP4yu-Q,Proceso de inducción y reinducción 2025 - (PIR_SSPM_2025),Masculino,Adultez (29 - 59 años),Pregrado,Área de la salud,COMUNA 22,
1guZiH_PrAn9Om_IpVs4WNydUVL5F1Nznzed7yP4yu-Q,Proceso de inducción y reinducción 2025 - (PIR_SSPM_2025),Femenino,Adultez (29 - 59 años),Pregrado,Área de la salud,COMUNA 7,
1guZiH_PrAn9Om_IpVs4WNydUVL5F1Nznzed7yP4yu-Q,Proceso de inducción y reinducción 2025 - (PIR_SSPM_2025),Masculino,Vejez (60 años o más),Postgrado,Área de la salud,COMUNA 3,
1guZiH_PrAn9Om_IpVs4WNydUVL5F1Nznzed7yP4yu-Q,Proceso de inducción y reinducción 2025 - (PIR_SSPM_2025),Masculino,Adultez (29 - 59 años),Pregrado,Otro,COMUNA 7,
1guZiH_PrAn9Om_IpVs4WNydUVL5F1Nznzed7yP4yu-Q,Proceso de inducción y reinducción 2025 - (PIR_SSPM_2025),Masculino,Adultez (29 - 59 años),Postgrado,Otro,COMUNA 10,
1guZiH_PrAn9Om_IpVs4WNydUVL5F1Nznzed7yP4yu-Q,Proceso de inducción y reinducción 2025 - (PIR_SSPM_2025),Masculino,Adultez (29 - 59 años),Postgrado,Otro,COMUNA 3,
1guZiH_PrAn9Om_IpVs4WNydUVL5F1Nznzed7yP4yu-Q,Proceso de inducción y reinducción 2025 - (PIR_SSPM_2025),Masculino,Juventud (18 - 28 años),Postgrado,Área de la salud,COMUNA 22,
1guZiH_PrAn9Om_IpVs4WNydUVL5F1Nznzed7yP4yu-Q,Proceso de inducción y reinducción 2025 - (PIR_SSPM_2025),Femenino,Adultez (29 - 59 años),Postgrado,Área de la salud,COMUNA 17,
1guZiH_PrAn9Om_IpVs4WNydUVL5F1Nznzed7yP4yu-Q,Proceso de inducción y reinducción 2025 - (PIR_SSPM_2025),Femenino,Adultez (29 - 59 años),Postgrado,Área de la salud,COMUNA 10,
1guZiH_PrAn9Om_IpVs4WNydUVL5F1Nznzed7yP4yu-Q,Proceso de inducción y reinducción 2025 - (PIR_SSPM_2025),Femenino,Juventud (18 - 28 años),Pregrado,Área de la salud,COMUNA 3,
1guZiH_PrAn9Om_IpVs4WNydUVL5F1Nznzed7yP4yu-Q,Proceso de inducción y reinducción 2025 - (PIR_SSPM_2025),Femenino,Juventud (18 - 28 años),Bachiller,Área de la salud,COMUNA 16,
1guZiH_PrAn9Om_IpVs4WNydUVL5F1Nznzed7yP4yu-Q,Proceso de inducción y reinducción 2025 - (PIR_SSPM_2025),Masculino,Adultez (29 - 59 años),Pregrado,Área de la salud,COMUNA 3,
1guZiH_PrAn9Om_IpVs4WNydUVL5F1Nznzed7yP4yu-Q,Proceso de inducción y reinducción 2025 - (PIR_SSPM_2025),Femenino,Adultez (29 - 59 años),Pregrado,Otro,COMUNA 8,
1guZiH_PrAn9Om_IpVs4WNydUVL5F1Nznzed7yP4yu-Q,Proceso de inducción y reinducción 2025 - (PIR_SSPM_2025),Femenino,Adultez (29 - 59 años),Pregrado,Área de la salud,COMUNA 6,
1guZiH_PrAn9Om_IpVs4WNydUVL5F1Nznzed7yP4yu-Q,Proceso de inducción y reinducción 2025 - (PIR_SSPM_2025),Femenino,Adultez (29 - 59 años),Postgrado,Otro,COMUNA 2,
1guZiH_PrAn9Om_IpVs4WNydUVL5F1Nznzed7yP4yu-Q,Proceso de inducción y reinducción 2025 - (PIR_SSPM_2025),Femenino,Adultez (29 - 59 años),Postgrado,Área de la salud,COMUNA 19,
1guZiH_PrAn9Om_IpVs4WNydUVL5F1Nznzed7yP4yu-Q,Proceso de inducción y reinducción 2025 - (PIR_SSPM_2025),Masculino,Adultez (29 - 59 años),Pregrado,Área de la salud,COMUNA 5,
1guZiH_PrAn9Om_IpVs4WNydUVL5F1Nznzed7yP4yu-Q,Proceso de inducción y reinducción 2025 - (PIR_SSPM_2025),Masculino,Adultez (29 - 59 años),Pregrado,Otro,COMUNA 6,
1guZiH_PrAn9Om_IpVs4WNydUVL5F1Nznzed7yP4yu-Q,Proceso de inducción y reinducción 2025 - (PIR_SSPM_2025),Femenino,Juventud (18 - 28 años),Pregrado,Área de la salud,COMUNA 4,
1guZiH_PrAn9Om_IpVs4WNydUVL5F1Nznzed7yP4yu-Q,Proceso de inducción y reinducción 2025 - (PIR_SSPM_2025),Femenino,Adultez (29 - 59 años),Pregrado,Área de la salud,COMUNA 22,
1guZiH_PrAn9Om_IpVs4WNydUVL5F1Nznzed7yP4yu-Q,Proceso de inducción y reinducción 2025 - (PIR_SSPM_2025),Masculino,Adultez (29 - 59 años),Postgrado,Otro,COMUNA 22,
1guZiH_PrAn9Om_IpVs4WNydUVL5F1Nznzed7yP4yu-Q,Proceso de inducción y reinducción 2025 - (PIR_SSPM_2025),Femenino,Adultez (29 - 59 años),Bachiller,Área de la salud,COMUNA 6,
1guZiH_PrAn9Om_IpVs4WNydUVL5F1Nznzed7yP4yu-Q,Proceso de inducción y reinducción 2025 - (PIR_SSPM_2025),Masculino,Adultez (29 - 59 años),Pregrado,Otro,COMUNA 3,
1guZiH_PrAn9Om_IpVs4WNydUVL5F1Nznzed7yP4yu-Q,Proceso de inducción y reinducción 2025 - (PIR_SSPM_2025),Femenino,Adultez (29 - 59 años),Postgrado,Área de la salud,COMUNA 20,
1guZiH_PrAn9Om_IpVs4WNydUVL5F1Nznzed7yP4yu-Q,Proceso de inducción y reinducción 2025 - (PIR_SSPM_2025),Femenino,Adolescencia (12 - 17 años),Postgrado,Área de la salud,COMUNA 5,
1guZiH_PrAn9Om_IpVs4WNydUVL5F1Nznzed7yP4yu-Q,Proceso de inducción y reinducción 2025 - (PIR_SSPM_2025),Femenino,Adultez (29 - 59 años),Pregrado,Área de la salud,COMUNA 13,
1guZiH_PrAn9Om_IpVs4WNydUVL5F1Nznzed7yP4yu-Q,Proceso de inducción y reinducción 2025 - (PIR_SSPM_2025),Masculino,Vejez (60 años o más),Pregrado,Área de la salud,COMUNA 15,
1guZiH_PrAn9Om_IpVs4WNydUVL5F1Nznzed7yP4yu-Q,Proceso de inducción y reinducción 2025 - (PIR_SSPM_2025),Masculino,Adultez (29 - 59 años),Bachiller,Otro,COMUNA 13,
1guZiH_PrAn9Om_IpVs4WNydUVL5F1Nznzed7yP4yu-Q,Proceso de inducción y reinducción 2025 - (PIR_SSPM_2025),Masculino,Vejez (60 años o más),Pregrado,Otro,COMUNA 10,
1guZiH_PrAn9Om_IpVs4WNydUVL5F1Nznzed7yP4yu-Q,Proceso de inducción y reinducción 2025 - (PIR_SSPM_2025),Femenino,Juventud (18 - 28 años),Pregrado,Otro,COMUNA 19,
1guZiH_PrAn9Om_IpVs4WNydUVL5F1Nznzed7yP4yu-Q,Proceso de inducción y reinducción 2025 - (PIR_SSPM_2025),Femenino,Adultez (29 - 59 años),Postgrado,Área de la salud,COMUNA 13,
1guZiH_PrAn9Om_IpVs4WNydUVL5F1Nznzed7yP4yu-Q,Proceso de inducción y reinducción 2025 - (PIR_SSPM_2025),Femenino,Adultez (29 - 59 años),Postgrado,Área de la salud,COMUNA 10,
1guZiH_PrAn9Om_IpVs4WNydUVL5F1Nznzed7yP4yu-Q,Proceso de inducción y reinducción 2025 - (PIR_SSPM_2025),Femenino,Juventud (18 - 28 años),Pregrado,Área de la salud,COMUNA 3,
1guZiH_PrAn9Om_IpVs4WNydUVL5F1Nznzed7yP4yu-Q,Proceso de inducción y reinducción 2025 - (PIR_SSPM_2025),Femenino,Adultez (29 - 59 años),Postgrado,Otro,COMUNA 18,
1guZiH_PrAn9Om_IpVs4WNydUVL5F1Nznzed7yP4yu-Q,Proceso de inducción y reinducción 2025 - (PIR_SSPM_2025),Femenino,Adultez (29 - 59 años),Postgrado,Área de la salud,COMUNA 17,
1guZiH_PrAn9Om_IpVs4WNydUVL5F1Nznzed7yP4yu-Q,Proceso de inducción y reinducción 2025 - (PIR_SSPM_2025),Femenino,Vejez (60 años o más),Postgrado,Área de la salud,C. DE LA BUITRERA,
1guZiH_PrAn9Om_IpVs4WNydUVL5F1Nznzed7yP4yu-Q,Proceso de inducción y reinducción 2025 - (PIR_SSPM_2025),Masculino,Adultez (29 - 59 años),Postgrado,Otro,COMUNA 17,
1guZiH_PrAn9Om_IpVs4WNydUVL5F1Nznzed7yP4yu-Q,Proceso de inducción y reinducción 2025 - (PIR_SSPM_2025),Masculino,Adultez (29 - 59 años),Pregrado,Área de la salud,COMUNA 1,
1guZiH_PrAn9Om_IpVs4WNydUVL5F1Nznzed7yP4yu-Q,Proceso de inducción y reinducción 2025 - (PIR_SSPM_2025),Masculino,Adultez (29 - 59 años),Postgrado,Otro,COMUNA 13,
1guZiH_PrAn9Om_IpVs4WNydUVL5F1Nznzed7yP4yu-Q,Proceso de inducción y reinducción 2025 - (PIR_SSPM_2025),Femenino,Adultez (29 - 59 años),Pregrado,Área de la salud,COMUNA 8,
1guZiH_PrAn9Om_IpVs4WNydUVL5F1Nznzed7yP4yu-Q,Proceso de inducción y reinducción 2025 - (PIR_SSPM_2025),Femenino,Adultez (29 - 59 años),Postgrado,Otro,COMUNA 2,
1guZiH_PrAn9Om_IpVs4WNydUVL5F1Nznzed7yP4yu-Q,Proceso de inducción y reinducción 2025 - (PIR_SSPM_2025),Femenino,Adultez (29 - 59 años),Pregrado,Área de la salud,COMUNA 17,
1guZiH_PrAn9Om_IpVs4WNydUVL5F1Nznzed7yP4yu-Q,Proceso de inducción y reinducción 2025 - (PIR_SSPM_2025),Femenino,Adultez (29 - 59 años),Bachiller,Otro,COMUNA 8,
1guZiH_PrAn9Om_IpVs4WNydUVL5F1Nznzed7yP4yu-Q,Proceso de inducción y reinducción 2025 - (PIR_SSPM_2025),Femenino,Adultez (29 - 59 años),Postgrado,Área de la salud,COMUNA 17,
1guZiH_PrAn9Om_IpVs4WNydUVL5F1Nznzed7yP4yu-Q,Proceso de inducción y reinducción 2025 - (PIR_SSPM_2025),Femenino,Adultez (29 - 59 años),Bachiller,Área de la salud,COMUNA 2,
1guZiH_PrAn9Om_IpVs4WNydUVL5F1Nznzed7yP4yu-Q,Proceso de inducción y reinducción 2025 - (PIR_SSPM_2025),Femenino,Adultez (29 - 59 años),Pregrado,Área de la salud,COMUNA 17,
1guZiH_PrAn9Om_IpVs4WNydUVL5F1Nznzed7yP4yu-Q,Proceso de inducción y reinducción 2025 - (PIR_SSPM_2025),Masculino,Adultez (29 - 59 años),Pregrado,Área de la salud,COMUNA 10,
1guZiH_PrAn9Om_IpVs4WNydUVL5F1Nznzed7yP4yu-Q,Proceso de inducción y reinducción 2025 - (PIR_SSPM_2025),Femenino,Adultez (29 - 59 años),Pregrado,Área de la salud,COMUNA 8,
1guZiH_PrAn9Om_IpVs4WNydUVL5F1Nznzed7yP4yu-Q,Proceso de inducción y reinducción 2025 - (PIR_SSPM_2025),Femenino,Adultez (29 - 59 años),Pregrado,Área de la salud,COMUNA 15,
1guZiH_PrAn9Om_IpVs4WNydUVL5F1Nznzed7yP4yu-Q,Proceso de inducción y reinducción 2025 - (PIR_SSPM_2025),Masculino,Adultez (29 - 59 años),Bachiller,Área de la salud,COMUNA 9,
1guZiH_PrAn9Om_IpVs4WNydUVL5F1Nznzed7yP4yu-Q,Proceso de inducción y reinducción 2025 - (PIR_SSPM_2025),Masculino,Adultez (29 - 59 años),Postgrado,Área de la salud,COMUNA 17,
1guZiH_PrAn9Om_IpVs4WNydUVL5F1Nznzed7yP4yu-Q,Proceso de inducción y reinducción 2025 - (PIR_SSPM_2025),Femenino,Vejez (60 años o más),Postgrado,Área de la salud,COMUNA 6,
1guZiH_PrAn9Om_IpVs4WNydUVL5F1Nznzed7yP4yu-Q,Proceso de inducción y reinducción 2025 - (PIR_SSPM_2025),Femenino,Adultez (29 - 59 años),Pregrado,Otro,COMUNA 6,
1guZiH_PrAn9Om_IpVs4WNydUVL5F1Nznzed7yP4yu-Q,Proceso de inducción y reinducción 2025 - (PIR_SSPM_2025),Femenino,Juventud (18 - 28 años),Pregrado,Otro,COMUNA 17,
1guZiH_PrAn9Om_IpVs4WNydUVL5F1Nznzed7yP4yu-Q,Proceso de inducción y reinducción 2025 - (PIR_SSPM_2025),Femenino,Vejez (60 años o más),Postgrado,Área de la salud,COMUNA 17,
1guZiH_PrAn9Om_IpVs4WNydUVL5F1Nznzed7yP4yu-Q,Proceso de inducción y reinducción 2025 - (PIR_SSPM_2025),Femenino,Adultez (29 - 59 años),Postgrado,Área de la salud,COMUNA 22,
1guZiH_PrAn9Om_IpVs4WNydUVL5F1Nznzed7yP4yu-Q,Proceso de inducción y reinducción 2025 - (PIR_SSPM_2025),Femenino,Adultez (29 - 59 años),Bachiller,Área de la salud,COMUNA 15,
1guZiH_PrAn9Om_IpVs4WNydUVL5F1Nznzed7yP4yu-Q,Proceso de inducción y reinducción 2025 - (PIR_SSPM_2025),Femenino,Juventud (18 - 28 años),Bachiller,Área de la salud,COMUNA 19,
1guZiH_PrAn9Om_IpVs4WNydUVL5F1Nznzed7yP4yu-Q,Proceso de inducción y reinducción 2025 - (PIR_SSPM_2025),Femenino,Adultez (29 - 59 años),Pregrado,Otro,COMUNA 6,
1guZiH_PrAn9Om_IpVs4WNydUVL5F1Nznzed7yP4yu-Q,Proceso de inducción y reinducción 2025 - (PIR_SSPM_2025),Femenino,Adultez (29 - 59 años),Bachiller,Área de la salud,COMUNA 6,
1guZiH_PrAn9Om_IpVs4WNydUVL5F1Nznzed7yP4yu-Q,Proceso de inducción y reinducción 2025 - (PIR_SSPM_2025),Masculino,Adultez (29 - 59 años),Bachiller,Área de la salud,COMUNA 5,
1guZiH_PrAn9Om_IpVs4WNydUVL5F1Nznzed7yP4yu-Q,Proceso de inducción y reinducción 2025 - (PIR_SSPM_2025),Masculino,Adultez (29 - 59 años),Postgrado,Área de la salud,COMUNA 2,
1guZiH_PrAn9Om_IpVs4WNydUVL5F1Nznzed7yP4yu-Q,Proceso de inducción y reinducción 2025 - (PIR_SSPM_2025),Femenino,Adultez (29 - 59 años),Bachiller,Área de la salud,COMUNA 5,
1guZiH_PrAn9Om_IpVs4WNydUVL5F1Nznzed7yP4yu-Q,Proceso de inducción y reinducción 2025 - (PIR_SSPM_2025),Femenino,Adultez (29 - 59 años),Pregrado,Estudiante,COMUNA 8,
1guZiH_PrAn9Om_IpVs4WNydUVL5F1Nznzed7yP4yu-Q,Proceso de inducción y reinducción 2025 - (PIR_SSPM_2025),Masculino,Adultez (29 - 59 años),Postgrado,Área de la salud,COMUNA 2,
1guZiH_PrAn9Om_IpVs4WNydUVL5F1Nznzed7yP4yu-Q,Proceso de inducción y reinducción 2025 - (PIR_SSPM_2025),Femenino,Adultez (29 - 59 años),Postgrado,Otro,C. DE LOS ANDES,
1guZiH_PrAn9Om_IpVs4WNydUVL5F1Nznzed7yP4yu-Q,Proceso de inducción y reinducción 2025 - (PIR_SSPM_2025),Masculino,Adultez (29 - 59 años),Pregrado,Área de la salud,COMUNA 22,
1guZiH_PrAn9Om_IpVs4WNydUVL5F1Nznzed7yP4yu-Q,Proceso de inducción y reinducción 2025 - (PIR_SSPM_2025),Femenino,Adultez (29 - 59 años),Pregrado,Área de la salud,COMUNA 9,
1guZiH_PrAn9Om_IpVs4WNydUVL5F1Nznzed7yP4yu-Q,Proceso de inducción y reinducción 2025 - (PIR_SSPM_2025),Masculino,Adultez (29 - 59 años),Pregrado,Área de la salud,COMUNA 18,
1guZiH_PrAn9Om_IpVs4WNydUVL5F1Nznzed7yP4yu-Q,Proceso de inducción y reinducción 2025 - (PIR_SSPM_2025),Femenino,Juventud (18 - 28 años),Pregrado,Estudiante,COMUNA 2,
1guZiH_PrAn9Om_IpVs4WNydUVL5F1Nznzed7yP4yu-Q,Proceso de inducción y reinducción 2025 - (PIR_SSPM_2025),Femenino,Adultez (29 - 59 años),Pregrado,Área de la salud,COMUNA 2,
1guZiH_PrAn9Om_IpVs4WNydUVL5F1Nznzed7yP4yu-Q,Proceso de inducción y reinducción 2025 - (PIR_SSPM_2025),Masculino,Adultez (29 - 59 años),Postgrado,Área de la salud,COMUNA 10,
1guZiH_PrAn9Om_IpVs4WNydUVL5F1Nznzed7yP4yu-Q,Proceso de inducción y reinducción 2025 - (PIR_SSPM_2025),Femenino,Adultez (29 - 59 años),Pregrado,Otro,COMUNA 17,
1guZiH_PrAn9Om_IpVs4WNydUVL5F1Nznzed7yP4yu-Q,Proceso de inducción y reinducción 2025 - (PIR_SSPM_2025),Masculino,Adultez (29 - 59 años),Pregrado,Área de la salud,COMUNA 2,
1guZiH_PrAn9Om_IpVs4WNydUVL5F1Nznzed7yP4yu-Q,Proceso de inducción y reinducción 2025 - (PIR_SSPM_2025),Masculino,Adultez (29 - 59 años),Pregrado,Área de la salud,COMUNA 6,
1guZiH_PrAn9Om_IpVs4WNydUVL5F1Nznzed7yP4yu-Q,Proceso de inducción y reinducción 2025 - (PIR_SSPM_2025),Femenino,Adultez (29 - 59 años),Pregrado,Área de la salud,COMUNA 5,
1guZiH_PrAn9Om_IpVs4WNydUVL5F1Nznzed7yP4yu-Q,Proceso de inducción y reinducción 2025 - (PIR_SSPM_2025),Femenino,Adultez (29 - 59 años),Postgrado,Área de la salud,COMUNA 19,
1guZiH_PrAn9Om_IpVs4WNydUVL5F1Nznzed7yP4yu-Q,Proceso de inducción y reinducción 2025 - (PIR_SSPM_2025),Femenino,Adultez (29 - 59 años),Pregrado,Área de la salud,COMUNA 4,
1guZiH_PrAn9Om_IpVs4WNydUVL5F1Nznzed7yP4yu-Q,Proceso de inducción y reinducción 2025 - (PIR_SSPM_2025),Femenino,Adultez (29 - 59 años),Bachiller,Área de la salud,COMUNA 13,
1guZiH_PrAn9Om_IpVs4WNydUVL5F1Nznzed7yP4yu-Q,Proceso de inducción y reinducción 2025 - (PIR_SSPM_2025),Masculino,Adultez (29 - 59 años),Pregrado,Área de la salud,COMUNA 12,
1guZiH_PrAn9Om_IpVs4WNydUVL5F1Nznzed7yP4yu-Q,Proceso de inducción y reinducción 2025 - (PIR_SSPM_2025),Femenino,Juventud (18 - 28 años),Postgrado,Área de la salud,COMUNA 19,
1guZiH_PrAn9Om_IpVs4WNydUVL5F1Nznzed7yP4yu-Q,Proceso de inducción y reinducción 2025 - (PIR_SSPM_2025),Femenino,Adultez (29 - 59 años),Postgrado,Otro,COMUNA 1,
1guZiH_PrAn9Om_IpVs4WNydUVL5F1Nznzed7yP4yu-Q,Proceso de inducción y reinducción 2025 - (PIR_SSPM_2025),Femenino,Juventud (18 - 28 años),Pregrado,Área de la salud,COMUNA 16,
1guZiH_PrAn9Om_IpVs4WNydUVL5F1Nznzed7yP4yu-Q,Proceso de inducción y reinducción 2025 - (PIR_SSPM_2025),Femenino,Adultez (29 - 59 años),Pregrado,Otro,COMUNA 6,
1guZiH_PrAn9Om_IpVs4WNydUVL5F1Nznzed7yP4yu-Q,Proceso de inducción y reinducción 2025 - (PIR_SSPM_2025),Masculino,Adultez (29 - 59 años),Bachiller,Otro,COMUNA 15,
1guZiH_PrAn9Om_IpVs4WNydUVL5F1Nznzed7yP4yu-Q,Proceso de inducción y reinducción 2025 - (PIR_SSPM_2025),Masculino,Adultez (29 - 59 años),Bachiller,Área de la salud,COMUNA 8,
1guZiH_PrAn9Om_IpVs4WNydUVL5F1Nznzed7yP4yu-Q,Proceso de inducción y reinducción 2025 - (PIR_SSPM_2025),Femenino,Adultez (29 - 59 años),Postgrado,Área de la salud,COMUNA 4,
1guZiH_PrAn9Om_IpVs4WNydUVL5F1Nznzed7yP4yu-Q,Proceso de inducción y reinducción 2025 - (PIR_SSPM_2025),Femenino,Adultez (29 - 59 años),Postgrado,Otro,COMUNA 22,
1guZiH_PrAn9Om_IpVs4WNydUVL5F1Nznzed7yP4yu-Q,Proceso de inducción y reinducción 2025 - (PIR_SSPM_2025),Masculino,Adultez (29 - 59 años),Bachiller,Otro,COMUNA 18,
1guZiH_PrAn9Om_IpVs4WNydUVL5F1Nznzed7yP4yu-Q,Proceso de inducción y reinducción 2025 - (PIR_SSPM_2025),Masculino,Adultez (29 - 59 años),Postgrado,Área de la salud,COMUNA 7,
1guZiH_PrAn9Om_IpVs4WNydUVL5F1Nznzed7yP4yu-Q,Proceso de inducción y reinducción 2025 - (PIR_SSPM_2025),Femenino,Adultez (29 - 59 años),Postgrado,Área de la salud,COMUNA 19,
1guZiH_PrAn9Om_IpVs4WNydUVL5F1Nznzed7yP4yu-Q,Proceso de inducción y reinducción 2025 - (PIR_SSPM_2025),Femenino,Adultez (29 - 59 años),Postgrado,Otro,COMUNA 16,
1guZiH_PrAn9Om_IpVs4WNydUVL5F1Nznzed7yP4yu-Q,Proceso de inducción y reinducción 2025 - (PIR_SSPM_2025),Femenino,Juventud (18 - 28 años),Postgrado,Área de la salud,COMUNA 17,
1guZiH_PrAn9Om_IpVs4WNydUVL5F1Nznzed7yP4yu-Q,Proceso de inducción y reinducción 2025 - (PIR_SSPM_2025),Femenino,Vejez (60 años o más),Postgrado,Otro,COMUNA 5,
1guZiH_PrAn9Om_IpVs4WNydUVL5F1Nznzed7yP4yu-Q,Proceso de inducción y reinducción 2025 - (PIR_SSPM_2025),Femenino,Juventud (18 - 28 años),Pregrado,Área de la salud,COMUNA 12,
1guZiH_PrAn9Om_IpVs4WNydUVL5F1Nznzed7yP4yu-Q,Proceso de inducción y reinducción 2025 - (PIR_SSPM_2025),Femenino,Juventud (18 - 28 años),Bachiller,Área de la salud,COMUNA 6,
1guZiH_PrAn9Om_IpVs4WNydUVL5F1Nznzed7yP4yu-Q,Proceso de inducción y reinducción 2025 - (PIR_SSPM_2025),Femenino,Adultez (29 - 59 años),Pregrado,Área de la salud,COMUNA 17,
1guZiH_PrAn9Om_IpVs4WNydUVL5F1Nznzed7yP4yu-Q,Proceso de inducción y reinducción 2025 - (PIR_SSPM_2025),Masculino,Adultez (29 - 59 años),Postgrado,Área de la salud,COMUNA 17,
1guZiH_PrAn9Om_IpVs4WNydUVL5F1Nznzed7yP4yu-Q,Proceso de inducción y reinducción 2025 - (PIR_SSPM_2025),Femenino,Adultez (29 - 59 años),Postgrado,Otro,COMUNA 17,
1guZiH_PrAn9Om_IpVs4WNydUVL5F1Nznzed7yP4yu-Q,Proceso de inducción y reinducción 2025 - (PIR_SSPM_2025),Masculino,Adultez (29 - 59 años),Postgrado,Área de la salud,COMUNA 19,
1guZiH_PrAn9Om_IpVs4WNydUVL5F1Nznzed7yP4yu-Q,Proceso de inducción y reinducción 2025 - (PIR_SSPM_2025),Masculino,Adultez (29 - 59 años),Postgrado,Otro,COMUNA 5,
1guZiH_PrAn9Om_IpVs4WNydUVL5F1Nznzed7yP4yu-Q,Proceso de inducción y reinducción 2025 - (PIR_SSPM_2025),Femenino,Adultez (29 - 59 años),Postgrado,Área de la salud,COMUNA 19,
1guZiH_PrAn9Om_IpVs4WNydUVL5F1Nznzed7yP4yu-Q,Proceso de inducción y reinducción 2025 - (PIR_SSPM_2025),Masculino,Juventud (18 - 28 años),Pregrado,Área de la salud,COMUNA 17,
1guZiH_PrAn9Om_IpVs4WNydUVL5F1Nznzed7yP4yu-Q,Proceso de inducción y reinducción 2025 - (PIR_SSPM_2025),Femenino,Adultez (29 - 59 años),Bachiller,Área de la salud,COMUNA 6,
1guZiH_PrAn9Om_IpVs4WNydUVL5F1Nznzed7yP4yu-Q,Proceso de inducción y reinducción 2025 - (PIR_SSPM_2025),Masculino,Adultez (29 - 59 años),Pregrado,Área de la salud,COMUNA 10,
1guZiH_PrAn9Om_IpVs4WNydUVL5F1Nznzed7yP4yu-Q,Proceso de inducción y reinducción 2025 - (PIR_SSPM_2025),Masculino,Adultez (29 - 59 años),Pregrado,Área de la salud,COMUNA 15,
1guZiH_PrAn9Om_IpVs4WNydUVL5F1Nznzed7yP4yu-Q,Proceso de inducción y reinducción 2025 - (PIR_SSPM_2025),Femenino,Adultez (29 - 59 años),Postgrado,Área de la salud,COMUNA 21,
1guZiH_PrAn9Om_IpVs4WNydUVL5F1Nznzed7yP4yu-Q,Proceso de inducción y reinducción 2025 - (PIR_SSPM_2025),Masculino,Vejez (60 años o más),Bachiller,Área de la salud,COMUNA 17,
1guZiH_PrAn9Om_IpVs4WNydUVL5F1Nznzed7yP4yu-Q,Proceso de inducción y reinducción 2025 - (PIR_SSPM_2025),Masculino,Juventud (18 - 28 años),Pregrado,Otro,COMUNA 3,
1guZiH_PrAn9Om_IpVs4WNydUVL5F1Nznzed7yP4yu-Q,Proceso de inducción y reinducción 2025 - (PIR_SSPM_2025),Femenino,Adultez (29 - 59 años),Bachiller,Área de la salud,COMUNA 2,
1guZiH_PrAn9Om_IpVs4WNydUVL5F1Nznzed7yP4yu-Q,Proceso de inducción y reinducción 2025 - (PIR_SSPM_2025),Femenino,Adultez (29 - 59 años),Pregrado,Área de la salud,COMUNA 17,
1guZiH_PrAn9Om_IpVs4WNydUVL5F1Nznzed7yP4yu-Q,Proceso de inducción y reinducción 2025 - (PIR_SSPM_2025),Femenino,Adultez (29 - 59 años),Postgrado,Área de la salud,COMUNA 5,
1guZiH_PrAn9Om_IpVs4WNydUVL5F1Nznzed7yP4yu-Q,Proceso de inducción y reinducción 2025 - (PIR_SSPM_2025),Femenino,Juventud (18 - 28 años),Pregrado,Otro,COMUNA 15,
1guZiH_PrAn9Om_IpVs4WNydUVL5F1Nznzed7yP4yu-Q,Proceso de inducción y reinducción 2025 - (PIR_SSPM_2025),Masculino,Juventud (18 - 28 años),Bachiller,Otro,COMUNA 18,
1guZiH_PrAn9Om_IpVs4WNydUVL5F1Nznzed7yP4yu-Q,Proceso de inducción y reinducción 2025 - (PIR_SSPM_2025),Femenino,Adultez (29 - 59 años),Pregrado,Área de la salud,COMUNA 19,
1guZiH_PrAn9Om_IpVs4WNydUVL5F1Nznzed7yP4yu-Q,Proceso de inducción y reinducción 2025 - (PIR_SSPM_2025),Femenino,Vejez (60 años o más),Pregrado,Otro,COMUNA 6,
1guZiH_PrAn9Om_IpVs4WNydUVL5F1Nznzed7yP4yu-Q,Proceso de inducción y reinducción 2025 - (PIR_SSPM_2025),Femenino,Adultez (29 - 59 años),Pregrado,Área de la salud,COMUNA 17,
1guZiH_PrAn9Om_IpVs4WNydUVL5F1Nznzed7yP4yu-Q,Proceso de inducción y reinducción 2025 - (PIR_SSPM_2025),Femenino,Adultez (29 - 59 años),Postgrado,Área de la salud,COMUNA 17,
1guZiH_PrAn9Om_IpVs4WNydUVL5F1Nznzed7yP4yu-Q,Proceso de inducción y reinducción 2025 - (PIR_SSPM_2025),Femenino,Adultez (29 - 59 años),Pregrado,Área de la salud,COMUNA 7,
1guZiH_PrAn9Om_IpVs4WNydUVL5F1Nznzed7yP4yu-Q,Proceso de inducción y reinducción 2025 - (PIR_SSPM_2025),Femenino,Adultez (29 - 59 años),Pregrado,Área de la salud,COMUNA 11,
1guZiH_PrAn9Om_IpVs4WNydUVL5F1Nznzed7yP4yu-Q,Proceso de inducción y reinducción 2025 - (PIR_SSPM_2025),Femenino,Adultez (29 - 59 años),Postgrado,Área de la salud,COMUNA 17,
1guZiH_PrAn9Om_IpVs4WNydUVL5F1Nznzed7yP4yu-Q,Proceso de inducción y reinducción 2025 - (PIR_SSPM_2025),Femenino,Juventud (18 - 28 años),Pregrado,Otro,COMUNA 5,
1guZiH_PrAn9Om_IpVs4WNydUVL5F1Nznzed7yP4yu-Q,Proceso de inducción y reinducción 2025 - (PIR_SSPM_2025),Femenino,Juventud (18 - 28 años),Bachiller,Área de la salud,COMUNA 4,
1guZiH_PrAn9Om_IpVs4WNydUVL5F1Nznzed7yP4yu-Q,Proceso de inducción y reinducción 2025 - (PIR_SSPM_2025),Masculino,Vejez (60 años o más),Postgrado,Área de la salud,COMUNA 22,
1guZiH_PrAn9Om_IpVs4WNydUVL5F1Nznzed7yP4yu-Q,Proceso de inducción y reinducción 2025 - (PIR_SSPM_2025),Femenino,Adultez (29 - 59 años),Pregrado,Área de la salud,COMUNA 1,
1guZiH_PrAn9Om_IpVs4WNydUVL5F1Nznzed7yP4yu-Q,Proceso de inducción y reinducción 2025 - (PIR_SSPM_2025),Masculino,Vejez (60 años o más),Postgrado,Otro,COMUNA 17,
1guZiH_PrAn9Om_IpVs4WNydUVL5F1Nznzed7yP4yu-Q,Proceso de inducción y reinducción 2025 - (PIR_SSPM_2025),Masculino,Adultez (29 - 59 años),Pregrado,Otro,COMUNA 3,
1guZiH_PrAn9Om_IpVs4WNydUVL5F1Nznzed7yP4yu-Q,Proceso de inducción y reinducción 2025 - (PIR_SSPM_2025),Femenino,Adultez (29 - 59 años),Bachiller,Área de la salud,COMUNA 15,
1guZiH_PrAn9Om_IpVs4WNydUVL5F1Nznzed7yP4yu-Q,Proceso de inducción y reinducción 2025 - (PIR_SSPM_2025),Masculino,Juventud (18 - 28 años),Pregrado,Otro,COMUNA 13,
1guZiH_PrAn9Om_IpVs4WNydUVL5F1Nznzed7yP4yu-Q,Proceso de inducción y reinducción 2025 - (PIR_SSPM_2025),Femenino,Juventud (18 - 28 años),Pregrado,Área de la salud,COMUNA 8,
1guZiH_PrAn9Om_IpVs4WNydUVL5F1Nznzed7yP4yu-Q,Proceso de inducción y reinducción 2025 - (PIR_SSPM_2025),Masculino,Juventud (18 - 28 años),Pregrado,Área de la salud,COMUNA 4,
1guZiH_PrAn9Om_IpVs4WNydUVL5F1Nznzed7yP4yu-Q,Proceso de inducción y reinducción 2025 - (PIR_SSPM_2025),Masculino,Adultez (29 - 59 años),Pregrado,Área de la salud,COMUNA 17,
1guZiH_PrAn9Om_IpVs4WNydUVL5F1Nznzed7yP4yu-Q,Proceso de inducción y reinducción 2025 - (PIR_SSPM_2025),Femenino,Adultez (29 - 59 años),Postgrado,Área de la salud,COMUNA 22,
1guZiH_PrAn9Om_IpVs4WNydUVL5F1Nznzed7yP4yu-Q,Proceso de inducción y reinducción 2025 - (PIR_SSPM_2025),Femenino,Adultez (29 - 59 años),Pregrado,Área de la salud,COMUNA 3,
1guZiH_PrAn9Om_IpVs4WNydUVL5F1Nznzed7yP4yu-Q,Proceso de inducción y reinducción 2025 - (PIR_SSPM_2025),Femenino,Adultez (29 - 59 años),Postgrado,Área de la salud,COMUNA 20,
1guZiH_PrAn9Om_IpVs4WNydUVL5F1Nznzed7yP4yu-Q,Proceso de inducción y reinducción 2025 - (PIR_SSPM_2025),Masculino,Vejez (60 años o más),Postgrado,Área de la salud,COMUNA 19,
1guZiH_PrAn9Om_IpVs4WNydUVL5F1Nznzed7yP4yu-Q,Proceso de inducción y reinducción 2025 - (PIR_SSPM_2025),Femenino,Adultez (29 - 59 años),Postgrado,Área de la salud,COMUNA 7,
1guZiH_PrAn9Om_IpVs4WNydUVL5F1Nznzed7yP4yu-Q,Proceso de inducción y reinducción 2025 - (PIR_SSPM_2025),Masculino,Adultez (29 - 59 años),Postgrado,Área de la salud,COMUNA 2,
1guZiH_PrAn9Om_IpVs4WNydUVL5F1Nznzed7yP4yu-Q,Proceso de inducción y reinducción 2025 - (PIR_SSPM_2025),Femenino,Adultez (29 - 59 años),Pregrado,Área de la salud,COMUNA 17,
1guZiH_PrAn9Om_IpVs4WNydUVL5F1Nznzed7yP4yu-Q,Proceso de inducción y reinducción 2025 - (PIR_SSPM_2025),Femenino,Adultez (29 - 59 años),Postgrado,Área de la salud,COMUNA 17,
1guZiH_PrAn9Om_IpVs4WNydUVL5F1Nznzed7yP4yu-Q,Proceso de inducción y reinducción 2025 - (PIR_SSPM_2025),Femenino,Adultez (29 - 59 años),Pregrado,Otro,COMUNA 22,
1guZiH_PrAn9Om_IpVs4WNydUVL5F1Nznzed7yP4yu-Q,Proceso de inducción y reinducción 2025 - (PIR_SSPM_2025),Femenino,Juventud (18 - 28 años),Bachiller,Área de la salud,COMUNA 16,
1guZiH_PrAn9Om_IpVs4WNydUVL5F1Nznzed7yP4yu-Q,Proceso de inducción y reinducción 2025 - (PIR_SSPM_2025),Femenino,Adultez (29 - 59 años),Pregrado,Área de la salud,COMUNA 17,
1guZiH_PrAn9Om_IpVs4WNydUVL5F1Nznzed7yP4yu-Q,Proceso de inducción y reinducción 2025 - (PIR_SSPM_2025),Femenino,Vejez (60 años o más),Postgrado,Área de la salud,COMUNA 12,
1guZiH_PrAn9Om_IpVs4WNydUVL5F1Nznzed7yP4yu-Q,Proceso de inducción y reinducción 2025 - (PIR_SSPM_2025),Masculino,Juventud (18 - 28 años),Postgrado,Otro,COMUNA 5,
1guZiH_PrAn9Om_IpVs4WNydUVL5F1Nznzed7yP4yu-Q,Proceso de inducción y reinducción 2025 - (PIR_SSPM_2025),Femenino,Adultez (29 - 59 años),Postgrado,Área de la salud,COMUNA 17,
1guZiH_PrAn9Om_IpVs4WNydUVL5F1Nznzed7yP4yu-Q,Proceso de inducción y reinducción 2025 - (PIR_SSPM_2025),Femenino,Adultez (29 - 59 años),Bachiller,Otro,COMUNA 1,
1guZiH_PrAn9Om_IpVs4WNydUVL5F1Nznzed7yP4yu-Q,Proceso de inducción y reinducción 2025 - (PIR_SSPM_2025),Femenino,Adultez (29 - 59 años),Pregrado,Área de la salud,COMUNA 22,
1guZiH_PrAn9Om_IpVs4WNydUVL5F1Nznzed7yP4yu-Q,Proceso de inducción y reinducción 2025 - (PIR_SSPM_2025),Masculino,Adultez (29 - 59 años),Pregrado,Otro,COMUNA 16,
1guZiH_PrAn9Om_IpVs4WNydUVL5F1Nznzed7yP4yu-Q,Proceso de inducción y reinducción 2025 - (PIR_SSPM_2025),Masculino,Adultez (29 - 59 años),Pregrado,Área de la salud,COMUNA 5,
1guZiH_PrAn9Om_IpVs4WNydUVL5F1Nznzed7yP4yu-Q,Proceso de inducción y reinducción 2025 - (PIR_SSPM_2025),Femenino,Juventud (18 - 28 años),Pregrado,Área de la salud,COMUNA 5,
1guZiH_PrAn9Om_IpVs4WNydUVL5F1Nznzed7yP4yu-Q,Proceso de inducción y reinducción 2025 - (PIR_SSPM_2025),Masculino,Juventud (18 - 28 años),Bachiller,Otro,COMUNA 15,
1guZiH_PrAn9Om_IpVs4WNydUVL5F1Nznzed7yP4yu-Q,Proceso de inducción y reinducción 2025 - (PIR_SSPM_2025),Masculino,Adultez (29 - 59 años),Pregrado,Área de la salud,COMUNA 19,
1guZiH_PrAn9Om_IpVs4WNydUVL5F1Nznzed7yP4yu-Q,Proceso de inducción y reinducción 2025 - (PIR_SSPM_2025),Femenino,Adultez (29 - 59 años),Pregrado,Área de la salud,COMUNA 5,
1guZiH_PrAn9Om_IpVs4WNydUVL5F1Nznzed7yP4yu-Q,Proceso de inducción y reinducción 2025 - (PIR_SSPM_2025),Masculino,Adultez (29 - 59 años),Pregrado,Área de la salud,COMUNA 16,
1guZiH_PrAn9Om_IpVs4WNydUVL5F1Nznzed7yP4yu-Q,Proceso de inducción y reinducción 2025 - (PIR_SSPM_2025),Femenino,Adultez (29 - 59 años),Bachiller,Otro,COMUNA 17,
1guZiH_PrAn9Om_IpVs4WNydUVL5F1Nznzed7yP4yu-Q,Proceso de inducción y reinducción 2025 - (PIR_SSPM_2025),Masculino,Vejez (60 años o más),Bachiller,Área de la salud,COMUNA 2,
1guZiH_PrAn9Om_IpVs4WNydUVL5F1Nznzed7yP4yu-Q,Proceso de inducción y reinducción 2025 - (PIR_SSPM_2025),Masculino,Adultez (29 - 59 años),Postgrado,Área de la salud,COMUNA 4,
1guZiH_PrAn9Om_IpVs4WNydUVL5F1Nznzed7yP4yu-Q,Proceso de inducción y reinducción 2025 - (PIR_SSPM_2025),Masculino,Adultez (29 - 59 años),Bachiller,Área de la salud,COMUNA 14,
1guZiH_PrAn9Om_IpVs4WNydUVL5F1Nznzed7yP4yu-Q,Proceso de inducción y reinducción 2025 - (PIR_SSPM_2025),Masculino,Adultez (29 - 59 años),Pregrado,Otro,COMUNA 8,
1guZiH_PrAn9Om_IpVs4WNydUVL5F1Nznzed7yP4yu-Q,Proceso de inducción y reinducción 2025 - (PIR_SSPM_2025),Masculino,Adultez (29 - 59 años),Bachiller,Área de la salud,COMUNA 7,
1guZiH_PrAn9Om_IpVs4WNydUVL5F1Nznzed7yP4yu-Q,Proceso de inducción y reinducción 2025 - (PIR_SSPM_2025),Femenino,Adultez (29 - 59 años),Bachiller,Área de la salud,COMUNA 5,
1guZiH_PrAn9Om_IpVs4WNydUVL5F1Nznzed7yP4yu-Q,Proceso de inducción y reinducción 2025 - (PIR_SSPM_2025),Femenino,Adultez (29 - 59 años),Pregrado,Área de la salud,COMUNA 6,
1guZiH_PrAn9Om_IpVs4WNydUVL5F1Nznzed7yP4yu-Q,Proceso de inducción y reinducción 2025 - (PIR_SSPM_2025),Femenino,Adultez (29 - 59 años),Bachiller,Otro,COMUNA 13,
1guZiH_PrAn9Om_IpVs4WNydUVL5F1Nznzed7yP4yu-Q,Proceso de inducción y reinducción 2025 - (PIR_SSPM_2025),Masculino,Vejez (60 años o más),Bachiller,Otro,COMUNA 17,
1guZiH_PrAn9Om_IpVs4WNydUVL5F1Nznzed7yP4yu-Q,Proceso de inducción y reinducción 2025 - (PIR_SSPM_2025),Masculino,Adultez (29 - 59 años),Pregrado,Otro,COMUNA 17,
1guZiH_PrAn9Om_IpVs4WNydUVL5F1Nznzed7yP4yu-Q,Proceso de inducción y reinducción 2025 - (PIR_SSPM_2025),Femenino,Juventud (18 - 28 años),Postgrado,Otro,COMUNA 6,
1guZiH_PrAn9Om_IpVs4WNydUVL5F1Nznzed7yP4yu-Q,Proceso de inducción y reinducción 2025 - (PIR_SSPM_2025),Masculino,Vejez (60 años o más),Postgrado,Área de la salud,COMUNA 4,
1guZiH_PrAn9Om_IpVs4WNydUVL5F1Nznzed7yP4yu-Q,Proceso de inducción y reinducción 2025 - (PIR_SSPM_2025),Femenino,Adultez (29 - 59 años),Postgrado,Área de la salud,COMUNA 20,
1guZiH_PrAn9Om_IpVs4WNydUVL5F1Nznzed7yP4yu-Q,Proceso de inducción y reinducción 2025 - (PIR_SSPM_2025),Femenino,Adultez (29 - 59 años),Postgrado,Área de la salud,COMUNA 17,
1guZiH_PrAn9Om_IpVs4WNydUVL5F1Nznzed7yP4yu-Q,Proceso de inducción y reinducción 2025 - (PIR_SSPM_2025),Masculino,Adultez (29 - 59 años),Postgrado,Área de la salud,COMUNA 2,
1guZiH_PrAn9Om_IpVs4WNydUVL5F1Nznzed7yP4yu-Q,Proceso de inducción y reinducción 2025 - (PIR_SSPM_2025),Masculino,Vejez (60 años o más),Bachiller,Otro,COMUNA 19,
1guZiH_PrAn9Om_IpVs4WNydUVL5F1Nznzed7yP4yu-Q,Proceso de inducción y reinducción 2025 - (PIR_SSPM_2025),Femenino,Juventud (18 - 28 años),Pregrado,Área de la salud,COMUNA 10,
1guZiH_PrAn9Om_IpVs4WNydUVL5F1Nznzed7yP4yu-Q,Proceso de inducción y reinducción 2025 - (PIR_SSPM_2025),Femenino,Juventud (18 - 28 años),Pregrado,Área de la salud,COMUNA 5,
1guZiH_PrAn9Om_IpVs4WNydUVL5F1Nznzed7yP4yu-Q,Proceso de inducción y reinducción 2025 - (PIR_SSPM_2025),Femenino,Adultez (29 - 59 años),Bachiller,Área de la salud,COMUNA 18,
1guZiH_PrAn9Om_IpVs4WNydUVL5F1Nznzed7yP4yu-Q,Proceso de inducción y reinducción 2025 - (PIR_SSPM_2025),Femenino,Adultez (29 - 59 años),Pregrado,Área de la salud,COMUNA 19,
1guZiH_PrAn9Om_IpVs4WNydUVL5F1Nznzed7yP4yu-Q,Proceso de inducción y reinducción 2025 - (PIR_SSPM_2025),Femenino,Vejez (60 años o más),Postgrado,Área de la salud,COMUNA 16,
1guZiH_PrAn9Om_IpVs4WNydUVL5F1Nznzed7yP4yu-Q,Proceso de inducción y reinducción 2025 - (PIR_SSPM_2025),Femenino,Juventud (18 - 28 años),Bachiller,Otro,COMUNA 6,
1guZiH_PrAn9Om_IpVs4WNydUVL5F1Nznzed7yP4yu-Q,Proceso de inducción y reinducción 2025 - (PIR_SSPM_2025),Femenino,Juventud (18 - 28 años),Pregrado,Área de la salud,COMUNA 10,
1guZiH_PrAn9Om_IpVs4WNydUVL5F1Nznzed7yP4yu-Q,Proceso de inducción y reinducción 2025 - (PIR_SSPM_2025),Masculino,Adultez (29 - 59 años),Ninguna,Área de la salud,COMUNA 19,
1guZiH_PrAn9Om_IpVs4WNydUVL5F1Nznzed7yP4yu-Q,Proceso de inducción y reinducción 2025 - (PIR_SSPM_2025),Masculino,Juventud (18 - 28 años),Pregrado,Otro,COMUNA 3,
1guZiH_PrAn9Om_IpVs4WNydUVL5F1Nznzed7yP4yu-Q,Proceso de inducción y reinducción 2025 - (PIR_SSPM_2025),Femenino,Adultez (29 - 59 años),Postgrado,Área de la salud,COMUNA 17,
1guZiH_PrAn9Om_IpVs4WNydUVL5F1Nznzed7yP4yu-Q,Proceso de inducción y reinducción 2025 - (PIR_SSPM_2025),Femenino,Adultez (29 - 59 años),Pregrado,Área de la salud,COMUNA 22,
1guZiH_PrAn9Om_IpVs4WNydUVL5F1Nznzed7yP4yu-Q,Proceso de inducción y reinducción 2025 - (PIR_SSPM_2025),Masculino,Adultez (29 - 59 años),Postgrado,Otro,COMUNA 18,
1guZiH_PrAn9Om_IpVs4WNydUVL5F1Nznzed7yP4yu-Q,Proceso de inducción y reinducción 2025 - (PIR_SSPM_2025),Femenino,Adultez (29 - 59 años),Postgrado,Área de la salud,COMUNA 8,
1guZiH_PrAn9Om_IpVs4WNydUVL5F1Nznzed7yP4yu-Q,Proceso de inducción y reinducción 2025 - (PIR_SSPM_2025),Femenino,Juventud (18 - 28 años),Pregrado,Área de la salud,COMUNA 17,
1guZiH_PrAn9Om_IpVs4WNydUVL5F1Nznzed7yP4yu-Q,Proceso de inducción y reinducción 2025 - (PIR_SSPM_2025),Femenino,Vejez (60 años o más),Pregrado,Área de la salud,COMUNA 10,
1guZiH_PrAn9Om_IpVs4WNydUVL5F1Nznzed7yP4yu-Q,Proceso de inducción y reinducción 2025 - (PIR_SSPM_2025),Masculino,Vejez (60 años o más),Postgrado,Área de la salud,COMUNA 18,
1guZiH_PrAn9Om_IpVs4WNydUVL5F1Nznzed7yP4yu-Q,Proceso de inducción y reinducción 2025 - (PIR_SSPM_2025),Masculino,Adultez (29 - 59 años),Pregrado,Otro,COMUNA 10,
1guZiH_PrAn9Om_IpVs4WNydUVL5F1Nznzed7yP4yu-Q,Proceso de inducción y reinducción 2025 - (PIR_SSPM_2025),Femenino,Juventud (18 - 28 años),Postgrado,Área de la salud,COMUNA 5,
1guZiH_PrAn9Om_IpVs4WNydUVL5F1Nznzed7yP4yu-Q,Proceso de inducción y reinducción 2025 - (PIR_SSPM_2025),Femenino,Adultez (29 - 59 años),Bachiller,Otro,COMUNA 15,
1guZiH_PrAn9Om_IpVs4WNydUVL5F1Nznzed7yP4yu-Q,Proceso de inducción y reinducción 2025 - (PIR_SSPM_2025),Femenino,Adultez (29 - 59 años),Pregrado,Otro,COMUNA 19,
1guZiH_PrAn9Om_IpVs4WNydUVL5F1Nznzed7yP4yu-Q,Proceso de inducción y reinducción 2025 - (PIR_SSPM_2025),Femenino,Adultez (29 - 59 años),Pregrado,Área de la salud,COMUNA 2,
1guZiH_PrAn9Om_IpVs4WNydUVL5F1Nznzed7yP4yu-Q,Proceso de inducción y reinducción 2025 - (PIR_SSPM_2025),Masculino,Adultez (29 - 59 años),Postgrado,Área de la salud,COMUNA 18,
1guZiH_PrAn9Om_IpVs4WNydUVL5F1Nznzed7yP4yu-Q,Proceso de inducción y reinducción 2025 - (PIR_SSPM_2025),Masculino,Juventud (18 - 28 años),Pregrado,Área de la salud,COMUNA 22,
1guZiH_PrAn9Om_IpVs4WNydUVL5F1Nznzed7yP4yu-Q,Proceso de inducción y reinducción 2025 - (PIR_SSPM_2025),Masculino,Juventud (18 - 28 años),Pregrado,Estudiante,COMUNA 2,
1guZiH_PrAn9Om_IpVs4WNydUVL5F1Nznzed7yP4yu-Q,Proceso de inducción y reinducción 2025 - (PIR_SSPM_2025),Femenino,Adultez (29 - 59 años),Postgrado,Área de la salud,COMUNA 2,
1guZiH_PrAn9Om_IpVs4WNydUVL5F1Nznzed7yP4yu-Q,Proceso de inducción y reinducción 2025 - (PIR_SSPM_2025),Femenino,Juventud (18 - 28 años),Pregrado,Área de la salud,COMUNA 2,
1guZiH_PrAn9Om_IpVs4WNydUVL5F1Nznzed7yP4yu-Q,Proceso de inducción y reinducción 2025 - (PIR_SSPM_2025),Femenino,Adultez (29 - 59 años),Postgrado,Otro,COMUNA 8,
1guZiH_PrAn9Om_IpVs4WNydUVL5F1Nznzed7yP4yu-Q,Proceso de inducción y reinducción 2025 - (PIR_SSPM_2025),Femenino,Juventud (18 - 28 años),Postgrado,Otro,COMUNA 18,
1guZiH_PrAn9Om_IpVs4WNydUVL5F1Nznzed7yP4yu-Q,Proceso de inducción y reinducción 2025 - (PIR_SSPM_2025),Femenino,Adultez (29 - 59 años),Pregrado,Área de la salud,COMUNA 1,
1guZiH_PrAn9Om_IpVs4WNydUVL5F1Nznzed7yP4yu-Q,Proceso de inducción y reinducción 2025 - (PIR_SSPM_2025),Masculino,Adultez (29 - 59 años),Postgrado,Área de la salud,COMUNA 4,
1guZiH_PrAn9Om_IpVs4WNydUVL5F1Nznzed7yP4yu-Q,Proceso de inducción y reinducción 2025 - (PIR_SSPM_2025),Masculino,Adultez (29 - 59 años),Postgrado,Otro,COMUNA 17,
1guZiH_PrAn9Om_IpVs4WNydUVL5F1Nznzed7yP4yu-Q,Proceso de inducción y reinducción 2025 - (PIR_SSPM_2025),Femenino,Adultez (29 - 59 años),Pregrado,Área de la salud,COMUNA 15,
1guZiH_PrAn9Om_IpVs4WNydUVL5F1Nznzed7yP4yu-Q,Proceso de inducción y reinducción 2025 - (PIR_SSPM_2025),Femenino,Adultez (29 - 59 años),Postgrado,Área de la salud,COMUNA 17,
1guZiH_PrAn9Om_IpVs4WNydUVL5F1Nznzed7yP4yu-Q,Proceso de inducción y reinducción 2025 - (PIR_SSPM_2025),Masculino,Adultez (29 - 59 años),Pregrado,Otro,COMUNA 2,
1guZiH_PrAn9Om_IpVs4WNydUVL5F1Nznzed7yP4yu-Q,Proceso de inducción y reinducción 2025 - (PIR_SSPM_2025),Masculino,Adultez (29 - 59 años),Pregrado,Área de la salud,COMUNA 16,
1guZiH_PrAn9Om_IpVs4WNydUVL5F1Nznzed7yP4yu-Q,Proceso de inducción y reinducción 2025 - (PIR_SSPM_2025),Femenino,Adultez (29 - 59 años),Pregrado,Área de la salud,COMUNA 14,
1guZiH_PrAn9Om_IpVs4WNydUVL5F1Nznzed7yP4yu-Q,Proceso de inducción y reinducción 2025 - (PIR_SSPM_2025),Femenino,Adultez (29 - 59 años),Postgrado,Área de la salud,COMUNA 16,
1guZiH_PrAn9Om_IpVs4WNydUVL5F1Nznzed7yP4yu-Q,Proceso de inducción y reinducción 2025 - (PIR_SSPM_2025),Masculino,Juventud (18 - 28 años),Pregrado,Otro,COMUNA 4,
1guZiH_PrAn9Om_IpVs4WNydUVL5F1Nznzed7yP4yu-Q,Proceso de inducción y reinducción 2025 - (PIR_SSPM_2025),Femenino,Juventud (18 - 28 años),Postgrado,Área de la salud,C. DE FELIDIA,
1guZiH_PrAn9Om_IpVs4WNydUVL5F1Nznzed7yP4yu-Q,Proceso de inducción y reinducción 2025 - (PIR_SSPM_2025),Masculino,Adultez (29 - 59 años),Pregrado,Otro,COMUNA 8,
1guZiH_PrAn9Om_IpVs4WNydUVL5F1Nznzed7yP4yu-Q,Proceso de inducción y reinducción 2025 - (PIR_SSPM_2025),Femenino,Adultez (29 - 59 años),Postgrado,Otro,COMUNA 22,
1guZiH_PrAn9Om_IpVs4WNydUVL5F1Nznzed7yP4yu-Q,Proceso de inducción y reinducción 2025 - (PIR_SSPM_2025),Femenino,Juventud (18 - 28 años),Pregrado,Otro,COMUNA 9,
1guZiH_PrAn9Om_IpVs4WNydUVL5F1Nznzed7yP4yu-Q,Proceso de inducción y reinducción 2025 - (PIR_SSPM_2025),Masculino,Vejez (60 años o más),Pregrado,Área de la salud,COMUNA 2,
1guZiH_PrAn9Om_IpVs4WNydUVL5F1Nznzed7yP4yu-Q,Proceso de inducción y reinducción 2025 - (PIR_SSPM_2025),Femenino,Adultez (29 - 59 años),Pregrado,Área de la salud,COMUNA 19,
1guZiH_PrAn9Om_IpVs4WNydUVL5F1Nznzed7yP4yu-Q,Proceso de inducción y reinducción 2025 - (PIR_SSPM_2025),Masculino,Vejez (60 años o más),Bachiller,Otro,COMUNA 17,
1guZiH_PrAn9Om_IpVs4WNydUVL5F1Nznzed7yP4yu-Q,Proceso de inducción y reinducción 2025 - (PIR_SSPM_2025),Femenino,Adultez (29 - 59 años),Bachiller,Área de la salud,COMUNA 14,
1guZiH_PrAn9Om_IpVs4WNydUVL5F1Nznzed7yP4yu-Q,Proceso de inducción y reinducción 2025 - (PIR_SSPM_2025),Femenino,Adultez (29 - 59 años),Bachiller,Área de la salud,COMUNA 18,
1guZiH_PrAn9Om_IpVs4WNydUVL5F1Nznzed7yP4yu-Q,Proceso de inducción y reinducción 2025 - (PIR_SSPM_2025),Masculino,Adultez (29 - 59 años),Postgrado,Otro,COMUNA 10,
1guZiH_PrAn9Om_IpVs4WNydUVL5F1Nznzed7yP4yu-Q,Proceso de inducción y reinducción 2025 - (PIR_SSPM_2025),Femenino,Vejez (60 años o más),Postgrado,Área de la salud,COMUNA 6,
1guZiH_PrAn9Om_IpVs4WNydUVL5F1Nznzed7yP4yu-Q,Proceso de inducción y reinducción 2025 - (PIR_SSPM_2025),Masculino,Adultez (29 - 59 años),Postgrado,Otro,COMUNA 10,
1guZiH_PrAn9Om_IpVs4WNydUVL5F1Nznzed7yP4yu-Q,Proceso de inducción y reinducción 2025 - (PIR_SSPM_2025),Masculino,Vejez (60 años o más),Pregrado,Área de la salud,COMUNA 19,
1guZiH_PrAn9Om_IpVs4WNydUVL5F1Nznzed7yP4yu-Q,Proceso de inducción y reinducción 2025 - (PIR_SSPM_2025),Femenino,Adultez (29 - 59 años),Pregrado,Área de la salud,COMUNA 11,
1guZiH_PrAn9Om_IpVs4WNydUVL5F1Nznzed7yP4yu-Q,Proceso de inducción y reinducción 2025 - (PIR_SSPM_2025),Masculino,Adultez (29 - 59 años),Pregrado,Área de la salud,COMUNA 8,
1guZiH_PrAn9Om_IpVs4WNydUVL5F1Nznzed7yP4yu-Q,Proceso de inducción y reinducción 2025 - (PIR_SSPM_2025),Femenino,Vejez (60 años o más),Postgrado,Otro,COMUNA 8,
1guZiH_PrAn9Om_IpVs4WNydUVL5F1Nznzed7yP4yu-Q,Proceso de inducción y reinducción 2025 - (PIR_SSPM_2025),Femenino,Adultez (29 - 59 años),Pregrado,Área de la salud,COMUNA 5,
1guZiH_PrAn9Om_IpVs4WNydUVL5F1Nznzed7yP4yu-Q,Proceso de inducción y reinducción 2025 - (PIR_SSPM_2025),Femenino,Adultez (29 - 59 años),Postgrado,Otro,COMUNA 10,
1guZiH_PrAn9Om_IpVs4WNydUVL5F1Nznzed7yP4yu-Q,Proceso de inducción y reinducción 2025 - (PIR_SSPM_2025),Femenino,Adultez (29 - 59 años),Pregrado,Área de la salud,COMUNA 19,
1guZiH_PrAn9Om_IpVs4WNydUVL5F1Nznzed7yP4yu-Q,Proceso de inducción y reinducción 2025 - (PIR_SSPM_2025),Femenino,Adultez (29 - 59 años),Pregrado,Área de la salud,COMUNA 5,
1guZiH_PrAn9Om_IpVs4WNydUVL5F1Nznzed7yP4yu-Q,Proceso de inducción y reinducción 2025 - (PIR_SSPM_2025),Masculino,Adultez (29 - 59 años),Pregrado,Área de la salud,COMUNA 13,
1guZiH_PrAn9Om_IpVs4WNydUVL5F1Nznzed7yP4yu-Q,Proceso de inducción y reinducción 2025 - (PIR_SSPM_2025),Masculino,Vejez (60 años o más),Pregrado,Área de la salud,COMUNA 9,
1guZiH_PrAn9Om_IpVs4WNydUVL5F1Nznzed7yP4yu-Q,Proceso de inducción y reinducción 2025 - (PIR_SSPM_2025),Femenino,Adultez (29 - 59 años),Pregrado,Área de la salud,COMUNA 19,
1guZiH_PrAn9Om_IpVs4WNydUVL5F1Nznzed7yP4yu-Q,Proceso de inducción y reinducción 2025 - (PIR_SSPM_2025),Masculino,Adultez (29 - 59 años),Postgrado,Área de la salud,COMUNA 17,
1guZiH_PrAn9Om_IpVs4WNydUVL5F1Nznzed7yP4yu-Q,Proceso de inducción y reinducción 2025 - (PIR_SSPM_2025),Femenino,Adultez (29 - 59 años),Pregrado,Área de la salud,COMUNA 19,
1guZiH_PrAn9Om_IpVs4WNydUVL5F1Nznzed7yP4yu-Q,Proceso de inducción y reinducción 2025 - (PIR_SSPM_2025),Masculino,Adultez (29 - 59 años),Postgrado,Área de la salud,COMUNA 5,
1guZiH_PrAn9Om_IpVs4WNydUVL5F1Nznzed7yP4yu-Q,Proceso de inducción y reinducción 2025 - (PIR_SSPM_2025),Femenino,Adultez (29 - 59 años),Pregrado,Área de la salud,COMUNA 16,
1guZiH_PrAn9Om_IpVs4WNydUVL5F1Nznzed7yP4yu-Q,Proceso de inducción y reinducción 2025 - (PIR_SSPM_2025),Femenino,Adultez (29 - 59 años),Postgrado,Otro,COMUNA 8,
1guZiH_PrAn9Om_IpVs4WNydUVL5F1Nznzed7yP4yu-Q,Proceso de inducción y reinducción 2025 - (PIR_SSPM_2025),Femenino,Adultez (29 - 59 años),Pregrado,Otro,COMUNA 7,
1guZiH_PrAn9Om_IpVs4WNydUVL5F1Nznzed7yP4yu-Q,Proceso de inducción y reinducción 2025 - (PIR_SSPM_2025),Femenino,Adultez (29 - 59 años),Pregrado,Área de la salud,COMUNA 7,
1guZiH_PrAn9Om_IpVs4WNydUVL5F1Nznzed7yP4yu-Q,Proceso de inducción y reinducción 2025 - (PIR_SSPM_2025),Masculino,Adultez (29 - 59 años),Postgrado,Área de la salud,COMUNA 2,
1guZiH_PrAn9Om_IpVs4WNydUVL5F1Nznzed7yP4yu-Q,Proceso de inducción y reinducción 2025 - (PIR_SSPM_2025),Femenino,Juventud (18 - 28 años),Pregrado,Área de la salud,COMUNA 2,
1guZiH_PrAn9Om_IpVs4WNydUVL5F1Nznzed7yP4yu-Q,Proceso de inducción y reinducción 2025 - (PIR_SSPM_2025),Masculino,Adultez (29 - 59 años),Bachiller,Otro,C. DE EL SALADITO,
1guZiH_PrAn9Om_IpVs4WNydUVL5F1Nznzed7yP4yu-Q,Proceso de inducción y reinducción 2025 - (PIR_SSPM_2025),Masculino,Adultez (29 - 59 años),Postgrado,Área de la salud,COMUNA 17,
1guZiH_PrAn9Om_IpVs4WNydUVL5F1Nznzed7yP4yu-Q,Proceso de inducción y reinducción 2025 - (PIR_SSPM_2025),Femenino,Adultez (29 - 59 años),Pregrado,Área de la salud,COMUNA 2,
1guZiH_PrAn9Om_IpVs4WNydUVL5F1Nznzed7yP4yu-Q,Proceso de inducción y reinducción 2025 - (PIR_SSPM_2025),Masculino,Adultez (29 - 59 años),Postgrado,Área de la salud,COMUNA 15,
1guZiH_PrAn9Om_IpVs4WNydUVL5F1Nznzed7yP4yu-Q,Proceso de inducción y reinducción 2025 - (PIR_SSPM_2025),Femenino,Adultez (29 - 59 años),Postgrado,Área de la salud,COMUNA 17,
1guZiH_PrAn9Om_IpVs4WNydUVL5F1Nznzed7yP4yu-Q,Proceso de inducción y reinducción 2025 - (PIR_SSPM_2025),Femenino,Adultez (29 - 59 años),Postgrado,Otro,COMUNA 17,
1guZiH_PrAn9Om_IpVs4WNydUVL5F1Nznzed7yP4yu-Q,Proceso de inducción y reinducción 2025 - (PIR_SSPM_2025),Masculino,Adultez (29 - 59 años),Pregrado,Área de la salud,COMUNA 19,
1guZiH_PrAn9Om_IpVs4WNydUVL5F1Nznzed7yP4yu-Q,Proceso de inducción y reinducción 2025 - (PIR_SSPM_2025),Femenino,Juventud (18 - 28 años),Bachiller,Área de la salud,COMUNA 21,
1guZiH_PrAn9Om_IpVs4WNydUVL5F1Nznzed7yP4yu-Q,Proceso de inducción y reinducción 2025 - (PIR_SSPM_2025),Femenino,Adultez (29 - 59 años),Pregrado,Área de la salud,COMUNA 22,
1guZiH_PrAn9Om_IpVs4WNydUVL5F1Nznzed7yP4yu-Q,Proceso de inducción y reinducción 2025 - (PIR_SSPM_2025),Masculino,Adultez (29 - 59 años),Pregrado,Otro,COMUNA 6,
1guZiH_PrAn9Om_IpVs4WNydUVL5F1Nznzed7yP4yu-Q,Proceso de inducción y reinducción 2025 - (PIR_SSPM_2025),Femenino,Adultez (29 - 59 años),Bachiller,Otro,COMUNA 21,
1guZiH_PrAn9Om_IpVs4WNydUVL5F1Nznzed7yP4yu-Q,Proceso de inducción y reinducción 2025 - (PIR_SSPM_2025),Masculino,Adultez (29 - 59 años),Postgrado,Área de la salud,COMUNA 19,
1guZiH_PrAn9Om_IpVs4WNydUVL5F1Nznzed7yP4yu-Q,Proceso de inducción y reinducción 2025 - (PIR_SSPM_2025),Femenino,Adultez (29 - 59 años),Postgrado,Área de la salud,COMUNA 19,
1guZiH_PrAn9Om_IpVs4WNydUVL5F1Nznzed7yP4yu-Q,Proceso de inducción y reinducción 2025 - (PIR_SSPM_2025),Masculino,Adultez (29 - 59 años),Postgrado,Otro,COMUNA 2,
1guZiH_PrAn9Om_IpVs4WNydUVL5F1Nznzed7yP4yu-Q,Proceso de inducción y reinducción 2025 - (PIR_SSPM_2025),Masculino,Juventud (18 - 28 años),Pregrado,Área de la salud,COMUNA 6,
1guZiH_PrAn9Om_IpVs4WNydUVL5F1Nznzed7yP4yu-Q,Proceso de inducción y reinducción 2025 - (PIR_SSPM_2025),Masculino,Adultez (29 - 59 años),Postgrado,Otro,COMUNA 16,
1guZiH_PrAn9Om_IpVs4WNydUVL5F1Nznzed7yP4yu-Q,Proceso de inducción y reinducción 2025 - (PIR_SSPM_2025),Femenino,Adultez (29 - 59 años),Bachiller,Área de la salud,COMUNA 12,
1guZiH_PrAn9Om_IpVs4WNydUVL5F1Nznzed7yP4yu-Q,Proceso de inducción y reinducción 2025 - (PIR_SSPM_2025),Femenino,Juventud (18 - 28 años),Pregrado,Otro,COMUNA 22,
1guZiH_PrAn9Om_IpVs4WNydUVL5F1Nznzed7yP4yu-Q,Proceso de inducción y reinducción 2025 - (PIR_SSPM_2025),Femenino,Adultez (29 - 59 años),Postgrado,Área de la salud,COMUNA 19,
1guZiH_PrAn9Om_IpVs4WNydUVL5F1Nznzed7yP4yu-Q,Proceso de inducción y reinducción 2025 - (PIR_SSPM_2025),Femenino,Adultez (29 - 59 años),Pregrado,Área de la salud,COMUNA 8,
1guZiH_PrAn9Om_IpVs4WNydUVL5F1Nznzed7yP4yu-Q,Proceso de inducción y reinducción 2025 - (PIR_SSPM_2025),Masculino,Adultez (29 - 59 años),Postgrado,Otro,COMUNA 22,
1guZiH_PrAn9Om_IpVs4WNydUVL5F1Nznzed7yP4yu-Q,Proceso de inducción y reinducción 2025 - (PIR_SSPM_2025),Masculino,Adultez (29 - 59 años),Postgrado,Área de la salud,COMUNA 9,
1guZiH_PrAn9Om_IpVs4WNydUVL5F1Nznzed7yP4yu-Q,Proceso de inducción y reinducción 2025 - (PIR_SSPM_2025),Masculino,Adultez (29 - 59 años),Pregrado,Área de la salud,COMUNA 19,
1guZiH_PrAn9Om_IpVs4WNydUVL5F1Nznzed7yP4yu-Q,Proceso de inducción y reinducción 2025 - (PIR_SSPM_2025),Masculino,Adultez (29 - 59 años),Pregrado,Área de la salud,COMUNA 17,
1guZiH_PrAn9Om_IpVs4WNydUVL5F1Nznzed7yP4yu-Q,Proceso de inducción y reinducción 2025 - (PIR_SSPM_2025),Femenino,Juventud (18 - 28 años),Pregrado,Área de la salud,COMUNA 20,
1guZiH_PrAn9Om_IpVs4WNydUVL5F1Nznzed7yP4yu-Q,Proceso de inducción y reinducción 2025 - (PIR_SSPM_2025),Masculino,Adultez (29 - 59 años),Postgrado,Área de la salud,COMUNA 10,
1guZiH_PrAn9Om_IpVs4WNydUVL5F1Nznzed7yP4yu-Q,Proceso de inducción y reinducción 2025 - (PIR_SSPM_2025),Femenino,Juventud (18 - 28 años),Pregrado,Área de la salud,COMUNA 21,
1guZiH_PrAn9Om_IpVs4WNydUVL5F1Nznzed7yP4yu-Q,Proceso de inducción y reinducción 2025 - (PIR_SSPM_2025),Femenino,Adultez (29 - 59 años),Pregrado,Área de la salud,COMUNA 17,
1guZiH_PrAn9Om_IpVs4WNydUVL5F1Nznzed7yP4yu-Q,Proceso de inducción y reinducción 2025 - (PIR_SSPM_2025),Masculino,Adultez (29 - 59 años),Pregrado,Área de la salud,COMUNA 10,
1guZiH_PrAn9Om_IpVs4WNydUVL5F1Nznzed7yP4yu-Q,Proceso de inducción y reinducción 2025 - (PIR_SSPM_2025),Femenino,Adultez (29 - 59 años),Pregrado,Área de la salud,COMUNA 16,
1guZiH_PrAn9Om_IpVs4WNydUVL5F1Nznzed7yP4yu-Q,Proceso de inducción y reinducción 2025 - (PIR_SSPM_2025),Masculino,Adultez (29 - 59 años),Pregrado,Área de la salud,COMUNA 5,
1guZiH_PrAn9Om_IpVs4WNydUVL5F1Nznzed7yP4yu-Q,Proceso de inducción y reinducción 2025 - (PIR_SSPM_2025),Femenino,Juventud (18 - 28 años),Pregrado,Otro,COMUNA 5,
1guZiH_PrAn9Om_IpVs4WNydUVL5F1Nznzed7yP4yu-Q,Proceso de inducción y reinducción 2025 - (PIR_SSPM_2025),Femenino,Adultez (29 - 59 años),Postgrado,Área de la salud,COMUNA 1,
1guZiH_PrAn9Om_IpVs4WNydUVL5F1Nznzed7yP4yu-Q,Proceso de inducción y reinducción 2025 - (PIR_SSPM_2025),Femenino,Adultez (29 - 59 años),Pregrado,Área de la salud,COMUNA 1,
1guZiH_PrAn9Om_IpVs4WNydUVL5F1Nznzed7yP4yu-Q,Proceso de inducción y reinducción 2025 - (PIR_SSPM_2025),Masculino,Adultez (29 - 59 años),Pregrado,Área de la salud,COMUNA 2,
1guZiH_PrAn9Om_IpVs4WNydUVL5F1Nznzed7yP4yu-Q,Proceso de inducción y reinducción 2025 - (PIR_SSPM_2025),Femenino,Adultez (29 - 59 años),Pregrado,Área de la salud,COMUNA 10,
1guZiH_PrAn9Om_IpVs4WNydUVL5F1Nznzed7yP4yu-Q,Proceso de inducción y reinducción 2025 - (PIR_SSPM_2025),Masculino,Adultez (29 - 59 años),Postgrado,Otro,COMUNA 17,
1guZiH_PrAn9Om_IpVs4WNydUVL5F1Nznzed7yP4yu-Q,Proceso de inducción y reinducción 2025 - (PIR_SSPM_2025),Femenino,Juventud (18 - 28 años),Pregrado,Estudiante,COMUNA 19,
1guZiH_PrAn9Om_IpVs4WNydUVL5F1Nznzed7yP4yu-Q,Proceso de inducción y reinducción 2025 - (PIR_SSPM_2025),Masculino,Vejez (60 años o más),Postgrado,Área de la salud,COMUNA 19,
1guZiH_PrAn9Om_IpVs4WNydUVL5F1Nznzed7yP4yu-Q,Proceso de inducción y reinducción 2025 - (PIR_SSPM_2025),Femenino,Adultez (29 - 59 años),Postgrado,Área de la salud,COMUNA 8,
1guZiH_PrAn9Om_IpVs4WNydUVL5F1Nznzed7yP4yu-Q,Proceso de inducción y reinducción 2025 - (PIR_SSPM_2025),Femenino,Adultez (29 - 59 años),Bachiller,Área de la salud,COMUNA 5,
1guZiH_PrAn9Om_IpVs4WNydUVL5F1Nznzed7yP4yu-Q,Proceso de inducción y reinducción 2025 - (PIR_SSPM_2025),Femenino,Adultez (29 - 59 años),Postgrado,Otro,COMUNA 15,
1guZiH_PrAn9Om_IpVs4WNydUVL5F1Nznzed7yP4yu-Q,Proceso de inducción y reinducción 2025 - (PIR_SSPM_2025),Femenino,Adultez (29 - 59 años),Postgrado,Área de la salud,COMUNA 22,
1guZiH_PrAn9Om_IpVs4WNydUVL5F1Nznzed7yP4yu-Q,Proceso de inducción y reinducción 2025 - (PIR_SSPM_2025),Femenino,Adultez (29 - 59 años),Postgrado,Otro,C. DE LA BUITRERA,
1guZiH_PrAn9Om_IpVs4WNydUVL5F1Nznzed7yP4yu-Q,Proceso de inducción y reinducción 2025 - (PIR_SSPM_2025),Femenino,Adultez (29 - 59 años),Pregrado,Otro,COMUNA 21,
1guZiH_PrAn9Om_IpVs4WNydUVL5F1Nznzed7yP4yu-Q,Proceso de inducción y reinducción 2025 - (PIR_SSPM_2025),Masculino,Adultez (29 - 59 años),Pregrado,Área de la salud,COMUNA 17,
1guZiH_PrAn9Om_IpVs4WNydUVL5F1Nznzed7yP4yu-Q,Proceso de inducción y reinducción 2025 - (PIR_SSPM_2025),Femenino,Adultez (29 - 59 años),Pregrado,Área de la salud,COMUNA 11,
1guZiH_PrAn9Om_IpVs4WNydUVL5F1Nznzed7yP4yu-Q,Proceso de inducción y reinducción 2025 - (PIR_SSPM_2025),Femenino,Adultez (29 - 59 años),Postgrado,Área de la salud,COMUNA 5,
1guZiH_PrAn9Om_IpVs4WNydUVL5F1Nznzed7yP4yu-Q,Proceso de inducción y reinducción 2025 - (PIR_SSPM_2025),Femenino,Adultez (29 - 59 años),Postgrado,Área de la salud,COMUNA 17,
1guZiH_PrAn9Om_IpVs4WNydUVL5F1Nznzed7yP4yu-Q,Proceso de inducción y reinducción 2025 - (PIR_SSPM_2025),Femenino,Adultez (29 - 59 años),Pregrado,Área de la salud,COMUNA 13,
1guZiH_PrAn9Om_IpVs4WNydUVL5F1Nznzed7yP4yu-Q,Proceso de inducción y reinducción 2025 - (PIR_SSPM_2025),Femenino,Adultez (29 - 59 años),Bachiller,Área de la salud,COMUNA 6,
1guZiH_PrAn9Om_IpVs4WNydUVL5F1Nznzed7yP4yu-Q,Proceso de inducción y reinducción 2025 - (PIR_SSPM_2025),Masculino,Juventud (18 - 28 años),Bachiller,Otro,COMUNA 10,
1guZiH_PrAn9Om_IpVs4WNydUVL5F1Nznzed7yP4yu-Q,Proceso de inducción y reinducción 2025 - (PIR_SSPM_2025),Femenino,Adultez (29 - 59 años),Pregrado,Área de la salud,C. DE PANCE,
1guZiH_PrAn9Om_IpVs4WNydUVL5F1Nznzed7yP4yu-Q,Proceso de inducción y reinducción 2025 - (PIR_SSPM_2025),Femenino,Adultez (29 - 59 años),Postgrado,Área de la salud,COMUNA 17,
1guZiH_PrAn9Om_IpVs4WNydUVL5F1Nznzed7yP4yu-Q,Proceso de inducción y reinducción 2025 - (PIR_SSPM_2025),Masculino,Adultez (29 - 59 años),Pregrado,Otro,COMUNA 4,
1guZiH_PrAn9Om_IpVs4WNydUVL5F1Nznzed7yP4yu-Q,Proceso de inducción y reinducción 2025 - (PIR_SSPM_2025),Femenino,Juventud (18 - 28 años),Pregrado,Área de la salud,COMUNA 5,
1guZiH_PrAn9Om_IpVs4WNydUVL5F1Nznzed7yP4yu-Q,Proceso de inducción y reinducción 2025 - (PIR_SSPM_2025),Femenino,Adultez (29 - 59 años),Postgrado,Área de la salud,COMUNA 8,
1guZiH_PrAn9Om_IpVs4WNydUVL5F1Nznzed7yP4yu-Q,Proceso de inducción y reinducción 2025 - (PIR_SSPM_2025),Femenino,Adultez (29 - 59 años),Postgrado,Otro,COMUNA 18,
1guZiH_PrAn9Om_IpVs4WNydUVL5F1Nznzed7yP4yu-Q,Proceso de inducción y reinducción 2025 - (PIR_SSPM_2025),Femenino,Adultez (29 - 59 años),Postgrado,Área de la salud,COMUNA 16,
1guZiH_PrAn9Om_IpVs4WNydUVL5F1Nznzed7yP4yu-Q,Proceso de inducción y reinducción 2025 - (PIR_SSPM_2025),Masculino,Adultez (29 - 59 años),Pregrado,Otro,COMUNA 1,
1guZiH_PrAn9Om_IpVs4WNydUVL5F1Nznzed7yP4yu-Q,Proceso de inducción y reinducción 2025 - (PIR_SSPM_2025),Femenino,Adultez (29 - 59 años),Pregrado,Otro,COMUNA 17,
1guZiH_PrAn9Om_IpVs4WNydUVL5F1Nznzed7yP4yu-Q,Proceso de inducción y reinducción 2025 - (PIR_SSPM_2025),Femenino,Adultez (29 - 59 años),Postgrado,Área de la salud,COMUNA 19,
1guZiH_PrAn9Om_IpVs4WNydUVL5F1Nznzed7yP4yu-Q,Proceso de inducción y reinducción 2025 - (PIR_SSPM_2025),Femenino,Adultez (29 - 59 años),Bachiller,Otro,COMUNA 8,
1guZiH_PrAn9Om_IpVs4WNydUVL5F1Nznzed7yP4yu-Q,Proceso de inducción y reinducción 2025 - (PIR_SSPM_2025),Femenino,Adultez (29 - 59 años),Postgrado,Área de la salud,COMUNA 19,
1guZiH_PrAn9Om_IpVs4WNydUVL5F1Nznzed7yP4yu-Q,Proceso de inducción y reinducción 2025 - (PIR_SSPM_2025),Femenino,Adultez (29 - 59 años),Pregrado,Área de la salud,COMUNA 3,
1guZiH_PrAn9Om_IpVs4WNydUVL5F1Nznzed7yP4yu-Q,Proceso de inducción y reinducción 2025 - (PIR_SSPM_2025),Femenino,Adultez (29 - 59 años),Pregrado,Área de la salud,COMUNA 12,
1guZiH_PrAn9Om_IpVs4WNydUVL5F1Nznzed7yP4yu-Q,Proceso de inducción y reinducción 2025 - (PIR_SSPM_2025),Masculino,Vejez (60 años o más),Pregrado,Otro,COMUNA 3,
1guZiH_PrAn9Om_IpVs4WNydUVL5F1Nznzed7yP4yu-Q,Proceso de inducción y reinducción 2025 - (PIR_SSPM_2025),Femenino,Adultez (29 - 59 años),Postgrado,Área de la salud,COMUNA 17,
1guZiH_PrAn9Om_IpVs4WNydUVL5F1Nznzed7yP4yu-Q,Proceso de inducción y reinducción 2025 - (PIR_SSPM_2025),Masculino,Vejez (60 años o más),Postgrado,Área de la salud,COMUNA 17,
1guZiH_PrAn9Om_IpVs4WNydUVL5F1Nznzed7yP4yu-Q,Proceso de inducción y reinducción 2025 - (PIR_SSPM_2025),Masculino,Adultez (29 - 59 años),Pregrado,Estudiante,COMUNA 15,
1guZiH_PrAn9Om_IpVs4WNydUVL5F1Nznzed7yP4yu-Q,Proceso de inducción y reinducción 2025 - (PIR_SSPM_2025),Femenino,Adultez (29 - 59 años),Pregrado,Área de la salud,C. DE NAVARRO,
1guZiH_PrAn9Om_IpVs4WNydUVL5F1Nznzed7yP4yu-Q,Proceso de inducción y reinducción 2025 - (PIR_SSPM_2025),Femenino,Adultez (29 - 59 años),Bachiller,Área de la salud,COMUNA 20,
1guZiH_PrAn9Om_IpVs4WNydUVL5F1Nznzed7yP4yu-Q,Proceso de inducción y reinducción 2025 - (PIR_SSPM_2025),Masculino,Adultez (29 - 59 años),Pregrado,Área de la salud,COMUNA 17,
1guZiH_PrAn9Om_IpVs4WNydUVL5F1Nznzed7yP4yu-Q,Proceso de inducción y reinducción 2025 - (PIR_SSPM_2025),Femenino,Adultez (29 - 59 años),Pregrado,Área de la salud,COMUNA 19,
1guZiH_PrAn9Om_IpVs4WNydUVL5F1Nznzed7yP4yu-Q,Proceso de inducción y reinducción 2025 - (PIR_SSPM_2025),Femenino,Adultez (29 - 59 años),Postgrado,Otro,COMUNA 15,
1guZiH_PrAn9Om_IpVs4WNydUVL5F1Nznzed7yP4yu-Q,Proceso de inducción y reinducción 2025 - (PIR_SSPM_2025),Femenino,Adultez (29 - 59 años),Bachiller,Área de la salud,C. DE PANCE,
1guZiH_PrAn9Om_IpVs4WNydUVL5F1Nznzed7yP4yu-Q,Proceso de inducción y reinducción 2025 - (PIR_SSPM_2025),Masculino,Adultez (29 - 59 años),Pregrado,Área de la salud,COMUNA 5,
1guZiH_PrAn9Om_IpVs4WNydUVL5F1Nznzed7yP4yu-Q,Proceso de inducción y reinducción 2025 - (PIR_SSPM_2025),Femenino,Juventud (18 - 28 años),Postgrado,Área de la salud,COMUNA 6,
1guZiH_PrAn9Om_IpVs4WNydUVL5F1Nznzed7yP4yu-Q,Proceso de inducción y reinducción 2025 - (PIR_SSPM_2025),Femenino,Adultez (29 - 59 años),Postgrado,Área de la salud,COMUNA 10,
1guZiH_PrAn9Om_IpVs4WNydUVL5F1Nznzed7yP4yu-Q,Proceso de inducción y reinducción 2025 - (PIR_SSPM_2025),Femenino,Adultez (29 - 59 años),Postgrado,Otro,COMUNA 11,
1guZiH_PrAn9Om_IpVs4WNydUVL5F1Nznzed7yP4yu-Q,Proceso de inducción y reinducción 2025 - (PIR_SSPM_2025),Femenino,Adultez (29 - 59 años),Pregrado,Área de la salud,COMUNA 17,
1guZiH_PrAn9Om_IpVs4WNydUVL5F1Nznzed7yP4yu-Q,Proceso de inducción y reinducción 2025 - (PIR_SSPM_2025),Femenino,Adultez (29 - 59 años),Pregrado,Área de la salud,COMUNA 5,
1guZiH_PrAn9Om_IpVs4WNydUVL5F1Nznzed7yP4yu-Q,Proceso de inducción y reinducción 2025 - (PIR_SSPM_2025),Femenino,Adultez (29 - 59 años),Pregrado,Otro,COMUNA 17,
1guZiH_PrAn9Om_IpVs4WNydUVL5F1Nznzed7yP4yu-Q,Proceso de inducción y reinducción 2025 - (PIR_SSPM_2025),Femenino,Adultez (29 - 59 años),Pregrado,Área de la salud,COMUNA 19,
1guZiH_PrAn9Om_IpVs4WNydUVL5F1Nznzed7yP4yu-Q,Proceso de inducción y reinducción 2025 - (PIR_SSPM_2025),Femenino,Juventud (18 - 28 años),Pregrado,Área de la salud,COMUNA 19,
1guZiH_PrAn9Om_IpVs4WNydUVL5F1Nznzed7yP4yu-Q,Proceso de inducción y reinducción 2025 - (PIR_SSPM_2025),Masculino,Adultez (29 - 59 años),Pregrado,Área de la salud,COMUNA 4,
1guZiH_PrAn9Om_IpVs4WNydUVL5F1Nznzed7yP4yu-Q,Proceso de inducción y reinducción 2025 - (PIR_SSPM_2025),Masculino,Adultez (29 - 59 años),Pregrado,Área de la salud,COMUNA 6,
1guZiH_PrAn9Om_IpVs4WNydUVL5F1Nznzed7yP4yu-Q,Proceso de inducción y reinducción 2025 - (PIR_SSPM_2025),Masculino,Adultez (29 - 59 años),Postgrado,Área de la salud,COMUNA 18,
1guZiH_PrAn9Om_IpVs4WNydUVL5F1Nznzed7yP4yu-Q,Proceso de inducción y reinducción 2025 - (PIR_SSPM_2025),Femenino,Adultez (29 - 59 años),Pregrado,Área de la salud,COMUNA 16,
1guZiH_PrAn9Om_IpVs4WNydUVL5F1Nznzed7yP4yu-Q,Proceso de inducción y reinducción 2025 - (PIR_SSPM_2025),Femenino,Adultez (29 - 59 años),Pregrado,Área de la salud,COMUNA 14,
1guZiH_PrAn9Om_IpVs4WNydUVL5F1Nznzed7yP4yu-Q,Proceso de inducción y reinducción 2025 - (PIR_SSPM_2025),Masculino,Adultez (29 - 59 años),Postgrado,Área de la salud,COMUNA 2,
1guZiH_PrAn9Om_IpVs4WNydUVL5F1Nznzed7yP4yu-Q,Proceso de inducción y reinducción 2025 - (PIR_SSPM_2025),Masculino,Adultez (29 - 59 años),Pregrado,Área de la salud,COMUNA 11,
1guZiH_PrAn9Om_IpVs4WNydUVL5F1Nznzed7yP4yu-Q,Proceso de inducción y reinducción 2025 - (PIR_SSPM_2025),Femenino,Adultez (29 - 59 años),Postgrado,Área de la salud,COMUNA 19,
1guZiH_PrAn9Om_IpVs4WNydUVL5F1Nznzed7yP4yu-Q,Proceso de inducción y reinducción 2025 - (PIR_SSPM_2025),Masculino,Adultez (29 - 59 años),Postgrado,Estudiante,COMUNA 3,
1guZiH_PrAn9Om_IpVs4WNydUVL5F1Nznzed7yP4yu-Q,Proceso de inducción y reinducción 2025 - (PIR_SSPM_2025),Masculino,Adultez (29 - 59 años),Postgrado,Área de la salud,COMUNA 17,
1guZiH_PrAn9Om_IpVs4WNydUVL5F1Nznzed7yP4yu-Q,Proceso de inducción y reinducción 2025 - (PIR_SSPM_2025),Femenino,Adultez (29 - 59 años),Pregrado,Área de la salud,COMUNA 1,
1guZiH_PrAn9Om_IpVs4WNydUVL5F1Nznzed7yP4yu-Q,Proceso de inducción y reinducción 2025 - (PIR_SSPM_2025),Femenino,Adultez (29 - 59 años),Pregrado,Área de la salud,COMUNA 19,
1guZiH_PrAn9Om_IpVs4WNydUVL5F1Nznzed7yP4yu-Q,Proceso de inducción y reinducción 2025 - (PIR_SSPM_2025),Femenino,Adultez (29 - 59 años),Pregrado,Área de la salud,COMUNA 19,
1guZiH_PrAn9Om_IpVs4WNydUVL5F1Nznzed7yP4yu-Q,Proceso de inducción y reinducción 2025 - (PIR_SSPM_2025),Femenino,Adultez (29 - 59 años),Postgrado,Otro,COMUNA 19,
1guZiH_PrAn9Om_IpVs4WNydUVL5F1Nznzed7yP4yu-Q,Proceso de inducción y reinducción 2025 - (PIR_SSPM_2025),Masculino,Juventud (18 - 28 años),Pregrado,Área de la salud,COMUNA 17,
1guZiH_PrAn9Om_IpVs4WNydUVL5F1Nznzed7yP4yu-Q,Proceso de inducción y reinducción 2025 - (PIR_SSPM_2025),Masculino,Adultez (29 - 59 años),Postgrado,Área de la salud,COMUNA 19,
1guZiH_PrAn9Om_IpVs4WNydUVL5F1Nznzed7yP4yu-Q,Proceso de inducción y reinducción 2025 - (PIR_SSPM_2025),Femenino,Adultez (29 - 59 años),Postgrado,Área de la salud,COMUNA 19,
1guZiH_PrAn9Om_IpVs4WNydUVL5F1Nznzed7yP4yu-Q,Proceso de inducción y reinducción 2025 - (PIR_SSPM_2025),Femenino,Adultez (29 - 59 años),Postgrado,Área de la salud,COMUNA 10,
1guZiH_PrAn9Om_IpVs4WNydUVL5F1Nznzed7yP4yu-Q,Proceso de inducción y reinducción 2025 - (PIR_SSPM_2025),Femenino,Vejez (60 años o más),Postgrado,Área de la salud,COMUNA 17,
1guZiH_PrAn9Om_IpVs4WNydUVL5F1Nznzed7yP4yu-Q,Proceso de inducción y reinducción 2025 - (PIR_SSPM_2025),Masculino,Vejez (60 años o más),Bachiller,Área de la salud,COMUNA 1,
1guZiH_PrAn9Om_IpVs4WNydUVL5F1Nznzed7yP4yu-Q,Proceso de inducción y reinducción 2025 - (PIR_SSPM_2025),Masculino,Adultez (29 - 59 años),Pregrado,Otro,COMUNA 6,
1guZiH_PrAn9Om_IpVs4WNydUVL5F1Nznzed7yP4yu-Q,Proceso de inducción y reinducción 2025 - (PIR_SSPM_2025),Masculino,Vejez (60 años o más),Bachiller,Área de la salud,COMUNA 3,
1guZiH_PrAn9Om_IpVs4WNydUVL5F1Nznzed7yP4yu-Q,Proceso de inducción y reinducción 2025 - (PIR_SSPM_2025),Masculino,Adultez (29 - 59 años),Bachiller,Área de la salud,COMUNA 18,
1guZiH_PrAn9Om_IpVs4WNydUVL5F1Nznzed7yP4yu-Q,Proceso de inducción y reinducción 2025 - (PIR_SSPM_2025),Masculino,Adultez (29 - 59 años),Postgrado,Otro,COMUNA 19,
1guZiH_PrAn9Om_IpVs4WNydUVL5F1Nznzed7yP4yu-Q,Proceso de inducción y reinducción 2025 - (PIR_SSPM_2025),Masculino,Adultez (29 - 59 años),Pregrado,Otro,C. DE EL SALADITO,
1guZiH_PrAn9Om_IpVs4WNydUVL5F1Nznzed7yP4yu-Q,Proceso de inducción y reinducción 2025 - (PIR_SSPM_2025),Femenino,Adultez (29 - 59 años),Pregrado,Área de la salud,COMUNA 19,
1guZiH_PrAn9Om_IpVs4WNydUVL5F1Nznzed7yP4yu-Q,Proceso de inducción y reinducción 2025 - (PIR_SSPM_2025),Femenino,Adultez (29 - 59 años),Bachiller,Área de la salud,COMUNA 13,
1guZiH_PrAn9Om_IpVs4WNydUVL5F1Nznzed7yP4yu-Q,Proceso de inducción y reinducción 2025 - (PIR_SSPM_2025),Masculino,Adultez (29 - 59 años),Bachiller,Área de la salud,COMUNA 19,
1guZiH_PrAn9Om_IpVs4WNydUVL5F1Nznzed7yP4yu-Q,Proceso de inducción y reinducción 2025 - (PIR_SSPM_2025),Masculino,Adultez (29 - 59 años),Pregrado,Área de la salud,COMUNA 2,
1guZiH_PrAn9Om_IpVs4WNydUVL5F1Nznzed7yP4yu-Q,Proceso de inducción y reinducción 2025 - (PIR_SSPM_2025),Femenino,Adultez (29 - 59 años),Postgrado,Otro,COMUNA 17,
1guZiH_PrAn9Om_IpVs4WNydUVL5F1Nznzed7yP4yu-Q,Proceso de inducción y reinducción 2025 - (PIR_SSPM_2025),Femenino,Adultez (29 - 59 años),Pregrado,Área de la salud,COMUNA 2,
1guZiH_PrAn9Om_IpVs4WNydUVL5F1Nznzed7yP4yu-Q,Proceso de inducción y reinducción 2025 - (PIR_SSPM_2025),Femenino,Adultez (29 - 59 años),Pregrado,Área de la salud,COMUNA 1,
1guZiH_PrAn9Om_IpVs4WNydUVL5F1Nznzed7yP4yu-Q,Proceso de inducción y reinducción 2025 - (PIR_SSPM_2025),Femenino,Adultez (29 - 59 años),Pregrado,Otro,COMUNA 8,
1guZiH_PrAn9Om_IpVs4WNydUVL5F1Nznzed7yP4yu-Q,Proceso de inducción y reinducción 2025 - (PIR_SSPM_2025),Femenino,Adultez (29 - 59 años),Bachiller,Otro,COMUNA 6,
1guZiH_PrAn9Om_IpVs4WNydUVL5F1Nznzed7yP4yu-Q,Proceso de inducción y reinducción 2025 - (PIR_SSPM_2025),Femenino,Adultez (29 - 59 años),Pregrado,Área de la salud,COMUNA 1,
1guZiH_PrAn9Om_IpVs4WNydUVL5F1Nznzed7yP4yu-Q,Proceso de inducción y reinducción 2025 - (PIR_SSPM_2025),Masculino,Adultez (29 - 59 años),Bachiller,Área de la salud,COMUNA 19,
1guZiH_PrAn9Om_IpVs4WNydUVL5F1Nznzed7yP4yu-Q,Proceso de inducción y reinducción 2025 - (PIR_SSPM_2025),Masculino,Adultez (29 - 59 años),Postgrado,Área de la salud,COMUNA 17,
1guZiH_PrAn9Om_IpVs4WNydUVL5F1Nznzed7yP4yu-Q,Proceso de inducción y reinducción 2025 - (PIR_SSPM_2025),Femenino,Adultez (29 - 59 años),Postgrado,Otro,COMUNA 17,
1guZiH_PrAn9Om_IpVs4WNydUVL5F1Nznzed7yP4yu-Q,Proceso de inducción y reinducción 2025 - (PIR_SSPM_2025),Femenino,Adultez (29 - 59 años),Postgrado,Área de la salud,COMUNA 19,
1guZiH_PrAn9Om_IpVs4WNydUVL5F1Nznzed7yP4yu-Q,Proceso de inducción y reinducción 2025 - (PIR_SSPM_2025),Femenino,Adultez (29 - 59 años),Pregrado,Área de la salud,COMUNA 10,
1guZiH_PrAn9Om_IpVs4WNydUVL5F1Nznzed7yP4yu-Q,Proceso de inducción y reinducción 2025 - (PIR_SSPM_2025),Femenino,Juventud (18 - 28 años),Bachiller,Estudiante,COMUNA 3,
1guZiH_PrAn9Om_IpVs4WNydUVL5F1Nznzed7yP4yu-Q,Proceso de inducción y reinducción 2025 - (PIR_SSPM_2025),Femenino,Adultez (29 - 59 años),Pregrado,Área de la salud,C. DE FELIDIA,
1guZiH_PrAn9Om_IpVs4WNydUVL5F1Nznzed7yP4yu-Q,Proceso de inducción y reinducción 2025 - (PIR_SSPM_2025),Femenino,Adultez (29 - 59 años),Bachiller,Otro,COMUNA 20,
1guZiH_PrAn9Om_IpVs4WNydUVL5F1Nznzed7yP4yu-Q,Proceso de inducción y reinducción 2025 - (PIR_SSPM_2025),Femenino,Adultez (29 - 59 años),Postgrado,Otro,COMUNA 19,
1guZiH_PrAn9Om_IpVs4WNydUVL5F1Nznzed7yP4yu-Q,Proceso de inducción y reinducción 2025 - (PIR_SSPM_2025),Femenino,Adultez (29 - 59 años),Pregrado,Área de la salud,COMUNA 10,
1guZiH_PrAn9Om_IpVs4WNydUVL5F1Nznzed7yP4yu-Q,Proceso de inducción y reinducción 2025 - (PIR_SSPM_2025),Masculino,Adultez (29 - 59 años),Pregrado,Otro,COMUNA 17,
1guZiH_PrAn9Om_IpVs4WNydUVL5F1Nznzed7yP4yu-Q,Proceso de inducción y reinducción 2025 - (PIR_SSPM_2025),Femenino,Juventud (18 - 28 años),Pregrado,Área de la salud,COMUNA 13,
1guZiH_PrAn9Om_IpVs4WNydUVL5F1Nznzed7yP4yu-Q,Proceso de inducción y reinducción 2025 - (PIR_SSPM_2025),Femenino,Adultez (29 - 59 años),Bachiller,Área de la salud,COMUNA 10,
1guZiH_PrAn9Om_IpVs4WNydUVL5F1Nznzed7yP4yu-Q,Proceso de inducción y reinducción 2025 - (PIR_SSPM_2025),Femenino,Adultez (29 - 59 años),Postgrado,Otro,COMUNA 17,
1guZiH_PrAn9Om_IpVs4WNydUVL5F1Nznzed7yP4yu-Q,Proceso de inducción y reinducción 2025 - (PIR_SSPM_2025),Femenino,Adultez (29 - 59 años),Pregrado,Área de la salud,COMUNA 11,
1guZiH_PrAn9Om_IpVs4WNydUVL5F1Nznzed7yP4yu-Q,Proceso de inducción y reinducción 2025 - (PIR_SSPM_2025),Femenino,Adultez (29 - 59 años),Pregrado,Área de la salud,COMUNA 12,
1guZiH_PrAn9Om_IpVs4WNydUVL5F1Nznzed7yP4yu-Q,Proceso de inducción y reinducción 2025 - (PIR_SSPM_2025),Masculino,Adultez (29 - 59 años),Postgrado,Otro,COMUNA 17,
1guZiH_PrAn9Om_IpVs4WNydUVL5F1Nznzed7yP4yu-Q,Proceso de inducción y reinducción 2025 - (PIR_SSPM_2025),Femenino,Juventud (18 - 28 años),Bachiller,Área de la salud,COMUNA 22,
1guZiH_PrAn9Om_IpVs4WNydUVL5F1Nznzed7yP4yu-Q,Proceso de inducción y reinducción 2025 - (PIR_SSPM_2025),Femenino,Adultez (29 - 59 años),Pregrado,Área de la salud,COMUNA 17,
1guZiH_PrAn9Om_IpVs4WNydUVL5F1Nznzed7yP4yu-Q,Proceso de inducción y reinducción 2025 - (PIR_SSPM_2025),Masculino,Adultez (29 - 59 años),Postgrado,Área de la salud,COMUNA 17,
1guZiH_PrAn9Om_IpVs4WNydUVL5F1Nznzed7yP4yu-Q,Proceso de inducción y reinducción 2025 - (PIR_SSPM_2025),Masculino,Juventud (18 - 28 años),Pregrado,Otro,COMUNA 13,
1guZiH_PrAn9Om_IpVs4WNydUVL5F1Nznzed7yP4yu-Q,Proceso de inducción y reinducción 2025 - (PIR_SSPM_2025),Femenino,Adultez (29 - 59 años),Postgrado,Área de la salud,COMUNA 19,
1guZiH_PrAn9Om_IpVs4WNydUVL5F1Nznzed7yP4yu-Q,Proceso de inducción y reinducción 2025 - (PIR_SSPM_2025),Femenino,Adultez (29 - 59 años),Postgrado,Otro,COMUNA 10,
1guZiH_PrAn9Om_IpVs4WNydUVL5F1Nznzed7yP4yu-Q,Proceso de inducción y reinducción 2025 - (PIR_SSPM_2025),Masculino,Adultez (29 - 59 años),Pregrado,Área de la salud,COMUNA 9,
1guZiH_PrAn9Om_IpVs4WNydUVL5F1Nznzed7yP4yu-Q,Proceso de inducción y reinducción 2025 - (PIR_SSPM_2025),Masculino,Adultez (29 - 59 años),Pregrado,Otro,COMUNA 13,
1guZiH_PrAn9Om_IpVs4WNydUVL5F1Nznzed7yP4yu-Q,Proceso de inducción y reinducción 2025 - (PIR_SSPM_2025),Femenino,Adultez (29 - 59 años),Ninguna,Otro,COMUNA 15,
1guZiH_PrAn9Om_IpVs4WNydUVL5F1Nznzed7yP4yu-Q,Proceso de inducción y reinducción 2025 - (PIR_SSPM_2025),Femenino,Adultez (29 - 59 años),Postgrado,Otro,COMUNA 17,
1guZiH_PrAn9Om_IpVs4WNydUVL5F1Nznzed7yP4yu-Q,Proceso de inducción y reinducción 2025 - (PIR_SSPM_2025),Femenino,Adultez (29 - 59 años),Pregrado,Otro,COMUNA 19,
1guZiH_PrAn9Om_IpVs4WNydUVL5F1Nznzed7yP4yu-Q,Proceso de inducción y reinducción 2025 - (PIR_SSPM_2025),Femenino,Adultez (29 - 59 años),Postgrado,Área de la salud,COMUNA 17,
1guZiH_PrAn9Om_IpVs4WNydUVL5F1Nznzed7yP4yu-Q,Proceso de inducción y reinducción 2025 - (PIR_SSPM_2025),Femenino,Adultez (29 - 59 años),Bachiller,Área de la salud,COMUNA 21,
1guZiH_PrAn9Om_IpVs4WNydUVL5F1Nznzed7yP4yu-Q,Proceso de inducción y reinducción 2025 - (PIR_SSPM_2025),Femenino,Vejez (60 años o más),Postgrado,Área de la salud,COMUNA 17,
1guZiH_PrAn9Om_IpVs4WNydUVL5F1Nznzed7yP4yu-Q,Proceso de inducción y reinducción 2025 - (PIR_SSPM_2025),Masculino,Adultez (29 - 59 años),Postgrado,Otro,COMUNA 2,
1guZiH_PrAn9Om_IpVs4WNydUVL5F1Nznzed7yP4yu-Q,Proceso de inducción y reinducción 2025 - (PIR_SSPM_2025),Masculino,Adultez (29 - 59 años),Pregrado,Otro,COMUNA 17,
1guZiH_PrAn9Om_IpVs4WNydUVL5F1Nznzed7yP4yu-Q,Proceso de inducción y reinducción 2025 - (PIR_SSPM_2025),Femenino,Adultez (29 - 59 años),Postgrado,Área de la salud,COMUNA 16,
1guZiH_PrAn9Om_IpVs4WNydUVL5F1Nznzed7yP4yu-Q,Proceso de inducción y reinducción 2025 - (PIR_SSPM_2025),Femenino,Adultez (29 - 59 años),Postgrado,Área de la salud,C. DE EL HORMIGUERO,
1guZiH_PrAn9Om_IpVs4WNydUVL5F1Nznzed7yP4yu-Q,Proceso de inducción y reinducción 2025 - (PIR_SSPM_2025),Femenino,Juventud (18 - 28 años),Pregrado,Área de la salud,C. DE FELIDIA,
1guZiH_PrAn9Om_IpVs4WNydUVL5F1Nznzed7yP4yu-Q,Proceso de inducción y reinducción 2025 - (PIR_SSPM_2025),Masculino,Adultez (29 - 59 años),Pregrado,Otro,COMUNA 8,
1guZiH_PrAn9Om_IpVs4WNydUVL5F1Nznzed7yP4yu-Q,Proceso de inducción y reinducción 2025 - (PIR_SSPM_2025),Masculino,Adultez (29 - 59 años),Postgrado,Otro,COMUNA 10,
1guZiH_PrAn9Om_IpVs4WNydUVL5F1Nznzed7yP4yu-Q,Proceso de inducción y reinducción 2025 - (PIR_SSPM_2025),Femenino,Adultez (29 - 59 años),Pregrado,Área de la salud,C. DE LA BUITRERA,
1guZiH_PrAn9Om_IpVs4WNydUVL5F1Nznzed7yP4yu-Q,Proceso de inducción y reinducción 2025 - (PIR_SSPM_2025),Femenino,Juventud (18 - 28 años),Pregrado,Área de la salud,COMUNA 22,
1guZiH_PrAn9Om_IpVs4WNydUVL5F1Nznzed7yP4yu-Q,Proceso de inducción y reinducción 2025 - (PIR_SSPM_2025),Masculino,Adultez (29 - 59 años),Pregrado,Área de la salud,COMUNA 10,
1guZiH_PrAn9Om_IpVs4WNydUVL5F1Nznzed7yP4yu-Q,Proceso de inducción y reinducción 2025 - (PIR_SSPM_2025),Femenino,Adultez (29 - 59 años),Postgrado,Otro,COMUNA 15,
1guZiH_PrAn9Om_IpVs4WNydUVL5F1Nznzed7yP4yu-Q,Proceso de inducción y reinducción 2025 - (PIR_SSPM_2025),Masculino,Adultez (29 - 59 años),Postgrado,Área de la salud,COMUNA 19,
1guZiH_PrAn9Om_IpVs4WNydUVL5F1Nznzed7yP4yu-Q,Proceso de inducción y reinducción 2025 - (PIR_SSPM_2025),Femenino,Adultez (29 - 59 años),Postgrado,Área de la salud,C. DE LA LEONERA,
1guZiH_PrAn9Om_IpVs4WNydUVL5F1Nznzed7yP4yu-Q,Proceso de inducción y reinducción 2025 - (PIR_SSPM_2025),Femenino,Adultez (29 - 59 años),Pregrado,Área de la salud,COMUNA 17,
1guZiH_PrAn9Om_IpVs4WNydUVL5F1Nznzed7yP4yu-Q,Proceso de inducción y reinducción 2025 - (PIR_SSPM_2025),Masculino,Adultez (29 - 59 años),Postgrado,Área de la salud,COMUNA 12,
1guZiH_PrAn9Om_IpVs4WNydUVL5F1Nznzed7yP4yu-Q,Proceso de inducción y reinducción 2025 - (PIR_SSPM_2025),Femenino,Adultez (29 - 59 años),Pregrado,Área de la salud,COMUNA 2,
1guZiH_PrAn9Om_IpVs4WNydUVL5F1Nznzed7yP4yu-Q,Proceso de inducción y reinducción 2025 - (PIR_SSPM_2025),Femenino,Adultez (29 - 59 años),Postgrado,Área de la salud,COMUNA 17,
1guZiH_PrAn9Om_IpVs4WNydUVL5F1Nznzed7yP4yu-Q,Proceso de inducción y reinducción 2025 - (PIR_SSPM_2025),Masculino,Adultez (29 - 59 años),Pregrado,Área de la salud,COMUNA 18,
1guZiH_PrAn9Om_IpVs4WNydUVL5F1Nznzed7yP4yu-Q,Proceso de inducción y reinducción 2025 - (PIR_SSPM_2025),Femenino,Adultez (29 - 59 años),Pregrado,Otro,COMUNA 15,
1guZiH_PrAn9Om_IpVs4WNydUVL5F1Nznzed7yP4yu-Q,Proceso de inducción y reinducción 2025 - (PIR_SSPM_2025),Femenino,Adultez (29 - 59 años),Bachiller,Área de la salud,COMUNA 10,
1guZiH_PrAn9Om_IpVs4WNydUVL5F1Nznzed7yP4yu-Q,Proceso de inducción y reinducción 2025 - (PIR_SSPM_2025),Femenino,Vejez (60 años o más),Pregrado,Otro,COMUNA 19,
1guZiH_PrAn9Om_IpVs4WNydUVL5F1Nznzed7yP4yu-Q,Proceso de inducción y reinducción 2025 - (PIR_SSPM_2025),Femenino,Adultez (29 - 59 años),Postgrado,Área de la salud,COMUNA 10,
1guZiH_PrAn9Om_IpVs4WNydUVL5F1Nznzed7yP4yu-Q,Proceso de inducción y reinducción 2025 - (PIR_SSPM_2025),Masculino,Juventud (18 - 28 años),Pregrado,Área de la salud,COMUNA 11,
1guZiH_PrAn9Om_IpVs4WNydUVL5F1Nznzed7yP4yu-Q,Proceso de inducción y reinducción 2025 - (PIR_SSPM_2025),Femenino,Adultez (29 - 59 años),Pregrado,Área de la salud,COMUNA 10,
1guZiH_PrAn9Om_IpVs4WNydUVL5F1Nznzed7yP4yu-Q,Proceso de inducción y reinducción 2025 - (PIR_SSPM_2025),Femenino,Vejez (60 años o más),Pregrado,Otro,COMUNA 20,
1guZiH_PrAn9Om_IpVs4WNydUVL5F1Nznzed7yP4yu-Q,Proceso de inducción y reinducción 2025 - (PIR_SSPM_2025),Femenino,Adultez (29 - 59 años),Pregrado,Área de la salud,COMUNA 17,
1guZiH_PrAn9Om_IpVs4WNydUVL5F1Nznzed7yP4yu-Q,Proceso de inducción y reinducción 2025 - (PIR_SSPM_2025),Masculino,Adultez (29 - 59 años),Bachiller,Área de la salud,COMUNA 11,
1guZiH_PrAn9Om_IpVs4WNydUVL5F1Nznzed7yP4yu-Q,Proceso de inducción y reinducción 2025 - (PIR_SSPM_2025),Masculino,Adultez (29 - 59 años),Pregrado,Otro,COMUNA 17,
1guZiH_PrAn9Om_IpVs4WNydUVL5F1Nznzed7yP4yu-Q,Proceso de inducción y reinducción 2025 - (PIR_SSPM_2025),Femenino,Adultez (29 - 59 años),Bachiller,Área de la salud,COMUNA 18,
1guZiH_PrAn9Om_IpVs4WNydUVL5F1Nznzed7yP4yu-Q,Proceso de inducción y reinducción 2025 - (PIR_SSPM_2025),Femenino,Adultez (29 - 59 años),Postgrado,Otro,COMUNA 20,
1guZiH_PrAn9Om_IpVs4WNydUVL5F1Nznzed7yP4yu-Q,Proceso de inducción y reinducción 2025 - (PIR_SSPM_2025),Femenino,Adultez (29 - 59 años),Pregrado,Área de la salud,COMUNA 9,
1guZiH_PrAn9Om_IpVs4WNydUVL5F1Nznzed7yP4yu-Q,Proceso de inducción y reinducción 2025 - (PIR_SSPM_2025),Masculino,Adultez (29 - 59 años),Pregrado,Área de la salud,COMUNA 22,
1guZiH_PrAn9Om_IpVs4WNydUVL5F1Nznzed7yP4yu-Q,Proceso de inducción y reinducción 2025 - (PIR_SSPM_2025),Masculino,Juventud (18 - 28 años),Pregrado,Área de la salud,COMUNA 17,
1guZiH_PrAn9Om_IpVs4WNydUVL5F1Nznzed7yP4yu-Q,Proceso de inducción y reinducción 2025 - (PIR_SSPM_2025),Masculino,Adultez (29 - 59 años),Pregrado,Otro,COMUNA 9,
1guZiH_PrAn9Om_IpVs4WNydUVL5F1Nznzed7yP4yu-Q,Proceso de inducción y reinducción 2025 - (PIR_SSPM_2025),Femenino,Vejez (60 años o más),Postgrado,Área de la salud,COMUNA 17,
1guZiH_PrAn9Om_IpVs4WNydUVL5F1Nznzed7yP4yu-Q,Proceso de inducción y reinducción 2025 - (PIR_SSPM_2025),Femenino,Adultez (29 - 59 años),Postgrado,Área de la salud,COMUNA 17,
1guZiH_PrAn9Om_IpVs4WNydUVL5F1Nznzed7yP4yu-Q,Proceso de inducción y reinducción 2025 - (PIR_SSPM_2025),Femenino,Adultez (29 - 59 años),Pregrado,Área de la salud,C. DE EL HORMIGUERO,
1guZiH_PrAn9Om_IpVs4WNydUVL5F1Nznzed7yP4yu-Q,Proceso de inducción y reinducción 2025 - (PIR_SSPM_2025),Masculino,Vejez (60 años o más),Pregrado,Área de la salud,COMUNA 13,
1guZiH_PrAn9Om_IpVs4WNydUVL5F1Nznzed7yP4yu-Q,Proceso de inducción y reinducción 2025 - (PIR_SSPM_2025),Femenino,Adultez (29 - 59 años),Postgrado,Área de la salud,COMUNA 16,
1guZiH_PrAn9Om_IpVs4WNydUVL5F1Nznzed7yP4yu-Q,Proceso de inducción y reinducción 2025 - (PIR_SSPM_2025),Femenino,Juventud (18 - 28 años),Pregrado,Área de la salud,COMUNA 15,
1guZiH_PrAn9Om_IpVs4WNydUVL5F1Nznzed7yP4yu-Q,Proceso de inducción y reinducción 2025 - (PIR_SSPM_2025),Femenino,Adultez (29 - 59 años),Bachiller,Área de la salud,C. DE PANCE,
1guZiH_PrAn9Om_IpVs4WNydUVL5F1Nznzed7yP4yu-Q,Proceso de inducción y reinducción 2025 - (PIR_SSPM_2025),Femenino,Adultez (29 - 59 años),Pregrado,Área de la salud,COMUNA 17,
1guZiH_PrAn9Om_IpVs4WNydUVL5F1Nznzed7yP4yu-Q,Proceso de inducción y reinducción 2025 - (PIR_SSPM_2025),Femenino,Adultez (29 - 59 años),Postgrado,Área de la salud,COMUNA 19,
1guZiH_PrAn9Om_IpVs4WNydUVL5F1Nznzed7yP4yu-Q,Proceso de inducción y reinducción 2025 - (PIR_SSPM_2025),Femenino,Vejez (60 años o más),Bachiller,Área de la salud,COMUNA 18,
1guZiH_PrAn9Om_IpVs4WNydUVL5F1Nznzed7yP4yu-Q,Proceso de inducción y reinducción 2025 - (PIR_SSPM_2025),Femenino,Adultez (29 - 59 años),Postgrado,Área de la salud,COMUNA 19,
1guZiH_PrAn9Om_IpVs4WNydUVL5F1Nznzed7yP4yu-Q,Proceso de inducción y reinducción 2025 - (PIR_SSPM_2025),Femenino,Adultez (29 - 59 años),Pregrado,Otro,COMUNA 4,
1guZiH_PrAn9Om_IpVs4WNydUVL5F1Nznzed7yP4yu-Q,Proceso de inducción y reinducción 2025 - (PIR_SSPM_2025),Masculino,Adultez (29 - 59 años),Postgrado,Otro,C. DE LA PAZ,
1guZiH_PrAn9Om_IpVs4WNydUVL5F1Nznzed7yP4yu-Q,Proceso de inducción y reinducción 2025 - (PIR_SSPM_2025),Femenino,Adultez (29 - 59 años),Postgrado,Área de la salud,COMUNA 22,
1guZiH_PrAn9Om_IpVs4WNydUVL5F1Nznzed7yP4yu-Q,Proceso de inducción y reinducción 2025 - (PIR_SSPM_2025),Femenino,Adultez (29 - 59 años),Pregrado,Estudiante,COMUNA 14,
1guZiH_PrAn9Om_IpVs4WNydUVL5F1Nznzed7yP4yu-Q,Proceso de inducción y reinducción 2025 - (PIR_SSPM_2025),Femenino,Adultez (29 - 59 años),Pregrado,Otro,COMUNA 21,
1guZiH_PrAn9Om_IpVs4WNydUVL5F1Nznzed7yP4yu-Q,Proceso de inducción y reinducción 2025 - (PIR_SSPM_2025),Masculino,Adultez (29 - 59 años),Postgrado,Otro,COMUNA 2,
1guZiH_PrAn9Om_IpVs4WNydUVL5F1Nznzed7yP4yu-Q,Proceso de inducción y reinducción 2025 - (PIR_SSPM_2025),Femenino,Adultez (29 - 59 años),Postgrado,Área de la salud,COMUNA 17,
1guZiH_PrAn9Om_IpVs4WNydUVL5F1Nznzed7yP4yu-Q,Proceso de inducción y reinducción 2025 - (PIR_SSPM_2025),Femenino,Adultez (29 - 59 años),Postgrado,Otro,C. DE PANCE,
1guZiH_PrAn9Om_IpVs4WNydUVL5F1Nznzed7yP4yu-Q,Proceso de inducción y reinducción 2025 - (PIR_SSPM_2025),Femenino,Adultez (29 - 59 años),Pregrado,Otro,COMUNA 19,
1guZiH_PrAn9Om_IpVs4WNydUVL5F1Nznzed7yP4yu-Q,Proceso de inducción y reinducción 2025 - (PIR_SSPM_2025),Femenino,Adultez (29 - 59 años),Postgrado,Otro,COMUNA 17,
1guZiH_PrAn9Om_IpVs4WNydUVL5F1Nznzed7yP4yu-Q,Proceso de inducción y reinducción 2025 - (PIR_SSPM_2025),Femenino,Adultez (29 - 59 años),Postgrado,Área de la salud,COMUNA 17,
1guZiH_PrAn9Om_IpVs4WNydUVL5F1Nznzed7yP4yu-Q,Proceso de inducción y reinducción 2025 - (PIR_SSPM_2025),Femenino,Juventud (18 - 28 años),Pregrado,Otro,COMUNA 21,
1guZiH_PrAn9Om_IpVs4WNydUVL5F1Nznzed7yP4yu-Q,Proceso de inducción y reinducción 2025 - (PIR_SSPM_2025),Femenino,Adultez (29 - 59 años),Pregrado,Área de la salud,COMUNA 19,
1guZiH_PrAn9Om_IpVs4WNydUVL5F1Nznzed7yP4yu-Q,Proceso de inducción y reinducción 2025 - (PIR_SSPM_2025),Femenino,Adultez (29 - 59 años),Postgrado,Otro,COMUNA 21,
1guZiH_PrAn9Om_IpVs4WNydUVL5F1Nznzed7yP4yu-Q,Proceso de inducción y reinducción 2025 - (PIR_SSPM_2025),Femenino,Adultez (29 - 59 años),Pregrado,Área de la salud,COMUNA 3,
1guZiH_PrAn9Om_IpVs4WNydUVL5F1Nznzed7yP4yu-Q,Proceso de inducción y reinducción 2025 - (PIR_SSPM_2025),Femenino,Adultez (29 - 59 años),Pregrado,Otro,COMUNA 19,
1guZiH_PrAn9Om_IpVs4WNydUVL5F1Nznzed7yP4yu-Q,Proceso de inducción y reinducción 2025 - (PIR_SSPM_2025),Femenino,Adultez (29 - 59 años),Postgrado,Otro,COMUNA 18,
1guZiH_PrAn9Om_IpVs4WNydUVL5F1Nznzed7yP4yu-Q,Proceso de inducción y reinducción 2025 - (PIR_SSPM_2025),Femenino,Juventud (18 - 28 años),Pregrado,Área de la salud,COMUNA 12,
1guZiH_PrAn9Om_IpVs4WNydUVL5F1Nznzed7yP4yu-Q,Proceso de inducción y reinducción 2025 - (PIR_SSPM_2025),Femenino,Adultez (29 - 59 años),Postgrado,Área de la salud,COMUNA 1,
1guZiH_PrAn9Om_IpVs4WNydUVL5F1Nznzed7yP4yu-Q,Proceso de inducción y reinducción 2025 - (PIR_SSPM_2025),Masculino,Adultez (29 - 59 años),Bachiller,Otro,COMUNA 7,
1guZiH_PrAn9Om_IpVs4WNydUVL5F1Nznzed7yP4yu-Q,Proceso de inducción y reinducción 2025 - (PIR_SSPM_2025),Femenino,Adultez (29 - 59 años),Postgrado,Área de la salud,COMUNA 3,
1guZiH_PrAn9Om_IpVs4WNydUVL5F1Nznzed7yP4yu-Q,Proceso de inducción y reinducción 2025 - (PIR_SSPM_2025),Femenino,Adultez (29 - 59 años),Pregrado,Otro,COMUNA 12,
1guZiH_PrAn9Om_IpVs4WNydUVL5F1Nznzed7yP4yu-Q,Proceso de inducción y reinducción 2025 - (PIR_SSPM_2025),Masculino,Vejez (60 años o más),Bachiller,Otro,COMUNA 4,
1guZiH_PrAn9Om_IpVs4WNydUVL5F1Nznzed7yP4yu-Q,Proceso de inducción y reinducción 2025 - (PIR_SSPM_2025),Femenino,Adultez (29 - 59 años),Postgrado,Área de la salud,COMUNA 17,
1guZiH_PrAn9Om_IpVs4WNydUVL5F1Nznzed7yP4yu-Q,Proceso de inducción y reinducción 2025 - (PIR_SSPM_2025),Femenino,Vejez (60 años o más),Postgrado,Otro,COMUNA 5,
1guZiH_PrAn9Om_IpVs4WNydUVL5F1Nznzed7yP4yu-Q,Proceso de inducción y reinducción 2025 - (PIR_SSPM_2025),Masculino,Adultez (29 - 59 años),Postgrado,Área de la salud,COMUNA 19,
1guZiH_PrAn9Om_IpVs4WNydUVL5F1Nznzed7yP4yu-Q,Proceso de inducción y reinducción 2025 - (PIR_SSPM_2025),Masculino,Adultez (29 - 59 años),Postgrado,Otro,COMUNA 22,
1guZiH_PrAn9Om_IpVs4WNydUVL5F1Nznzed7yP4yu-Q,Proceso de inducción y reinducción 2025 - (PIR_SSPM_2025),Femenino,Vejez (60 años o más),Pregrado,Área de la salud,COMUNA 21,
1guZiH_PrAn9Om_IpVs4WNydUVL5F1Nznzed7yP4yu-Q,Proceso de inducción y reinducción 2025 - (PIR_SSPM_2025),Femenino,Adultez (29 - 59 años),Bachiller,Otro,COMUNA 11,
1guZiH_PrAn9Om_IpVs4WNydUVL5F1Nznzed7yP4yu-Q,Proceso de inducción y reinducción 2025 - (PIR_SSPM_2025),Femenino,Adultez (29 - 59 años),Postgrado,Otro,COMUNA 17,
1guZiH_PrAn9Om_IpVs4WNydUVL5F1Nznzed7yP4yu-Q,Proceso de inducción y reinducción 2025 - (PIR_SSPM_2025),Masculino,Adultez (29 - 59 años),Pregrado,Otro,COMUNA 7,
1guZiH_PrAn9Om_IpVs4WNydUVL5F1Nznzed7yP4yu-Q,Proceso de inducción y reinducción 2025 - (PIR_SSPM_2025),Masculino,Juventud (18 - 28 años),Postgrado,Otro,COMUNA 17,
1guZiH_PrAn9Om_IpVs4WNydUVL5F1Nznzed7yP4yu-Q,Proceso de inducción y reinducción 2025 - (PIR_SSPM_2025),Masculino,Vejez (60 años o más),Postgrado,Área de la salud,COMUNA 10,
1guZiH_PrAn9Om_IpVs4WNydUVL5F1Nznzed7yP4yu-Q,Proceso de inducción y reinducción 2025 - (PIR_SSPM_2025),Femenino,Adultez (29 - 59 años),Bachiller,Área de la salud,COMUNA 13,
1guZiH_PrAn9Om_IpVs4WNydUVL5F1Nznzed7yP4yu-Q,Proceso de inducción y reinducción 2025 - (PIR_SSPM_2025),Femenino,Adultez (29 - 59 años),Pregrado,Área de la salud,COMUNA 5,
1guZiH_PrAn9Om_IpVs4WNydUVL5F1Nznzed7yP4yu-Q,Proceso de inducción y reinducción 2025 - (PIR_SSPM_2025),Masculino,Adultez (29 - 59 años),Postgrado,Otro,COMUNA 19,
1guZiH_PrAn9Om_IpVs4WNydUVL5F1Nznzed7yP4yu-Q,Proceso de inducción y reinducción 2025 - (PIR_SSPM_2025),Masculino,Vejez (60 años o más),Pregrado,Otro,COMUNA 16,
1guZiH_PrAn9Om_IpVs4WNydUVL5F1Nznzed7yP4yu-Q,Proceso de inducción y reinducción 2025 - (PIR_SSPM_2025),Femenino,Adultez (29 - 59 años),Postgrado,Área de la salud,COMUNA 6,
1guZiH_PrAn9Om_IpVs4WNydUVL5F1Nznzed7yP4yu-Q,Proceso de inducción y reinducción 2025 - (PIR_SSPM_2025),Femenino,Adultez (29 - 59 años),Ninguna,Área de la salud,COMUNA 2,
1guZiH_PrAn9Om_IpVs4WNydUVL5F1Nznzed7yP4yu-Q,Proceso de inducción y reinducción 2025 - (PIR_SSPM_2025),Femenino,Adultez (29 - 59 años),Pregrado,Área de la salud,C. DE FELIDIA,
1guZiH_PrAn9Om_IpVs4WNydUVL5F1Nznzed7yP4yu-Q,Proceso de inducción y reinducción 2025 - (PIR_SSPM_2025),Masculino,Adultez (29 - 59 años),Pregrado,Otro,COMUNA 18,
1guZiH_PrAn9Om_IpVs4WNydUVL5F1Nznzed7yP4yu-Q,Proceso de inducción y reinducción 2025 - (PIR_SSPM_2025),Femenino,Adultez (29 - 59 años),Postgrado,Área de la salud,COMUNA 17,
1guZiH_PrAn9Om_IpVs4WNydUVL5F1Nznzed7yP4yu-Q,Proceso de inducción y reinducción 2025 - (PIR_SSPM_2025),Femenino,Adultez (29 - 59 años),Pregrado,Área de la salud,COMUNA 17,
1guZiH_PrAn9Om_IpVs4WNydUVL5F1Nznzed7yP4yu-Q,Proceso de inducción y reinducción 2025 - (PIR_SSPM_2025),Masculino,Adultez (29 - 59 años),Postgrado,Área de la salud,COMUNA 8,
1guZiH_PrAn9Om_IpVs4WNydUVL5F1Nznzed7yP4yu-Q,Proceso de inducción y reinducción 2025 - (PIR_SSPM_2025),Femenino,Adultez (29 - 59 años),Postgrado,Área de la salud,COMUNA 17,
1guZiH_PrAn9Om_IpVs4WNydUVL5F1Nznzed7yP4yu-Q,Proceso de inducción y reinducción 2025 - (PIR_SSPM_2025),Masculino,Adultez (29 - 59 años),Postgrado,Otro,COMUNA 8,
1guZiH_PrAn9Om_IpVs4WNydUVL5F1Nznzed7yP4yu-Q,Proceso de inducción y reinducción 2025 - (PIR_SSPM_2025),Femenino,Adultez (29 - 59 años),Bachiller,Área de la salud,COMUNA 17,
1guZiH_PrAn9Om_IpVs4WNydUVL5F1Nznzed7yP4yu-Q,Proceso de inducción y reinducción 2025 - (PIR_SSPM_2025),Masculino,Vejez (60 años o más),Bachiller,Área de la salud,COMUNA 2,
1guZiH_PrAn9Om_IpVs4WNydUVL5F1Nznzed7yP4yu-Q,Proceso de inducción y reinducción 2025 - (PIR_SSPM_2025),Masculino,Adultez (29 - 59 años),Bachiller,Área de la salud,COMUNA 9,
1guZiH_PrAn9Om_IpVs4WNydUVL5F1Nznzed7yP4yu-Q,Proceso de inducción y reinducción 2025 - (PIR_SSPM_2025),Femenino,Adultez (29 - 59 años),Postgrado,Área de la salud,COMUNA 8,
1guZiH_PrAn9Om_IpVs4WNydUVL5F1Nznzed7yP4yu-Q,Proceso de inducción y reinducción 2025 - (PIR_SSPM_2025),Femenino,Adultez (29 - 59 años),Postgrado,Otro,COMUNA 2,
1guZiH_PrAn9Om_IpVs4WNydUVL5F1Nznzed7yP4yu-Q,Proceso de inducción y reinducción 2025 - (PIR_SSPM_2025),Femenino,Juventud (18 - 28 años),Pregrado,Área de la salud,COMUNA 15,
1guZiH_PrAn9Om_IpVs4WNydUVL5F1Nznzed7yP4yu-Q,Proceso de inducción y reinducción 2025 - (PIR_SSPM_2025),Femenino,Adultez (29 - 59 años),Pregrado,Área de la salud,COMUNA 11,
1guZiH_PrAn9Om_IpVs4WNydUVL5F1Nznzed7yP4yu-Q,Proceso de inducción y reinducción 2025 - (PIR_SSPM_2025),Femenino,Juventud (18 - 28 años),Pregrado,Área de la salud,COMUNA 8,
1guZiH_PrAn9Om_IpVs4WNydUVL5F1Nznzed7yP4yu-Q,Proceso de inducción y reinducción 2025 - (PIR_SSPM_2025),Femenino,Adultez (29 - 59 años),Pregrado,Área de la salud,COMUNA 15,
1guZiH_PrAn9Om_IpVs4WNydUVL5F1Nznzed7yP4yu-Q,Proceso de inducción y reinducción 2025 - (PIR_SSPM_2025),Femenino,Adultez (29 - 59 años),Postgrado,Otro,COMUNA 2,
1guZiH_PrAn9Om_IpVs4WNydUVL5F1Nznzed7yP4yu-Q,Proceso de inducción y reinducción 2025 - (PIR_SSPM_2025),Masculino,Vejez (60 años o más),Pregrado,Área de la salud,COMUNA 12,
1guZiH_PrAn9Om_IpVs4WNydUVL5F1Nznzed7yP4yu-Q,Proceso de inducción y reinducción 2025 - (PIR_SSPM_2025),Masculino,Adultez (29 - 59 años),Pregrado,Otro,COMUNA 3,
1guZiH_PrAn9Om_IpVs4WNydUVL5F1Nznzed7yP4yu-Q,Proceso de inducción y reinducción 2025 - (PIR_SSPM_2025),Femenino,Adultez (29 - 59 años),Postgrado,Área de la salud,COMUNA 17,
1guZiH_PrAn9Om_IpVs4WNydUVL5F1Nznzed7yP4yu-Q,Proceso de inducción y reinducción 2025 - (PIR_SSPM_2025),Femenino,Adultez (29 - 59 años),Pregrado,Otro,COMUNA 6,
1guZiH_PrAn9Om_IpVs4WNydUVL5F1Nznzed7yP4yu-Q,Proceso de inducción y reinducción 2025 - (PIR_SSPM_2025),Femenino,Adultez (29 - 59 años),Pregrado,Otro,COMUNA 6,
1guZiH_PrAn9Om_IpVs4WNydUVL5F1Nznzed7yP4yu-Q,Proceso de inducción y reinducción 2025 - (PIR_SSPM_2025),Masculino,Adultez (29 - 59 años),Bachiller,Estudiante,COMUNA 2,
1guZiH_PrAn9Om_IpVs4WNydUVL5F1Nznzed7yP4yu-Q,Proceso de inducción y reinducción 2025 - (PIR_SSPM_2025),Femenino,Adultez (29 - 59 años),Pregrado,Área de la salud,COMUNA 13,
1guZiH_PrAn9Om_IpVs4WNydUVL5F1Nznzed7yP4yu-Q,Proceso de inducción y reinducción 2025 - (PIR_SSPM_2025),Femenino,Adultez (29 - 59 años),Pregrado,Área de la salud,COMUNA 17,
1guZiH_PrAn9Om_IpVs4WNydUVL5F1Nznzed7yP4yu-Q,Proceso de inducción y reinducción 2025 - (PIR_SSPM_2025),Femenino,Adultez (29 - 59 años),Postgrado,Área de la salud,COMUNA 9,
1guZiH_PrAn9Om_IpVs4WNydUVL5F1Nznzed7yP4yu-Q,Proceso de inducción y reinducción 2025 - (PIR_SSPM_2025),Masculino,Adultez (29 - 59 años),Postgrado,Área de la salud,COMUNA 8,
1guZiH_PrAn9Om_IpVs4WNydUVL5F1Nznzed7yP4yu-Q,Proceso de inducción y reinducción 2025 - (PIR_SSPM_2025),Masculino,Adultez (29 - 59 años),Pregrado,Otro,COMUNA 6,
1guZiH_PrAn9Om_IpVs4WNydUVL5F1Nznzed7yP4yu-Q,Proceso de inducción y reinducción 2025 - (PIR_SSPM_2025),Masculino,Adultez (29 - 59 años),Postgrado,Otro,COMUNA 9,
1guZiH_PrAn9Om_IpVs4WNydUVL5F1Nznzed7yP4yu-Q,Proceso de inducción y reinducción 2025 - (PIR_SSPM_2025),Femenino,Adultez (29 - 59 años),Postgrado,Otro,COMUNA 17,
1guZiH_PrAn9Om_IpVs4WNydUVL5F1Nznzed7yP4yu-Q,Proceso de inducción y reinducción 2025 - (PIR_SSPM_2025),Masculino,Juventud (18 - 28 años),Pregrado,Área de la salud,COMUNA 17,
1guZiH_PrAn9Om_IpVs4WNydUVL5F1Nznzed7yP4yu-Q,Proceso de inducción y reinducción 2025 - (PIR_SSPM_2025),Femenino,Adultez (29 - 59 años),Postgrado,Área de la salud,COMUNA 6,
1guZiH_PrAn9Om_IpVs4WNydUVL5F1Nznzed7yP4yu-Q,Proceso de inducción y reinducción 2025 - (PIR_SSPM_2025),Masculino,Vejez (60 años o más),Pregrado,Área de la salud,COMUNA 21,
1guZiH_PrAn9Om_IpVs4WNydUVL5F1Nznzed7yP4yu-Q,Proceso de inducción y reinducción 2025 - (PIR_SSPM_2025),Femenino,Adultez (29 - 59 años),Pregrado,Área de la salud,COMUNA 4,
1guZiH_PrAn9Om_IpVs4WNydUVL5F1Nznzed7yP4yu-Q,Proceso de inducción y reinducción 2025 - (PIR_SSPM_2025),Masculino,Adultez (29 - 59 años),Postgrado,Área de la salud,COMUNA 2,
1guZiH_PrAn9Om_IpVs4WNydUVL5F1Nznzed7yP4yu-Q,Proceso de inducción y reinducción 2025 - (PIR_SSPM_2025),Femenino,Adultez (29 - 59 años),Postgrado,Área de la salud,COMUNA 2,
1guZiH_PrAn9Om_IpVs4WNydUVL5F1Nznzed7yP4yu-Q,Proceso de inducción y reinducción 2025 - (PIR_SSPM_2025),Masculino,Adultez (29 - 59 años),Pregrado,Otro,COMUNA 17,
1guZiH_PrAn9Om_IpVs4WNydUVL5F1Nznzed7yP4yu-Q,Proceso de inducción y reinducción 2025 - (PIR_SSPM_2025),Masculino,Vejez (60 años o más),Bachiller,Área de la salud,COMUNA 12,
1guZiH_PrAn9Om_IpVs4WNydUVL5F1Nznzed7yP4yu-Q,Proceso de inducción y reinducción 2025 - (PIR_SSPM_2025),Femenino,Adultez (29 - 59 años),Postgrado,Otro,COMUNA 17,
1guZiH_PrAn9Om_IpVs4WNydUVL5F1Nznzed7yP4yu-Q,Proceso de inducción y reinducción 2025 - (PIR_SSPM_2025),Femenino,Adultez (29 - 59 años),Postgrado,Área de la salud,COMUNA 17,
1guZiH_PrAn9Om_IpVs4WNydUVL5F1Nznzed7yP4yu-Q,Proceso de inducción y reinducción 2025 - (PIR_SSPM_2025),Femenino,Adultez (29 - 59 años),Postgrado,Otro,COMUNA 17,
1guZiH_PrAn9Om_IpVs4WNydUVL5F1Nznzed7yP4yu-Q,Proceso de inducción y reinducción 2025 - (PIR_SSPM_2025),Masculino,Adultez (29 - 59 años),Postgrado,Área de la salud,COMUNA 22,
1guZiH_PrAn9Om_IpVs4WNydUVL5F1Nznzed7yP4yu-Q,Proceso de inducción y reinducción 2025 - (PIR_SSPM_2025),Femenino,Adultez (29 - 59 años),Pregrado,Área de la salud,COMUNA 5,
1guZiH_PrAn9Om_IpVs4WNydUVL5F1Nznzed7yP4yu-Q,Proceso de inducción y reinducción 2025 - (PIR_SSPM_2025),Femenino,Adultez (29 - 59 años),Bachiller,Área de la salud,COMUNA 16,
1guZiH_PrAn9Om_IpVs4WNydUVL5F1Nznzed7yP4yu-Q,Proceso de inducción y reinducción 2025 - (PIR_SSPM_2025),Femenino,Adultez (29 - 59 años),Pregrado,Área de la salud,COMUNA 17,
1guZiH_PrAn9Om_IpVs4WNydUVL5F1Nznzed7yP4yu-Q,Proceso de inducción y reinducción 2025 - (PIR_SSPM_2025),Masculino,Vejez (60 años o más),Pregrado,Otro,COMUNA 14,
1guZiH_PrAn9Om_IpVs4WNydUVL5F1Nznzed7yP4yu-Q,Proceso de inducción y reinducción 2025 - (PIR_SSPM_2025),Femenino,Adultez (29 - 59 años),Postgrado,Otro,COMUNA 17,
1guZiH_PrAn9Om_IpVs4WNydUVL5F1Nznzed7yP4yu-Q,Proceso de inducción y reinducción 2025 - (PIR_SSPM_2025),Femenino,Adultez (29 - 59 años),Pregrado,Otro,COMUNA 17,
1guZiH_PrAn9Om_IpVs4WNydUVL5F1Nznzed7yP4yu-Q,Proceso de inducción y reinducción 2025 - (PIR_SSPM_2025),Femenino,Adultez (29 - 59 años),Bachiller,Área de la salud,COMUNA 13,
1guZiH_PrAn9Om_IpVs4WNydUVL5F1Nznzed7yP4yu-Q,Proceso de inducción y reinducción 2025 - (PIR_SSPM_2025),Masculino,Juventud (18 - 28 años),Pregrado,Área de la salud,COMUNA 4,
1guZiH_PrAn9Om_IpVs4WNydUVL5F1Nznzed7yP4yu-Q,Proceso de inducción y reinducción 2025 - (PIR_SSPM_2025),Masculino,Adultez (29 - 59 años),Postgrado,Área de la salud,COMUNA 18,
1guZiH_PrAn9Om_IpVs4WNydUVL5F1Nznzed7yP4yu-Q,Proceso de inducción y reinducción 2025 - (PIR_SSPM_2025),Masculino,Vejez (60 años o más),Postgrado,Área de la salud,C. DE PANCE,
1guZiH_PrAn9Om_IpVs4WNydUVL5F1Nznzed7yP4yu-Q,Proceso de inducción y reinducción 2025 - (PIR_SSPM_2025),Femenino,Adultez (29 - 59 años),Bachiller,Otro,COMUNA 1,
1guZiH_PrAn9Om_IpVs4WNydUVL5F1Nznzed7yP4yu-Q,Proceso de inducción y reinducción 2025 - (PIR_SSPM_2025),Femenino,Juventud (18 - 28 años),Bachiller,Estudiante,COMUNA 17,
1guZiH_PrAn9Om_IpVs4WNydUVL5F1Nznzed7yP4yu-Q,Proceso de inducción y reinducción 2025 - (PIR_SSPM_2025),Masculino,Adultez (29 - 59 años),Bachiller,Área de la salud,COMUNA 21,
1guZiH_PrAn9Om_IpVs4WNydUVL5F1Nznzed7yP4yu-Q,Proceso de inducción y reinducción 2025 - (PIR_SSPM_2025),Femenino,Adultez (29 - 59 años),Bachiller,Área de la salud,COMUNA 16,
1guZiH_PrAn9Om_IpVs4WNydUVL5F1Nznzed7yP4yu-Q,Proceso de inducción y reinducción 2025 - (PIR_SSPM_2025),Femenino,Juventud (18 - 28 años),Pregrado,Otro,COMUNA 15,
1guZiH_PrAn9Om_IpVs4WNydUVL5F1Nznzed7yP4yu-Q,Proceso de inducción y reinducción 2025 - (PIR_SSPM_2025),Masculino,Adultez (29 - 59 años),Pregrado,Área de la salud,COMUNA 17,
1guZiH_PrAn9Om_IpVs4WNydUVL5F1Nznzed7yP4yu-Q,Proceso de inducción y reinducción 2025 - (PIR_SSPM_2025),Masculino,Adultez (29 - 59 años),Postgrado,Área de la salud,COMUNA 17,
1guZiH_PrAn9Om_IpVs4WNydUVL5F1Nznzed7yP4yu-Q,Proceso de inducción y reinducción 2025 - (PIR_SSPM_2025),Femenino,Adultez (29 - 59 años),Pregrado,Área de la salud,COMUNA 17,
1guZiH_PrAn9Om_IpVs4WNydUVL5F1Nznzed7yP4yu-Q,Proceso de inducción y reinducción 2025 - (PIR_SSPM_2025),Masculino,Adultez (29 - 59 años),Postgrado,Área de la salud,COMUNA 13,
1guZiH_PrAn9Om_IpVs4WNydUVL5F1Nznzed7yP4yu-Q,Proceso de inducción y reinducción 2025 - (PIR_SSPM_2025),Femenino,Juventud (18 - 28 años),Pregrado,Área de la salud,COMUNA 16,
1guZiH_PrAn9Om_IpVs4WNydUVL5F1Nznzed7yP4yu-Q,Proceso de inducción y reinducción 2025 - (PIR_SSPM_2025),Femenino,Adultez (29 - 59 años),Postgrado,Área de la salud,COMUNA 1,
1guZiH_PrAn9Om_IpVs4WNydUVL5F1Nznzed7yP4yu-Q,Proceso de inducción y reinducción 2025 - (PIR_SSPM_2025),Femenino,Adultez (29 - 59 años),Pregrado,Área de la salud,COMUNA 10,
1guZiH_PrAn9Om_IpVs4WNydUVL5F1Nznzed7yP4yu-Q,Proceso de inducción y reinducción 2025 - (PIR_SSPM_2025),Masculino,Adultez (29 - 59 años),Pregrado,Área de la salud,COMUNA 6,
1guZiH_PrAn9Om_IpVs4WNydUVL5F1Nznzed7yP4yu-Q,Proceso de inducción y reinducción 2025 - (PIR_SSPM_2025),Femenino,Juventud (18 - 28 años),Pregrado,Área de la salud,COMUNA 5,
1guZiH_PrAn9Om_IpVs4WNydUVL5F1Nznzed7yP4yu-Q,Proceso de inducción y reinducción 2025 - (PIR_SSPM_2025),Masculino,Adultez (29 - 59 años),Pregrado,Otro,COMUNA 6,
1guZiH_PrAn9Om_IpVs4WNydUVL5F1Nznzed7yP4yu-Q,Proceso de inducción y reinducción 2025 - (PIR_SSPM_2025),Femenino,Adultez (29 - 59 años),Postgrado,Otro,COMUNA 3,
1guZiH_PrAn9Om_IpVs4WNydUVL5F1Nznzed7yP4yu-Q,Proceso de inducción y reinducción 2025 - (PIR_SSPM_2025),Masculino,Adultez (29 - 59 años),Pregrado,Otro,COMUNA 17,
1guZiH_PrAn9Om_IpVs4WNydUVL5F1Nznzed7yP4yu-Q,Proceso de inducción y reinducción 2025 - (PIR_SSPM_2025),Masculino,Adultez (29 - 59 años),Pregrado,Área de la salud,COMUNA 19,
1guZiH_PrAn9Om_IpVs4WNydUVL5F1Nznzed7yP4yu-Q,Proceso de inducción y reinducción 2025 - (PIR_SSPM_2025),Femenino,Adultez (29 - 59 años),Pregrado,Otro,COMUNA 19,
1guZiH_PrAn9Om_IpVs4WNydUVL5F1Nznzed7yP4yu-Q,Proceso de inducción y reinducción 2025 - (PIR_SSPM_2025),Masculino,Adultez (29 - 59 años),Pregrado,Otro,COMUNA 19,
1guZiH_PrAn9Om_IpVs4WNydUVL5F1Nznzed7yP4yu-Q,Proceso de inducción y reinducción 2025 - (PIR_SSPM_2025),Femenino,Adultez (29 - 59 años),Postgrado,Área de la salud,COMUNA 19,
1guZiH_PrAn9Om_IpVs4WNydUVL5F1Nznzed7yP4yu-Q,Proceso de inducción y reinducción 2025 - (PIR_SSPM_2025),Femenino,Juventud (18 - 28 años),Pregrado,Otro,COMUNA 17,
1guZiH_PrAn9Om_IpVs4WNydUVL5F1Nznzed7yP4yu-Q,Proceso de inducción y reinducción 2025 - (PIR_SSPM_2025),Femenino,Vejez (60 años o más),Postgrado,Otro,COMUNA 17,
1guZiH_PrAn9Om_IpVs4WNydUVL5F1Nznzed7yP4yu-Q,Proceso de inducción y reinducción 2025 - (PIR_SSPM_2025),Femenino,Adultez (29 - 59 años),Postgrado,Área de la salud,C. DE PANCE,
1guZiH_PrAn9Om_IpVs4WNydUVL5F1Nznzed7yP4yu-Q,Proceso de inducción y reinducción 2025 - (PIR_SSPM_2025),Femenino,Adultez (29 - 59 años),Pregrado,Otro,COMUNA 10,
1guZiH_PrAn9Om_IpVs4WNydUVL5F1Nznzed7yP4yu-Q,Proceso de inducción y reinducción 2025 - (PIR_SSPM_2025),Masculino,Adultez (29 - 59 años),Postgrado,Otro,COMUNA 19,
1guZiH_PrAn9Om_IpVs4WNydUVL5F1Nznzed7yP4yu-Q,Proceso de inducción y reinducción 2025 - (PIR_SSPM_2025),Femenino,Adultez (29 - 59 años),Pregrado,Otro,COMUNA 5,
1guZiH_PrAn9Om_IpVs4WNydUVL5F1Nznzed7yP4yu-Q,Proceso de inducción y reinducción 2025 - (PIR_SSPM_2025),Masculino,Juventud (18 - 28 años),Pregrado,Otro,COMUNA 19,
1guZiH_PrAn9Om_IpVs4WNydUVL5F1Nznzed7yP4yu-Q,Proceso de inducción y reinducción 2025 - (PIR_SSPM_2025),Femenino,Adultez (29 - 59 años),Postgrado,Otro,COMUNA 17,
1guZiH_PrAn9Om_IpVs4WNydUVL5F1Nznzed7yP4yu-Q,Proceso de inducción y reinducción 2025 - (PIR_SSPM_2025),Femenino,Adultez (29 - 59 años),Postgrado,Área de la salud,COMUNA 19,
1guZiH_PrAn9Om_IpVs4WNydUVL5F1Nznzed7yP4yu-Q,Proceso de inducción y reinducción 2025 - (PIR_SSPM_2025),Femenino,Adultez (29 - 59 años),Pregrado,Otro,COMUNA 17,
1guZiH_PrAn9Om_IpVs4WNydUVL5F1Nznzed7yP4yu-Q,Proceso de inducción y reinducción 2025 - (PIR_SSPM_2025),Femenino,Adultez (29 - 59 años),Pregrado,Área de la salud,COMUNA 5,
1guZiH_PrAn9Om_IpVs4WNydUVL5F1Nznzed7yP4yu-Q,Proceso de inducción y reinducción 2025 - (PIR_SSPM_2025),Masculino,Adultez (29 - 59 años),Postgrado,Área de la salud,COMUNA 10,
1guZiH_PrAn9Om_IpVs4WNydUVL5F1Nznzed7yP4yu-Q,Proceso de inducción y reinducción 2025 - (PIR_SSPM_2025),Masculino,Adultez (29 - 59 años),Postgrado,Otro,COMUNA 22,
1guZiH_PrAn9Om_IpVs4WNydUVL5F1Nznzed7yP4yu-Q,Proceso de inducción y reinducción 2025 - (PIR_SSPM_2025),Femenino,Adultez (29 - 59 años),Pregrado,Área de la salud,COMUNA 17,
1guZiH_PrAn9Om_IpVs4WNydUVL5F1Nznzed7yP4yu-Q,Proceso de inducción y reinducción 2025 - (PIR_SSPM_2025),Masculino,Adultez (29 - 59 años),Postgrado,Otro,COMUNA 19,
1guZiH_PrAn9Om_IpVs4WNydUVL5F1Nznzed7yP4yu-Q,Proceso de inducción y reinducción 2025 - (PIR_SSPM_2025),Masculino,Adultez (29 - 59 años),Pregrado,Área de la salud,COMUNA 5,
1guZiH_PrAn9Om_IpVs4WNydUVL5F1Nznzed7yP4yu-Q,Proceso de inducción y reinducción 2025 - (PIR_SSPM_2025),Masculino,Adultez (29 - 59 años),Postgrado,Estudiante,COMUNA 4,
1guZiH_PrAn9Om_IpVs4WNydUVL5F1Nznzed7yP4yu-Q,Proceso de inducción y reinducción 2025 - (PIR_SSPM_2025),Masculino,Adultez (29 - 59 años),Bachiller,Otro,COMUNA 2,
1guZiH_PrAn9Om_IpVs4WNydUVL5F1Nznzed7yP4yu-Q,Proceso de inducción y reinducción 2025 - (PIR_SSPM_2025),Masculino,Adultez (29 - 59 años),Postgrado,Otro,COMUNA 10,
1guZiH_PrAn9Om_IpVs4WNydUVL5F1Nznzed7yP4yu-Q,Proceso de inducción y reinducción 2025 - (PIR_SSPM_2025),Masculino,Adultez (29 - 59 años),Pregrado,Área de la salud,COMUNA 19,
1guZiH_PrAn9Om_IpVs4WNydUVL5F1Nznzed7yP4yu-Q,Proceso de inducción y reinducción 2025 - (PIR_SSPM_2025),Femenino,Adultez (29 - 59 años),Pregrado,Otro,COMUNA 2,
1guZiH_PrAn9Om_IpVs4WNydUVL5F1Nznzed7yP4yu-Q,Proceso de inducción y reinducción 2025 - (PIR_SSPM_2025),Femenino,Adultez (29 - 59 años),Pregrado,Otro,COMUNA 17,
1guZiH_PrAn9Om_IpVs4WNydUVL5F1Nznzed7yP4yu-Q,Proceso de inducción y reinducción 2025 - (PIR_SSPM_2025),Femenino,Adultez (29 - 59 años),Bachiller,Área de la salud,COMUNA 13,
1guZiH_PrAn9Om_IpVs4WNydUVL5F1Nznzed7yP4yu-Q,Proceso de inducción y reinducción 2025 - (PIR_SSPM_2025),Femenino,Adultez (29 - 59 años),Postgrado,Área de la salud,COMUNA 4,
1guZiH_PrAn9Om_IpVs4WNydUVL5F1Nznzed7yP4yu-Q,Proceso de inducción y reinducción 2025 - (PIR_SSPM_2025),Masculino,Adultez (29 - 59 años),Pregrado,Área de la salud,COMUNA 7,
1guZiH_PrAn9Om_IpVs4WNydUVL5F1Nznzed7yP4yu-Q,Proceso de inducción y reinducción 2025 - (PIR_SSPM_2025),Femenino,Adultez (29 - 59 años),Postgrado,Área de la salud,COMUNA 17,
1guZiH_PrAn9Om_IpVs4WNydUVL5F1Nznzed7yP4yu-Q,Proceso de inducción y reinducción 2025 - (PIR_SSPM_2025),Femenino,Adultez (29 - 59 años),Postgrado,Área de la salud,COMUNA 17,
1guZiH_PrAn9Om_IpVs4WNydUVL5F1Nznzed7yP4yu-Q,Proceso de inducción y reinducción 2025 - (PIR_SSPM_2025),Femenino,Adultez (29 - 59 años),Bachiller,Área de la salud,COMUNA 12,
1guZiH_PrAn9Om_IpVs4WNydUVL5F1Nznzed7yP4yu-Q,Proceso de inducción y reinducción 2025 - (PIR_SSPM_2025),Masculino,Adultez (29 - 59 años),Pregrado,Área de la salud,COMUNA 17,
1guZiH_PrAn9Om_IpVs4WNydUVL5F1Nznzed7yP4yu-Q,Proceso de inducción y reinducción 2025 - (PIR_SSPM_2025),Masculino,Adultez (29 - 59 años),Pregrado,Área de la salud,COMUNA 20,
1guZiH_PrAn9Om_IpVs4WNydUVL5F1Nznzed7yP4yu-Q,Proceso de inducción y reinducción 2025 - (PIR_SSPM_2025),Masculino,Adultez (29 - 59 años),Pregrado,Otro,COMUNA 2,
1guZiH_PrAn9Om_IpVs4WNydUVL5F1Nznzed7yP4yu-Q,Proceso de inducción y reinducción 2025 - (PIR_SSPM_2025),Masculino,Adultez (29 - 59 años),Bachiller,Área de la salud,COMUNA 13,
1guZiH_PrAn9Om_IpVs4WNydUVL5F1Nznzed7yP4yu-Q,Proceso de inducción y reinducción 2025 - (PIR_SSPM_2025),Femenino,Adultez (29 - 59 años),Pregrado,Área de la salud,COMUNA 10,
1guZiH_PrAn9Om_IpVs4WNydUVL5F1Nznzed7yP4yu-Q,Proceso de inducción y reinducción 2025 - (PIR_SSPM_2025),Masculino,Adultez (29 - 59 años),Pregrado,Área de la salud,COMUNA 13,
1guZiH_PrAn9Om_IpVs4WNydUVL5F1Nznzed7yP4yu-Q,Proceso de inducción y reinducción 2025 - (PIR_SSPM_2025),Masculino,Adultez (29 - 59 años),Bachiller,Área de la salud,COMUNA 17,
1guZiH_PrAn9Om_IpVs4WNydUVL5F1Nznzed7yP4yu-Q,Proceso de inducción y reinducción 2025 - (PIR_SSPM_2025),Masculino,Adultez (29 - 59 años),Pregrado,Área de la salud,COMUNA 11,
1guZiH_PrAn9Om_IpVs4WNydUVL5F1Nznzed7yP4yu-Q,Proceso de inducción y reinducción 2025 - (PIR_SSPM_2025),Masculino,Adultez (29 - 59 años),Postgrado,Área de la salud,COMUNA 8,
1guZiH_PrAn9Om_IpVs4WNydUVL5F1Nznzed7yP4yu-Q,Proceso de inducción y reinducción 2025 - (PIR_SSPM_2025),Masculino,Juventud (18 - 28 años),Pregrado,Otro,COMUNA 6,
1guZiH_PrAn9Om_IpVs4WNydUVL5F1Nznzed7yP4yu-Q,Proceso de inducción y reinducción 2025 - (PIR_SSPM_2025),Femenino,Adultez (29 - 59 años),Postgrado,Área de la salud,COMUNA 11,
1guZiH_PrAn9Om_IpVs4WNydUVL5F1Nznzed7yP4yu-Q,Proceso de inducción y reinducción 2025 - (PIR_SSPM_2025),Masculino,Adultez (29 - 59 años),Pregrado,Área de la salud,COMUNA 19,
1guZiH_PrAn9Om_IpVs4WNydUVL5F1Nznzed7yP4yu-Q,Proceso de inducción y reinducción 2025 - (PIR_SSPM_2025),Masculino,Adultez (29 - 59 años),Pregrado,Área de la salud,COMUNA 3,
1guZiH_PrAn9Om_IpVs4WNydUVL5F1Nznzed7yP4yu-Q,Proceso de inducción y reinducción 2025 - (PIR_SSPM_2025),Femenino,Adultez (29 - 59 años),Bachiller,Otro,COMUNA 17,
1guZiH_PrAn9Om_IpVs4WNydUVL5F1Nznzed7yP4yu-Q,Proceso de inducción y reinducción 2025 - (PIR_SSPM_2025),Femenino,Adultez (29 - 59 años),Postgrado,Área de la salud,COMUNA 22,
1guZiH_PrAn9Om_IpVs4WNydUVL5F1Nznzed7yP4yu-Q,Proceso de inducción y reinducción 2025 - (PIR_SSPM_2025),Masculino,Adultez (29 - 59 años),Pregrado,Área de la salud,COMUNA 16,
1guZiH_PrAn9Om_IpVs4WNydUVL5F1Nznzed7yP4yu-Q,Proceso de inducción y reinducción 2025 - (PIR_SSPM_2025),Masculino,Adultez (29 - 59 años),Bachiller,Área de la salud,COMUNA 19,
1guZiH_PrAn9Om_IpVs4WNydUVL5F1Nznzed7yP4yu-Q,Proceso de inducción y reinducción 2025 - (PIR_SSPM_2025),Femenino,Adultez (29 - 59 años),Pregrado,Área de la salud,COMUNA 12,
1guZiH_PrAn9Om_IpVs4WNydUVL5F1Nznzed7yP4yu-Q,Proceso de inducción y reinducción 2025 - (PIR_SSPM_2025),Masculino,Juventud (18 - 28 años),Postgrado,Otro,COMUNA 17,
1guZiH_PrAn9Om_IpVs4WNydUVL5F1Nznzed7yP4yu-Q,Proceso de inducción y reinducción 2025 - (PIR_SSPM_2025),Masculino,Adultez (29 - 59 años),Bachiller,Área de la salud,COMUNA 9,
1guZiH_PrAn9Om_IpVs4WNydUVL5F1Nznzed7yP4yu-Q,Proceso de inducción y reinducción 2025 - (PIR_SSPM_2025),Femenino,Adultez (29 - 59 años),Pregrado,Área de la salud,COMUNA 4,
1guZiH_PrAn9Om_IpVs4WNydUVL5F1Nznzed7yP4yu-Q,Proceso de inducción y reinducción 2025 - (PIR_SSPM_2025),Masculino,Adultez (29 - 59 años),Postgrado,Área de la salud,COMUNA 19,
1guZiH_PrAn9Om_IpVs4WNydUVL5F1Nznzed7yP4yu-Q,Proceso de inducción y reinducción 2025 - (PIR_SSPM_2025),Masculino,Adultez (29 - 59 años),Pregrado,Área de la salud,COMUNA 17,
1guZiH_PrAn9Om_IpVs4WNydUVL5F1Nznzed7yP4yu-Q,Proceso de inducción y reinducción 2025 - (PIR_SSPM_2025),Masculino,Adultez (29 - 59 años),Pregrado,Otro,COMUNA 17,
1guZiH_PrAn9Om_IpVs4WNydUVL5F1Nznzed7yP4yu-Q,Proceso de inducción y reinducción 2025 - (PIR_SSPM_2025),Femenino,Adultez (29 - 59 años),Postgrado,Otro,COMUNA 22,
1guZiH_PrAn9Om_IpVs4WNydUVL5F1Nznzed7yP4yu-Q,Proceso de inducción y reinducción 2025 - (PIR_SSPM_2025),Femenino,Adultez (29 - 59 años),Pregrado,Área de la salud,COMUNA 5,
1guZiH_PrAn9Om_IpVs4WNydUVL5F1Nznzed7yP4yu-Q,Proceso de inducción y reinducción 2025 - (PIR_SSPM_2025),Femenino,Adultez (29 - 59 años),Postgrado,Otro,COMUNA 11,
1guZiH_PrAn9Om_IpVs4WNydUVL5F1Nznzed7yP4yu-Q,Proceso de inducción y reinducción 2025 - (PIR_SSPM_2025),Femenino,Adultez (29 - 59 años),Pregrado,Área de la salud,COMUNA 17,
1guZiH_PrAn9Om_IpVs4WNydUVL5F1Nznzed7yP4yu-Q,Proceso de inducción y reinducción 2025 - (PIR_SSPM_2025),Femenino,Juventud (18 - 28 años),Pregrado,Área de la salud,COMUNA 15,
1guZiH_PrAn9Om_IpVs4WNydUVL5F1Nznzed7yP4yu-Q,Proceso de inducción y reinducción 2025 - (PIR_SSPM_2025),Femenino,Adultez (29 - 59 años),Pregrado,Área de la salud,COMUNA 8,
1guZiH_PrAn9Om_IpVs4WNydUVL5F1Nznzed7yP4yu-Q,Proceso de inducción y reinducción 2025 - (PIR_SSPM_2025),Femenino,Adultez (29 - 59 años),Pregrado,Área de la salud,COMUNA 16,
1guZiH_PrAn9Om_IpVs4WNydUVL5F1Nznzed7yP4yu-Q,Proceso de inducción y reinducción 2025 - (PIR_SSPM_2025),Femenino,Adultez (29 - 59 años),Bachiller,Área de la salud,COMUNA 7,
1guZiH_PrAn9Om_IpVs4WNydUVL5F1Nznzed7yP4yu-Q,Proceso de inducción y reinducción 2025 - (PIR_SSPM_2025),Masculino,Adultez (29 - 59 años),Pregrado,Área de la salud,COMUNA 22,
1guZiH_PrAn9Om_IpVs4WNydUVL5F1Nznzed7yP4yu-Q,Proceso de inducción y reinducción 2025 - (PIR_SSPM_2025),Masculino,Adultez (29 - 59 años),Pregrado,Área de la salud,COMUNA 10,
1guZiH_PrAn9Om_IpVs4WNydUVL5F1Nznzed7yP4yu-Q,Proceso de inducción y reinducción 2025 - (PIR_SSPM_2025),Femenino,Vejez (60 años o más),Pregrado,Área de la salud,COMUNA 19,
1guZiH_PrAn9Om_IpVs4WNydUVL5F1Nznzed7yP4yu-Q,Proceso de inducción y reinducción 2025 - (PIR_SSPM_2025),Femenino,Adultez (29 - 59 años),Bachiller,Otro,COMUNA 5,
1guZiH_PrAn9Om_IpVs4WNydUVL5F1Nznzed7yP4yu-Q,Proceso de inducción y reinducción 2025 - (PIR_SSPM_2025),Femenino,Juventud (18 - 28 años),Bachiller,Área de la salud,COMUNA 20,
1guZiH_PrAn9Om_IpVs4WNydUVL5F1Nznzed7yP4yu-Q,Proceso de inducción y reinducción 2025 - (PIR_SSPM_2025),Masculino,Adultez (29 - 59 años),Postgrado,Otro,COMUNA 17,
1guZiH_PrAn9Om_IpVs4WNydUVL5F1Nznzed7yP4yu-Q,Proceso de inducción y reinducción 2025 - (PIR_SSPM_2025),Femenino,Adultez (29 - 59 años),Pregrado,Área de la salud,COMUNA 19,
1guZiH_PrAn9Om_IpVs4WNydUVL5F1Nznzed7yP4yu-Q,Proceso de inducción y reinducción 2025 - (PIR_SSPM_2025),Femenino,Adultez (29 - 59 años),Bachiller,Área de la salud,COMUNA 6,
1giJ0jyUWAfQhn2UBxpL8XpCoNtE72sfctKCggDFQ-LI,PF DERECHOS SEXUALES Y REPRODUCTIVOS 2025 - (PFSAG_2026) (PFSAG_2025),Femenino,Adolescencia (12 - 17 años),Bachiller,Estudiante,COMUNA 12,Centro
1giJ0jyUWAfQhn2UBxpL8XpCoNtE72sfctKCggDFQ-LI,PF DERECHOS SEXUALES Y REPRODUCTIVOS 2025 - (PFSAG_2026) (PFSAG_2025),Femenino,Adolescencia (12 - 17 años),Bachiller,Estudiante,COMUNA 15,Oriente
1giJ0jyUWAfQhn2UBxpL8XpCoNtE72sfctKCggDFQ-LI,PF DERECHOS SEXUALES Y REPRODUCTIVOS 2025 - (PFSAG_2026) (PFSAG_2025),Femenino,Adolescencia (12 - 17 años),Bachiller,Estudiante,COMUNA 20,Ladera
1giJ0jyUWAfQhn2UBxpL8XpCoNtE72sfctKCggDFQ-LI,PF DERECHOS SEXUALES Y REPRODUCTIVOS 2025 - (PFSAG_2026) (PFSAG_2025),Femenino,Adolescencia (12 - 17 años),Bachiller,Estudiante,COMUNA 10,Oriente
1giJ0jyUWAfQhn2UBxpL8XpCoNtE72sfctKCggDFQ-LI,PF DERECHOS SEXUALES Y REPRODUCTIVOS 2025 - (PFSAG_2026) (PFSAG_2025),Masculino,Adolescencia (12 - 17 años),Pregrado,Estudiante,COMUNA 15,Norte
1giJ0jyUWAfQhn2UBxpL8XpCoNtE72sfctKCggDFQ-LI,PF DERECHOS SEXUALES Y REPRODUCTIVOS 2025 - (PFSAG_2026) (PFSAG_2025),Femenino,Adolescencia (12 - 17 años),Bachiller,Estudiante,COMUNA 15,Oriente
1giJ0jyUWAfQhn2UBxpL8XpCoNtE72sfctKCggDFQ-LI,PF DERECHOS SEXUALES Y REPRODUCTIVOS 2025 - (PFSAG_2026) (PFSAG_2025),Femenino,Adolescencia (12 - 17 años),Bachiller,Estudiante,COMUNA 18,Ladera
1giJ0jyUWAfQhn2UBxpL8XpCoNtE72sfctKCggDFQ-LI,PF DERECHOS SEXUALES Y REPRODUCTIVOS 2025 - (PFSAG_2026) (PFSAG_2025),Masculino,Adolescencia (12 - 17 años),Bachiller,Estudiante,COMUNA 12,Oriente
1giJ0jyUWAfQhn2UBxpL8XpCoNtE72sfctKCggDFQ-LI,PF DERECHOS SEXUALES Y REPRODUCTIVOS 2025 - (PFSAG_2026) (PFSAG_2025),Femenino,Adolescencia (12 - 17 años),Bachiller,Estudiante,COMUNA 14,Oriente
1giJ0jyUWAfQhn2UBxpL8XpCoNtE72sfctKCggDFQ-LI,PF DERECHOS SEXUALES Y REPRODUCTIVOS 2025 - (PFSAG_2026) (PFSAG_2025),Femenino,Adolescencia (12 - 17 años),Pregrado,Área de la salud,COMUNA 6,Norte
1giJ0jyUWAfQhn2UBxpL8XpCoNtE72sfctKCggDFQ-LI,PF DERECHOS SEXUALES Y REPRODUCTIVOS 2025 - (PFSAG_2026) (PFSAG_2025),Femenino,Adolescencia (12 - 17 años),Bachiller,Estudiante,COMUNA 16,Sur Oriente
1giJ0jyUWAfQhn2UBxpL8XpCoNtE72sfctKCggDFQ-LI,PF DERECHOS SEXUALES Y REPRODUCTIVOS 2025 - (PFSAG_2026) (PFSAG_2025),Masculino,Adolescencia (12 - 17 años),Bachiller,Estudiante,COMUNA 18,Sur Oriente
1giJ0jyUWAfQhn2UBxpL8XpCoNtE72sfctKCggDFQ-LI,PF DERECHOS SEXUALES Y REPRODUCTIVOS 2025 - (PFSAG_2026) (PFSAG_2025),Femenino,Adolescencia (12 - 17 años),Bachiller,Estudiante,COMUNA 12,Norte
1giJ0jyUWAfQhn2UBxpL8XpCoNtE72sfctKCggDFQ-LI,PF DERECHOS SEXUALES Y REPRODUCTIVOS 2025 - (PFSAG_2026) (PFSAG_2025),Femenino,Adolescencia (12 - 17 años),Bachiller,Estudiante,COMUNA 6,Norte
1giJ0jyUWAfQhn2UBxpL8XpCoNtE72sfctKCggDFQ-LI,PF DERECHOS SEXUALES Y REPRODUCTIVOS 2025 - (PFSAG_2026) (PFSAG_2025),Femenino,Adolescencia (12 - 17 años),Bachiller,Estudiante,COMUNA 21,Oriente
1giJ0jyUWAfQhn2UBxpL8XpCoNtE72sfctKCggDFQ-LI,PF DERECHOS SEXUALES Y REPRODUCTIVOS 2025 - (PFSAG_2026) (PFSAG_2025),Femenino,Adolescencia (12 - 17 años),Bachiller,Estudiante,COMUNA 18,Ladera
1giJ0jyUWAfQhn2UBxpL8XpCoNtE72sfctKCggDFQ-LI,PF DERECHOS SEXUALES Y REPRODUCTIVOS 2025 - (PFSAG_2026) (PFSAG_2025),Masculino,Adolescencia (12 - 17 años),Bachiller,Estudiante,COMUNA 10,Centro
1giJ0jyUWAfQhn2UBxpL8XpCoNtE72sfctKCggDFQ-LI,PF DERECHOS SEXUALES Y REPRODUCTIVOS 2025 - (PFSAG_2026) (PFSAG_2025),Masculino,Adolescencia (12 - 17 años),Bachiller,Estudiante,COMUNA 16,Sur Oriente
1giJ0jyUWAfQhn2UBxpL8XpCoNtE72sfctKCggDFQ-LI,PF DERECHOS SEXUALES Y REPRODUCTIVOS 2025 - (PFSAG_2026) (PFSAG_2025),Masculino,Adolescencia (12 - 17 años),Ninguna,Estudiante,COMUNA 18,Ladera
1giJ0jyUWAfQhn2UBxpL8XpCoNtE72sfctKCggDFQ-LI,PF DERECHOS SEXUALES Y REPRODUCTIVOS 2025 - (PFSAG_2026) (PFSAG_2025),Masculino,Adolescencia (12 - 17 años),Bachiller,Estudiante,COMUNA 11,Centro
1giJ0jyUWAfQhn2UBxpL8XpCoNtE72sfctKCggDFQ-LI,PF DERECHOS SEXUALES Y REPRODUCTIVOS 2025 - (PFSAG_2026) (PFSAG_2025),Femenino,Adolescencia (12 - 17 años),Bachiller,Estudiante,COMUNA 18,Sur Oriente
1giJ0jyUWAfQhn2UBxpL8XpCoNtE72sfctKCggDFQ-LI,PF DERECHOS SEXUALES Y REPRODUCTIVOS 2025 - (PFSAG_2026) (PFSAG_2025),Femenino,Adolescencia (12 - 17 años),Bachiller,Estudiante,COMUNA 16,Sur Oriente
1giJ0jyUWAfQhn2UBxpL8XpCoNtE72sfctKCggDFQ-LI,PF DERECHOS SEXUALES Y REPRODUCTIVOS 2025 - (PFSAG_2026) (PFSAG_2025),Masculino,Adolescencia (12 - 17 años),Ninguna,Estudiante,COMUNA 9,Ladera
1giJ0jyUWAfQhn2UBxpL8XpCoNtE72sfctKCggDFQ-LI,PF DERECHOS SEXUALES Y REPRODUCTIVOS 2025 - (PFSAG_2026) (PFSAG_2025),Masculino,Adolescencia (12 - 17 años),Bachiller,Estudiante,COMUNA 16,Sur Oriente
1giJ0jyUWAfQhn2UBxpL8XpCoNtE72sfctKCggDFQ-LI,PF DERECHOS SEXUALES Y REPRODUCTIVOS 2025 - (PFSAG_2026) (PFSAG_2025),Femenino,Adolescencia (12 - 17 años),Bachiller,Estudiante,COMUNA 5,Norte
1giJ0jyUWAfQhn2UBxpL8XpCoNtE72sfctKCggDFQ-LI,PF DERECHOS SEXUALES Y REPRODUCTIVOS 2025 - (PFSAG_2026) (PFSAG_2025),Masculino,Adolescencia (12 - 17 años),Bachiller,Estudiante,COMUNA 7,Norte
1giJ0jyUWAfQhn2UBxpL8XpCoNtE72sfctKCggDFQ-LI,PF DERECHOS SEXUALES Y REPRODUCTIVOS 2025 - (PFSAG_2026) (PFSAG_2025),Femenino,Adolescencia (12 - 17 años),Bachiller,Estudiante,COMUNA 9,Centro
1giJ0jyUWAfQhn2UBxpL8XpCoNtE72sfctKCggDFQ-LI,PF DERECHOS SEXUALES Y REPRODUCTIVOS 2025 - (PFSAG_2026) (PFSAG_2025),Femenino,Adolescencia (12 - 17 años),Bachiller,Estudiante,COMUNA 15,Oriente
1giJ0jyUWAfQhn2UBxpL8XpCoNtE72sfctKCggDFQ-LI,PF DERECHOS SEXUALES Y REPRODUCTIVOS 2025 - (PFSAG_2026) (PFSAG_2025),Masculino,Adolescencia (12 - 17 años),Bachiller,Estudiante,COMUNA 18,Ladera
1giJ0jyUWAfQhn2UBxpL8XpCoNtE72sfctKCggDFQ-LI,PF DERECHOS SEXUALES Y REPRODUCTIVOS 2025 - (PFSAG_2026) (PFSAG_2025),Femenino,Adolescencia (12 - 17 años),Bachiller,Estudiante,COMUNA 9,Centro
1giJ0jyUWAfQhn2UBxpL8XpCoNtE72sfctKCggDFQ-LI,PF DERECHOS SEXUALES Y REPRODUCTIVOS 2025 - (PFSAG_2026) (PFSAG_2025),Masculino,Adolescencia (12 - 17 años),Bachiller,Estudiante,COMUNA 15,Oriente
1giJ0jyUWAfQhn2UBxpL8XpCoNtE72sfctKCggDFQ-LI,PF DERECHOS SEXUALES Y REPRODUCTIVOS 2025 - (PFSAG_2026) (PFSAG_2025),Masculino,Adolescencia (12 - 17 años),Bachiller,Estudiante,COMUNA 20,Ladera
1giJ0jyUWAfQhn2UBxpL8XpCoNtE72sfctKCggDFQ-LI,PF DERECHOS SEXUALES Y REPRODUCTIVOS 2025 - (PFSAG_2026) (PFSAG_2025),Femenino,Adolescencia (12 - 17 años),Bachiller,Estudiante,COMUNA 14,Norte
1giJ0jyUWAfQhn2UBxpL8XpCoNtE72sfctKCggDFQ-LI,PF DERECHOS SEXUALES Y REPRODUCTIVOS 2025 - (PFSAG_2026) (PFSAG_2025),Masculino,Adolescencia (12 - 17 años),Bachiller,Estudiante,COMUNA 12,Sur Oriente
1giJ0jyUWAfQhn2UBxpL8XpCoNtE72sfctKCggDFQ-LI,PF DERECHOS SEXUALES Y REPRODUCTIVOS 2025 - (PFSAG_2026) (PFSAG_2025),Femenino,Adolescencia (12 - 17 años),Bachiller,Estudiante,COMUNA 20,Ladera
1giJ0jyUWAfQhn2UBxpL8XpCoNtE72sfctKCggDFQ-LI,PF DERECHOS SEXUALES Y REPRODUCTIVOS 2025 - (PFSAG_2026) (PFSAG_2025),Femenino,Adolescencia (12 - 17 años),Bachiller,Estudiante,COMUNA 21,Sur Oriente
1giJ0jyUWAfQhn2UBxpL8XpCoNtE72sfctKCggDFQ-LI,PF DERECHOS SEXUALES Y REPRODUCTIVOS 2025 - (PFSAG_2026) (PFSAG_2025),Masculino,Adolescencia (12 - 17 años),Bachiller,Estudiante,COMUNA 12,Oriente
1giJ0jyUWAfQhn2UBxpL8XpCoNtE72sfctKCggDFQ-LI,PF DERECHOS SEXUALES Y REPRODUCTIVOS 2025 - (PFSAG_2026) (PFSAG_2025),Femenino,Adolescencia (12 - 17 años),Bachiller,Estudiante,COMUNA 18,Ladera
1giJ0jyUWAfQhn2UBxpL8XpCoNtE72sfctKCggDFQ-LI,PF DERECHOS SEXUALES Y REPRODUCTIVOS 2025 - (PFSAG_2026) (PFSAG_2025),Masculino,Adolescencia (12 - 17 años),Ninguna,Estudiante,COMUNA 15,Oriente
1giJ0jyUWAfQhn2UBxpL8XpCoNtE72sfctKCggDFQ-LI,PF DERECHOS SEXUALES Y REPRODUCTIVOS 2025 - (PFSAG_2026) (PFSAG_2025),Masculino,Adolescencia (12 - 17 años),Bachiller,Estudiante,COMUNA 15,Norte
1giJ0jyUWAfQhn2UBxpL8XpCoNtE72sfctKCggDFQ-LI,PF DERECHOS SEXUALES Y REPRODUCTIVOS 2025 - (PFSAG_2026) (PFSAG_2025),Femenino,Adolescencia (12 - 17 años),Bachiller,Estudiante,COMUNA 12,Oriente
1giJ0jyUWAfQhn2UBxpL8XpCoNtE72sfctKCggDFQ-LI,PF DERECHOS SEXUALES Y REPRODUCTIVOS 2025 - (PFSAG_2026) (PFSAG_2025),Femenino,Adolescencia (12 - 17 años),Bachiller,Área de la salud,COMUNA 6,Norte
1giJ0jyUWAfQhn2UBxpL8XpCoNtE72sfctKCggDFQ-LI,PF DERECHOS SEXUALES Y REPRODUCTIVOS 2025 - (PFSAG_2026) (PFSAG_2025),Femenino,Adolescencia (12 - 17 años),Bachiller,Estudiante,COMUNA 15,Norte
1giJ0jyUWAfQhn2UBxpL8XpCoNtE72sfctKCggDFQ-LI,PF DERECHOS SEXUALES Y REPRODUCTIVOS 2025 - (PFSAG_2026) (PFSAG_2025),Masculino,Adolescencia (12 - 17 años),Bachiller,Estudiante,COMUNA 18,Ladera
1giJ0jyUWAfQhn2UBxpL8XpCoNtE72sfctKCggDFQ-LI,PF DERECHOS SEXUALES Y REPRODUCTIVOS 2025 - (PFSAG_2026) (PFSAG_2025),Femenino,Adolescencia (12 - 17 años),Bachiller,Estudiante,COMUNA 6,Norte
1giJ0jyUWAfQhn2UBxpL8XpCoNtE72sfctKCggDFQ-LI,PF DERECHOS SEXUALES Y REPRODUCTIVOS 2025 - (PFSAG_2026) (PFSAG_2025),Femenino,Adolescencia (12 - 17 años),Bachiller,Estudiante,COMUNA 21,Oriente
1giJ0jyUWAfQhn2UBxpL8XpCoNtE72sfctKCggDFQ-LI,PF DERECHOS SEXUALES Y REPRODUCTIVOS 2025 - (PFSAG_2026) (PFSAG_2025),Femenino,Adolescencia (12 - 17 años),Bachiller,Estudiante,COMUNA 11,Sur Oriente
1giJ0jyUWAfQhn2UBxpL8XpCoNtE72sfctKCggDFQ-LI,PF DERECHOS SEXUALES Y REPRODUCTIVOS 2025 - (PFSAG_2026) (PFSAG_2025),Femenino,Adolescencia (12 - 17 años),Bachiller,Estudiante,COMUNA 16,Sur Oriente
1giJ0jyUWAfQhn2UBxpL8XpCoNtE72sfctKCggDFQ-LI,PF DERECHOS SEXUALES Y REPRODUCTIVOS 2025 - (PFSAG_2026) (PFSAG_2025),Femenino,Adolescencia (12 - 17 años),Bachiller,Estudiante,COMUNA 17,Sur Oriente
1giJ0jyUWAfQhn2UBxpL8XpCoNtE72sfctKCggDFQ-LI,PF DERECHOS SEXUALES Y REPRODUCTIVOS 2025 - (PFSAG_2026) (PFSAG_2025),Femenino,Adolescencia (12 - 17 años),Ninguna,Estudiante,COMUNA 12,Oriente
1giJ0jyUWAfQhn2UBxpL8XpCoNtE72sfctKCggDFQ-LI,PF DERECHOS SEXUALES Y REPRODUCTIVOS 2025 - (PFSAG_2026) (PFSAG_2025),Masculino,Adolescencia (12 - 17 años),Bachiller,Estudiante,COMUNA 11,Sur Oriente
1giJ0jyUWAfQhn2UBxpL8XpCoNtE72sfctKCggDFQ-LI,PF DERECHOS SEXUALES Y REPRODUCTIVOS 2025 - (PFSAG_2026) (PFSAG_2025),Masculino,Adolescencia (12 - 17 años),Bachiller,Estudiante,COMUNA 16,Sur Oriente
1giJ0jyUWAfQhn2UBxpL8XpCoNtE72sfctKCggDFQ-LI,PF DERECHOS SEXUALES Y REPRODUCTIVOS 2025 - (PFSAG_2026) (PFSAG_2025),Masculino,Adolescencia (12 - 17 años),Bachiller,Estudiante,COMUNA 21,Oriente
1giJ0jyUWAfQhn2UBxpL8XpCoNtE72sfctKCggDFQ-LI,PF DERECHOS SEXUALES Y REPRODUCTIVOS 2025 - (PFSAG_2026) (PFSAG_2025),Femenino,Adolescencia (12 - 17 años),Bachiller,Estudiante,COMUNA 6,Norte
1giJ0jyUWAfQhn2UBxpL8XpCoNtE72sfctKCggDFQ-LI,PF DERECHOS SEXUALES Y REPRODUCTIVOS 2025 - (PFSAG_2026) (PFSAG_2025),Femenino,Adolescencia (12 - 17 años),Bachiller,Estudiante,COMUNA 15,Oriente
1giJ0jyUWAfQhn2UBxpL8XpCoNtE72sfctKCggDFQ-LI,PF DERECHOS SEXUALES Y REPRODUCTIVOS 2025 - (PFSAG_2026) (PFSAG_2025),Femenino,Adolescencia (12 - 17 años),Bachiller,Estudiante,COMUNA 14,Oriente
1giJ0jyUWAfQhn2UBxpL8XpCoNtE72sfctKCggDFQ-LI,PF DERECHOS SEXUALES Y REPRODUCTIVOS 2025 - (PFSAG_2026) (PFSAG_2025),Femenino,Adolescencia (12 - 17 años),Bachiller,Estudiante,COMUNA 7,Norte
1giJ0jyUWAfQhn2UBxpL8XpCoNtE72sfctKCggDFQ-LI,PF DERECHOS SEXUALES Y REPRODUCTIVOS 2025 - (PFSAG_2026) (PFSAG_2025),Femenino,Adolescencia (12 - 17 años),Bachiller,Estudiante,COMUNA 18,Ladera
1giJ0jyUWAfQhn2UBxpL8XpCoNtE72sfctKCggDFQ-LI,PF DERECHOS SEXUALES Y REPRODUCTIVOS 2025 - (PFSAG_2026) (PFSAG_2025),Femenino,Adolescencia (12 - 17 años),Bachiller,Estudiante,COMUNA 7,Oriente
1giJ0jyUWAfQhn2UBxpL8XpCoNtE72sfctKCggDFQ-LI,PF DERECHOS SEXUALES Y REPRODUCTIVOS 2025 - (PFSAG_2026) (PFSAG_2025),Femenino,Adolescencia (12 - 17 años),Ninguna,Estudiante,COMUNA 20,Ladera
1giJ0jyUWAfQhn2UBxpL8XpCoNtE72sfctKCggDFQ-LI,PF DERECHOS SEXUALES Y REPRODUCTIVOS 2025 - (PFSAG_2026) (PFSAG_2025),Femenino,Adolescencia (12 - 17 años),Bachiller,Estudiante,COMUNA 12,Sur Oriente
1giJ0jyUWAfQhn2UBxpL8XpCoNtE72sfctKCggDFQ-LI,PF DERECHOS SEXUALES Y REPRODUCTIVOS 2025 - (PFSAG_2026) (PFSAG_2025),Femenino,Adolescencia (12 - 17 años),Bachiller,Estudiante,COMUNA 6,Norte
1giJ0jyUWAfQhn2UBxpL8XpCoNtE72sfctKCggDFQ-LI,PF DERECHOS SEXUALES Y REPRODUCTIVOS 2025 - (PFSAG_2026) (PFSAG_2025),Masculino,Adolescencia (12 - 17 años),Bachiller,Estudiante,COMUNA 16,Sur Oriente
1giJ0jyUWAfQhn2UBxpL8XpCoNtE72sfctKCggDFQ-LI,PF DERECHOS SEXUALES Y REPRODUCTIVOS 2025 - (PFSAG_2026) (PFSAG_2025),Femenino,Adolescencia (12 - 17 años),Bachiller,Estudiante,COMUNA 18,Ladera
1giJ0jyUWAfQhn2UBxpL8XpCoNtE72sfctKCggDFQ-LI,PF DERECHOS SEXUALES Y REPRODUCTIVOS 2025 - (PFSAG_2026) (PFSAG_2025),Masculino,Adolescencia (12 - 17 años),Bachiller,Estudiante,COMUNA 12,Sur Oriente
1giJ0jyUWAfQhn2UBxpL8XpCoNtE72sfctKCggDFQ-LI,PF DERECHOS SEXUALES Y REPRODUCTIVOS 2025 - (PFSAG_2026) (PFSAG_2025),Femenino,Adolescencia (12 - 17 años),Bachiller,Estudiante,COMUNA 12,Centro
1giJ0jyUWAfQhn2UBxpL8XpCoNtE72sfctKCggDFQ-LI,PF DERECHOS SEXUALES Y REPRODUCTIVOS 2025 - (PFSAG_2026) (PFSAG_2025),Femenino,Juventud (18 - 28 años),Bachiller,Estudiante,COMUNA 7,Norte
1giJ0jyUWAfQhn2UBxpL8XpCoNtE72sfctKCggDFQ-LI,PF DERECHOS SEXUALES Y REPRODUCTIVOS 2025 - (PFSAG_2026) (PFSAG_2025),Femenino,Adolescencia (12 - 17 años),Bachiller,Estudiante,COMUNA 2,Norte
1giJ0jyUWAfQhn2UBxpL8XpCoNtE72sfctKCggDFQ-LI,PF DERECHOS SEXUALES Y REPRODUCTIVOS 2025 - (PFSAG_2026) (PFSAG_2025),Femenino,Adolescencia (12 - 17 años),Postgrado,Estudiante,COMUNA 12,Norte
1giJ0jyUWAfQhn2UBxpL8XpCoNtE72sfctKCggDFQ-LI,PF DERECHOS SEXUALES Y REPRODUCTIVOS 2025 - (PFSAG_2026) (PFSAG_2025),Femenino,Adolescencia (12 - 17 años),Bachiller,Estudiante,COMUNA 18,Ladera
1giJ0jyUWAfQhn2UBxpL8XpCoNtE72sfctKCggDFQ-LI,PF DERECHOS SEXUALES Y REPRODUCTIVOS 2025 - (PFSAG_2026) (PFSAG_2025),Masculino,Adolescencia (12 - 17 años),Bachiller,Estudiante,COMUNA 20,Ladera
1giJ0jyUWAfQhn2UBxpL8XpCoNtE72sfctKCggDFQ-LI,PF DERECHOS SEXUALES Y REPRODUCTIVOS 2025 - (PFSAG_2026) (PFSAG_2025),Femenino,Adolescencia (12 - 17 años),Bachiller,Estudiante,COMUNA 12,Oriente
1giJ0jyUWAfQhn2UBxpL8XpCoNtE72sfctKCggDFQ-LI,PF DERECHOS SEXUALES Y REPRODUCTIVOS 2025 - (PFSAG_2026) (PFSAG_2025),Masculino,Adolescencia (12 - 17 años),Bachiller,Estudiante,COMUNA 18,Sur Oriente
1giJ0jyUWAfQhn2UBxpL8XpCoNtE72sfctKCggDFQ-LI,PF DERECHOS SEXUALES Y REPRODUCTIVOS 2025 - (PFSAG_2026) (PFSAG_2025),Masculino,Adolescencia (12 - 17 años),Bachiller,Estudiante,COMUNA 15,Sur Oriente
1giJ0jyUWAfQhn2UBxpL8XpCoNtE72sfctKCggDFQ-LI,PF DERECHOS SEXUALES Y REPRODUCTIVOS 2025 - (PFSAG_2026) (PFSAG_2025),Femenino,Adolescencia (12 - 17 años),Bachiller,Estudiante,COMUNA 6,Norte
1giJ0jyUWAfQhn2UBxpL8XpCoNtE72sfctKCggDFQ-LI,PF DERECHOS SEXUALES Y REPRODUCTIVOS 2025 - (PFSAG_2026) (PFSAG_2025),Femenino,Adultez (29 - 59 años),Ninguna,Estudiante,COMUNA 15,Oriente
1giJ0jyUWAfQhn2UBxpL8XpCoNtE72sfctKCggDFQ-LI,PF DERECHOS SEXUALES Y REPRODUCTIVOS 2025 - (PFSAG_2026) (PFSAG_2025),Masculino,Adolescencia (12 - 17 años),Bachiller,Estudiante,COMUNA 6,Norte
1giJ0jyUWAfQhn2UBxpL8XpCoNtE72sfctKCggDFQ-LI,PF DERECHOS SEXUALES Y REPRODUCTIVOS 2025 - (PFSAG_2026) (PFSAG_2025),Femenino,Adolescencia (12 - 17 años),Bachiller,Estudiante,COMUNA 12,Oriente
1giJ0jyUWAfQhn2UBxpL8XpCoNtE72sfctKCggDFQ-LI,PF DERECHOS SEXUALES Y REPRODUCTIVOS 2025 - (PFSAG_2026) (PFSAG_2025),Femenino,Adolescencia (12 - 17 años),Bachiller,Estudiante,COMUNA 15,Oriente
1giJ0jyUWAfQhn2UBxpL8XpCoNtE72sfctKCggDFQ-LI,PF DERECHOS SEXUALES Y REPRODUCTIVOS 2025 - (PFSAG_2026) (PFSAG_2025),Masculino,Adolescencia (12 - 17 años),Bachiller,Estudiante,COMUNA 18,Ladera
1giJ0jyUWAfQhn2UBxpL8XpCoNtE72sfctKCggDFQ-LI,PF DERECHOS SEXUALES Y REPRODUCTIVOS 2025 - (PFSAG_2026) (PFSAG_2025),Masculino,Adolescencia (12 - 17 años),Pregrado,Área de la salud,COMUNA 6,Norte
1giJ0jyUWAfQhn2UBxpL8XpCoNtE72sfctKCggDFQ-LI,PF DERECHOS SEXUALES Y REPRODUCTIVOS 2025 - (PFSAG_2026) (PFSAG_2025),Femenino,Adolescencia (12 - 17 años),Bachiller,Estudiante,COMUNA 16,Norte
1giJ0jyUWAfQhn2UBxpL8XpCoNtE72sfctKCggDFQ-LI,PF DERECHOS SEXUALES Y REPRODUCTIVOS 2025 - (PFSAG_2026) (PFSAG_2025),Femenino,Adolescencia (12 - 17 años),Bachiller,Estudiante,COMUNA 21,Oriente
1giJ0jyUWAfQhn2UBxpL8XpCoNtE72sfctKCggDFQ-LI,PF DERECHOS SEXUALES Y REPRODUCTIVOS 2025 - (PFSAG_2026) (PFSAG_2025),Femenino,Adolescencia (12 - 17 años),Bachiller,Estudiante,COMUNA 15,Oriente
1giJ0jyUWAfQhn2UBxpL8XpCoNtE72sfctKCggDFQ-LI,PF DERECHOS SEXUALES Y REPRODUCTIVOS 2025 - (PFSAG_2026) (PFSAG_2025),Femenino,Adolescencia (12 - 17 años),Bachiller,Estudiante,COMUNA 16,Sur Oriente
1giJ0jyUWAfQhn2UBxpL8XpCoNtE72sfctKCggDFQ-LI,PF DERECHOS SEXUALES Y REPRODUCTIVOS 2025 - (PFSAG_2026) (PFSAG_2025),Femenino,Adolescencia (12 - 17 años),Bachiller,Estudiante,COMUNA 16,Sur Oriente
1giJ0jyUWAfQhn2UBxpL8XpCoNtE72sfctKCggDFQ-LI,PF DERECHOS SEXUALES Y REPRODUCTIVOS 2025 - (PFSAG_2026) (PFSAG_2025),Masculino,Adolescencia (12 - 17 años),Bachiller,Estudiante,COMUNA 10,Sur Oriente
1giJ0jyUWAfQhn2UBxpL8XpCoNtE72sfctKCggDFQ-LI,PF DERECHOS SEXUALES Y REPRODUCTIVOS 2025 - (PFSAG_2026) (PFSAG_2025),Femenino,Adolescencia (12 - 17 años),Bachiller,Estudiante,COMUNA 16,Norte
1giJ0jyUWAfQhn2UBxpL8XpCoNtE72sfctKCggDFQ-LI,PF DERECHOS SEXUALES Y REPRODUCTIVOS 2025 - (PFSAG_2026) (PFSAG_2025),Femenino,Adolescencia (12 - 17 años),Bachiller,Estudiante,COMUNA 6,Norte
1giJ0jyUWAfQhn2UBxpL8XpCoNtE72sfctKCggDFQ-LI,PF DERECHOS SEXUALES Y REPRODUCTIVOS 2025 - (PFSAG_2026) (PFSAG_2025),Femenino,Adolescencia (12 - 17 años),Bachiller,Estudiante,COMUNA 20,Ladera
1giJ0jyUWAfQhn2UBxpL8XpCoNtE72sfctKCggDFQ-LI,PF DERECHOS SEXUALES Y REPRODUCTIVOS 2025 - (PFSAG_2026) (PFSAG_2025),Masculino,Adolescencia (12 - 17 años),Bachiller,Estudiante,COMUNA 15,Oriente
1giJ0jyUWAfQhn2UBxpL8XpCoNtE72sfctKCggDFQ-LI,PF DERECHOS SEXUALES Y REPRODUCTIVOS 2025 - (PFSAG_2026) (PFSAG_2025),Masculino,Juventud (18 - 28 años),Pregrado,Estudiante,COMUNA 16,Norte
1giJ0jyUWAfQhn2UBxpL8XpCoNtE72sfctKCggDFQ-LI,PF DERECHOS SEXUALES Y REPRODUCTIVOS 2025 - (PFSAG_2026) (PFSAG_2025),Masculino,Adolescencia (12 - 17 años),Bachiller,Estudiante,COMUNA 20,Ladera
1giJ0jyUWAfQhn2UBxpL8XpCoNtE72sfctKCggDFQ-LI,PF DERECHOS SEXUALES Y REPRODUCTIVOS 2025 - (PFSAG_2026) (PFSAG_2025),Femenino,Adolescencia (12 - 17 años),Bachiller,Estudiante,COMUNA 18,Ladera
1giJ0jyUWAfQhn2UBxpL8XpCoNtE72sfctKCggDFQ-LI,PF DERECHOS SEXUALES Y REPRODUCTIVOS 2025 - (PFSAG_2026) (PFSAG_2025),Femenino,Adolescencia (12 - 17 años),Bachiller,Estudiante,COMUNA 1,Oriente
1giJ0jyUWAfQhn2UBxpL8XpCoNtE72sfctKCggDFQ-LI,PF DERECHOS SEXUALES Y REPRODUCTIVOS 2025 - (PFSAG_2026) (PFSAG_2025),Femenino,Adolescencia (12 - 17 años),Bachiller,Estudiante,COMUNA 15,Sur Oriente
1giJ0jyUWAfQhn2UBxpL8XpCoNtE72sfctKCggDFQ-LI,PF DERECHOS SEXUALES Y REPRODUCTIVOS 2025 - (PFSAG_2026) (PFSAG_2025),Femenino,Adolescencia (12 - 17 años),Ninguna,Estudiante,COMUNA 16,Sur Oriente
1giJ0jyUWAfQhn2UBxpL8XpCoNtE72sfctKCggDFQ-LI,PF DERECHOS SEXUALES Y REPRODUCTIVOS 2025 - (PFSAG_2026) (PFSAG_2025),Femenino,Adolescencia (12 - 17 años),Ninguna,Estudiante,COMUNA 6,Norte
1giJ0jyUWAfQhn2UBxpL8XpCoNtE72sfctKCggDFQ-LI,PF DERECHOS SEXUALES Y REPRODUCTIVOS 2025 - (PFSAG_2026) (PFSAG_2025),Femenino,Adolescencia (12 - 17 años),Bachiller,Estudiante,COMUNA 15,Oriente
1giJ0jyUWAfQhn2UBxpL8XpCoNtE72sfctKCggDFQ-LI,PF DERECHOS SEXUALES Y REPRODUCTIVOS 2025 - (PFSAG_2026) (PFSAG_2025),Femenino,Adolescencia (12 - 17 años),Bachiller,Estudiante,COMUNA 11,Oriente
1giJ0jyUWAfQhn2UBxpL8XpCoNtE72sfctKCggDFQ-LI,PF DERECHOS SEXUALES Y REPRODUCTIVOS 2025 - (PFSAG_2026) (PFSAG_2025),Femenino,Adolescencia (12 - 17 años),Bachiller,Estudiante,COMUNA 11,Oriente
1giJ0jyUWAfQhn2UBxpL8XpCoNtE72sfctKCggDFQ-LI,PF DERECHOS SEXUALES Y REPRODUCTIVOS 2025 - (PFSAG_2026) (PFSAG_2025),Masculino,Adolescencia (12 - 17 años),Bachiller,Estudiante,COMUNA 16,Sur Oriente
1giJ0jyUWAfQhn2UBxpL8XpCoNtE72sfctKCggDFQ-LI,PF DERECHOS SEXUALES Y REPRODUCTIVOS 2025 - (PFSAG_2026) (PFSAG_2025),Femenino,Adolescencia (12 - 17 años),Bachiller,Estudiante,COMUNA 15,Sur Oriente
1giJ0jyUWAfQhn2UBxpL8XpCoNtE72sfctKCggDFQ-LI,PF DERECHOS SEXUALES Y REPRODUCTIVOS 2025 - (PFSAG_2026) (PFSAG_2025),Femenino,Adolescencia (12 - 17 años),Bachiller,Estudiante,COMUNA 10,Oriente
1giJ0jyUWAfQhn2UBxpL8XpCoNtE72sfctKCggDFQ-LI,PF DERECHOS SEXUALES Y REPRODUCTIVOS 2025 - (PFSAG_2026) (PFSAG_2025),Masculino,Adolescencia (12 - 17 años),Bachiller,Estudiante,COMUNA 21,Oriente
1giJ0jyUWAfQhn2UBxpL8XpCoNtE72sfctKCggDFQ-LI,PF DERECHOS SEXUALES Y REPRODUCTIVOS 2025 - (PFSAG_2026) (PFSAG_2025),Femenino,Adolescencia (12 - 17 años),Bachiller,Estudiante,COMUNA 21,Oriente
1giJ0jyUWAfQhn2UBxpL8XpCoNtE72sfctKCggDFQ-LI,PF DERECHOS SEXUALES Y REPRODUCTIVOS 2025 - (PFSAG_2026) (PFSAG_2025),Femenino,Adolescencia (12 - 17 años),Bachiller,Estudiante,COMUNA 15,Sur Oriente
1giJ0jyUWAfQhn2UBxpL8XpCoNtE72sfctKCggDFQ-LI,PF DERECHOS SEXUALES Y REPRODUCTIVOS 2025 - (PFSAG_2026) (PFSAG_2025),Masculino,Adolescencia (12 - 17 años),Bachiller,Estudiante,COMUNA 21,Oriente
1giJ0jyUWAfQhn2UBxpL8XpCoNtE72sfctKCggDFQ-LI,PF DERECHOS SEXUALES Y REPRODUCTIVOS 2025 - (PFSAG_2026) (PFSAG_2025),Femenino,Adolescencia (12 - 17 años),Bachiller,Estudiante,COMUNA 7,Norte
1giJ0jyUWAfQhn2UBxpL8XpCoNtE72sfctKCggDFQ-LI,PF DERECHOS SEXUALES Y REPRODUCTIVOS 2025 - (PFSAG_2026) (PFSAG_2025),Masculino,Adolescencia (12 - 17 años),Bachiller,Estudiante,COMUNA 16,Sur Oriente
1giJ0jyUWAfQhn2UBxpL8XpCoNtE72sfctKCggDFQ-LI,PF DERECHOS SEXUALES Y REPRODUCTIVOS 2025 - (PFSAG_2026) (PFSAG_2025),Femenino,Adolescencia (12 - 17 años),Bachiller,Estudiante,COMUNA 15,Sur Oriente
1giJ0jyUWAfQhn2UBxpL8XpCoNtE72sfctKCggDFQ-LI,PF DERECHOS SEXUALES Y REPRODUCTIVOS 2025 - (PFSAG_2026) (PFSAG_2025),Femenino,Adolescencia (12 - 17 años),Bachiller,Estudiante,COMUNA 19,Sur Oriente
1giJ0jyUWAfQhn2UBxpL8XpCoNtE72sfctKCggDFQ-LI,PF DERECHOS SEXUALES Y REPRODUCTIVOS 2025 - (PFSAG_2026) (PFSAG_2025),Femenino,Adolescencia (12 - 17 años),Bachiller,Estudiante,COMUNA 16,Sur Oriente
1giJ0jyUWAfQhn2UBxpL8XpCoNtE72sfctKCggDFQ-LI,PF DERECHOS SEXUALES Y REPRODUCTIVOS 2025 - (PFSAG_2026) (PFSAG_2025),Masculino,Adolescencia (12 - 17 años),Bachiller,Estudiante,COMUNA 12,Oriente
1giJ0jyUWAfQhn2UBxpL8XpCoNtE72sfctKCggDFQ-LI,PF DERECHOS SEXUALES Y REPRODUCTIVOS 2025 - (PFSAG_2026) (PFSAG_2025),Femenino,Adolescencia (12 - 17 años),Pregrado,Estudiante,COMUNA 7,Oriente
1giJ0jyUWAfQhn2UBxpL8XpCoNtE72sfctKCggDFQ-LI,PF DERECHOS SEXUALES Y REPRODUCTIVOS 2025 - (PFSAG_2026) (PFSAG_2025),Femenino,Adolescencia (12 - 17 años),Bachiller,Estudiante,COMUNA 2,Norte
1giJ0jyUWAfQhn2UBxpL8XpCoNtE72sfctKCggDFQ-LI,PF DERECHOS SEXUALES Y REPRODUCTIVOS 2025 - (PFSAG_2026) (PFSAG_2025),Masculino,Adolescencia (12 - 17 años),Bachiller,Estudiante,COMUNA 7,Norte
1giJ0jyUWAfQhn2UBxpL8XpCoNtE72sfctKCggDFQ-LI,PF DERECHOS SEXUALES Y REPRODUCTIVOS 2025 - (PFSAG_2026) (PFSAG_2025),Masculino,Adolescencia (12 - 17 años),Bachiller,Estudiante,COMUNA 20,Sur Oriente
1giJ0jyUWAfQhn2UBxpL8XpCoNtE72sfctKCggDFQ-LI,PF DERECHOS SEXUALES Y REPRODUCTIVOS 2025 - (PFSAG_2026) (PFSAG_2025),Masculino,Adolescencia (12 - 17 años),Bachiller,Estudiante,COMUNA 16,Sur Oriente
1giJ0jyUWAfQhn2UBxpL8XpCoNtE72sfctKCggDFQ-LI,PF DERECHOS SEXUALES Y REPRODUCTIVOS 2025 - (PFSAG_2026) (PFSAG_2025),Masculino,Adolescencia (12 - 17 años),Bachiller,Estudiante,COMUNA 20,Centro
1giJ0jyUWAfQhn2UBxpL8XpCoNtE72sfctKCggDFQ-LI,PF DERECHOS SEXUALES Y REPRODUCTIVOS 2025 - (PFSAG_2026) (PFSAG_2025),Femenino,Juventud (18 - 28 años),Bachiller,Estudiante,COMUNA 15,Sur Oriente
1giJ0jyUWAfQhn2UBxpL8XpCoNtE72sfctKCggDFQ-LI,PF DERECHOS SEXUALES Y REPRODUCTIVOS 2025 - (PFSAG_2026) (PFSAG_2025),Masculino,Adolescencia (12 - 17 años),Bachiller,Estudiante,COMUNA 9,Centro
1giJ0jyUWAfQhn2UBxpL8XpCoNtE72sfctKCggDFQ-LI,PF DERECHOS SEXUALES Y REPRODUCTIVOS 2025 - (PFSAG_2026) (PFSAG_2025),Femenino,Adolescencia (12 - 17 años),Bachiller,Estudiante,COMUNA 18,Sur Oriente
1giJ0jyUWAfQhn2UBxpL8XpCoNtE72sfctKCggDFQ-LI,PF DERECHOS SEXUALES Y REPRODUCTIVOS 2025 - (PFSAG_2026) (PFSAG_2025),Masculino,Adolescencia (12 - 17 años),Ninguna,Estudiante,COMUNA 21,Oriente
1giJ0jyUWAfQhn2UBxpL8XpCoNtE72sfctKCggDFQ-LI,PF DERECHOS SEXUALES Y REPRODUCTIVOS 2025 - (PFSAG_2026) (PFSAG_2025),Femenino,Adolescencia (12 - 17 años),Bachiller,Estudiante,COMUNA 6,Sur Oriente
1giJ0jyUWAfQhn2UBxpL8XpCoNtE72sfctKCggDFQ-LI,PF DERECHOS SEXUALES Y REPRODUCTIVOS 2025 - (PFSAG_2026) (PFSAG_2025),Femenino,Adolescencia (12 - 17 años),Bachiller,Estudiante,COMUNA 12,Norte
1giJ0jyUWAfQhn2UBxpL8XpCoNtE72sfctKCggDFQ-LI,PF DERECHOS SEXUALES Y REPRODUCTIVOS 2025 - (PFSAG_2026) (PFSAG_2025),Masculino,Adolescencia (12 - 17 años),Bachiller,Estudiante,COMUNA 20,Ladera
1giJ0jyUWAfQhn2UBxpL8XpCoNtE72sfctKCggDFQ-LI,PF DERECHOS SEXUALES Y REPRODUCTIVOS 2025 - (PFSAG_2026) (PFSAG_2025),Masculino,Adolescencia (12 - 17 años),Bachiller,Estudiante,COMUNA 7,Sur Oriente
1giJ0jyUWAfQhn2UBxpL8XpCoNtE72sfctKCggDFQ-LI,PF DERECHOS SEXUALES Y REPRODUCTIVOS 2025 - (PFSAG_2026) (PFSAG_2025),Femenino,Adolescencia (12 - 17 años),Bachiller,Estudiante,COMUNA 18,Sur Oriente
1giJ0jyUWAfQhn2UBxpL8XpCoNtE72sfctKCggDFQ-LI,PF DERECHOS SEXUALES Y REPRODUCTIVOS 2025 - (PFSAG_2026) (PFSAG_2025),Masculino,Adolescencia (12 - 17 años),Ninguna,Estudiante,COMUNA 20,Ladera
1giJ0jyUWAfQhn2UBxpL8XpCoNtE72sfctKCggDFQ-LI,PF DERECHOS SEXUALES Y REPRODUCTIVOS 2025 - (PFSAG_2026) (PFSAG_2025),Femenino,Adolescencia (12 - 17 años),Bachiller,Estudiante,COMUNA 18,Ladera
1giJ0jyUWAfQhn2UBxpL8XpCoNtE72sfctKCggDFQ-LI,PF DERECHOS SEXUALES Y REPRODUCTIVOS 2025 - (PFSAG_2026) (PFSAG_2025),Masculino,Adolescencia (12 - 17 años),Bachiller,Estudiante,COMUNA 10,Centro
1giJ0jyUWAfQhn2UBxpL8XpCoNtE72sfctKCggDFQ-LI,PF DERECHOS SEXUALES Y REPRODUCTIVOS 2025 - (PFSAG_2026) (PFSAG_2025),Femenino,Adolescencia (12 - 17 años),Bachiller,Estudiante,COMUNA 18,Sur Oriente
1giJ0jyUWAfQhn2UBxpL8XpCoNtE72sfctKCggDFQ-LI,PF DERECHOS SEXUALES Y REPRODUCTIVOS 2025 - (PFSAG_2026) (PFSAG_2025),Femenino,Adolescencia (12 - 17 años),Postgrado,Estudiante,COMUNA 15,Oriente
1giJ0jyUWAfQhn2UBxpL8XpCoNtE72sfctKCggDFQ-LI,PF DERECHOS SEXUALES Y REPRODUCTIVOS 2025 - (PFSAG_2026) (PFSAG_2025),Femenino,Adolescencia (12 - 17 años),Bachiller,Estudiante,COMUNA 18,Ladera
1giJ0jyUWAfQhn2UBxpL8XpCoNtE72sfctKCggDFQ-LI,PF DERECHOS SEXUALES Y REPRODUCTIVOS 2025 - (PFSAG_2026) (PFSAG_2025),Femenino,Adolescencia (12 - 17 años),Bachiller,Estudiante,COMUNA 3,Centro
1giJ0jyUWAfQhn2UBxpL8XpCoNtE72sfctKCggDFQ-LI,PF DERECHOS SEXUALES Y REPRODUCTIVOS 2025 - (PFSAG_2026) (PFSAG_2025),Femenino,Adolescencia (12 - 17 años),Bachiller,Estudiante,COMUNA 12,Sur Oriente
1giJ0jyUWAfQhn2UBxpL8XpCoNtE72sfctKCggDFQ-LI,PF DERECHOS SEXUALES Y REPRODUCTIVOS 2025 - (PFSAG_2026) (PFSAG_2025),Femenino,Adolescencia (12 - 17 años),Bachiller,Estudiante,COMUNA 20,Norte
1giJ0jyUWAfQhn2UBxpL8XpCoNtE72sfctKCggDFQ-LI,PF DERECHOS SEXUALES Y REPRODUCTIVOS 2025 - (PFSAG_2026) (PFSAG_2025),Femenino,Adolescencia (12 - 17 años),Bachiller,Estudiante,COMUNA 11,Sur Oriente
1giJ0jyUWAfQhn2UBxpL8XpCoNtE72sfctKCggDFQ-LI,PF DERECHOS SEXUALES Y REPRODUCTIVOS 2025 - (PFSAG_2026) (PFSAG_2025),Masculino,Adolescencia (12 - 17 años),Bachiller,Estudiante,COMUNA 16,Sur Oriente
1giJ0jyUWAfQhn2UBxpL8XpCoNtE72sfctKCggDFQ-LI,PF DERECHOS SEXUALES Y REPRODUCTIVOS 2025 - (PFSAG_2026) (PFSAG_2025),Femenino,Adolescencia (12 - 17 años),Bachiller,Estudiante,COMUNA 18,Ladera
1giJ0jyUWAfQhn2UBxpL8XpCoNtE72sfctKCggDFQ-LI,PF DERECHOS SEXUALES Y REPRODUCTIVOS 2025 - (PFSAG_2026) (PFSAG_2025),Femenino,Adolescencia (12 - 17 años),Bachiller,Estudiante,COMUNA 16,Sur Oriente
1giJ0jyUWAfQhn2UBxpL8XpCoNtE72sfctKCggDFQ-LI,PF DERECHOS SEXUALES Y REPRODUCTIVOS 2025 - (PFSAG_2026) (PFSAG_2025),Femenino,Adolescencia (12 - 17 años),Bachiller,Estudiante,COMUNA 15,Oriente
1giJ0jyUWAfQhn2UBxpL8XpCoNtE72sfctKCggDFQ-LI,PF DERECHOS SEXUALES Y REPRODUCTIVOS 2025 - (PFSAG_2026) (PFSAG_2025),Masculino,Adolescencia (12 - 17 años),Bachiller,Estudiante,COMUNA 15,Oriente
1giJ0jyUWAfQhn2UBxpL8XpCoNtE72sfctKCggDFQ-LI,PF DERECHOS SEXUALES Y REPRODUCTIVOS 2025 - (PFSAG_2026) (PFSAG_2025),Femenino,Adolescencia (12 - 17 años),Bachiller,Estudiante,COMUNA 12,Centro
1giJ0jyUWAfQhn2UBxpL8XpCoNtE72sfctKCggDFQ-LI,PF DERECHOS SEXUALES Y REPRODUCTIVOS 2025 - (PFSAG_2026) (PFSAG_2025),Femenino,Adolescencia (12 - 17 años),Bachiller,Estudiante,COMUNA 18,Ladera
1giJ0jyUWAfQhn2UBxpL8XpCoNtE72sfctKCggDFQ-LI,PF DERECHOS SEXUALES Y REPRODUCTIVOS 2025 - (PFSAG_2026) (PFSAG_2025),Femenino,Adolescencia (12 - 17 años),Bachiller,Estudiante,COMUNA 15,Sur Oriente
1giJ0jyUWAfQhn2UBxpL8XpCoNtE72sfctKCggDFQ-LI,PF DERECHOS SEXUALES Y REPRODUCTIVOS 2025 - (PFSAG_2026) (PFSAG_2025),Femenino,Adolescencia (12 - 17 años),Bachiller,Estudiante,COMUNA 20,Ladera
1giJ0jyUWAfQhn2UBxpL8XpCoNtE72sfctKCggDFQ-LI,PF DERECHOS SEXUALES Y REPRODUCTIVOS 2025 - (PFSAG_2026) (PFSAG_2025),Femenino,Adolescencia (12 - 17 años),Ninguna,Estudiante,COMUNA 15,Oriente
1giJ0jyUWAfQhn2UBxpL8XpCoNtE72sfctKCggDFQ-LI,PF DERECHOS SEXUALES Y REPRODUCTIVOS 2025 - (PFSAG_2026) (PFSAG_2025),Masculino,Adolescencia (12 - 17 años),Bachiller,Estudiante,COMUNA 18,Ladera
1giJ0jyUWAfQhn2UBxpL8XpCoNtE72sfctKCggDFQ-LI,PF DERECHOS SEXUALES Y REPRODUCTIVOS 2025 - (PFSAG_2026) (PFSAG_2025),Femenino,Adolescencia (12 - 17 años),Bachiller,Estudiante,COMUNA 3,Ladera
1giJ0jyUWAfQhn2UBxpL8XpCoNtE72sfctKCggDFQ-LI,PF DERECHOS SEXUALES Y REPRODUCTIVOS 2025 - (PFSAG_2026) (PFSAG_2025),Femenino,Adolescencia (12 - 17 años),Bachiller,Estudiante,COMUNA 18,Ladera
1giJ0jyUWAfQhn2UBxpL8XpCoNtE72sfctKCggDFQ-LI,PF DERECHOS SEXUALES Y REPRODUCTIVOS 2025 - (PFSAG_2026) (PFSAG_2025),Femenino,Adolescencia (12 - 17 años),Bachiller,Estudiante,COMUNA 15,Sur Oriente
1giJ0jyUWAfQhn2UBxpL8XpCoNtE72sfctKCggDFQ-LI,PF DERECHOS SEXUALES Y REPRODUCTIVOS 2025 - (PFSAG_2026) (PFSAG_2025),Femenino,Adolescencia (12 - 17 años),Bachiller,Área de la salud,COMUNA 6,Norte
1giJ0jyUWAfQhn2UBxpL8XpCoNtE72sfctKCggDFQ-LI,PF DERECHOS SEXUALES Y REPRODUCTIVOS 2025 - (PFSAG_2026) (PFSAG_2025),Femenino,Adolescencia (12 - 17 años),Bachiller,Estudiante,COMUNA 15,Sur Oriente
1giJ0jyUWAfQhn2UBxpL8XpCoNtE72sfctKCggDFQ-LI,PF DERECHOS SEXUALES Y REPRODUCTIVOS 2025 - (PFSAG_2026) (PFSAG_2025),Femenino,Adolescencia (12 - 17 años),Bachiller,Estudiante,COMUNA 16,Sur Oriente
1giJ0jyUWAfQhn2UBxpL8XpCoNtE72sfctKCggDFQ-LI,PF DERECHOS SEXUALES Y REPRODUCTIVOS 2025 - (PFSAG_2026) (PFSAG_2025),Femenino,Adolescencia (12 - 17 años),Bachiller,Estudiante,COMUNA 15,Sur Oriente
1giJ0jyUWAfQhn2UBxpL8XpCoNtE72sfctKCggDFQ-LI,PF DERECHOS SEXUALES Y REPRODUCTIVOS 2025 - (PFSAG_2026) (PFSAG_2025),Masculino,Adolescencia (12 - 17 años),Bachiller,Estudiante,COMUNA 15,Sur Oriente
1giJ0jyUWAfQhn2UBxpL8XpCoNtE72sfctKCggDFQ-LI,PF DERECHOS SEXUALES Y REPRODUCTIVOS 2025 - (PFSAG_2026) (PFSAG_2025),Masculino,Adolescencia (12 - 17 años),Bachiller,Estudiante,COMUNA 11,Norte
1giJ0jyUWAfQhn2UBxpL8XpCoNtE72sfctKCggDFQ-LI,PF DERECHOS SEXUALES Y REPRODUCTIVOS 2025 - (PFSAG_2026) (PFSAG_2025),Masculino,Adolescencia (12 - 17 años),Bachiller,Estudiante,COMUNA 16,Sur Oriente
1giJ0jyUWAfQhn2UBxpL8XpCoNtE72sfctKCggDFQ-LI,PF DERECHOS SEXUALES Y REPRODUCTIVOS 2025 - (PFSAG_2026) (PFSAG_2025),Masculino,Adolescencia (12 - 17 años),Bachiller,Estudiante,COMUNA 20,Oriente
1giJ0jyUWAfQhn2UBxpL8XpCoNtE72sfctKCggDFQ-LI,PF DERECHOS SEXUALES Y REPRODUCTIVOS 2025 - (PFSAG_2026) (PFSAG_2025),Masculino,Adolescencia (12 - 17 años),Bachiller,Estudiante,COMUNA 18,Ladera
1giJ0jyUWAfQhn2UBxpL8XpCoNtE72sfctKCggDFQ-LI,PF DERECHOS SEXUALES Y REPRODUCTIVOS 2025 - (PFSAG_2026) (PFSAG_2025),Masculino,Adolescencia (12 - 17 años),Bachiller,Estudiante,COMUNA 12,Sur Oriente
1giJ0jyUWAfQhn2UBxpL8XpCoNtE72sfctKCggDFQ-LI,PF DERECHOS SEXUALES Y REPRODUCTIVOS 2025 - (PFSAG_2026) (PFSAG_2025),Femenino,Adolescencia (12 - 17 años),Bachiller,Estudiante,COMUNA 21,Oriente
1giJ0jyUWAfQhn2UBxpL8XpCoNtE72sfctKCggDFQ-LI,PF DERECHOS SEXUALES Y REPRODUCTIVOS 2025 - (PFSAG_2026) (PFSAG_2025),Masculino,Juventud (18 - 28 años),Bachiller,Estudiante,COMUNA 10,Sur Oriente
1giJ0jyUWAfQhn2UBxpL8XpCoNtE72sfctKCggDFQ-LI,PF DERECHOS SEXUALES Y REPRODUCTIVOS 2025 - (PFSAG_2026) (PFSAG_2025),Femenino,Adolescencia (12 - 17 años),Bachiller,Estudiante,COMUNA 12,Norte
1giJ0jyUWAfQhn2UBxpL8XpCoNtE72sfctKCggDFQ-LI,PF DERECHOS SEXUALES Y REPRODUCTIVOS 2025 - (PFSAG_2026) (PFSAG_2025),Masculino,Adolescencia (12 - 17 años),Bachiller,Estudiante,COMUNA 12,Oriente
1giJ0jyUWAfQhn2UBxpL8XpCoNtE72sfctKCggDFQ-LI,PF DERECHOS SEXUALES Y REPRODUCTIVOS 2025 - (PFSAG_2026) (PFSAG_2025),Femenino,Adolescencia (12 - 17 años),Bachiller,Estudiante,COMUNA 21,Oriente
1giJ0jyUWAfQhn2UBxpL8XpCoNtE72sfctKCggDFQ-LI,PF DERECHOS SEXUALES Y REPRODUCTIVOS 2025 - (PFSAG_2026) (PFSAG_2025),Femenino,Adolescencia (12 - 17 años),Bachiller,Estudiante,COMUNA 15,Sur Oriente
1giJ0jyUWAfQhn2UBxpL8XpCoNtE72sfctKCggDFQ-LI,PF DERECHOS SEXUALES Y REPRODUCTIVOS 2025 - (PFSAG_2026) (PFSAG_2025),Masculino,Adolescencia (12 - 17 años),Bachiller,Estudiante,COMUNA 18,Sur Oriente
1giJ0jyUWAfQhn2UBxpL8XpCoNtE72sfctKCggDFQ-LI,PF DERECHOS SEXUALES Y REPRODUCTIVOS 2025 - (PFSAG_2026) (PFSAG_2025),Femenino,Adolescencia (12 - 17 años),Bachiller,Estudiante,COMUNA 18,Ladera
1giJ0jyUWAfQhn2UBxpL8XpCoNtE72sfctKCggDFQ-LI,PF DERECHOS SEXUALES Y REPRODUCTIVOS 2025 - (PFSAG_2026) (PFSAG_2025),Masculino,Adolescencia (12 - 17 años),Bachiller,Estudiante,COMUNA 13,Oriente
1giJ0jyUWAfQhn2UBxpL8XpCoNtE72sfctKCggDFQ-LI,PF DERECHOS SEXUALES Y REPRODUCTIVOS 2025 - (PFSAG_2026) (PFSAG_2025),Femenino,Adolescencia (12 - 17 años),Bachiller,Estudiante,COMUNA 1,Ladera
1giJ0jyUWAfQhn2UBxpL8XpCoNtE72sfctKCggDFQ-LI,PF DERECHOS SEXUALES Y REPRODUCTIVOS 2025 - (PFSAG_2026) (PFSAG_2025),Femenino,Adolescencia (12 - 17 años),Bachiller,Estudiante,COMUNA 15,Oriente
1giJ0jyUWAfQhn2UBxpL8XpCoNtE72sfctKCggDFQ-LI,PF DERECHOS SEXUALES Y REPRODUCTIVOS 2025 - (PFSAG_2026) (PFSAG_2025),Femenino,Adolescencia (12 - 17 años),Bachiller,Estudiante,COMUNA 12,Centro
1giJ0jyUWAfQhn2UBxpL8XpCoNtE72sfctKCggDFQ-LI,PF DERECHOS SEXUALES Y REPRODUCTIVOS 2025 - (PFSAG_2026) (PFSAG_2025),Femenino,Juventud (18 - 28 años),Bachiller,Estudiante,COMUNA 12,Oriente
1giJ0jyUWAfQhn2UBxpL8XpCoNtE72sfctKCggDFQ-LI,PF DERECHOS SEXUALES Y REPRODUCTIVOS 2025 - (PFSAG_2026) (PFSAG_2025),Femenino,Adolescencia (12 - 17 años),Bachiller,Estudiante,COMUNA 20,Ladera
1giJ0jyUWAfQhn2UBxpL8XpCoNtE72sfctKCggDFQ-LI,PF DERECHOS SEXUALES Y REPRODUCTIVOS 2025 - (PFSAG_2026) (PFSAG_2025),Masculino,Adolescencia (12 - 17 años),Ninguna,Estudiante,COMUNA 18,Sur Oriente
1giJ0jyUWAfQhn2UBxpL8XpCoNtE72sfctKCggDFQ-LI,PF DERECHOS SEXUALES Y REPRODUCTIVOS 2025 - (PFSAG_2026) (PFSAG_2025),Masculino,Adolescencia (12 - 17 años),Bachiller,Estudiante,COMUNA 16,Sur Oriente
1giJ0jyUWAfQhn2UBxpL8XpCoNtE72sfctKCggDFQ-LI,PF DERECHOS SEXUALES Y REPRODUCTIVOS 2025 - (PFSAG_2026) (PFSAG_2025),Femenino,Adolescencia (12 - 17 años),Bachiller,Estudiante,COMUNA 12,Norte
1giJ0jyUWAfQhn2UBxpL8XpCoNtE72sfctKCggDFQ-LI,PF DERECHOS SEXUALES Y REPRODUCTIVOS 2025 - (PFSAG_2026) (PFSAG_2025),Femenino,Adolescencia (12 - 17 años),Bachiller,Estudiante,C. DE LA BUITRERA,Sur Oriente
1giJ0jyUWAfQhn2UBxpL8XpCoNtE72sfctKCggDFQ-LI,PF DERECHOS SEXUALES Y REPRODUCTIVOS 2025 - (PFSAG_2026) (PFSAG_2025),Femenino,Adolescencia (12 - 17 años),Bachiller,Estudiante,COMUNA 15,Oriente
1giJ0jyUWAfQhn2UBxpL8XpCoNtE72sfctKCggDFQ-LI,PF DERECHOS SEXUALES Y REPRODUCTIVOS 2025 - (PFSAG_2026) (PFSAG_2025),Femenino,Adolescencia (12 - 17 años),Bachiller,Estudiante,COMUNA 20,Ladera
1giJ0jyUWAfQhn2UBxpL8XpCoNtE72sfctKCggDFQ-LI,PF DERECHOS SEXUALES Y REPRODUCTIVOS 2025 - (PFSAG_2026) (PFSAG_2025),Masculino,Adolescencia (12 - 17 años),Bachiller,Estudiante,COMUNA 18,Sur Oriente
1giJ0jyUWAfQhn2UBxpL8XpCoNtE72sfctKCggDFQ-LI,PF DERECHOS SEXUALES Y REPRODUCTIVOS 2025 - (PFSAG_2026) (PFSAG_2025),Femenino,Adolescencia (12 - 17 años),Bachiller,Estudiante,COMUNA 12,Oriente
1giJ0jyUWAfQhn2UBxpL8XpCoNtE72sfctKCggDFQ-LI,PF DERECHOS SEXUALES Y REPRODUCTIVOS 2025 - (PFSAG_2026) (PFSAG_2025),Femenino,Adolescencia (12 - 17 años),Bachiller,Estudiante,COMUNA 18,Sur Oriente
1giJ0jyUWAfQhn2UBxpL8XpCoNtE72sfctKCggDFQ-LI,PF DERECHOS SEXUALES Y REPRODUCTIVOS 2025 - (PFSAG_2026) (PFSAG_2025),Femenino,Adolescencia (12 - 17 años),Bachiller,Estudiante,COMUNA 7,Sur Oriente
1giJ0jyUWAfQhn2UBxpL8XpCoNtE72sfctKCggDFQ-LI,PF DERECHOS SEXUALES Y REPRODUCTIVOS 2025 - (PFSAG_2026) (PFSAG_2025),Masculino,Adolescencia (12 - 17 años),Bachiller,Estudiante,COMUNA 16,Oriente
1giJ0jyUWAfQhn2UBxpL8XpCoNtE72sfctKCggDFQ-LI,PF DERECHOS SEXUALES Y REPRODUCTIVOS 2025 - (PFSAG_2026) (PFSAG_2025),Femenino,Adolescencia (12 - 17 años),Bachiller,Estudiante,COMUNA 16,Centro
1giJ0jyUWAfQhn2UBxpL8XpCoNtE72sfctKCggDFQ-LI,PF DERECHOS SEXUALES Y REPRODUCTIVOS 2025 - (PFSAG_2026) (PFSAG_2025),Masculino,Adolescencia (12 - 17 años),Bachiller,Estudiante,COMUNA 15,Sur Oriente
1giJ0jyUWAfQhn2UBxpL8XpCoNtE72sfctKCggDFQ-LI,PF DERECHOS SEXUALES Y REPRODUCTIVOS 2025 - (PFSAG_2026) (PFSAG_2025),Femenino,Adolescencia (12 - 17 años),Bachiller,Estudiante,COMUNA 21,Sur Oriente
1giJ0jyUWAfQhn2UBxpL8XpCoNtE72sfctKCggDFQ-LI,PF DERECHOS SEXUALES Y REPRODUCTIVOS 2025 - (PFSAG_2026) (PFSAG_2025),Femenino,Juventud (18 - 28 años),Pregrado,Estudiante,COMUNA 1,Norte
1giJ0jyUWAfQhn2UBxpL8XpCoNtE72sfctKCggDFQ-LI,PF DERECHOS SEXUALES Y REPRODUCTIVOS 2025 - (PFSAG_2026) (PFSAG_2025),Femenino,Adolescencia (12 - 17 años),Bachiller,Estudiante,COMUNA 18,Ladera
1giJ0jyUWAfQhn2UBxpL8XpCoNtE72sfctKCggDFQ-LI,PF DERECHOS SEXUALES Y REPRODUCTIVOS 2025 - (PFSAG_2026) (PFSAG_2025),Femenino,Adolescencia (12 - 17 años),Bachiller,Estudiante,COMUNA 11,Oriente
1giJ0jyUWAfQhn2UBxpL8XpCoNtE72sfctKCggDFQ-LI,PF DERECHOS SEXUALES Y REPRODUCTIVOS 2025 - (PFSAG_2026) (PFSAG_2025),Femenino,Adolescencia (12 - 17 años),Bachiller,Estudiante,COMUNA 15,Sur Oriente
1giJ0jyUWAfQhn2UBxpL8XpCoNtE72sfctKCggDFQ-LI,PF DERECHOS SEXUALES Y REPRODUCTIVOS 2025 - (PFSAG_2026) (PFSAG_2025),Masculino,Adolescencia (12 - 17 años),Bachiller,Estudiante,COMUNA 21,Oriente
1giJ0jyUWAfQhn2UBxpL8XpCoNtE72sfctKCggDFQ-LI,PF DERECHOS SEXUALES Y REPRODUCTIVOS 2025 - (PFSAG_2026) (PFSAG_2025),Femenino,Adolescencia (12 - 17 años),Bachiller,Estudiante,COMUNA 12,Oriente
1giJ0jyUWAfQhn2UBxpL8XpCoNtE72sfctKCggDFQ-LI,PF DERECHOS SEXUALES Y REPRODUCTIVOS 2025 - (PFSAG_2026) (PFSAG_2025),Femenino,Adolescencia (12 - 17 años),Bachiller,Estudiante,COMUNA 5,Norte
1giJ0jyUWAfQhn2UBxpL8XpCoNtE72sfctKCggDFQ-LI,PF DERECHOS SEXUALES Y REPRODUCTIVOS 2025 - (PFSAG_2026) (PFSAG_2025),Masculino,Adolescencia (12 - 17 años),Bachiller,Estudiante,COMUNA 18,Ladera
1giJ0jyUWAfQhn2UBxpL8XpCoNtE72sfctKCggDFQ-LI,PF DERECHOS SEXUALES Y REPRODUCTIVOS 2025 - (PFSAG_2026) (PFSAG_2025),Femenino,Adolescencia (12 - 17 años),Bachiller,Estudiante,COMUNA 21,Ladera
1giJ0jyUWAfQhn2UBxpL8XpCoNtE72sfctKCggDFQ-LI,PF DERECHOS SEXUALES Y REPRODUCTIVOS 2025 - (PFSAG_2026) (PFSAG_2025),Femenino,Adolescencia (12 - 17 años),Bachiller,Estudiante,COMUNA 15,Centro
1giJ0jyUWAfQhn2UBxpL8XpCoNtE72sfctKCggDFQ-LI,PF DERECHOS SEXUALES Y REPRODUCTIVOS 2025 - (PFSAG_2026) (PFSAG_2025),Femenino,Adolescencia (12 - 17 años),Bachiller,Estudiante,COMUNA 18,Sur Oriente
1giJ0jyUWAfQhn2UBxpL8XpCoNtE72sfctKCggDFQ-LI,PF DERECHOS SEXUALES Y REPRODUCTIVOS 2025 - (PFSAG_2026) (PFSAG_2025),Femenino,Adolescencia (12 - 17 años),Bachiller,Estudiante,COMUNA 3,Norte
1giJ0jyUWAfQhn2UBxpL8XpCoNtE72sfctKCggDFQ-LI,PF DERECHOS SEXUALES Y REPRODUCTIVOS 2025 - (PFSAG_2026) (PFSAG_2025),Masculino,Adolescencia (12 - 17 años),Bachiller,Estudiante,COMUNA 20,Ladera
1giJ0jyUWAfQhn2UBxpL8XpCoNtE72sfctKCggDFQ-LI,PF DERECHOS SEXUALES Y REPRODUCTIVOS 2025 - (PFSAG_2026) (PFSAG_2025),Masculino,Adolescencia (12 - 17 años),Bachiller,Estudiante,COMUNA 10,Centro
1giJ0jyUWAfQhn2UBxpL8XpCoNtE72sfctKCggDFQ-LI,PF DERECHOS SEXUALES Y REPRODUCTIVOS 2025 - (PFSAG_2026) (PFSAG_2025),Femenino,Adolescencia (12 - 17 años),Bachiller,Estudiante,COMUNA 16,Sur Oriente
1giJ0jyUWAfQhn2UBxpL8XpCoNtE72sfctKCggDFQ-LI,PF DERECHOS SEXUALES Y REPRODUCTIVOS 2025 - (PFSAG_2026) (PFSAG_2025),Femenino,Adolescencia (12 - 17 años),Bachiller,Estudiante,COMUNA 18,Sur Oriente
1giJ0jyUWAfQhn2UBxpL8XpCoNtE72sfctKCggDFQ-LI,PF DERECHOS SEXUALES Y REPRODUCTIVOS 2025 - (PFSAG_2026) (PFSAG_2025),Femenino,Adolescencia (12 - 17 años),Bachiller,Estudiante,COMUNA 18,Sur Oriente
1giJ0jyUWAfQhn2UBxpL8XpCoNtE72sfctKCggDFQ-LI,PF DERECHOS SEXUALES Y REPRODUCTIVOS 2025 - (PFSAG_2026) (PFSAG_2025),Femenino,Adolescencia (12 - 17 años),Bachiller,Estudiante,COMUNA 15,Oriente
1giJ0jyUWAfQhn2UBxpL8XpCoNtE72sfctKCggDFQ-LI,PF DERECHOS SEXUALES Y REPRODUCTIVOS 2025 - (PFSAG_2026) (PFSAG_2025),Masculino,Adolescencia (12 - 17 años),Bachiller,Estudiante,COMUNA 7,Norte
1giJ0jyUWAfQhn2UBxpL8XpCoNtE72sfctKCggDFQ-LI,PF DERECHOS SEXUALES Y REPRODUCTIVOS 2025 - (PFSAG_2026) (PFSAG_2025),Femenino,Adolescencia (12 - 17 años),Bachiller,Estudiante,COMUNA 20,Ladera
1giJ0jyUWAfQhn2UBxpL8XpCoNtE72sfctKCggDFQ-LI,PF DERECHOS SEXUALES Y REPRODUCTIVOS 2025 - (PFSAG_2026) (PFSAG_2025),Femenino,Adolescencia (12 - 17 años),Bachiller,Estudiante,COMUNA 14,Oriente
1giJ0jyUWAfQhn2UBxpL8XpCoNtE72sfctKCggDFQ-LI,PF DERECHOS SEXUALES Y REPRODUCTIVOS 2025 - (PFSAG_2026) (PFSAG_2025),Femenino,Adolescencia (12 - 17 años),Bachiller,Estudiante,COMUNA 15,Sur Oriente
1giJ0jyUWAfQhn2UBxpL8XpCoNtE72sfctKCggDFQ-LI,PF DERECHOS SEXUALES Y REPRODUCTIVOS 2025 - (PFSAG_2026) (PFSAG_2025),Femenino,Adolescencia (12 - 17 años),Bachiller,Estudiante,COMUNA 10,Sur Oriente
1giJ0jyUWAfQhn2UBxpL8XpCoNtE72sfctKCggDFQ-LI,PF DERECHOS SEXUALES Y REPRODUCTIVOS 2025 - (PFSAG_2026) (PFSAG_2025),Femenino,Adolescencia (12 - 17 años),Bachiller,Estudiante,COMUNA 15,Oriente
1giJ0jyUWAfQhn2UBxpL8XpCoNtE72sfctKCggDFQ-LI,PF DERECHOS SEXUALES Y REPRODUCTIVOS 2025 - (PFSAG_2026) (PFSAG_2025),Femenino,Adolescencia (12 - 17 años),Bachiller,Estudiante,COMUNA 1,Oriente
1giJ0jyUWAfQhn2UBxpL8XpCoNtE72sfctKCggDFQ-LI,PF DERECHOS SEXUALES Y REPRODUCTIVOS 2025 - (PFSAG_2026) (PFSAG_2025),Femenino,Adolescencia (12 - 17 años),Bachiller,Estudiante,COMUNA 6,Norte
1giJ0jyUWAfQhn2UBxpL8XpCoNtE72sfctKCggDFQ-LI,PF DERECHOS SEXUALES Y REPRODUCTIVOS 2025 - (PFSAG_2026) (PFSAG_2025),Masculino,Adolescencia (12 - 17 años),Bachiller,Estudiante,COMUNA 14,Norte
1giJ0jyUWAfQhn2UBxpL8XpCoNtE72sfctKCggDFQ-LI,PF DERECHOS SEXUALES Y REPRODUCTIVOS 2025 - (PFSAG_2026) (PFSAG_2025),Masculino,Adolescencia (12 - 17 años),Bachiller,Estudiante,COMUNA 15,Norte
1giJ0jyUWAfQhn2UBxpL8XpCoNtE72sfctKCggDFQ-LI,PF DERECHOS SEXUALES Y REPRODUCTIVOS 2025 - (PFSAG_2026) (PFSAG_2025),Masculino,Adolescencia (12 - 17 años),Bachiller,Estudiante,COMUNA 18,Norte
1giJ0jyUWAfQhn2UBxpL8XpCoNtE72sfctKCggDFQ-LI,PF DERECHOS SEXUALES Y REPRODUCTIVOS 2025 - (PFSAG_2026) (PFSAG_2025),Femenino,Adolescencia (12 - 17 años),Bachiller,Estudiante,COMUNA 11,Centro
1giJ0jyUWAfQhn2UBxpL8XpCoNtE72sfctKCggDFQ-LI,PF DERECHOS SEXUALES Y REPRODUCTIVOS 2025 - (PFSAG_2026) (PFSAG_2025),Femenino,Adolescencia (12 - 17 años),Bachiller,Estudiante,COMUNA 6,Norte
1giJ0jyUWAfQhn2UBxpL8XpCoNtE72sfctKCggDFQ-LI,PF DERECHOS SEXUALES Y REPRODUCTIVOS 2025 - (PFSAG_2026) (PFSAG_2025),Masculino,Adolescencia (12 - 17 años),Bachiller,Estudiante,COMUNA 18,Sur Oriente
1giJ0jyUWAfQhn2UBxpL8XpCoNtE72sfctKCggDFQ-LI,PF DERECHOS SEXUALES Y REPRODUCTIVOS 2025 - (PFSAG_2026) (PFSAG_2025),Masculino,Adolescencia (12 - 17 años),Bachiller,Estudiante,COMUNA 15,Oriente
1giJ0jyUWAfQhn2UBxpL8XpCoNtE72sfctKCggDFQ-LI,PF DERECHOS SEXUALES Y REPRODUCTIVOS 2025 - (PFSAG_2026) (PFSAG_2025),Femenino,Adolescencia (12 - 17 años),Bachiller,Estudiante,COMUNA 15,Oriente
1giJ0jyUWAfQhn2UBxpL8XpCoNtE72sfctKCggDFQ-LI,PF DERECHOS SEXUALES Y REPRODUCTIVOS 2025 - (PFSAG_2026) (PFSAG_2025),Masculino,Juventud (18 - 28 años),Bachiller,Estudiante,COMUNA 19,Sur Oriente
1giJ0jyUWAfQhn2UBxpL8XpCoNtE72sfctKCggDFQ-LI,PF DERECHOS SEXUALES Y REPRODUCTIVOS 2025 - (PFSAG_2026) (PFSAG_2025),Femenino,Adolescencia (12 - 17 años),Bachiller,Estudiante,COMUNA 15,Oriente
1giJ0jyUWAfQhn2UBxpL8XpCoNtE72sfctKCggDFQ-LI,PF DERECHOS SEXUALES Y REPRODUCTIVOS 2025 - (PFSAG_2026) (PFSAG_2025),Femenino,Adolescencia (12 - 17 años),Bachiller,Estudiante,COMUNA 16,Sur Oriente
1giJ0jyUWAfQhn2UBxpL8XpCoNtE72sfctKCggDFQ-LI,PF DERECHOS SEXUALES Y REPRODUCTIVOS 2025 - (PFSAG_2026) (PFSAG_2025),Masculino,Adolescencia (12 - 17 años),Bachiller,Estudiante,COMUNA 18,Sur Oriente
1giJ0jyUWAfQhn2UBxpL8XpCoNtE72sfctKCggDFQ-LI,PF DERECHOS SEXUALES Y REPRODUCTIVOS 2025 - (PFSAG_2026) (PFSAG_2025),Femenino,Adolescencia (12 - 17 años),Bachiller,Estudiante,COMUNA 15,Oriente
1giJ0jyUWAfQhn2UBxpL8XpCoNtE72sfctKCggDFQ-LI,PF DERECHOS SEXUALES Y REPRODUCTIVOS 2025 - (PFSAG_2026) (PFSAG_2025),Masculino,Adolescencia (12 - 17 años),Bachiller,Estudiante,COMUNA 20,Ladera
1giJ0jyUWAfQhn2UBxpL8XpCoNtE72sfctKCggDFQ-LI,PF DERECHOS SEXUALES Y REPRODUCTIVOS 2025 - (PFSAG_2026) (PFSAG_2025),Femenino,Adolescencia (12 - 17 años),Bachiller,Estudiante,COMUNA 18,Sur Oriente
1giJ0jyUWAfQhn2UBxpL8XpCoNtE72sfctKCggDFQ-LI,PF DERECHOS SEXUALES Y REPRODUCTIVOS 2025 - (PFSAG_2026) (PFSAG_2025),Masculino,Adolescencia (12 - 17 años),Ninguna,Estudiante,COMUNA 7,Norte
1giJ0jyUWAfQhn2UBxpL8XpCoNtE72sfctKCggDFQ-LI,PF DERECHOS SEXUALES Y REPRODUCTIVOS 2025 - (PFSAG_2026) (PFSAG_2025),Femenino,Adolescencia (12 - 17 años),Bachiller,Estudiante,COMUNA 17,Sur Oriente
1giJ0jyUWAfQhn2UBxpL8XpCoNtE72sfctKCggDFQ-LI,PF DERECHOS SEXUALES Y REPRODUCTIVOS 2025 - (PFSAG_2026) (PFSAG_2025),Masculino,Adolescencia (12 - 17 años),Bachiller,Estudiante,COMUNA 12,Oriente
1giJ0jyUWAfQhn2UBxpL8XpCoNtE72sfctKCggDFQ-LI,PF DERECHOS SEXUALES Y REPRODUCTIVOS 2025 - (PFSAG_2026) (PFSAG_2025),Femenino,Adolescencia (12 - 17 años),Bachiller,Estudiante,COMUNA 16,Sur Oriente
1giJ0jyUWAfQhn2UBxpL8XpCoNtE72sfctKCggDFQ-LI,PF DERECHOS SEXUALES Y REPRODUCTIVOS 2025 - (PFSAG_2026) (PFSAG_2025),Masculino,Adolescencia (12 - 17 años),Bachiller,Estudiante,COMUNA 10,Norte
1giJ0jyUWAfQhn2UBxpL8XpCoNtE72sfctKCggDFQ-LI,PF DERECHOS SEXUALES Y REPRODUCTIVOS 2025 - (PFSAG_2026) (PFSAG_2025),Femenino,Adolescencia (12 - 17 años),Bachiller,Estudiante,COMUNA 15,Sur Oriente
1giJ0jyUWAfQhn2UBxpL8XpCoNtE72sfctKCggDFQ-LI,PF DERECHOS SEXUALES Y REPRODUCTIVOS 2025 - (PFSAG_2026) (PFSAG_2025),Femenino,Adolescencia (12 - 17 años),Bachiller,Estudiante,COMUNA 20,Ladera
1giJ0jyUWAfQhn2UBxpL8XpCoNtE72sfctKCggDFQ-LI,PF DERECHOS SEXUALES Y REPRODUCTIVOS 2025 - (PFSAG_2026) (PFSAG_2025),Masculino,Adolescencia (12 - 17 años),Bachiller,Estudiante,COMUNA 21,Oriente
1giJ0jyUWAfQhn2UBxpL8XpCoNtE72sfctKCggDFQ-LI,PF DERECHOS SEXUALES Y REPRODUCTIVOS 2025 - (PFSAG_2026) (PFSAG_2025),Femenino,Juventud (18 - 28 años),Bachiller,Estudiante,COMUNA 3,Norte
1giJ0jyUWAfQhn2UBxpL8XpCoNtE72sfctKCggDFQ-LI,PF DERECHOS SEXUALES Y REPRODUCTIVOS 2025 - (PFSAG_2026) (PFSAG_2025),Femenino,Adolescencia (12 - 17 años),Ninguna,Estudiante,COMUNA 12,Oriente
1giJ0jyUWAfQhn2UBxpL8XpCoNtE72sfctKCggDFQ-LI,PF DERECHOS SEXUALES Y REPRODUCTIVOS 2025 - (PFSAG_2026) (PFSAG_2025),Masculino,Adolescencia (12 - 17 años),Bachiller,Estudiante,COMUNA 18,Ladera
1giJ0jyUWAfQhn2UBxpL8XpCoNtE72sfctKCggDFQ-LI,PF DERECHOS SEXUALES Y REPRODUCTIVOS 2025 - (PFSAG_2026) (PFSAG_2025),Femenino,Adolescencia (12 - 17 años),Bachiller,Estudiante,COMUNA 13,Oriente
1giJ0jyUWAfQhn2UBxpL8XpCoNtE72sfctKCggDFQ-LI,PF DERECHOS SEXUALES Y REPRODUCTIVOS 2025 - (PFSAG_2026) (PFSAG_2025),Masculino,Adolescencia (12 - 17 años),Bachiller,Estudiante,COMUNA 18,Norte
1giJ0jyUWAfQhn2UBxpL8XpCoNtE72sfctKCggDFQ-LI,PF DERECHOS SEXUALES Y REPRODUCTIVOS 2025 - (PFSAG_2026) (PFSAG_2025),Femenino,Adolescencia (12 - 17 años),Bachiller,Estudiante,COMUNA 16,Sur Oriente
1giJ0jyUWAfQhn2UBxpL8XpCoNtE72sfctKCggDFQ-LI,PF DERECHOS SEXUALES Y REPRODUCTIVOS 2025 - (PFSAG_2026) (PFSAG_2025),Femenino,Adolescencia (12 - 17 años),Bachiller,Estudiante,COMUNA 13,Oriente
1giJ0jyUWAfQhn2UBxpL8XpCoNtE72sfctKCggDFQ-LI,PF DERECHOS SEXUALES Y REPRODUCTIVOS 2025 - (PFSAG_2026) (PFSAG_2025),Femenino,Adolescencia (12 - 17 años),Bachiller,Estudiante,C. DE MONTEBELLO,Ladera
1giJ0jyUWAfQhn2UBxpL8XpCoNtE72sfctKCggDFQ-LI,PF DERECHOS SEXUALES Y REPRODUCTIVOS 2025 - (PFSAG_2026) (PFSAG_2025),Masculino,Adolescencia (12 - 17 años),Pregrado,Estudiante,COMUNA 21,Norte
1giJ0jyUWAfQhn2UBxpL8XpCoNtE72sfctKCggDFQ-LI,PF DERECHOS SEXUALES Y REPRODUCTIVOS 2025 - (PFSAG_2026) (PFSAG_2025),Masculino,Adolescencia (12 - 17 años),Bachiller,Estudiante,COMUNA 12,Oriente
1giJ0jyUWAfQhn2UBxpL8XpCoNtE72sfctKCggDFQ-LI,PF DERECHOS SEXUALES Y REPRODUCTIVOS 2025 - (PFSAG_2026) (PFSAG_2025),Femenino,Adolescencia (12 - 17 años),Bachiller,Estudiante,COMUNA 18,Ladera
1giJ0jyUWAfQhn2UBxpL8XpCoNtE72sfctKCggDFQ-LI,PF DERECHOS SEXUALES Y REPRODUCTIVOS 2025 - (PFSAG_2026) (PFSAG_2025),Masculino,Juventud (18 - 28 años),Bachiller,Estudiante,COMUNA 1,Norte
1giJ0jyUWAfQhn2UBxpL8XpCoNtE72sfctKCggDFQ-LI,PF DERECHOS SEXUALES Y REPRODUCTIVOS 2025 - (PFSAG_2026) (PFSAG_2025),Femenino,Adolescencia (12 - 17 años),Bachiller,Estudiante,COMUNA 20,Ladera
1giJ0jyUWAfQhn2UBxpL8XpCoNtE72sfctKCggDFQ-LI,PF DERECHOS SEXUALES Y REPRODUCTIVOS 2025 - (PFSAG_2026) (PFSAG_2025),Masculino,Adolescencia (12 - 17 años),Ninguna,Estudiante,COMUNA 18,Sur Oriente
1giJ0jyUWAfQhn2UBxpL8XpCoNtE72sfctKCggDFQ-LI,PF DERECHOS SEXUALES Y REPRODUCTIVOS 2025 - (PFSAG_2026) (PFSAG_2025),Femenino,Adolescencia (12 - 17 años),Bachiller,Estudiante,COMUNA 18,Ladera
1giJ0jyUWAfQhn2UBxpL8XpCoNtE72sfctKCggDFQ-LI,PF DERECHOS SEXUALES Y REPRODUCTIVOS 2025 - (PFSAG_2026) (PFSAG_2025),Femenino,Adolescencia (12 - 17 años),Bachiller,Estudiante,COMUNA 21,Oriente
1giJ0jyUWAfQhn2UBxpL8XpCoNtE72sfctKCggDFQ-LI,PF DERECHOS SEXUALES Y REPRODUCTIVOS 2025 - (PFSAG_2026) (PFSAG_2025),Femenino,Adolescencia (12 - 17 años),Bachiller,Estudiante,COMUNA 20,Ladera
1giJ0jyUWAfQhn2UBxpL8XpCoNtE72sfctKCggDFQ-LI,PF DERECHOS SEXUALES Y REPRODUCTIVOS 2025 - (PFSAG_2026) (PFSAG_2025),Femenino,Adolescencia (12 - 17 años),Bachiller,Estudiante,COMUNA 14,Norte
1giJ0jyUWAfQhn2UBxpL8XpCoNtE72sfctKCggDFQ-LI,PF DERECHOS SEXUALES Y REPRODUCTIVOS 2025 - (PFSAG_2026) (PFSAG_2025),Femenino,Adolescencia (12 - 17 años),Bachiller,Estudiante,COMUNA 10,Norte
1giJ0jyUWAfQhn2UBxpL8XpCoNtE72sfctKCggDFQ-LI,PF DERECHOS SEXUALES Y REPRODUCTIVOS 2025 - (PFSAG_2026) (PFSAG_2025),Masculino,Adolescencia (12 - 17 años),Bachiller,Estudiante,COMUNA 21,Ladera
1giJ0jyUWAfQhn2UBxpL8XpCoNtE72sfctKCggDFQ-LI,PF DERECHOS SEXUALES Y REPRODUCTIVOS 2025 - (PFSAG_2026) (PFSAG_2025),Femenino,Adolescencia (12 - 17 años),Bachiller,Estudiante,COMUNA 9,Ladera
1giJ0jyUWAfQhn2UBxpL8XpCoNtE72sfctKCggDFQ-LI,PF DERECHOS SEXUALES Y REPRODUCTIVOS 2025 - (PFSAG_2026) (PFSAG_2025),Femenino,Adolescencia (12 - 17 años),Bachiller,Estudiante,COMUNA 21,Oriente
1giJ0jyUWAfQhn2UBxpL8XpCoNtE72sfctKCggDFQ-LI,PF DERECHOS SEXUALES Y REPRODUCTIVOS 2025 - (PFSAG_2026) (PFSAG_2025),Masculino,Adolescencia (12 - 17 años),Bachiller,Estudiante,COMUNA 15,Norte
1giJ0jyUWAfQhn2UBxpL8XpCoNtE72sfctKCggDFQ-LI,PF DERECHOS SEXUALES Y REPRODUCTIVOS 2025 - (PFSAG_2026) (PFSAG_2025),Femenino,Adolescencia (12 - 17 años),Bachiller,Estudiante,COMUNA 16,Oriente
1giJ0jyUWAfQhn2UBxpL8XpCoNtE72sfctKCggDFQ-LI,PF DERECHOS SEXUALES Y REPRODUCTIVOS 2025 - (PFSAG_2026) (PFSAG_2025),Masculino,Adolescencia (12 - 17 años),Bachiller,Estudiante,COMUNA 18,Norte
1giJ0jyUWAfQhn2UBxpL8XpCoNtE72sfctKCggDFQ-LI,PF DERECHOS SEXUALES Y REPRODUCTIVOS 2025 - (PFSAG_2026) (PFSAG_2025),Masculino,Adolescencia (12 - 17 años),Bachiller,Estudiante,COMUNA 20,Ladera
1giJ0jyUWAfQhn2UBxpL8XpCoNtE72sfctKCggDFQ-LI,PF DERECHOS SEXUALES Y REPRODUCTIVOS 2025 - (PFSAG_2026) (PFSAG_2025),Femenino,Adolescencia (12 - 17 años),Bachiller,Estudiante,COMUNA 15,Oriente
1giJ0jyUWAfQhn2UBxpL8XpCoNtE72sfctKCggDFQ-LI,PF DERECHOS SEXUALES Y REPRODUCTIVOS 2025 - (PFSAG_2026) (PFSAG_2025),Femenino,Adolescencia (12 - 17 años),Bachiller,Estudiante,COMUNA 7,Norte
1giJ0jyUWAfQhn2UBxpL8XpCoNtE72sfctKCggDFQ-LI,PF DERECHOS SEXUALES Y REPRODUCTIVOS 2025 - (PFSAG_2026) (PFSAG_2025),Femenino,Adolescencia (12 - 17 años),Bachiller,Estudiante,COMUNA 3,Norte
1giJ0jyUWAfQhn2UBxpL8XpCoNtE72sfctKCggDFQ-LI,PF DERECHOS SEXUALES Y REPRODUCTIVOS 2025 - (PFSAG_2026) (PFSAG_2025),Femenino,Adolescencia (12 - 17 años),Bachiller,Estudiante,COMUNA 12,Centro
1giJ0jyUWAfQhn2UBxpL8XpCoNtE72sfctKCggDFQ-LI,PF DERECHOS SEXUALES Y REPRODUCTIVOS 2025 - (PFSAG_2026) (PFSAG_2025),Femenino,Adolescencia (12 - 17 años),Bachiller,Estudiante,COMUNA 9,Oriente
1giJ0jyUWAfQhn2UBxpL8XpCoNtE72sfctKCggDFQ-LI,PF DERECHOS SEXUALES Y REPRODUCTIVOS 2025 - (PFSAG_2026) (PFSAG_2025),Masculino,Adolescencia (12 - 17 años),Bachiller,Estudiante,COMUNA 13,Sur Oriente
1giJ0jyUWAfQhn2UBxpL8XpCoNtE72sfctKCggDFQ-LI,PF DERECHOS SEXUALES Y REPRODUCTIVOS 2025 - (PFSAG_2026) (PFSAG_2025),Femenino,Adolescencia (12 - 17 años),Bachiller,Estudiante,COMUNA 18,Sur Oriente
1giJ0jyUWAfQhn2UBxpL8XpCoNtE72sfctKCggDFQ-LI,PF DERECHOS SEXUALES Y REPRODUCTIVOS 2025 - (PFSAG_2026) (PFSAG_2025),Femenino,Adolescencia (12 - 17 años),Bachiller,Estudiante,COMUNA 16,Sur Oriente
1giJ0jyUWAfQhn2UBxpL8XpCoNtE72sfctKCggDFQ-LI,PF DERECHOS SEXUALES Y REPRODUCTIVOS 2025 - (PFSAG_2026) (PFSAG_2025),Femenino,Adolescencia (12 - 17 años),Bachiller,Estudiante,COMUNA 15,Sur Oriente
1giJ0jyUWAfQhn2UBxpL8XpCoNtE72sfctKCggDFQ-LI,PF DERECHOS SEXUALES Y REPRODUCTIVOS 2025 - (PFSAG_2026) (PFSAG_2025),Femenino,Adolescencia (12 - 17 años),Bachiller,Estudiante,COMUNA 5,Norte
1giJ0jyUWAfQhn2UBxpL8XpCoNtE72sfctKCggDFQ-LI,PF DERECHOS SEXUALES Y REPRODUCTIVOS 2025 - (PFSAG_2026) (PFSAG_2025),Masculino,Adolescencia (12 - 17 años),Bachiller,Estudiante,COMUNA 12,Oriente
1giJ0jyUWAfQhn2UBxpL8XpCoNtE72sfctKCggDFQ-LI,PF DERECHOS SEXUALES Y REPRODUCTIVOS 2025 - (PFSAG_2026) (PFSAG_2025),Masculino,Adolescencia (12 - 17 años),Bachiller,Estudiante,COMUNA 10,Sur Oriente
1giJ0jyUWAfQhn2UBxpL8XpCoNtE72sfctKCggDFQ-LI,PF DERECHOS SEXUALES Y REPRODUCTIVOS 2025 - (PFSAG_2026) (PFSAG_2025),Femenino,Adolescencia (12 - 17 años),Bachiller,Estudiante,COMUNA 3,Ladera
1giJ0jyUWAfQhn2UBxpL8XpCoNtE72sfctKCggDFQ-LI,PF DERECHOS SEXUALES Y REPRODUCTIVOS 2025 - (PFSAG_2026) (PFSAG_2025),Masculino,Adolescencia (12 - 17 años),Bachiller,Estudiante,COMUNA 12,Centro
1giJ0jyUWAfQhn2UBxpL8XpCoNtE72sfctKCggDFQ-LI,PF DERECHOS SEXUALES Y REPRODUCTIVOS 2025 - (PFSAG_2026) (PFSAG_2025),Femenino,Adolescencia (12 - 17 años),Bachiller,Estudiante,COMUNA 15,Sur Oriente
1giJ0jyUWAfQhn2UBxpL8XpCoNtE72sfctKCggDFQ-LI,PF DERECHOS SEXUALES Y REPRODUCTIVOS 2025 - (PFSAG_2026) (PFSAG_2025),Masculino,Adolescencia (12 - 17 años),Bachiller,Estudiante,COMUNA 12,Centro
1giJ0jyUWAfQhn2UBxpL8XpCoNtE72sfctKCggDFQ-LI,PF DERECHOS SEXUALES Y REPRODUCTIVOS 2025 - (PFSAG_2026) (PFSAG_2025),Masculino,Adolescencia (12 - 17 años),Bachiller,Estudiante,COMUNA 16,Sur Oriente
1giJ0jyUWAfQhn2UBxpL8XpCoNtE72sfctKCggDFQ-LI,PF DERECHOS SEXUALES Y REPRODUCTIVOS 2025 - (PFSAG_2026) (PFSAG_2025),Masculino,Adolescencia (12 - 17 años),Bachiller,Estudiante,COMUNA 12,Centro
1giJ0jyUWAfQhn2UBxpL8XpCoNtE72sfctKCggDFQ-LI,PF DERECHOS SEXUALES Y REPRODUCTIVOS 2025 - (PFSAG_2026) (PFSAG_2025),Femenino,Adolescencia (12 - 17 años),Bachiller,Estudiante,COMUNA 11,Oriente
1giJ0jyUWAfQhn2UBxpL8XpCoNtE72sfctKCggDFQ-LI,PF DERECHOS SEXUALES Y REPRODUCTIVOS 2025 - (PFSAG_2026) (PFSAG_2025),Femenino,Adolescencia (12 - 17 años),Bachiller,Estudiante,COMUNA 3,Norte
1giJ0jyUWAfQhn2UBxpL8XpCoNtE72sfctKCggDFQ-LI,PF DERECHOS SEXUALES Y REPRODUCTIVOS 2025 - (PFSAG_2026) (PFSAG_2025),Masculino,Adolescencia (12 - 17 años),Bachiller,Estudiante,COMUNA 18,Sur Oriente
1giJ0jyUWAfQhn2UBxpL8XpCoNtE72sfctKCggDFQ-LI,PF DERECHOS SEXUALES Y REPRODUCTIVOS 2025 - (PFSAG_2026) (PFSAG_2025),Femenino,Adolescencia (12 - 17 años),Bachiller,Estudiante,COMUNA 12,Sur Oriente
1giJ0jyUWAfQhn2UBxpL8XpCoNtE72sfctKCggDFQ-LI,PF DERECHOS SEXUALES Y REPRODUCTIVOS 2025 - (PFSAG_2026) (PFSAG_2025),Femenino,Adolescencia (12 - 17 años),Bachiller,Estudiante,COMUNA 18,Sur Oriente
1giJ0jyUWAfQhn2UBxpL8XpCoNtE72sfctKCggDFQ-LI,PF DERECHOS SEXUALES Y REPRODUCTIVOS 2025 - (PFSAG_2026) (PFSAG_2025),Femenino,Adolescencia (12 - 17 años),Bachiller,Estudiante,COMUNA 18,Ladera
1giJ0jyUWAfQhn2UBxpL8XpCoNtE72sfctKCggDFQ-LI,PF DERECHOS SEXUALES Y REPRODUCTIVOS 2025 - (PFSAG_2026) (PFSAG_2025),Masculino,Adolescencia (12 - 17 años),Bachiller,Estudiante,COMUNA 15,Oriente
1giJ0jyUWAfQhn2UBxpL8XpCoNtE72sfctKCggDFQ-LI,PF DERECHOS SEXUALES Y REPRODUCTIVOS 2025 - (PFSAG_2026) (PFSAG_2025),Masculino,Adolescencia (12 - 17 años),Bachiller,Estudiante,COMUNA 16,Centro
1giJ0jyUWAfQhn2UBxpL8XpCoNtE72sfctKCggDFQ-LI,PF DERECHOS SEXUALES Y REPRODUCTIVOS 2025 - (PFSAG_2026) (PFSAG_2025),Masculino,Adolescencia (12 - 17 años),Bachiller,Estudiante,COMUNA 9,Norte
1giJ0jyUWAfQhn2UBxpL8XpCoNtE72sfctKCggDFQ-LI,PF DERECHOS SEXUALES Y REPRODUCTIVOS 2025 - (PFSAG_2026) (PFSAG_2025),Femenino,Adolescencia (12 - 17 años),Postgrado,Estudiante,COMUNA 15,Centro
1giJ0jyUWAfQhn2UBxpL8XpCoNtE72sfctKCggDFQ-LI,PF DERECHOS SEXUALES Y REPRODUCTIVOS 2025 - (PFSAG_2026) (PFSAG_2025),Masculino,Adolescencia (12 - 17 años),Bachiller,Estudiante,COMUNA 12,Oriente
1giJ0jyUWAfQhn2UBxpL8XpCoNtE72sfctKCggDFQ-LI,PF DERECHOS SEXUALES Y REPRODUCTIVOS 2025 - (PFSAG_2026) (PFSAG_2025),Femenino,Adolescencia (12 - 17 años),Bachiller,Estudiante,COMUNA 13,Centro
1giJ0jyUWAfQhn2UBxpL8XpCoNtE72sfctKCggDFQ-LI,PF DERECHOS SEXUALES Y REPRODUCTIVOS 2025 - (PFSAG_2026) (PFSAG_2025),Femenino,Adolescencia (12 - 17 años),Bachiller,Estudiante,COMUNA 14,Oriente
1giJ0jyUWAfQhn2UBxpL8XpCoNtE72sfctKCggDFQ-LI,PF DERECHOS SEXUALES Y REPRODUCTIVOS 2025 - (PFSAG_2026) (PFSAG_2025),Masculino,Adolescencia (12 - 17 años),Bachiller,Estudiante,COMUNA 2,Sur Oriente
1giJ0jyUWAfQhn2UBxpL8XpCoNtE72sfctKCggDFQ-LI,PF DERECHOS SEXUALES Y REPRODUCTIVOS 2025 - (PFSAG_2026) (PFSAG_2025),Femenino,Adolescencia (12 - 17 años),Bachiller,Estudiante,COMUNA 3,Centro
1giJ0jyUWAfQhn2UBxpL8XpCoNtE72sfctKCggDFQ-LI,PF DERECHOS SEXUALES Y REPRODUCTIVOS 2025 - (PFSAG_2026) (PFSAG_2025),Masculino,Adolescencia (12 - 17 años),Bachiller,Estudiante,COMUNA 11,Oriente
1giJ0jyUWAfQhn2UBxpL8XpCoNtE72sfctKCggDFQ-LI,PF DERECHOS SEXUALES Y REPRODUCTIVOS 2025 - (PFSAG_2026) (PFSAG_2025),Masculino,Adolescencia (12 - 17 años),Bachiller,Estudiante,COMUNA 10,Centro
1giJ0jyUWAfQhn2UBxpL8XpCoNtE72sfctKCggDFQ-LI,PF DERECHOS SEXUALES Y REPRODUCTIVOS 2025 - (PFSAG_2026) (PFSAG_2025),Femenino,Juventud (18 - 28 años),Bachiller,Estudiante,COMUNA 15,Centro
1giJ0jyUWAfQhn2UBxpL8XpCoNtE72sfctKCggDFQ-LI,PF DERECHOS SEXUALES Y REPRODUCTIVOS 2025 - (PFSAG_2026) (PFSAG_2025),Masculino,Adolescencia (12 - 17 años),Bachiller,Estudiante,COMUNA 12,Oriente
1giJ0jyUWAfQhn2UBxpL8XpCoNtE72sfctKCggDFQ-LI,PF DERECHOS SEXUALES Y REPRODUCTIVOS 2025 - (PFSAG_2026) (PFSAG_2025),Masculino,Adolescencia (12 - 17 años),Bachiller,Estudiante,COMUNA 15,Norte
1giJ0jyUWAfQhn2UBxpL8XpCoNtE72sfctKCggDFQ-LI,PF DERECHOS SEXUALES Y REPRODUCTIVOS 2025 - (PFSAG_2026) (PFSAG_2025),Femenino,Adolescencia (12 - 17 años),Ninguna,Estudiante,COMUNA 12,Norte
1giJ0jyUWAfQhn2UBxpL8XpCoNtE72sfctKCggDFQ-LI,PF DERECHOS SEXUALES Y REPRODUCTIVOS 2025 - (PFSAG_2026) (PFSAG_2025),Masculino,Adolescencia (12 - 17 años),Bachiller,Estudiante,COMUNA 15,Oriente
1giJ0jyUWAfQhn2UBxpL8XpCoNtE72sfctKCggDFQ-LI,PF DERECHOS SEXUALES Y REPRODUCTIVOS 2025 - (PFSAG_2026) (PFSAG_2025),Masculino,Adolescencia (12 - 17 años),Bachiller,Estudiante,COMUNA 18,Sur Oriente
1giJ0jyUWAfQhn2UBxpL8XpCoNtE72sfctKCggDFQ-LI,PF DERECHOS SEXUALES Y REPRODUCTIVOS 2025 - (PFSAG_2026) (PFSAG_2025),Intersexual,Adolescencia (12 - 17 años),Bachiller,Estudiante,COMUNA 4,Norte
1giJ0jyUWAfQhn2UBxpL8XpCoNtE72sfctKCggDFQ-LI,PF DERECHOS SEXUALES Y REPRODUCTIVOS 2025 - (PFSAG_2026) (PFSAG_2025),Femenino,Adolescencia (12 - 17 años),Bachiller,Estudiante,COMUNA 12,Centro
1giJ0jyUWAfQhn2UBxpL8XpCoNtE72sfctKCggDFQ-LI,PF DERECHOS SEXUALES Y REPRODUCTIVOS 2025 - (PFSAG_2026) (PFSAG_2025),Femenino,Adolescencia (12 - 17 años),Bachiller,Estudiante,COMUNA 3,Oriente
1giJ0jyUWAfQhn2UBxpL8XpCoNtE72sfctKCggDFQ-LI,PF DERECHOS SEXUALES Y REPRODUCTIVOS 2025 - (PFSAG_2026) (PFSAG_2025),Femenino,Adolescencia (12 - 17 años),Bachiller,Estudiante,COMUNA 3,Norte
1giJ0jyUWAfQhn2UBxpL8XpCoNtE72sfctKCggDFQ-LI,PF DERECHOS SEXUALES Y REPRODUCTIVOS 2025 - (PFSAG_2026) (PFSAG_2025),Femenino,Adolescencia (12 - 17 años),Ninguna,Estudiante,COMUNA 14,Norte
1giJ0jyUWAfQhn2UBxpL8XpCoNtE72sfctKCggDFQ-LI,PF DERECHOS SEXUALES Y REPRODUCTIVOS 2025 - (PFSAG_2026) (PFSAG_2025),Femenino,Adolescencia (12 - 17 años),Bachiller,Estudiante,COMUNA 7,Norte
1giJ0jyUWAfQhn2UBxpL8XpCoNtE72sfctKCggDFQ-LI,PF DERECHOS SEXUALES Y REPRODUCTIVOS 2025 - (PFSAG_2026) (PFSAG_2025),Femenino,Adolescencia (12 - 17 años),Bachiller,Estudiante,COMUNA 12,Sur Oriente
1giJ0jyUWAfQhn2UBxpL8XpCoNtE72sfctKCggDFQ-LI,PF DERECHOS SEXUALES Y REPRODUCTIVOS 2025 - (PFSAG_2026) (PFSAG_2025),Masculino,Adolescencia (12 - 17 años),Bachiller,Estudiante,COMUNA 12,Oriente
1giJ0jyUWAfQhn2UBxpL8XpCoNtE72sfctKCggDFQ-LI,PF DERECHOS SEXUALES Y REPRODUCTIVOS 2025 - (PFSAG_2026) (PFSAG_2025),Femenino,Adolescencia (12 - 17 años),Bachiller,Estudiante,COMUNA 21,Oriente
1giJ0jyUWAfQhn2UBxpL8XpCoNtE72sfctKCggDFQ-LI,PF DERECHOS SEXUALES Y REPRODUCTIVOS 2025 - (PFSAG_2026) (PFSAG_2025),Masculino,Adolescencia (12 - 17 años),Bachiller,Estudiante,COMUNA 18,Ladera
1giJ0jyUWAfQhn2UBxpL8XpCoNtE72sfctKCggDFQ-LI,PF DERECHOS SEXUALES Y REPRODUCTIVOS 2025 - (PFSAG_2026) (PFSAG_2025),Masculino,Adolescencia (12 - 17 años),Pregrado,Estudiante,COMUNA 13,Sur Oriente
1giJ0jyUWAfQhn2UBxpL8XpCoNtE72sfctKCggDFQ-LI,PF DERECHOS SEXUALES Y REPRODUCTIVOS 2025 - (PFSAG_2026) (PFSAG_2025),Femenino,Adolescencia (12 - 17 años),Bachiller,Estudiante,COMUNA 12,Sur Oriente
1giJ0jyUWAfQhn2UBxpL8XpCoNtE72sfctKCggDFQ-LI,PF DERECHOS SEXUALES Y REPRODUCTIVOS 2025 - (PFSAG_2026) (PFSAG_2025),Femenino,Adolescencia (12 - 17 años),Bachiller,Estudiante,COMUNA 7,Norte
11XjArl7gChPvlxKeA_0APY5pJLeRv53_mZqZUCjAcE8,SELLO DE NO DISCRIMINACIÓN 1°C 2025 - (SELLO_012025),Masculino,Adultez (29 - 59 años),Pregrado,Área de la salud,COMUNA 9,
11XjArl7gChPvlxKeA_0APY5pJLeRv53_mZqZUCjAcE8,SELLO DE NO DISCRIMINACIÓN 1°C 2025 - (SELLO_012025),Femenino,Adultez (29 - 59 años),Postgrado,Área de la salud,COMUNA 22,
11XjArl7gChPvlxKeA_0APY5pJLeRv53_mZqZUCjAcE8,SELLO DE NO DISCRIMINACIÓN 1°C 2025 - (SELLO_012025),Femenino,Adultez (29 - 59 años),Postgrado,Área de la salud,COMUNA 17,
11XjArl7gChPvlxKeA_0APY5pJLeRv53_mZqZUCjAcE8,SELLO DE NO DISCRIMINACIÓN 1°C 2025 - (SELLO_012025),Femenino,Adultez (29 - 59 años),Pregrado,Área de la salud,COMUNA 16,
11XjArl7gChPvlxKeA_0APY5pJLeRv53_mZqZUCjAcE8,SELLO DE NO DISCRIMINACIÓN 1°C 2025 - (SELLO_012025),Masculino,Adultez (29 - 59 años),Pregrado,Otro,COMUNA 10,
11XjArl7gChPvlxKeA_0APY5pJLeRv53_mZqZUCjAcE8,SELLO DE NO DISCRIMINACIÓN 1°C 2025 - (SELLO_012025),Femenino,Adultez (29 - 59 años),Postgrado,Área de la salud,COMUNA 8,
11XjArl7gChPvlxKeA_0APY5pJLeRv53_mZqZUCjAcE8,SELLO DE NO DISCRIMINACIÓN 1°C 2025 - (SELLO_012025),Masculino,Adultez (29 - 59 años),Pregrado,Área de la salud,COMUNA 2,
11XjArl7gChPvlxKeA_0APY5pJLeRv53_mZqZUCjAcE8,SELLO DE NO DISCRIMINACIÓN 1°C 2025 - (SELLO_012025),Masculino,Adultez (29 - 59 años),Pregrado,Área de la salud,COMUNA 10,
11XjArl7gChPvlxKeA_0APY5pJLeRv53_mZqZUCjAcE8,SELLO DE NO DISCRIMINACIÓN 1°C 2025 - (SELLO_012025),Masculino,Adultez (29 - 59 años),Pregrado,Estudiante,COMUNA 13,
11XjArl7gChPvlxKeA_0APY5pJLeRv53_mZqZUCjAcE8,SELLO DE NO DISCRIMINACIÓN 1°C 2025 - (SELLO_012025),Femenino,Adultez (29 - 59 años),Pregrado,Otro,COMUNA 21,
11XjArl7gChPvlxKeA_0APY5pJLeRv53_mZqZUCjAcE8,SELLO DE NO DISCRIMINACIÓN 1°C 2025 - (SELLO_012025),Femenino,Adultez (29 - 59 años),Pregrado,Área de la salud,COMUNA 2,
11XjArl7gChPvlxKeA_0APY5pJLeRv53_mZqZUCjAcE8,SELLO DE NO DISCRIMINACIÓN 1°C 2025 - (SELLO_012025),Masculino,Adultez (29 - 59 años),Postgrado,Otro,COMUNA 19,
11XjArl7gChPvlxKeA_0APY5pJLeRv53_mZqZUCjAcE8,SELLO DE NO DISCRIMINACIÓN 1°C 2025 - (SELLO_012025),Femenino,Adultez (29 - 59 años),Bachiller,Área de la salud,COMUNA 6,
11XjArl7gChPvlxKeA_0APY5pJLeRv53_mZqZUCjAcE8,SELLO DE NO DISCRIMINACIÓN 1°C 2025 - (SELLO_012025),Femenino,Adultez (29 - 59 años),Pregrado,Área de la salud,C. DE PANCE,
11XjArl7gChPvlxKeA_0APY5pJLeRv53_mZqZUCjAcE8,SELLO DE NO DISCRIMINACIÓN 1°C 2025 - (SELLO_012025),Masculino,Adultez (29 - 59 años),Pregrado,Área de la salud,COMUNA 17,
11XjArl7gChPvlxKeA_0APY5pJLeRv53_mZqZUCjAcE8,SELLO DE NO DISCRIMINACIÓN 1°C 2025 - (SELLO_012025),Femenino,Adultez (29 - 59 años),Postgrado,Otro,COMUNA 15,
11XjArl7gChPvlxKeA_0APY5pJLeRv53_mZqZUCjAcE8,SELLO DE NO DISCRIMINACIÓN 1°C 2025 - (SELLO_012025),Femenino,Adultez (29 - 59 años),Bachiller,Área de la salud,COMUNA 5,
11XjArl7gChPvlxKeA_0APY5pJLeRv53_mZqZUCjAcE8,SELLO DE NO DISCRIMINACIÓN 1°C 2025 - (SELLO_012025),Masculino,Adultez (29 - 59 años),Bachiller,Área de la salud,COMUNA 20,
11XjArl7gChPvlxKeA_0APY5pJLeRv53_mZqZUCjAcE8,SELLO DE NO DISCRIMINACIÓN 1°C 2025 - (SELLO_012025),Femenino,Adultez (29 - 59 años),Bachiller,Área de la salud,COMUNA 14,
11XjArl7gChPvlxKeA_0APY5pJLeRv53_mZqZUCjAcE8,SELLO DE NO DISCRIMINACIÓN 1°C 2025 - (SELLO_012025),Femenino,Adultez (29 - 59 años),Pregrado,Estudiante,COMUNA 17,
11XjArl7gChPvlxKeA_0APY5pJLeRv53_mZqZUCjAcE8,SELLO DE NO DISCRIMINACIÓN 1°C 2025 - (SELLO_012025),Masculino,Adultez (29 - 59 años),Bachiller,Área de la salud,COMUNA 12,
11XjArl7gChPvlxKeA_0APY5pJLeRv53_mZqZUCjAcE8,SELLO DE NO DISCRIMINACIÓN 1°C 2025 - (SELLO_012025),Femenino,Juventud (18 - 28 años),Pregrado,Otro,COMUNA 15,
11XjArl7gChPvlxKeA_0APY5pJLeRv53_mZqZUCjAcE8,SELLO DE NO DISCRIMINACIÓN 1°C 2025 - (SELLO_012025),Femenino,Adultez (29 - 59 años),Postgrado,Área de la salud,COMUNA 20,
11XjArl7gChPvlxKeA_0APY5pJLeRv53_mZqZUCjAcE8,SELLO DE NO DISCRIMINACIÓN 1°C 2025 - (SELLO_012025),Masculino,Adultez (29 - 59 años),Pregrado,Área de la salud,COMUNA 11,
11XjArl7gChPvlxKeA_0APY5pJLeRv53_mZqZUCjAcE8,SELLO DE NO DISCRIMINACIÓN 1°C 2025 - (SELLO_012025),Femenino,Juventud (18 - 28 años),Postgrado,Otro,COMUNA 21,
11XjArl7gChPvlxKeA_0APY5pJLeRv53_mZqZUCjAcE8,SELLO DE NO DISCRIMINACIÓN 1°C 2025 - (SELLO_012025),Femenino,Adultez (29 - 59 años),Pregrado,Estudiante,COMUNA 5,
11XjArl7gChPvlxKeA_0APY5pJLeRv53_mZqZUCjAcE8,SELLO DE NO DISCRIMINACIÓN 1°C 2025 - (SELLO_012025),Femenino,Adultez (29 - 59 años),Bachiller,Otro,COMUNA 15,
11XjArl7gChPvlxKeA_0APY5pJLeRv53_mZqZUCjAcE8,SELLO DE NO DISCRIMINACIÓN 1°C 2025 - (SELLO_012025),Femenino,Adultez (29 - 59 años),Postgrado,Área de la salud,COMUNA 17,
11XjArl7gChPvlxKeA_0APY5pJLeRv53_mZqZUCjAcE8,SELLO DE NO DISCRIMINACIÓN 1°C 2025 - (SELLO_012025),Femenino,Juventud (18 - 28 años),Bachiller,Otro,COMUNA 16,
11XjArl7gChPvlxKeA_0APY5pJLeRv53_mZqZUCjAcE8,SELLO DE NO DISCRIMINACIÓN 1°C 2025 - (SELLO_012025),Femenino,Adultez (29 - 59 años),Postgrado,Otro,C. DE LA BUITRERA,
11XjArl7gChPvlxKeA_0APY5pJLeRv53_mZqZUCjAcE8,SELLO DE NO DISCRIMINACIÓN 1°C 2025 - (SELLO_012025),Femenino,Adultez (29 - 59 años),Postgrado,Área de la salud,COMUNA 7,
11XjArl7gChPvlxKeA_0APY5pJLeRv53_mZqZUCjAcE8,SELLO DE NO DISCRIMINACIÓN 1°C 2025 - (SELLO_012025),Femenino,Adultez (29 - 59 años),Pregrado,Otro,COMUNA 5,
11XjArl7gChPvlxKeA_0APY5pJLeRv53_mZqZUCjAcE8,SELLO DE NO DISCRIMINACIÓN 1°C 2025 - (SELLO_012025),Femenino,Adultez (29 - 59 años),Pregrado,Área de la salud,COMUNA 17,
11XjArl7gChPvlxKeA_0APY5pJLeRv53_mZqZUCjAcE8,SELLO DE NO DISCRIMINACIÓN 1°C 2025 - (SELLO_012025),Femenino,Juventud (18 - 28 años),Postgrado,Otro,COMUNA 19,
11XjArl7gChPvlxKeA_0APY5pJLeRv53_mZqZUCjAcE8,SELLO DE NO DISCRIMINACIÓN 1°C 2025 - (SELLO_012025),Femenino,Adultez (29 - 59 años),Pregrado,Área de la salud,COMUNA 17,
11XjArl7gChPvlxKeA_0APY5pJLeRv53_mZqZUCjAcE8,SELLO DE NO DISCRIMINACIÓN 1°C 2025 - (SELLO_012025),Masculino,Adultez (29 - 59 años),Postgrado,Otro,COMUNA 11,
11XjArl7gChPvlxKeA_0APY5pJLeRv53_mZqZUCjAcE8,SELLO DE NO DISCRIMINACIÓN 1°C 2025 - (SELLO_012025),Femenino,Adultez (29 - 59 años),Bachiller,Área de la salud,COMUNA 13,
11XjArl7gChPvlxKeA_0APY5pJLeRv53_mZqZUCjAcE8,SELLO DE NO DISCRIMINACIÓN 1°C 2025 - (SELLO_012025),Femenino,Adultez (29 - 59 años),Pregrado,Área de la salud,COMUNA 10,
11XjArl7gChPvlxKeA_0APY5pJLeRv53_mZqZUCjAcE8,SELLO DE NO DISCRIMINACIÓN 1°C 2025 - (SELLO_012025),Masculino,Juventud (18 - 28 años),Pregrado,Otro,COMUNA 4,
11XjArl7gChPvlxKeA_0APY5pJLeRv53_mZqZUCjAcE8,SELLO DE NO DISCRIMINACIÓN 1°C 2025 - (SELLO_012025),Femenino,Adultez (29 - 59 años),Postgrado,Área de la salud,COMUNA 19,
11XjArl7gChPvlxKeA_0APY5pJLeRv53_mZqZUCjAcE8,SELLO DE NO DISCRIMINACIÓN 1°C 2025 - (SELLO_012025),Masculino,Adultez (29 - 59 años),Postgrado,Área de la salud,COMUNA 11,
11XjArl7gChPvlxKeA_0APY5pJLeRv53_mZqZUCjAcE8,SELLO DE NO DISCRIMINACIÓN 1°C 2025 - (SELLO_012025),Masculino,Adultez (29 - 59 años),Pregrado,Área de la salud,COMUNA 18,
11XjArl7gChPvlxKeA_0APY5pJLeRv53_mZqZUCjAcE8,SELLO DE NO DISCRIMINACIÓN 1°C 2025 - (SELLO_012025),Masculino,Juventud (18 - 28 años),Pregrado,Área de la salud,COMUNA 19,
11XjArl7gChPvlxKeA_0APY5pJLeRv53_mZqZUCjAcE8,SELLO DE NO DISCRIMINACIÓN 1°C 2025 - (SELLO_012025),Femenino,Adultez (29 - 59 años),Postgrado,Otro,COMUNA 2,
11XjArl7gChPvlxKeA_0APY5pJLeRv53_mZqZUCjAcE8,SELLO DE NO DISCRIMINACIÓN 1°C 2025 - (SELLO_012025),Masculino,Adultez (29 - 59 años),Pregrado,Otro,COMUNA 4,
11XjArl7gChPvlxKeA_0APY5pJLeRv53_mZqZUCjAcE8,SELLO DE NO DISCRIMINACIÓN 1°C 2025 - (SELLO_012025),Femenino,Vejez (60 años o más),Postgrado,Otro,COMUNA 5,
11XjArl7gChPvlxKeA_0APY5pJLeRv53_mZqZUCjAcE8,SELLO DE NO DISCRIMINACIÓN 1°C 2025 - (SELLO_012025),Femenino,Adultez (29 - 59 años),Postgrado,Área de la salud,COMUNA 10,
11XjArl7gChPvlxKeA_0APY5pJLeRv53_mZqZUCjAcE8,SELLO DE NO DISCRIMINACIÓN 1°C 2025 - (SELLO_012025),Masculino,Adultez (29 - 59 años),Postgrado,Área de la salud,COMUNA 4,
11XjArl7gChPvlxKeA_0APY5pJLeRv53_mZqZUCjAcE8,SELLO DE NO DISCRIMINACIÓN 1°C 2025 - (SELLO_012025),Femenino,Adultez (29 - 59 años),Pregrado,Área de la salud,COMUNA 16,
11XjArl7gChPvlxKeA_0APY5pJLeRv53_mZqZUCjAcE8,SELLO DE NO DISCRIMINACIÓN 1°C 2025 - (SELLO_012025),Masculino,Adultez (29 - 59 años),Pregrado,Área de la salud,COMUNA 5,
11XjArl7gChPvlxKeA_0APY5pJLeRv53_mZqZUCjAcE8,SELLO DE NO DISCRIMINACIÓN 1°C 2025 - (SELLO_012025),Masculino,Juventud (18 - 28 años),Pregrado,Otro,COMUNA 2,
11XjArl7gChPvlxKeA_0APY5pJLeRv53_mZqZUCjAcE8,SELLO DE NO DISCRIMINACIÓN 1°C 2025 - (SELLO_012025),Femenino,Adultez (29 - 59 años),Postgrado,Área de la salud,COMUNA 22,
11XjArl7gChPvlxKeA_0APY5pJLeRv53_mZqZUCjAcE8,SELLO DE NO DISCRIMINACIÓN 1°C 2025 - (SELLO_012025),Femenino,Adultez (29 - 59 años),Postgrado,Área de la salud,COMUNA 21,
11XjArl7gChPvlxKeA_0APY5pJLeRv53_mZqZUCjAcE8,SELLO DE NO DISCRIMINACIÓN 1°C 2025 - (SELLO_012025),Femenino,Juventud (18 - 28 años),Pregrado,Estudiante,COMUNA 6,
11XjArl7gChPvlxKeA_0APY5pJLeRv53_mZqZUCjAcE8,SELLO DE NO DISCRIMINACIÓN 1°C 2025 - (SELLO_012025),Femenino,Adultez (29 - 59 años),Postgrado,Otro,COMUNA 8,
11XjArl7gChPvlxKeA_0APY5pJLeRv53_mZqZUCjAcE8,SELLO DE NO DISCRIMINACIÓN 1°C 2025 - (SELLO_012025),Femenino,Adultez (29 - 59 años),Postgrado,Área de la salud,COMUNA 18,
11XjArl7gChPvlxKeA_0APY5pJLeRv53_mZqZUCjAcE8,SELLO DE NO DISCRIMINACIÓN 1°C 2025 - (SELLO_012025),Femenino,Adultez (29 - 59 años),Bachiller,Otro,COMUNA 19,
11XjArl7gChPvlxKeA_0APY5pJLeRv53_mZqZUCjAcE8,SELLO DE NO DISCRIMINACIÓN 1°C 2025 - (SELLO_012025),Femenino,Adultez (29 - 59 años),Postgrado,Área de la salud,COMUNA 17,
11XjArl7gChPvlxKeA_0APY5pJLeRv53_mZqZUCjAcE8,SELLO DE NO DISCRIMINACIÓN 1°C 2025 - (SELLO_012025),Femenino,Adultez (29 - 59 años),Postgrado,Área de la salud,COMUNA 18,
11XjArl7gChPvlxKeA_0APY5pJLeRv53_mZqZUCjAcE8,SELLO DE NO DISCRIMINACIÓN 1°C 2025 - (SELLO_012025),Femenino,Adultez (29 - 59 años),Pregrado,Área de la salud,COMUNA 22,
11XjArl7gChPvlxKeA_0APY5pJLeRv53_mZqZUCjAcE8,SELLO DE NO DISCRIMINACIÓN 1°C 2025 - (SELLO_012025),Femenino,Adultez (29 - 59 años),Postgrado,Área de la salud,COMUNA 17,
11XjArl7gChPvlxKeA_0APY5pJLeRv53_mZqZUCjAcE8,SELLO DE NO DISCRIMINACIÓN 1°C 2025 - (SELLO_012025),Femenino,Adultez (29 - 59 años),Postgrado,Área de la salud,COMUNA 11,
11XjArl7gChPvlxKeA_0APY5pJLeRv53_mZqZUCjAcE8,SELLO DE NO DISCRIMINACIÓN 1°C 2025 - (SELLO_012025),Femenino,Adultez (29 - 59 años),Bachiller,Área de la salud,COMUNA 18,
11XjArl7gChPvlxKeA_0APY5pJLeRv53_mZqZUCjAcE8,SELLO DE NO DISCRIMINACIÓN 1°C 2025 - (SELLO_012025),Femenino,Adultez (29 - 59 años),Pregrado,Área de la salud,COMUNA 9,
11XjArl7gChPvlxKeA_0APY5pJLeRv53_mZqZUCjAcE8,SELLO DE NO DISCRIMINACIÓN 1°C 2025 - (SELLO_012025),Masculino,Adultez (29 - 59 años),Pregrado,Área de la salud,COMUNA 8,
11XjArl7gChPvlxKeA_0APY5pJLeRv53_mZqZUCjAcE8,SELLO DE NO DISCRIMINACIÓN 1°C 2025 - (SELLO_012025),Masculino,Vejez (60 años o más),Postgrado,Área de la salud,COMUNA 5,
11XjArl7gChPvlxKeA_0APY5pJLeRv53_mZqZUCjAcE8,SELLO DE NO DISCRIMINACIÓN 1°C 2025 - (SELLO_012025),Femenino,Adultez (29 - 59 años),Pregrado,Área de la salud,COMUNA 16,
11XjArl7gChPvlxKeA_0APY5pJLeRv53_mZqZUCjAcE8,SELLO DE NO DISCRIMINACIÓN 1°C 2025 - (SELLO_012025),Femenino,Juventud (18 - 28 años),Pregrado,Área de la salud,COMUNA 5,
11XjArl7gChPvlxKeA_0APY5pJLeRv53_mZqZUCjAcE8,SELLO DE NO DISCRIMINACIÓN 1°C 2025 - (SELLO_012025),Femenino,Adultez (29 - 59 años),Pregrado,Área de la salud,COMUNA 6,
11XjArl7gChPvlxKeA_0APY5pJLeRv53_mZqZUCjAcE8,SELLO DE NO DISCRIMINACIÓN 1°C 2025 - (SELLO_012025),Femenino,Adultez (29 - 59 años),Pregrado,Área de la salud,COMUNA 16,
11XjArl7gChPvlxKeA_0APY5pJLeRv53_mZqZUCjAcE8,SELLO DE NO DISCRIMINACIÓN 1°C 2025 - (SELLO_012025),Femenino,Adultez (29 - 59 años),Pregrado,Área de la salud,COMUNA 17,
11XjArl7gChPvlxKeA_0APY5pJLeRv53_mZqZUCjAcE8,SELLO DE NO DISCRIMINACIÓN 1°C 2025 - (SELLO_012025),Femenino,Adultez (29 - 59 años),Bachiller,Otro,COMUNA 21,
11XjArl7gChPvlxKeA_0APY5pJLeRv53_mZqZUCjAcE8,SELLO DE NO DISCRIMINACIÓN 1°C 2025 - (SELLO_012025),Femenino,Adultez (29 - 59 años),Pregrado,Área de la salud,COMUNA 11,
11XjArl7gChPvlxKeA_0APY5pJLeRv53_mZqZUCjAcE8,SELLO DE NO DISCRIMINACIÓN 1°C 2025 - (SELLO_012025),Femenino,Adultez (29 - 59 años),Postgrado,Otro,COMUNA 17,
11XjArl7gChPvlxKeA_0APY5pJLeRv53_mZqZUCjAcE8,SELLO DE NO DISCRIMINACIÓN 1°C 2025 - (SELLO_012025),Femenino,Adultez (29 - 59 años),Pregrado,Área de la salud,COMUNA 10,
11XjArl7gChPvlxKeA_0APY5pJLeRv53_mZqZUCjAcE8,SELLO DE NO DISCRIMINACIÓN 1°C 2025 - (SELLO_012025),Masculino,Vejez (60 años o más),Bachiller,Otro,COMUNA 10,
11XjArl7gChPvlxKeA_0APY5pJLeRv53_mZqZUCjAcE8,SELLO DE NO DISCRIMINACIÓN 1°C 2025 - (SELLO_012025),Femenino,Adultez (29 - 59 años),Postgrado,Área de la salud,COMUNA 22,
11XjArl7gChPvlxKeA_0APY5pJLeRv53_mZqZUCjAcE8,SELLO DE NO DISCRIMINACIÓN 1°C 2025 - (SELLO_012025),Femenino,Adultez (29 - 59 años),Postgrado,Área de la salud,COMUNA 17,
11XjArl7gChPvlxKeA_0APY5pJLeRv53_mZqZUCjAcE8,SELLO DE NO DISCRIMINACIÓN 1°C 2025 - (SELLO_012025),Femenino,Adultez (29 - 59 años),Pregrado,Área de la salud,COMUNA 1,
11XjArl7gChPvlxKeA_0APY5pJLeRv53_mZqZUCjAcE8,SELLO DE NO DISCRIMINACIÓN 1°C 2025 - (SELLO_012025),Femenino,Adultez (29 - 59 años),Postgrado,Área de la salud,COMUNA 17,
11XjArl7gChPvlxKeA_0APY5pJLeRv53_mZqZUCjAcE8,SELLO DE NO DISCRIMINACIÓN 1°C 2025 - (SELLO_012025),Femenino,Adultez (29 - 59 años),Postgrado,Área de la salud,COMUNA 19,
11XjArl7gChPvlxKeA_0APY5pJLeRv53_mZqZUCjAcE8,SELLO DE NO DISCRIMINACIÓN 1°C 2025 - (SELLO_012025),Femenino,Adultez (29 - 59 años),Postgrado,Área de la salud,COMUNA 17,
11XjArl7gChPvlxKeA_0APY5pJLeRv53_mZqZUCjAcE8,SELLO DE NO DISCRIMINACIÓN 1°C 2025 - (SELLO_012025),Masculino,Juventud (18 - 28 años),Pregrado,Área de la salud,COMUNA 22,
11XjArl7gChPvlxKeA_0APY5pJLeRv53_mZqZUCjAcE8,SELLO DE NO DISCRIMINACIÓN 1°C 2025 - (SELLO_012025),Femenino,Adultez (29 - 59 años),Postgrado,Área de la salud,COMUNA 10,
11XjArl7gChPvlxKeA_0APY5pJLeRv53_mZqZUCjAcE8,SELLO DE NO DISCRIMINACIÓN 1°C 2025 - (SELLO_012025),Femenino,Adultez (29 - 59 años),Bachiller,Área de la salud,COMUNA 6,
11XjArl7gChPvlxKeA_0APY5pJLeRv53_mZqZUCjAcE8,SELLO DE NO DISCRIMINACIÓN 1°C 2025 - (SELLO_012025),Femenino,Adultez (29 - 59 años),Postgrado,Otro,COMUNA 17,
11XjArl7gChPvlxKeA_0APY5pJLeRv53_mZqZUCjAcE8,SELLO DE NO DISCRIMINACIÓN 1°C 2025 - (SELLO_012025),Masculino,Adultez (29 - 59 años),Postgrado,Área de la salud,COMUNA 2,
11XjArl7gChPvlxKeA_0APY5pJLeRv53_mZqZUCjAcE8,SELLO DE NO DISCRIMINACIÓN 1°C 2025 - (SELLO_012025),Femenino,Adultez (29 - 59 años),Pregrado,Área de la salud,COMUNA 10,
11XjArl7gChPvlxKeA_0APY5pJLeRv53_mZqZUCjAcE8,SELLO DE NO DISCRIMINACIÓN 1°C 2025 - (SELLO_012025),Femenino,Adultez (29 - 59 años),Bachiller,Área de la salud,COMUNA 15,
11XjArl7gChPvlxKeA_0APY5pJLeRv53_mZqZUCjAcE8,SELLO DE NO DISCRIMINACIÓN 1°C 2025 - (SELLO_012025),Femenino,Adultez (29 - 59 años),Pregrado,Área de la salud,COMUNA 17,
11XjArl7gChPvlxKeA_0APY5pJLeRv53_mZqZUCjAcE8,SELLO DE NO DISCRIMINACIÓN 1°C 2025 - (SELLO_012025),Masculino,Adultez (29 - 59 años),Pregrado,Área de la salud,COMUNA 7,
11XjArl7gChPvlxKeA_0APY5pJLeRv53_mZqZUCjAcE8,SELLO DE NO DISCRIMINACIÓN 1°C 2025 - (SELLO_012025),Femenino,Adultez (29 - 59 años),Postgrado,Área de la salud,COMUNA 19,
11XjArl7gChPvlxKeA_0APY5pJLeRv53_mZqZUCjAcE8,SELLO DE NO DISCRIMINACIÓN 1°C 2025 - (SELLO_012025),Femenino,Adultez (29 - 59 años),Bachiller,Área de la salud,COMUNA 18,
11XjArl7gChPvlxKeA_0APY5pJLeRv53_mZqZUCjAcE8,SELLO DE NO DISCRIMINACIÓN 1°C 2025 - (SELLO_012025),Femenino,Vejez (60 años o más),Pregrado,Área de la salud,COMUNA 6,
11XjArl7gChPvlxKeA_0APY5pJLeRv53_mZqZUCjAcE8,SELLO DE NO DISCRIMINACIÓN 1°C 2025 - (SELLO_012025),Femenino,Juventud (18 - 28 años),Pregrado,Área de la salud,COMUNA 16,
11XjArl7gChPvlxKeA_0APY5pJLeRv53_mZqZUCjAcE8,SELLO DE NO DISCRIMINACIÓN 1°C 2025 - (SELLO_012025),Masculino,Adultez (29 - 59 años),Pregrado,Otro,COMUNA 19,
11XjArl7gChPvlxKeA_0APY5pJLeRv53_mZqZUCjAcE8,SELLO DE NO DISCRIMINACIÓN 1°C 2025 - (SELLO_012025),Femenino,Adultez (29 - 59 años),Postgrado,Otro,COMUNA 22,
11XjArl7gChPvlxKeA_0APY5pJLeRv53_mZqZUCjAcE8,SELLO DE NO DISCRIMINACIÓN 1°C 2025 - (SELLO_012025),Femenino,Adultez (29 - 59 años),Postgrado,Área de la salud,COMUNA 16,
11XjArl7gChPvlxKeA_0APY5pJLeRv53_mZqZUCjAcE8,SELLO DE NO DISCRIMINACIÓN 1°C 2025 - (SELLO_012025),Masculino,Adultez (29 - 59 años),Postgrado,Otro,COMUNA 2,
11XjArl7gChPvlxKeA_0APY5pJLeRv53_mZqZUCjAcE8,SELLO DE NO DISCRIMINACIÓN 1°C 2025 - (SELLO_012025),Masculino,Adultez (29 - 59 años),Postgrado,Otro,COMUNA 17,
11XjArl7gChPvlxKeA_0APY5pJLeRv53_mZqZUCjAcE8,SELLO DE NO DISCRIMINACIÓN 1°C 2025 - (SELLO_012025),Femenino,Adultez (29 - 59 años),Pregrado,Área de la salud,COMUNA 3,
11XjArl7gChPvlxKeA_0APY5pJLeRv53_mZqZUCjAcE8,SELLO DE NO DISCRIMINACIÓN 1°C 2025 - (SELLO_012025),Femenino,Adultez (29 - 59 años),Postgrado,Área de la salud,COMUNA 19,
11XjArl7gChPvlxKeA_0APY5pJLeRv53_mZqZUCjAcE8,SELLO DE NO DISCRIMINACIÓN 1°C 2025 - (SELLO_012025),Femenino,Juventud (18 - 28 años),Pregrado,Área de la salud,COMUNA 5,
11XjArl7gChPvlxKeA_0APY5pJLeRv53_mZqZUCjAcE8,SELLO DE NO DISCRIMINACIÓN 1°C 2025 - (SELLO_012025),Femenino,Juventud (18 - 28 años),Pregrado,Otro,COMUNA 19,
11XjArl7gChPvlxKeA_0APY5pJLeRv53_mZqZUCjAcE8,SELLO DE NO DISCRIMINACIÓN 1°C 2025 - (SELLO_012025),Masculino,Adultez (29 - 59 años),Bachiller,Área de la salud,COMUNA 9,
11XjArl7gChPvlxKeA_0APY5pJLeRv53_mZqZUCjAcE8,SELLO DE NO DISCRIMINACIÓN 1°C 2025 - (SELLO_012025),Femenino,Adultez (29 - 59 años),Pregrado,Área de la salud,COMUNA 5,
11XjArl7gChPvlxKeA_0APY5pJLeRv53_mZqZUCjAcE8,SELLO DE NO DISCRIMINACIÓN 1°C 2025 - (SELLO_012025),Femenino,Adultez (29 - 59 años),Bachiller,Área de la salud,COMUNA 18,
11XjArl7gChPvlxKeA_0APY5pJLeRv53_mZqZUCjAcE8,SELLO DE NO DISCRIMINACIÓN 1°C 2025 - (SELLO_012025),Masculino,Vejez (60 años o más),Pregrado,Otro,COMUNA 15,
11XjArl7gChPvlxKeA_0APY5pJLeRv53_mZqZUCjAcE8,SELLO DE NO DISCRIMINACIÓN 1°C 2025 - (SELLO_012025),Masculino,Vejez (60 años o más),Postgrado,Área de la salud,COMUNA 10,
11XjArl7gChPvlxKeA_0APY5pJLeRv53_mZqZUCjAcE8,SELLO DE NO DISCRIMINACIÓN 1°C 2025 - (SELLO_012025),Femenino,Adultez (29 - 59 años),Pregrado,Área de la salud,COMUNA 6,
11XjArl7gChPvlxKeA_0APY5pJLeRv53_mZqZUCjAcE8,SELLO DE NO DISCRIMINACIÓN 1°C 2025 - (SELLO_012025),Femenino,Adultez (29 - 59 años),Postgrado,Área de la salud,C. DE PANCE,
11XjArl7gChPvlxKeA_0APY5pJLeRv53_mZqZUCjAcE8,SELLO DE NO DISCRIMINACIÓN 1°C 2025 - (SELLO_012025),Femenino,Adultez (29 - 59 años),Bachiller,Otro,COMUNA 6,
11XjArl7gChPvlxKeA_0APY5pJLeRv53_mZqZUCjAcE8,SELLO DE NO DISCRIMINACIÓN 1°C 2025 - (SELLO_012025),Masculino,Adultez (29 - 59 años),Postgrado,Área de la salud,COMUNA 12,
11XjArl7gChPvlxKeA_0APY5pJLeRv53_mZqZUCjAcE8,SELLO DE NO DISCRIMINACIÓN 1°C 2025 - (SELLO_012025),Masculino,Adultez (29 - 59 años),Pregrado,Otro,COMUNA 17,
11XjArl7gChPvlxKeA_0APY5pJLeRv53_mZqZUCjAcE8,SELLO DE NO DISCRIMINACIÓN 1°C 2025 - (SELLO_012025),Femenino,Adultez (29 - 59 años),Postgrado,Otro,COMUNA 21,
11XjArl7gChPvlxKeA_0APY5pJLeRv53_mZqZUCjAcE8,SELLO DE NO DISCRIMINACIÓN 1°C 2025 - (SELLO_012025),Masculino,Adultez (29 - 59 años),Postgrado,Área de la salud,COMUNA 19,
11XjArl7gChPvlxKeA_0APY5pJLeRv53_mZqZUCjAcE8,SELLO DE NO DISCRIMINACIÓN 1°C 2025 - (SELLO_012025),Femenino,Adultez (29 - 59 años),Pregrado,Área de la salud,COMUNA 17,
11XjArl7gChPvlxKeA_0APY5pJLeRv53_mZqZUCjAcE8,SELLO DE NO DISCRIMINACIÓN 1°C 2025 - (SELLO_012025),Femenino,Adultez (29 - 59 años),Pregrado,Área de la salud,C. DE FELIDIA,
11XjArl7gChPvlxKeA_0APY5pJLeRv53_mZqZUCjAcE8,SELLO DE NO DISCRIMINACIÓN 1°C 2025 - (SELLO_012025),Femenino,Adultez (29 - 59 años),Pregrado,Área de la salud,COMUNA 17,
11XjArl7gChPvlxKeA_0APY5pJLeRv53_mZqZUCjAcE8,SELLO DE NO DISCRIMINACIÓN 1°C 2025 - (SELLO_012025),Femenino,Adultez (29 - 59 años),Postgrado,Área de la salud,COMUNA 17,
11XjArl7gChPvlxKeA_0APY5pJLeRv53_mZqZUCjAcE8,SELLO DE NO DISCRIMINACIÓN 1°C 2025 - (SELLO_012025),Femenino,Adultez (29 - 59 años),Pregrado,Área de la salud,COMUNA 10,
11XjArl7gChPvlxKeA_0APY5pJLeRv53_mZqZUCjAcE8,SELLO DE NO DISCRIMINACIÓN 1°C 2025 - (SELLO_012025),Masculino,Adultez (29 - 59 años),Postgrado,Área de la salud,COMUNA 17,
11XjArl7gChPvlxKeA_0APY5pJLeRv53_mZqZUCjAcE8,SELLO DE NO DISCRIMINACIÓN 1°C 2025 - (SELLO_012025),Femenino,Adultez (29 - 59 años),Postgrado,Área de la salud,COMUNA 22,
11XjArl7gChPvlxKeA_0APY5pJLeRv53_mZqZUCjAcE8,SELLO DE NO DISCRIMINACIÓN 1°C 2025 - (SELLO_012025),Masculino,Adultez (29 - 59 años),Bachiller,Área de la salud,COMUNA 15,
11XjArl7gChPvlxKeA_0APY5pJLeRv53_mZqZUCjAcE8,SELLO DE NO DISCRIMINACIÓN 1°C 2025 - (SELLO_012025),Femenino,Adultez (29 - 59 años),Pregrado,Área de la salud,COMUNA 5,
11XjArl7gChPvlxKeA_0APY5pJLeRv53_mZqZUCjAcE8,SELLO DE NO DISCRIMINACIÓN 1°C 2025 - (SELLO_012025),Femenino,Vejez (60 años o más),Pregrado,Área de la salud,COMUNA 22,
11XjArl7gChPvlxKeA_0APY5pJLeRv53_mZqZUCjAcE8,SELLO DE NO DISCRIMINACIÓN 1°C 2025 - (SELLO_012025),Femenino,Adultez (29 - 59 años),Pregrado,Área de la salud,COMUNA 15,
11XjArl7gChPvlxKeA_0APY5pJLeRv53_mZqZUCjAcE8,SELLO DE NO DISCRIMINACIÓN 1°C 2025 - (SELLO_012025),Masculino,Adultez (29 - 59 años),Pregrado,Área de la salud,COMUNA 17,
11XjArl7gChPvlxKeA_0APY5pJLeRv53_mZqZUCjAcE8,SELLO DE NO DISCRIMINACIÓN 1°C 2025 - (SELLO_012025),Femenino,Adultez (29 - 59 años),Postgrado,Área de la salud,COMUNA 17,
11XjArl7gChPvlxKeA_0APY5pJLeRv53_mZqZUCjAcE8,SELLO DE NO DISCRIMINACIÓN 1°C 2025 - (SELLO_012025),Femenino,Vejez (60 años o más),Pregrado,Área de la salud,COMUNA 10,
11XjArl7gChPvlxKeA_0APY5pJLeRv53_mZqZUCjAcE8,SELLO DE NO DISCRIMINACIÓN 1°C 2025 - (SELLO_012025),Femenino,Adultez (29 - 59 años),Bachiller,Otro,COMUNA 13,
11XjArl7gChPvlxKeA_0APY5pJLeRv53_mZqZUCjAcE8,SELLO DE NO DISCRIMINACIÓN 1°C 2025 - (SELLO_012025),Femenino,Adultez (29 - 59 años),Pregrado,Área de la salud,COMUNA 17,
11XjArl7gChPvlxKeA_0APY5pJLeRv53_mZqZUCjAcE8,SELLO DE NO DISCRIMINACIÓN 1°C 2025 - (SELLO_012025),Femenino,Adultez (29 - 59 años),Pregrado,Otro,COMUNA 6,
11XjArl7gChPvlxKeA_0APY5pJLeRv53_mZqZUCjAcE8,SELLO DE NO DISCRIMINACIÓN 1°C 2025 - (SELLO_012025),Femenino,Adultez (29 - 59 años),Postgrado,Área de la salud,COMUNA 8,
11XjArl7gChPvlxKeA_0APY5pJLeRv53_mZqZUCjAcE8,SELLO DE NO DISCRIMINACIÓN 1°C 2025 - (SELLO_012025),Femenino,Adultez (29 - 59 años),Pregrado,Otro,COMUNA 5,
11XjArl7gChPvlxKeA_0APY5pJLeRv53_mZqZUCjAcE8,SELLO DE NO DISCRIMINACIÓN 1°C 2025 - (SELLO_012025),Femenino,Adultez (29 - 59 años),Postgrado,Área de la salud,COMUNA 22,
11XjArl7gChPvlxKeA_0APY5pJLeRv53_mZqZUCjAcE8,SELLO DE NO DISCRIMINACIÓN 1°C 2025 - (SELLO_012025),Femenino,Adultez (29 - 59 años),Pregrado,Área de la salud,COMUNA 8,
11XjArl7gChPvlxKeA_0APY5pJLeRv53_mZqZUCjAcE8,SELLO DE NO DISCRIMINACIÓN 1°C 2025 - (SELLO_012025),Femenino,Adultez (29 - 59 años),Pregrado,Área de la salud,COMUNA 9,
11XjArl7gChPvlxKeA_0APY5pJLeRv53_mZqZUCjAcE8,SELLO DE NO DISCRIMINACIÓN 1°C 2025 - (SELLO_012025),Masculino,Vejez (60 años o más),Pregrado,Área de la salud,COMUNA 2,
11XjArl7gChPvlxKeA_0APY5pJLeRv53_mZqZUCjAcE8,SELLO DE NO DISCRIMINACIÓN 1°C 2025 - (SELLO_012025),Femenino,Juventud (18 - 28 años),Pregrado,Otro,COMUNA 3,
11XjArl7gChPvlxKeA_0APY5pJLeRv53_mZqZUCjAcE8,SELLO DE NO DISCRIMINACIÓN 1°C 2025 - (SELLO_012025),Masculino,Adultez (29 - 59 años),Postgrado,Área de la salud,COMUNA 16,
11XjArl7gChPvlxKeA_0APY5pJLeRv53_mZqZUCjAcE8,SELLO DE NO DISCRIMINACIÓN 1°C 2025 - (SELLO_012025),Femenino,Vejez (60 años o más),Pregrado,Otro,COMUNA 21,
11XjArl7gChPvlxKeA_0APY5pJLeRv53_mZqZUCjAcE8,SELLO DE NO DISCRIMINACIÓN 1°C 2025 - (SELLO_012025),Masculino,Vejez (60 años o más),Bachiller,Área de la salud,COMUNA 4,
11XjArl7gChPvlxKeA_0APY5pJLeRv53_mZqZUCjAcE8,SELLO DE NO DISCRIMINACIÓN 1°C 2025 - (SELLO_012025),Femenino,Adultez (29 - 59 años),Postgrado,Área de la salud,COMUNA 17,
11XjArl7gChPvlxKeA_0APY5pJLeRv53_mZqZUCjAcE8,SELLO DE NO DISCRIMINACIÓN 1°C 2025 - (SELLO_012025),Masculino,Adultez (29 - 59 años),Pregrado,Otro,COMUNA 10,
11XjArl7gChPvlxKeA_0APY5pJLeRv53_mZqZUCjAcE8,SELLO DE NO DISCRIMINACIÓN 1°C 2025 - (SELLO_012025),Masculino,Adultez (29 - 59 años),Pregrado,Área de la salud,COMUNA 8,
11XjArl7gChPvlxKeA_0APY5pJLeRv53_mZqZUCjAcE8,SELLO DE NO DISCRIMINACIÓN 1°C 2025 - (SELLO_012025),Masculino,Adultez (29 - 59 años),Postgrado,Otro,COMUNA 22,
11XjArl7gChPvlxKeA_0APY5pJLeRv53_mZqZUCjAcE8,SELLO DE NO DISCRIMINACIÓN 1°C 2025 - (SELLO_012025),Femenino,Adultez (29 - 59 años),Pregrado,Área de la salud,COMUNA 8,
11XjArl7gChPvlxKeA_0APY5pJLeRv53_mZqZUCjAcE8,SELLO DE NO DISCRIMINACIÓN 1°C 2025 - (SELLO_012025),Masculino,Adultez (29 - 59 años),Postgrado,Área de la salud,COMUNA 4,
11XjArl7gChPvlxKeA_0APY5pJLeRv53_mZqZUCjAcE8,SELLO DE NO DISCRIMINACIÓN 1°C 2025 - (SELLO_012025),Femenino,Adultez (29 - 59 años),Pregrado,Área de la salud,COMUNA 22,
11XjArl7gChPvlxKeA_0APY5pJLeRv53_mZqZUCjAcE8,SELLO DE NO DISCRIMINACIÓN 1°C 2025 - (SELLO_012025),Femenino,Adultez (29 - 59 años),Postgrado,Área de la salud,COMUNA 22,
11XjArl7gChPvlxKeA_0APY5pJLeRv53_mZqZUCjAcE8,SELLO DE NO DISCRIMINACIÓN 1°C 2025 - (SELLO_012025),Femenino,Juventud (18 - 28 años),Pregrado,Área de la salud,COMUNA 8,
11XjArl7gChPvlxKeA_0APY5pJLeRv53_mZqZUCjAcE8,SELLO DE NO DISCRIMINACIÓN 1°C 2025 - (SELLO_012025),Femenino,Adultez (29 - 59 años),Postgrado,Área de la salud,COMUNA 2,
11XjArl7gChPvlxKeA_0APY5pJLeRv53_mZqZUCjAcE8,SELLO DE NO DISCRIMINACIÓN 1°C 2025 - (SELLO_012025),Masculino,Adultez (29 - 59 años),Pregrado,Área de la salud,COMUNA 17,
11XjArl7gChPvlxKeA_0APY5pJLeRv53_mZqZUCjAcE8,SELLO DE NO DISCRIMINACIÓN 1°C 2025 - (SELLO_012025),Femenino,Adultez (29 - 59 años),Pregrado,Área de la salud,COMUNA 10,
11XjArl7gChPvlxKeA_0APY5pJLeRv53_mZqZUCjAcE8,SELLO DE NO DISCRIMINACIÓN 1°C 2025 - (SELLO_012025),Femenino,Adultez (29 - 59 años),Bachiller,Área de la salud,COMUNA 12,
11XjArl7gChPvlxKeA_0APY5pJLeRv53_mZqZUCjAcE8,SELLO DE NO DISCRIMINACIÓN 1°C 2025 - (SELLO_012025),Femenino,Adultez (29 - 59 años),Postgrado,Área de la salud,COMUNA 2,
11XjArl7gChPvlxKeA_0APY5pJLeRv53_mZqZUCjAcE8,SELLO DE NO DISCRIMINACIÓN 1°C 2025 - (SELLO_012025),Femenino,Adultez (29 - 59 años),Pregrado,Área de la salud,COMUNA 19,
11XjArl7gChPvlxKeA_0APY5pJLeRv53_mZqZUCjAcE8,SELLO DE NO DISCRIMINACIÓN 1°C 2025 - (SELLO_012025),Femenino,Adultez (29 - 59 años),Postgrado,Otro,COMUNA 22,
11XjArl7gChPvlxKeA_0APY5pJLeRv53_mZqZUCjAcE8,SELLO DE NO DISCRIMINACIÓN 1°C 2025 - (SELLO_012025),Masculino,Adultez (29 - 59 años),Bachiller,Otro,COMUNA 10,
11XjArl7gChPvlxKeA_0APY5pJLeRv53_mZqZUCjAcE8,SELLO DE NO DISCRIMINACIÓN 1°C 2025 - (SELLO_012025),Femenino,Adultez (29 - 59 años),Pregrado,Área de la salud,COMUNA 11,
11XjArl7gChPvlxKeA_0APY5pJLeRv53_mZqZUCjAcE8,SELLO DE NO DISCRIMINACIÓN 1°C 2025 - (SELLO_012025),Masculino,Vejez (60 años o más),Postgrado,Área de la salud,COMUNA 17,
11XjArl7gChPvlxKeA_0APY5pJLeRv53_mZqZUCjAcE8,SELLO DE NO DISCRIMINACIÓN 1°C 2025 - (SELLO_012025),Femenino,Adultez (29 - 59 años),Pregrado,Área de la salud,COMUNA 8,
11XjArl7gChPvlxKeA_0APY5pJLeRv53_mZqZUCjAcE8,SELLO DE NO DISCRIMINACIÓN 1°C 2025 - (SELLO_012025),Femenino,Adultez (29 - 59 años),Pregrado,Otro,COMUNA 8,
11XjArl7gChPvlxKeA_0APY5pJLeRv53_mZqZUCjAcE8,SELLO DE NO DISCRIMINACIÓN 1°C 2025 - (SELLO_012025),Femenino,Adultez (29 - 59 años),Postgrado,Área de la salud,COMUNA 8,
11XjArl7gChPvlxKeA_0APY5pJLeRv53_mZqZUCjAcE8,SELLO DE NO DISCRIMINACIÓN 1°C 2025 - (SELLO_012025),Masculino,Adultez (29 - 59 años),Bachiller,Otro,COMUNA 14,
11XjArl7gChPvlxKeA_0APY5pJLeRv53_mZqZUCjAcE8,SELLO DE NO DISCRIMINACIÓN 1°C 2025 - (SELLO_012025),Femenino,Adultez (29 - 59 años),Pregrado,Otro,COMUNA 4,
11XjArl7gChPvlxKeA_0APY5pJLeRv53_mZqZUCjAcE8,SELLO DE NO DISCRIMINACIÓN 1°C 2025 - (SELLO_012025),Masculino,Adultez (29 - 59 años),Bachiller,Área de la salud,COMUNA 21,
11XjArl7gChPvlxKeA_0APY5pJLeRv53_mZqZUCjAcE8,SELLO DE NO DISCRIMINACIÓN 1°C 2025 - (SELLO_012025),Femenino,Adultez (29 - 59 años),Bachiller,Otro,COMUNA 17,
11XjArl7gChPvlxKeA_0APY5pJLeRv53_mZqZUCjAcE8,SELLO DE NO DISCRIMINACIÓN 1°C 2025 - (SELLO_012025),Masculino,Adultez (29 - 59 años),Pregrado,Área de la salud,C. DE PANCE,
11XjArl7gChPvlxKeA_0APY5pJLeRv53_mZqZUCjAcE8,SELLO DE NO DISCRIMINACIÓN 1°C 2025 - (SELLO_012025),Femenino,Vejez (60 años o más),Pregrado,Área de la salud,COMUNA 19,
11XjArl7gChPvlxKeA_0APY5pJLeRv53_mZqZUCjAcE8,SELLO DE NO DISCRIMINACIÓN 1°C 2025 - (SELLO_012025),Femenino,Adultez (29 - 59 años),Pregrado,Área de la salud,COMUNA 19,
11XjArl7gChPvlxKeA_0APY5pJLeRv53_mZqZUCjAcE8,SELLO DE NO DISCRIMINACIÓN 1°C 2025 - (SELLO_012025),Femenino,Adultez (29 - 59 años),Postgrado,Otro,COMUNA 22,
11XjArl7gChPvlxKeA_0APY5pJLeRv53_mZqZUCjAcE8,SELLO DE NO DISCRIMINACIÓN 1°C 2025 - (SELLO_012025),Femenino,Adultez (29 - 59 años),Pregrado,Otro,COMUNA 17,
11XjArl7gChPvlxKeA_0APY5pJLeRv53_mZqZUCjAcE8,SELLO DE NO DISCRIMINACIÓN 1°C 2025 - (SELLO_012025),Femenino,Adultez (29 - 59 años),Postgrado,Área de la salud,COMUNA 22,
11XjArl7gChPvlxKeA_0APY5pJLeRv53_mZqZUCjAcE8,SELLO DE NO DISCRIMINACIÓN 1°C 2025 - (SELLO_012025),Femenino,Adultez (29 - 59 años),Postgrado,Otro,C. DE PANCE,
11XjArl7gChPvlxKeA_0APY5pJLeRv53_mZqZUCjAcE8,SELLO DE NO DISCRIMINACIÓN 1°C 2025 - (SELLO_012025),Femenino,Adultez (29 - 59 años),Postgrado,Área de la salud,COMUNA 19,
11XjArl7gChPvlxKeA_0APY5pJLeRv53_mZqZUCjAcE8,SELLO DE NO DISCRIMINACIÓN 1°C 2025 - (SELLO_012025),Masculino,Adultez (29 - 59 años),Pregrado,Otro,COMUNA 15,
11XjArl7gChPvlxKeA_0APY5pJLeRv53_mZqZUCjAcE8,SELLO DE NO DISCRIMINACIÓN 1°C 2025 - (SELLO_012025),Femenino,Adultez (29 - 59 años),Postgrado,Área de la salud,COMUNA 16,
11XjArl7gChPvlxKeA_0APY5pJLeRv53_mZqZUCjAcE8,SELLO DE NO DISCRIMINACIÓN 1°C 2025 - (SELLO_012025),Femenino,Adultez (29 - 59 años),Pregrado,Área de la salud,COMUNA 19,
11XjArl7gChPvlxKeA_0APY5pJLeRv53_mZqZUCjAcE8,SELLO DE NO DISCRIMINACIÓN 1°C 2025 - (SELLO_012025),Femenino,Adultez (29 - 59 años),Pregrado,Área de la salud,COMUNA 4,
11XjArl7gChPvlxKeA_0APY5pJLeRv53_mZqZUCjAcE8,SELLO DE NO DISCRIMINACIÓN 1°C 2025 - (SELLO_012025),Femenino,Adultez (29 - 59 años),Postgrado,Otro,COMUNA 17,
11XjArl7gChPvlxKeA_0APY5pJLeRv53_mZqZUCjAcE8,SELLO DE NO DISCRIMINACIÓN 1°C 2025 - (SELLO_012025),Masculino,Adultez (29 - 59 años),Postgrado,Área de la salud,COMUNA 7,
11XjArl7gChPvlxKeA_0APY5pJLeRv53_mZqZUCjAcE8,SELLO DE NO DISCRIMINACIÓN 1°C 2025 - (SELLO_012025),Masculino,Adultez (29 - 59 años),Postgrado,Otro,COMUNA 18,
11XjArl7gChPvlxKeA_0APY5pJLeRv53_mZqZUCjAcE8,SELLO DE NO DISCRIMINACIÓN 1°C 2025 - (SELLO_012025),Femenino,Adultez (29 - 59 años),Pregrado,Área de la salud,COMUNA 10,
11XjArl7gChPvlxKeA_0APY5pJLeRv53_mZqZUCjAcE8,SELLO DE NO DISCRIMINACIÓN 1°C 2025 - (SELLO_012025),Femenino,Adultez (29 - 59 años),Pregrado,Área de la salud,COMUNA 19,
11XjArl7gChPvlxKeA_0APY5pJLeRv53_mZqZUCjAcE8,SELLO DE NO DISCRIMINACIÓN 1°C 2025 - (SELLO_012025),Masculino,Adultez (29 - 59 años),Pregrado,Otro,COMUNA 17,
11XjArl7gChPvlxKeA_0APY5pJLeRv53_mZqZUCjAcE8,SELLO DE NO DISCRIMINACIÓN 1°C 2025 - (SELLO_012025),Masculino,Adultez (29 - 59 años),Pregrado,Otro,COMUNA 2,
11XjArl7gChPvlxKeA_0APY5pJLeRv53_mZqZUCjAcE8,SELLO DE NO DISCRIMINACIÓN 1°C 2025 - (SELLO_012025),Femenino,Adultez (29 - 59 años),Pregrado,Área de la salud,COMUNA 17,
11XjArl7gChPvlxKeA_0APY5pJLeRv53_mZqZUCjAcE8,SELLO DE NO DISCRIMINACIÓN 1°C 2025 - (SELLO_012025),Femenino,Adultez (29 - 59 años),Pregrado,Área de la salud,COMUNA 2,
11XjArl7gChPvlxKeA_0APY5pJLeRv53_mZqZUCjAcE8,SELLO DE NO DISCRIMINACIÓN 1°C 2025 - (SELLO_012025),Masculino,Vejez (60 años o más),Postgrado,Área de la salud,C. DE EL HORMIGUERO,
11XjArl7gChPvlxKeA_0APY5pJLeRv53_mZqZUCjAcE8,SELLO DE NO DISCRIMINACIÓN 1°C 2025 - (SELLO_012025),Femenino,Juventud (18 - 28 años),Postgrado,Estudiante,COMUNA 3,
11XjArl7gChPvlxKeA_0APY5pJLeRv53_mZqZUCjAcE8,SELLO DE NO DISCRIMINACIÓN 1°C 2025 - (SELLO_012025),Masculino,Adultez (29 - 59 años),Pregrado,Área de la salud,COMUNA 22,
11XjArl7gChPvlxKeA_0APY5pJLeRv53_mZqZUCjAcE8,SELLO DE NO DISCRIMINACIÓN 1°C 2025 - (SELLO_012025),Masculino,Adultez (29 - 59 años),Pregrado,Área de la salud,COMUNA 10,
11XjArl7gChPvlxKeA_0APY5pJLeRv53_mZqZUCjAcE8,SELLO DE NO DISCRIMINACIÓN 1°C 2025 - (SELLO_012025),Femenino,Juventud (18 - 28 años),Pregrado,Área de la salud,COMUNA 5,
11XjArl7gChPvlxKeA_0APY5pJLeRv53_mZqZUCjAcE8,SELLO DE NO DISCRIMINACIÓN 1°C 2025 - (SELLO_012025),Femenino,Adultez (29 - 59 años),Bachiller,Otro,COMUNA 2,
11XjArl7gChPvlxKeA_0APY5pJLeRv53_mZqZUCjAcE8,SELLO DE NO DISCRIMINACIÓN 1°C 2025 - (SELLO_012025),Femenino,Adultez (29 - 59 años),Postgrado,Otro,COMUNA 22,
11XjArl7gChPvlxKeA_0APY5pJLeRv53_mZqZUCjAcE8,SELLO DE NO DISCRIMINACIÓN 1°C 2025 - (SELLO_012025),Femenino,Adultez (29 - 59 años),Postgrado,Área de la salud,COMUNA 19,
11XjArl7gChPvlxKeA_0APY5pJLeRv53_mZqZUCjAcE8,SELLO DE NO DISCRIMINACIÓN 1°C 2025 - (SELLO_012025),Masculino,Juventud (18 - 28 años),Postgrado,Área de la salud,COMUNA 6,
11XjArl7gChPvlxKeA_0APY5pJLeRv53_mZqZUCjAcE8,SELLO DE NO DISCRIMINACIÓN 1°C 2025 - (SELLO_012025),Femenino,Adultez (29 - 59 años),Bachiller,Área de la salud,COMUNA 15,
11XjArl7gChPvlxKeA_0APY5pJLeRv53_mZqZUCjAcE8,SELLO DE NO DISCRIMINACIÓN 1°C 2025 - (SELLO_012025),Masculino,Juventud (18 - 28 años),Pregrado,Área de la salud,COMUNA 6,
11XjArl7gChPvlxKeA_0APY5pJLeRv53_mZqZUCjAcE8,SELLO DE NO DISCRIMINACIÓN 1°C 2025 - (SELLO_012025),Masculino,Adultez (29 - 59 años),Postgrado,Área de la salud,COMUNA 18,
11XjArl7gChPvlxKeA_0APY5pJLeRv53_mZqZUCjAcE8,SELLO DE NO DISCRIMINACIÓN 1°C 2025 - (SELLO_012025),Femenino,Adultez (29 - 59 años),Pregrado,Área de la salud,COMUNA 17,
11XjArl7gChPvlxKeA_0APY5pJLeRv53_mZqZUCjAcE8,SELLO DE NO DISCRIMINACIÓN 1°C 2025 - (SELLO_012025),Masculino,Juventud (18 - 28 años),Bachiller,Otro,COMUNA 6,
11XjArl7gChPvlxKeA_0APY5pJLeRv53_mZqZUCjAcE8,SELLO DE NO DISCRIMINACIÓN 1°C 2025 - (SELLO_012025),Masculino,Adultez (29 - 59 años),Postgrado,Área de la salud,COMUNA 4,
11XjArl7gChPvlxKeA_0APY5pJLeRv53_mZqZUCjAcE8,SELLO DE NO DISCRIMINACIÓN 1°C 2025 - (SELLO_012025),Femenino,Adultez (29 - 59 años),Pregrado,Área de la salud,COMUNA 10,
11XjArl7gChPvlxKeA_0APY5pJLeRv53_mZqZUCjAcE8,SELLO DE NO DISCRIMINACIÓN 1°C 2025 - (SELLO_012025),Femenino,Adultez (29 - 59 años),Postgrado,Otro,COMUNA 22,
11XjArl7gChPvlxKeA_0APY5pJLeRv53_mZqZUCjAcE8,SELLO DE NO DISCRIMINACIÓN 1°C 2025 - (SELLO_012025),Masculino,Juventud (18 - 28 años),Bachiller,Otro,COMUNA 19,
11XjArl7gChPvlxKeA_0APY5pJLeRv53_mZqZUCjAcE8,SELLO DE NO DISCRIMINACIÓN 1°C 2025 - (SELLO_012025),Femenino,Adultez (29 - 59 años),Pregrado,Área de la salud,COMUNA 1,
11XjArl7gChPvlxKeA_0APY5pJLeRv53_mZqZUCjAcE8,SELLO DE NO DISCRIMINACIÓN 1°C 2025 - (SELLO_012025),Femenino,Adultez (29 - 59 años),Postgrado,Otro,COMUNA 2,
11XjArl7gChPvlxKeA_0APY5pJLeRv53_mZqZUCjAcE8,SELLO DE NO DISCRIMINACIÓN 1°C 2025 - (SELLO_012025),Masculino,Adultez (29 - 59 años),Postgrado,Área de la salud,COMUNA 2,
11XjArl7gChPvlxKeA_0APY5pJLeRv53_mZqZUCjAcE8,SELLO DE NO DISCRIMINACIÓN 1°C 2025 - (SELLO_012025),Masculino,Adultez (29 - 59 años),Bachiller,Área de la salud,COMUNA 11,
11XjArl7gChPvlxKeA_0APY5pJLeRv53_mZqZUCjAcE8,SELLO DE NO DISCRIMINACIÓN 1°C 2025 - (SELLO_012025),Femenino,Adultez (29 - 59 años),Pregrado,Área de la salud,COMUNA 7,
11XjArl7gChPvlxKeA_0APY5pJLeRv53_mZqZUCjAcE8,SELLO DE NO DISCRIMINACIÓN 1°C 2025 - (SELLO_012025),Femenino,Adultez (29 - 59 años),Pregrado,Otro,COMUNA 8,
11XjArl7gChPvlxKeA_0APY5pJLeRv53_mZqZUCjAcE8,SELLO DE NO DISCRIMINACIÓN 1°C 2025 - (SELLO_012025),Femenino,Juventud (18 - 28 años),Pregrado,Área de la salud,COMUNA 2,
11XjArl7gChPvlxKeA_0APY5pJLeRv53_mZqZUCjAcE8,SELLO DE NO DISCRIMINACIÓN 1°C 2025 - (SELLO_012025),Masculino,Adultez (29 - 59 años),Postgrado,Área de la salud,COMUNA 19,
11XjArl7gChPvlxKeA_0APY5pJLeRv53_mZqZUCjAcE8,SELLO DE NO DISCRIMINACIÓN 1°C 2025 - (SELLO_012025),Masculino,Adultez (29 - 59 años),Postgrado,Área de la salud,COMUNA 16,
11XjArl7gChPvlxKeA_0APY5pJLeRv53_mZqZUCjAcE8,SELLO DE NO DISCRIMINACIÓN 1°C 2025 - (SELLO_012025),Femenino,Adultez (29 - 59 años),Postgrado,Otro,COMUNA 22,
11XjArl7gChPvlxKeA_0APY5pJLeRv53_mZqZUCjAcE8,SELLO DE NO DISCRIMINACIÓN 1°C 2025 - (SELLO_012025),Femenino,Adultez (29 - 59 años),Bachiller,Área de la salud,COMUNA 12,
11XjArl7gChPvlxKeA_0APY5pJLeRv53_mZqZUCjAcE8,SELLO DE NO DISCRIMINACIÓN 1°C 2025 - (SELLO_012025),Femenino,Vejez (60 años o más),Pregrado,Área de la salud,COMUNA 15,
11XjArl7gChPvlxKeA_0APY5pJLeRv53_mZqZUCjAcE8,SELLO DE NO DISCRIMINACIÓN 1°C 2025 - (SELLO_012025),Femenino,Adultez (29 - 59 años),Postgrado,Área de la salud,COMUNA 4,
11XjArl7gChPvlxKeA_0APY5pJLeRv53_mZqZUCjAcE8,SELLO DE NO DISCRIMINACIÓN 1°C 2025 - (SELLO_012025),Femenino,Adultez (29 - 59 años),Pregrado,Área de la salud,COMUNA 2,
11XjArl7gChPvlxKeA_0APY5pJLeRv53_mZqZUCjAcE8,SELLO DE NO DISCRIMINACIÓN 1°C 2025 - (SELLO_012025),Femenino,Adultez (29 - 59 años),Postgrado,Área de la salud,COMUNA 19,
11XjArl7gChPvlxKeA_0APY5pJLeRv53_mZqZUCjAcE8,SELLO DE NO DISCRIMINACIÓN 1°C 2025 - (SELLO_012025),Femenino,Juventud (18 - 28 años),Postgrado,Área de la salud,COMUNA 19,
11XjArl7gChPvlxKeA_0APY5pJLeRv53_mZqZUCjAcE8,SELLO DE NO DISCRIMINACIÓN 1°C 2025 - (SELLO_012025),Femenino,Adultez (29 - 59 años),Postgrado,Área de la salud,COMUNA 10,
11XjArl7gChPvlxKeA_0APY5pJLeRv53_mZqZUCjAcE8,SELLO DE NO DISCRIMINACIÓN 1°C 2025 - (SELLO_012025),Femenino,Adultez (29 - 59 años),Postgrado,Área de la salud,COMUNA 19,
11XjArl7gChPvlxKeA_0APY5pJLeRv53_mZqZUCjAcE8,SELLO DE NO DISCRIMINACIÓN 1°C 2025 - (SELLO_012025),Femenino,Adultez (29 - 59 años),Postgrado,Área de la salud,COMUNA 5,
11XjArl7gChPvlxKeA_0APY5pJLeRv53_mZqZUCjAcE8,SELLO DE NO DISCRIMINACIÓN 1°C 2025 - (SELLO_012025),Masculino,Adultez (29 - 59 años),Pregrado,Área de la salud,COMUNA 10,
11XjArl7gChPvlxKeA_0APY5pJLeRv53_mZqZUCjAcE8,SELLO DE NO DISCRIMINACIÓN 1°C 2025 - (SELLO_012025),Masculino,Adultez (29 - 59 años),Postgrado,Área de la salud,COMUNA 10,
11XjArl7gChPvlxKeA_0APY5pJLeRv53_mZqZUCjAcE8,SELLO DE NO DISCRIMINACIÓN 1°C 2025 - (SELLO_012025),Femenino,Adultez (29 - 59 años),Bachiller,Área de la salud,COMUNA 5,
11XjArl7gChPvlxKeA_0APY5pJLeRv53_mZqZUCjAcE8,SELLO DE NO DISCRIMINACIÓN 1°C 2025 - (SELLO_012025),Femenino,Adultez (29 - 59 años),Bachiller,Otro,COMUNA 13,
11XjArl7gChPvlxKeA_0APY5pJLeRv53_mZqZUCjAcE8,SELLO DE NO DISCRIMINACIÓN 1°C 2025 - (SELLO_012025),Femenino,Adultez (29 - 59 años),Postgrado,Área de la salud,COMUNA 19,
11XjArl7gChPvlxKeA_0APY5pJLeRv53_mZqZUCjAcE8,SELLO DE NO DISCRIMINACIÓN 1°C 2025 - (SELLO_012025),Femenino,Adultez (29 - 59 años),Postgrado,Otro,COMUNA 18,
11XjArl7gChPvlxKeA_0APY5pJLeRv53_mZqZUCjAcE8,SELLO DE NO DISCRIMINACIÓN 1°C 2025 - (SELLO_012025),Femenino,Adultez (29 - 59 años),Postgrado,Área de la salud,COMUNA 6,
11XjArl7gChPvlxKeA_0APY5pJLeRv53_mZqZUCjAcE8,SELLO DE NO DISCRIMINACIÓN 1°C 2025 - (SELLO_012025),Femenino,Vejez (60 años o más),Postgrado,Área de la salud,COMUNA 12,
11XjArl7gChPvlxKeA_0APY5pJLeRv53_mZqZUCjAcE8,SELLO DE NO DISCRIMINACIÓN 1°C 2025 - (SELLO_012025),Femenino,Adultez (29 - 59 años),Postgrado,Otro,COMUNA 17,
11XjArl7gChPvlxKeA_0APY5pJLeRv53_mZqZUCjAcE8,SELLO DE NO DISCRIMINACIÓN 1°C 2025 - (SELLO_012025),Femenino,Adultez (29 - 59 años),Postgrado,Otro,COMUNA 8,
11XjArl7gChPvlxKeA_0APY5pJLeRv53_mZqZUCjAcE8,SELLO DE NO DISCRIMINACIÓN 1°C 2025 - (SELLO_012025),Femenino,Adultez (29 - 59 años),Bachiller,Otro,COMUNA 12,
11XjArl7gChPvlxKeA_0APY5pJLeRv53_mZqZUCjAcE8,SELLO DE NO DISCRIMINACIÓN 1°C 2025 - (SELLO_012025),Masculino,Adultez (29 - 59 años),Postgrado,Área de la salud,COMUNA 8,
11XjArl7gChPvlxKeA_0APY5pJLeRv53_mZqZUCjAcE8,SELLO DE NO DISCRIMINACIÓN 1°C 2025 - (SELLO_012025),Femenino,Adultez (29 - 59 años),Pregrado,Área de la salud,COMUNA 8,
11XjArl7gChPvlxKeA_0APY5pJLeRv53_mZqZUCjAcE8,SELLO DE NO DISCRIMINACIÓN 1°C 2025 - (SELLO_012025),Femenino,Adultez (29 - 59 años),Pregrado,Otro,COMUNA 19,
11XjArl7gChPvlxKeA_0APY5pJLeRv53_mZqZUCjAcE8,SELLO DE NO DISCRIMINACIÓN 1°C 2025 - (SELLO_012025),Masculino,Adultez (29 - 59 años),Postgrado,Área de la salud,COMUNA 10,
11XjArl7gChPvlxKeA_0APY5pJLeRv53_mZqZUCjAcE8,SELLO DE NO DISCRIMINACIÓN 1°C 2025 - (SELLO_012025),Femenino,Juventud (18 - 28 años),Pregrado,Área de la salud,COMUNA 12,
11XjArl7gChPvlxKeA_0APY5pJLeRv53_mZqZUCjAcE8,SELLO DE NO DISCRIMINACIÓN 1°C 2025 - (SELLO_012025),Masculino,Adultez (29 - 59 años),Pregrado,Área de la salud,COMUNA 17,
11XjArl7gChPvlxKeA_0APY5pJLeRv53_mZqZUCjAcE8,SELLO DE NO DISCRIMINACIÓN 1°C 2025 - (SELLO_012025),Masculino,Adultez (29 - 59 años),Postgrado,Área de la salud,COMUNA 16,
11XjArl7gChPvlxKeA_0APY5pJLeRv53_mZqZUCjAcE8,SELLO DE NO DISCRIMINACIÓN 1°C 2025 - (SELLO_012025),Femenino,Adultez (29 - 59 años),Postgrado,Área de la salud,COMUNA 22,
11XjArl7gChPvlxKeA_0APY5pJLeRv53_mZqZUCjAcE8,SELLO DE NO DISCRIMINACIÓN 1°C 2025 - (SELLO_012025),Masculino,Vejez (60 años o más),Pregrado,Otro,COMUNA 10,
11XjArl7gChPvlxKeA_0APY5pJLeRv53_mZqZUCjAcE8,SELLO DE NO DISCRIMINACIÓN 1°C 2025 - (SELLO_012025),Masculino,Vejez (60 años o más),Bachiller,Otro,COMUNA 3,
11XjArl7gChPvlxKeA_0APY5pJLeRv53_mZqZUCjAcE8,SELLO DE NO DISCRIMINACIÓN 1°C 2025 - (SELLO_012025),Femenino,Vejez (60 años o más),Postgrado,Área de la salud,COMUNA 10,
11XjArl7gChPvlxKeA_0APY5pJLeRv53_mZqZUCjAcE8,SELLO DE NO DISCRIMINACIÓN 1°C 2025 - (SELLO_012025),Femenino,Juventud (18 - 28 años),Pregrado,Área de la salud,COMUNA 17,
11XjArl7gChPvlxKeA_0APY5pJLeRv53_mZqZUCjAcE8,SELLO DE NO DISCRIMINACIÓN 1°C 2025 - (SELLO_012025),Masculino,Adultez (29 - 59 años),Postgrado,Área de la salud,COMUNA 2,
11XjArl7gChPvlxKeA_0APY5pJLeRv53_mZqZUCjAcE8,SELLO DE NO DISCRIMINACIÓN 1°C 2025 - (SELLO_012025),Masculino,Adultez (29 - 59 años),Pregrado,Otro,COMUNA 17,
11XjArl7gChPvlxKeA_0APY5pJLeRv53_mZqZUCjAcE8,SELLO DE NO DISCRIMINACIÓN 1°C 2025 - (SELLO_012025),Masculino,Adultez (29 - 59 años),Pregrado,Área de la salud,COMUNA 22,
11XjArl7gChPvlxKeA_0APY5pJLeRv53_mZqZUCjAcE8,SELLO DE NO DISCRIMINACIÓN 1°C 2025 - (SELLO_012025),Femenino,Adultez (29 - 59 años),Postgrado,Otro,COMUNA 10,
11XjArl7gChPvlxKeA_0APY5pJLeRv53_mZqZUCjAcE8,SELLO DE NO DISCRIMINACIÓN 1°C 2025 - (SELLO_012025),Masculino,Juventud (18 - 28 años),Pregrado,Área de la salud,COMUNA 4,
11XjArl7gChPvlxKeA_0APY5pJLeRv53_mZqZUCjAcE8,SELLO DE NO DISCRIMINACIÓN 1°C 2025 - (SELLO_012025),Femenino,Adultez (29 - 59 años),Bachiller,Área de la salud,COMUNA 15,
11XjArl7gChPvlxKeA_0APY5pJLeRv53_mZqZUCjAcE8,SELLO DE NO DISCRIMINACIÓN 1°C 2025 - (SELLO_012025),Femenino,Adultez (29 - 59 años),Postgrado,Otro,COMUNA 10,
11XjArl7gChPvlxKeA_0APY5pJLeRv53_mZqZUCjAcE8,SELLO DE NO DISCRIMINACIÓN 1°C 2025 - (SELLO_012025),Femenino,Adultez (29 - 59 años),Pregrado,Área de la salud,COMUNA 18,
11XjArl7gChPvlxKeA_0APY5pJLeRv53_mZqZUCjAcE8,SELLO DE NO DISCRIMINACIÓN 1°C 2025 - (SELLO_012025),Femenino,Vejez (60 años o más),Postgrado,Área de la salud,COMUNA 17,
11XjArl7gChPvlxKeA_0APY5pJLeRv53_mZqZUCjAcE8,SELLO DE NO DISCRIMINACIÓN 1°C 2025 - (SELLO_012025),Femenino,Adultez (29 - 59 años),Bachiller,Otro,C. DE EL HORMIGUERO,
11XjArl7gChPvlxKeA_0APY5pJLeRv53_mZqZUCjAcE8,SELLO DE NO DISCRIMINACIÓN 1°C 2025 - (SELLO_012025),Masculino,Adultez (29 - 59 años),Pregrado,Área de la salud,COMUNA 12,
11XjArl7gChPvlxKeA_0APY5pJLeRv53_mZqZUCjAcE8,SELLO DE NO DISCRIMINACIÓN 1°C 2025 - (SELLO_012025),Femenino,Adultez (29 - 59 años),Postgrado,Área de la salud,COMUNA 10,
11XjArl7gChPvlxKeA_0APY5pJLeRv53_mZqZUCjAcE8,SELLO DE NO DISCRIMINACIÓN 1°C 2025 - (SELLO_012025),Masculino,Adultez (29 - 59 años),Postgrado,Área de la salud,COMUNA 16,
11XjArl7gChPvlxKeA_0APY5pJLeRv53_mZqZUCjAcE8,SELLO DE NO DISCRIMINACIÓN 1°C 2025 - (SELLO_012025),Femenino,Adultez (29 - 59 años),Postgrado,Área de la salud,COMUNA 17,
11XjArl7gChPvlxKeA_0APY5pJLeRv53_mZqZUCjAcE8,SELLO DE NO DISCRIMINACIÓN 1°C 2025 - (SELLO_012025),Masculino,Juventud (18 - 28 años),Pregrado,Área de la salud,COMUNA 17,
11XjArl7gChPvlxKeA_0APY5pJLeRv53_mZqZUCjAcE8,SELLO DE NO DISCRIMINACIÓN 1°C 2025 - (SELLO_012025),Femenino,Adultez (29 - 59 años),Postgrado,Área de la salud,COMUNA 22,
11XjArl7gChPvlxKeA_0APY5pJLeRv53_mZqZUCjAcE8,SELLO DE NO DISCRIMINACIÓN 1°C 2025 - (SELLO_012025),Femenino,Juventud (18 - 28 años),Postgrado,Área de la salud,COMUNA 18,
11XjArl7gChPvlxKeA_0APY5pJLeRv53_mZqZUCjAcE8,SELLO DE NO DISCRIMINACIÓN 1°C 2025 - (SELLO_012025),Femenino,Adultez (29 - 59 años),Bachiller,Área de la salud,COMUNA 13,
11XjArl7gChPvlxKeA_0APY5pJLeRv53_mZqZUCjAcE8,SELLO DE NO DISCRIMINACIÓN 1°C 2025 - (SELLO_012025),Femenino,Adultez (29 - 59 años),Postgrado,Otro,COMUNA 17,
11XjArl7gChPvlxKeA_0APY5pJLeRv53_mZqZUCjAcE8,SELLO DE NO DISCRIMINACIÓN 1°C 2025 - (SELLO_012025),Femenino,Adultez (29 - 59 años),Pregrado,Área de la salud,COMUNA 10,
11XjArl7gChPvlxKeA_0APY5pJLeRv53_mZqZUCjAcE8,SELLO DE NO DISCRIMINACIÓN 1°C 2025 - (SELLO_012025),Femenino,Adultez (29 - 59 años),Bachiller,Otro,COMUNA 5,
11XjArl7gChPvlxKeA_0APY5pJLeRv53_mZqZUCjAcE8,SELLO DE NO DISCRIMINACIÓN 1°C 2025 - (SELLO_012025),Femenino,Adultez (29 - 59 años),Postgrado,Área de la salud,C. DE LA BUITRERA,
11XjArl7gChPvlxKeA_0APY5pJLeRv53_mZqZUCjAcE8,SELLO DE NO DISCRIMINACIÓN 1°C 2025 - (SELLO_012025),Masculino,Adultez (29 - 59 años),Pregrado,Área de la salud,COMUNA 2,
11XjArl7gChPvlxKeA_0APY5pJLeRv53_mZqZUCjAcE8,SELLO DE NO DISCRIMINACIÓN 1°C 2025 - (SELLO_012025),Femenino,Adultez (29 - 59 años),Postgrado,Otro,COMUNA 19,
11XjArl7gChPvlxKeA_0APY5pJLeRv53_mZqZUCjAcE8,SELLO DE NO DISCRIMINACIÓN 1°C 2025 - (SELLO_012025),Femenino,Adultez (29 - 59 años),Pregrado,Área de la salud,COMUNA 17,
11XjArl7gChPvlxKeA_0APY5pJLeRv53_mZqZUCjAcE8,SELLO DE NO DISCRIMINACIÓN 1°C 2025 - (SELLO_012025),Femenino,Adultez (29 - 59 años),Postgrado,Área de la salud,COMUNA 2,
11XjArl7gChPvlxKeA_0APY5pJLeRv53_mZqZUCjAcE8,SELLO DE NO DISCRIMINACIÓN 1°C 2025 - (SELLO_012025),Femenino,Adultez (29 - 59 años),Postgrado,Área de la salud,COMUNA 20,
11XjArl7gChPvlxKeA_0APY5pJLeRv53_mZqZUCjAcE8,SELLO DE NO DISCRIMINACIÓN 1°C 2025 - (SELLO_012025),Femenino,Adultez (29 - 59 años),Pregrado,Área de la salud,COMUNA 15,
11XjArl7gChPvlxKeA_0APY5pJLeRv53_mZqZUCjAcE8,SELLO DE NO DISCRIMINACIÓN 1°C 2025 - (SELLO_012025),Femenino,Adultez (29 - 59 años),Pregrado,Área de la salud,C. DE LA BUITRERA,
11XjArl7gChPvlxKeA_0APY5pJLeRv53_mZqZUCjAcE8,SELLO DE NO DISCRIMINACIÓN 1°C 2025 - (SELLO_012025),Masculino,Adultez (29 - 59 años),Pregrado,Otro,COMUNA 10,
11XjArl7gChPvlxKeA_0APY5pJLeRv53_mZqZUCjAcE8,SELLO DE NO DISCRIMINACIÓN 1°C 2025 - (SELLO_012025),Masculino,Adultez (29 - 59 años),Pregrado,Área de la salud,COMUNA 18,
11XjArl7gChPvlxKeA_0APY5pJLeRv53_mZqZUCjAcE8,SELLO DE NO DISCRIMINACIÓN 1°C 2025 - (SELLO_012025),Masculino,Vejez (60 años o más),Bachiller,Área de la salud,COMUNA 10,
11XjArl7gChPvlxKeA_0APY5pJLeRv53_mZqZUCjAcE8,SELLO DE NO DISCRIMINACIÓN 1°C 2025 - (SELLO_012025),Femenino,Adultez (29 - 59 años),Pregrado,Área de la salud,COMUNA 5,
11XjArl7gChPvlxKeA_0APY5pJLeRv53_mZqZUCjAcE8,SELLO DE NO DISCRIMINACIÓN 1°C 2025 - (SELLO_012025),Femenino,Adultez (29 - 59 años),Postgrado,Otro,COMUNA 15,
11XjArl7gChPvlxKeA_0APY5pJLeRv53_mZqZUCjAcE8,SELLO DE NO DISCRIMINACIÓN 1°C 2025 - (SELLO_012025),Femenino,Juventud (18 - 28 años),Postgrado,Área de la salud,COMUNA 6,
11XjArl7gChPvlxKeA_0APY5pJLeRv53_mZqZUCjAcE8,SELLO DE NO DISCRIMINACIÓN 1°C 2025 - (SELLO_012025),Femenino,Adultez (29 - 59 años),Postgrado,Área de la salud,COMUNA 10,
11XjArl7gChPvlxKeA_0APY5pJLeRv53_mZqZUCjAcE8,SELLO DE NO DISCRIMINACIÓN 1°C 2025 - (SELLO_012025),Femenino,Adultez (29 - 59 años),Pregrado,Área de la salud,COMUNA 21,
11XjArl7gChPvlxKeA_0APY5pJLeRv53_mZqZUCjAcE8,SELLO DE NO DISCRIMINACIÓN 1°C 2025 - (SELLO_012025),Femenino,Adultez (29 - 59 años),Pregrado,Área de la salud,COMUNA 4,
11XjArl7gChPvlxKeA_0APY5pJLeRv53_mZqZUCjAcE8,SELLO DE NO DISCRIMINACIÓN 1°C 2025 - (SELLO_012025),Femenino,Adultez (29 - 59 años),Bachiller,Área de la salud,COMUNA 16,
11XjArl7gChPvlxKeA_0APY5pJLeRv53_mZqZUCjAcE8,SELLO DE NO DISCRIMINACIÓN 1°C 2025 - (SELLO_012025),Femenino,Adultez (29 - 59 años),Pregrado,Área de la salud,COMUNA 17,
11XjArl7gChPvlxKeA_0APY5pJLeRv53_mZqZUCjAcE8,SELLO DE NO DISCRIMINACIÓN 1°C 2025 - (SELLO_012025),Femenino,Juventud (18 - 28 años),Postgrado,Área de la salud,COMUNA 10,
11XjArl7gChPvlxKeA_0APY5pJLeRv53_mZqZUCjAcE8,SELLO DE NO DISCRIMINACIÓN 1°C 2025 - (SELLO_012025),Masculino,Vejez (60 años o más),Bachiller,Área de la salud,COMUNA 2,
11XjArl7gChPvlxKeA_0APY5pJLeRv53_mZqZUCjAcE8,SELLO DE NO DISCRIMINACIÓN 1°C 2025 - (SELLO_012025),Femenino,Adultez (29 - 59 años),Pregrado,Área de la salud,COMUNA 19,
11XjArl7gChPvlxKeA_0APY5pJLeRv53_mZqZUCjAcE8,SELLO DE NO DISCRIMINACIÓN 1°C 2025 - (SELLO_012025),Masculino,Adultez (29 - 59 años),Bachiller,Área de la salud,COMUNA 11,
11XjArl7gChPvlxKeA_0APY5pJLeRv53_mZqZUCjAcE8,SELLO DE NO DISCRIMINACIÓN 1°C 2025 - (SELLO_012025),Femenino,Juventud (18 - 28 años),Pregrado,Área de la salud,COMUNA 17,
11XjArl7gChPvlxKeA_0APY5pJLeRv53_mZqZUCjAcE8,SELLO DE NO DISCRIMINACIÓN 1°C 2025 - (SELLO_012025),Masculino,Adultez (29 - 59 años),Bachiller,Área de la salud,COMUNA 11,
11XjArl7gChPvlxKeA_0APY5pJLeRv53_mZqZUCjAcE8,SELLO DE NO DISCRIMINACIÓN 1°C 2025 - (SELLO_012025),Masculino,Adultez (29 - 59 años),Postgrado,Área de la salud,COMUNA 19,
11XjArl7gChPvlxKeA_0APY5pJLeRv53_mZqZUCjAcE8,SELLO DE NO DISCRIMINACIÓN 1°C 2025 - (SELLO_012025),Femenino,Juventud (18 - 28 años),Pregrado,Otro,COMUNA 7,
11XjArl7gChPvlxKeA_0APY5pJLeRv53_mZqZUCjAcE8,SELLO DE NO DISCRIMINACIÓN 1°C 2025 - (SELLO_012025),Femenino,Adultez (29 - 59 años),Pregrado,Otro,COMUNA 19,
11XjArl7gChPvlxKeA_0APY5pJLeRv53_mZqZUCjAcE8,SELLO DE NO DISCRIMINACIÓN 1°C 2025 - (SELLO_012025),Femenino,Adultez (29 - 59 años),Pregrado,Otro,COMUNA 5,
11XjArl7gChPvlxKeA_0APY5pJLeRv53_mZqZUCjAcE8,SELLO DE NO DISCRIMINACIÓN 1°C 2025 - (SELLO_012025),Femenino,Adultez (29 - 59 años),Postgrado,Área de la salud,COMUNA 17,
11XjArl7gChPvlxKeA_0APY5pJLeRv53_mZqZUCjAcE8,SELLO DE NO DISCRIMINACIÓN 1°C 2025 - (SELLO_012025),Femenino,Adultez (29 - 59 años),Pregrado,Área de la salud,COMUNA 19,
11XjArl7gChPvlxKeA_0APY5pJLeRv53_mZqZUCjAcE8,SELLO DE NO DISCRIMINACIÓN 1°C 2025 - (SELLO_012025),Femenino,Juventud (18 - 28 años),Pregrado,Área de la salud,COMUNA 7,
11XjArl7gChPvlxKeA_0APY5pJLeRv53_mZqZUCjAcE8,SELLO DE NO DISCRIMINACIÓN 1°C 2025 - (SELLO_012025),Femenino,Adultez (29 - 59 años),Postgrado,Otro,COMUNA 2,
11XjArl7gChPvlxKeA_0APY5pJLeRv53_mZqZUCjAcE8,SELLO DE NO DISCRIMINACIÓN 1°C 2025 - (SELLO_012025),Masculino,Adultez (29 - 59 años),Pregrado,Otro,COMUNA 19,
11XjArl7gChPvlxKeA_0APY5pJLeRv53_mZqZUCjAcE8,SELLO DE NO DISCRIMINACIÓN 1°C 2025 - (SELLO_012025),Masculino,Adultez (29 - 59 años),Bachiller,Otro,COMUNA 17,
11XjArl7gChPvlxKeA_0APY5pJLeRv53_mZqZUCjAcE8,SELLO DE NO DISCRIMINACIÓN 1°C 2025 - (SELLO_012025),Femenino,Juventud (18 - 28 años),Bachiller,Área de la salud,COMUNA 19,
11XjArl7gChPvlxKeA_0APY5pJLeRv53_mZqZUCjAcE8,SELLO DE NO DISCRIMINACIÓN 1°C 2025 - (SELLO_012025),Masculino,Adultez (29 - 59 años),Ninguna,Área de la salud,COMUNA 19,
11XjArl7gChPvlxKeA_0APY5pJLeRv53_mZqZUCjAcE8,SELLO DE NO DISCRIMINACIÓN 1°C 2025 - (SELLO_012025),Femenino,Adultez (29 - 59 años),Pregrado,Área de la salud,COMUNA 6,
11XjArl7gChPvlxKeA_0APY5pJLeRv53_mZqZUCjAcE8,SELLO DE NO DISCRIMINACIÓN 1°C 2025 - (SELLO_012025),Masculino,Adultez (29 - 59 años),Bachiller,Área de la salud,COMUNA 21,
11XjArl7gChPvlxKeA_0APY5pJLeRv53_mZqZUCjAcE8,SELLO DE NO DISCRIMINACIÓN 1°C 2025 - (SELLO_012025),Femenino,Adultez (29 - 59 años),Postgrado,Área de la salud,COMUNA 2,
11XjArl7gChPvlxKeA_0APY5pJLeRv53_mZqZUCjAcE8,SELLO DE NO DISCRIMINACIÓN 1°C 2025 - (SELLO_012025),Masculino,Adultez (29 - 59 años),Pregrado,Área de la salud,COMUNA 5,
11XjArl7gChPvlxKeA_0APY5pJLeRv53_mZqZUCjAcE8,SELLO DE NO DISCRIMINACIÓN 1°C 2025 - (SELLO_012025),Femenino,Adultez (29 - 59 años),Pregrado,Otro,COMUNA 8,
11XjArl7gChPvlxKeA_0APY5pJLeRv53_mZqZUCjAcE8,SELLO DE NO DISCRIMINACIÓN 1°C 2025 - (SELLO_012025),Femenino,Adultez (29 - 59 años),Postgrado,Área de la salud,COMUNA 17,
11XjArl7gChPvlxKeA_0APY5pJLeRv53_mZqZUCjAcE8,SELLO DE NO DISCRIMINACIÓN 1°C 2025 - (SELLO_012025),Femenino,Adultez (29 - 59 años),Pregrado,Área de la salud,COMUNA 3,
11XjArl7gChPvlxKeA_0APY5pJLeRv53_mZqZUCjAcE8,SELLO DE NO DISCRIMINACIÓN 1°C 2025 - (SELLO_012025),Femenino,Adultez (29 - 59 años),Bachiller,Área de la salud,COMUNA 15,
11XjArl7gChPvlxKeA_0APY5pJLeRv53_mZqZUCjAcE8,SELLO DE NO DISCRIMINACIÓN 1°C 2025 - (SELLO_012025),Femenino,Adultez (29 - 59 años),Postgrado,Área de la salud,COMUNA 10,
11XjArl7gChPvlxKeA_0APY5pJLeRv53_mZqZUCjAcE8,SELLO DE NO DISCRIMINACIÓN 1°C 2025 - (SELLO_012025),Masculino,Adultez (29 - 59 años),Pregrado,Área de la salud,COMUNA 10,
11XjArl7gChPvlxKeA_0APY5pJLeRv53_mZqZUCjAcE8,SELLO DE NO DISCRIMINACIÓN 1°C 2025 - (SELLO_012025),Femenino,Adultez (29 - 59 años),Postgrado,Área de la salud,COMUNA 19,
11XjArl7gChPvlxKeA_0APY5pJLeRv53_mZqZUCjAcE8,SELLO DE NO DISCRIMINACIÓN 1°C 2025 - (SELLO_012025),Masculino,Vejez (60 años o más),Pregrado,Área de la salud,COMUNA 18,
11XjArl7gChPvlxKeA_0APY5pJLeRv53_mZqZUCjAcE8,SELLO DE NO DISCRIMINACIÓN 1°C 2025 - (SELLO_012025),Masculino,Adultez (29 - 59 años),Pregrado,Área de la salud,COMUNA 2,
11XjArl7gChPvlxKeA_0APY5pJLeRv53_mZqZUCjAcE8,SELLO DE NO DISCRIMINACIÓN 1°C 2025 - (SELLO_012025),Femenino,Adultez (29 - 59 años),Pregrado,Área de la salud,COMUNA 5,
11XjArl7gChPvlxKeA_0APY5pJLeRv53_mZqZUCjAcE8,SELLO DE NO DISCRIMINACIÓN 1°C 2025 - (SELLO_012025),Masculino,Adultez (29 - 59 años),Postgrado,Área de la salud,COMUNA 8,
11XjArl7gChPvlxKeA_0APY5pJLeRv53_mZqZUCjAcE8,SELLO DE NO DISCRIMINACIÓN 1°C 2025 - (SELLO_012025),Masculino,Juventud (18 - 28 años),Pregrado,Otro,COMUNA 11,
11XjArl7gChPvlxKeA_0APY5pJLeRv53_mZqZUCjAcE8,SELLO DE NO DISCRIMINACIÓN 1°C 2025 - (SELLO_012025),Femenino,Adultez (29 - 59 años),Pregrado,Área de la salud,COMUNA 10,
11XjArl7gChPvlxKeA_0APY5pJLeRv53_mZqZUCjAcE8,SELLO DE NO DISCRIMINACIÓN 1°C 2025 - (SELLO_012025),Masculino,Adultez (29 - 59 años),Postgrado,Área de la salud,COMUNA 19,
11XjArl7gChPvlxKeA_0APY5pJLeRv53_mZqZUCjAcE8,SELLO DE NO DISCRIMINACIÓN 1°C 2025 - (SELLO_012025),Masculino,Adultez (29 - 59 años),Pregrado,Área de la salud,COMUNA 4,
11XjArl7gChPvlxKeA_0APY5pJLeRv53_mZqZUCjAcE8,SELLO DE NO DISCRIMINACIÓN 1°C 2025 - (SELLO_012025),Femenino,Adultez (29 - 59 años),Pregrado,Área de la salud,COMUNA 5,
11XjArl7gChPvlxKeA_0APY5pJLeRv53_mZqZUCjAcE8,SELLO DE NO DISCRIMINACIÓN 1°C 2025 - (SELLO_012025),Masculino,Vejez (60 años o más),Postgrado,Área de la salud,COMUNA 19,
11XjArl7gChPvlxKeA_0APY5pJLeRv53_mZqZUCjAcE8,SELLO DE NO DISCRIMINACIÓN 1°C 2025 - (SELLO_012025),Femenino,Adultez (29 - 59 años),Pregrado,Otro,COMUNA 18,
11XjArl7gChPvlxKeA_0APY5pJLeRv53_mZqZUCjAcE8,SELLO DE NO DISCRIMINACIÓN 1°C 2025 - (SELLO_012025),Femenino,Adultez (29 - 59 años),Pregrado,Área de la salud,COMUNA 17,
11XjArl7gChPvlxKeA_0APY5pJLeRv53_mZqZUCjAcE8,SELLO DE NO DISCRIMINACIÓN 1°C 2025 - (SELLO_012025),Masculino,Adultez (29 - 59 años),Pregrado,Otro,COMUNA 1,
11XjArl7gChPvlxKeA_0APY5pJLeRv53_mZqZUCjAcE8,SELLO DE NO DISCRIMINACIÓN 1°C 2025 - (SELLO_012025),Femenino,Adultez (29 - 59 años),Pregrado,Área de la salud,COMUNA 17,
11XjArl7gChPvlxKeA_0APY5pJLeRv53_mZqZUCjAcE8,SELLO DE NO DISCRIMINACIÓN 1°C 2025 - (SELLO_012025),Masculino,Adultez (29 - 59 años),Pregrado,Área de la salud,COMUNA 11,
11XjArl7gChPvlxKeA_0APY5pJLeRv53_mZqZUCjAcE8,SELLO DE NO DISCRIMINACIÓN 1°C 2025 - (SELLO_012025),Femenino,Adultez (29 - 59 años),Bachiller,Área de la salud,COMUNA 5,
11XjArl7gChPvlxKeA_0APY5pJLeRv53_mZqZUCjAcE8,SELLO DE NO DISCRIMINACIÓN 1°C 2025 - (SELLO_012025),Masculino,Adultez (29 - 59 años),Bachiller,Área de la salud,COMUNA 16,
11XjArl7gChPvlxKeA_0APY5pJLeRv53_mZqZUCjAcE8,SELLO DE NO DISCRIMINACIÓN 1°C 2025 - (SELLO_012025),Femenino,Adultez (29 - 59 años),Pregrado,Área de la salud,COMUNA 6,
11XjArl7gChPvlxKeA_0APY5pJLeRv53_mZqZUCjAcE8,SELLO DE NO DISCRIMINACIÓN 1°C 2025 - (SELLO_012025),Femenino,Adultez (29 - 59 años),Pregrado,Área de la salud,COMUNA 3,
11XjArl7gChPvlxKeA_0APY5pJLeRv53_mZqZUCjAcE8,SELLO DE NO DISCRIMINACIÓN 1°C 2025 - (SELLO_012025),Masculino,Vejez (60 años o más),Pregrado,Área de la salud,COMUNA 17,
11XjArl7gChPvlxKeA_0APY5pJLeRv53_mZqZUCjAcE8,SELLO DE NO DISCRIMINACIÓN 1°C 2025 - (SELLO_012025),Femenino,Adultez (29 - 59 años),Postgrado,Área de la salud,COMUNA 20,
11XjArl7gChPvlxKeA_0APY5pJLeRv53_mZqZUCjAcE8,SELLO DE NO DISCRIMINACIÓN 1°C 2025 - (SELLO_012025),Femenino,Adultez (29 - 59 años),Bachiller,Área de la salud,COMUNA 14,
11XjArl7gChPvlxKeA_0APY5pJLeRv53_mZqZUCjAcE8,SELLO DE NO DISCRIMINACIÓN 1°C 2025 - (SELLO_012025),Femenino,Adultez (29 - 59 años),Bachiller,Área de la salud,COMUNA 3,
11XjArl7gChPvlxKeA_0APY5pJLeRv53_mZqZUCjAcE8,SELLO DE NO DISCRIMINACIÓN 1°C 2025 - (SELLO_012025),Femenino,Adultez (29 - 59 años),Bachiller,Área de la salud,COMUNA 15,
11XjArl7gChPvlxKeA_0APY5pJLeRv53_mZqZUCjAcE8,SELLO DE NO DISCRIMINACIÓN 1°C 2025 - (SELLO_012025),Femenino,Adultez (29 - 59 años),Postgrado,Área de la salud,COMUNA 5,
11XjArl7gChPvlxKeA_0APY5pJLeRv53_mZqZUCjAcE8,SELLO DE NO DISCRIMINACIÓN 1°C 2025 - (SELLO_012025),Masculino,Juventud (18 - 28 años),Pregrado,Área de la salud,COMUNA 17,
11XjArl7gChPvlxKeA_0APY5pJLeRv53_mZqZUCjAcE8,SELLO DE NO DISCRIMINACIÓN 1°C 2025 - (SELLO_012025),Femenino,Adultez (29 - 59 años),Bachiller,Área de la salud,COMUNA 8,
11XjArl7gChPvlxKeA_0APY5pJLeRv53_mZqZUCjAcE8,SELLO DE NO DISCRIMINACIÓN 1°C 2025 - (SELLO_012025),Femenino,Adultez (29 - 59 años),Pregrado,Área de la salud,COMUNA 4,
11XjArl7gChPvlxKeA_0APY5pJLeRv53_mZqZUCjAcE8,SELLO DE NO DISCRIMINACIÓN 1°C 2025 - (SELLO_012025),Femenino,Adultez (29 - 59 años),Pregrado,Área de la salud,COMUNA 5,
11XjArl7gChPvlxKeA_0APY5pJLeRv53_mZqZUCjAcE8,SELLO DE NO DISCRIMINACIÓN 1°C 2025 - (SELLO_012025),Femenino,Adultez (29 - 59 años),Pregrado,Estudiante,COMUNA 17,
11XjArl7gChPvlxKeA_0APY5pJLeRv53_mZqZUCjAcE8,SELLO DE NO DISCRIMINACIÓN 1°C 2025 - (SELLO_012025),Masculino,Adultez (29 - 59 años),Postgrado,Área de la salud,COMUNA 17,
11XjArl7gChPvlxKeA_0APY5pJLeRv53_mZqZUCjAcE8,SELLO DE NO DISCRIMINACIÓN 1°C 2025 - (SELLO_012025),Masculino,Vejez (60 años o más),Pregrado,Área de la salud,COMUNA 14,
11XjArl7gChPvlxKeA_0APY5pJLeRv53_mZqZUCjAcE8,SELLO DE NO DISCRIMINACIÓN 1°C 2025 - (SELLO_012025),Masculino,Adultez (29 - 59 años),Postgrado,Otro,COMUNA 19,
11XjArl7gChPvlxKeA_0APY5pJLeRv53_mZqZUCjAcE8,SELLO DE NO DISCRIMINACIÓN 1°C 2025 - (SELLO_012025),Femenino,Adultez (29 - 59 años),Bachiller,Área de la salud,COMUNA 6,
11XjArl7gChPvlxKeA_0APY5pJLeRv53_mZqZUCjAcE8,SELLO DE NO DISCRIMINACIÓN 1°C 2025 - (SELLO_012025),Masculino,Vejez (60 años o más),Pregrado,Área de la salud,COMUNA 19,
11XjArl7gChPvlxKeA_0APY5pJLeRv53_mZqZUCjAcE8,SELLO DE NO DISCRIMINACIÓN 1°C 2025 - (SELLO_012025),Masculino,Adultez (29 - 59 años),Pregrado,Estudiante,COMUNA 16,
11XjArl7gChPvlxKeA_0APY5pJLeRv53_mZqZUCjAcE8,SELLO DE NO DISCRIMINACIÓN 1°C 2025 - (SELLO_012025),Femenino,Adultez (29 - 59 años),Postgrado,Área de la salud,COMUNA 19,
11XjArl7gChPvlxKeA_0APY5pJLeRv53_mZqZUCjAcE8,SELLO DE NO DISCRIMINACIÓN 1°C 2025 - (SELLO_012025),Femenino,Adultez (29 - 59 años),Pregrado,Área de la salud,COMUNA 10,
11XjArl7gChPvlxKeA_0APY5pJLeRv53_mZqZUCjAcE8,SELLO DE NO DISCRIMINACIÓN 1°C 2025 - (SELLO_012025),Masculino,Juventud (18 - 28 años),Bachiller,Estudiante,COMUNA 2,
11XjArl7gChPvlxKeA_0APY5pJLeRv53_mZqZUCjAcE8,SELLO DE NO DISCRIMINACIÓN 1°C 2025 - (SELLO_012025),Femenino,Adultez (29 - 59 años),Pregrado,Área de la salud,COMUNA 17,
11XjArl7gChPvlxKeA_0APY5pJLeRv53_mZqZUCjAcE8,SELLO DE NO DISCRIMINACIÓN 1°C 2025 - (SELLO_012025),Femenino,Adultez (29 - 59 años),Postgrado,Área de la salud,COMUNA 19,
11XjArl7gChPvlxKeA_0APY5pJLeRv53_mZqZUCjAcE8,SELLO DE NO DISCRIMINACIÓN 1°C 2025 - (SELLO_012025),Masculino,Adultez (29 - 59 años),Pregrado,Área de la salud,C. DE EL SALADITO,
11XjArl7gChPvlxKeA_0APY5pJLeRv53_mZqZUCjAcE8,SELLO DE NO DISCRIMINACIÓN 1°C 2025 - (SELLO_012025),Masculino,Adultez (29 - 59 años),Pregrado,Área de la salud,COMUNA 13,
11XjArl7gChPvlxKeA_0APY5pJLeRv53_mZqZUCjAcE8,SELLO DE NO DISCRIMINACIÓN 1°C 2025 - (SELLO_012025),Masculino,Adultez (29 - 59 años),Postgrado,Área de la salud,COMUNA 22,
11XjArl7gChPvlxKeA_0APY5pJLeRv53_mZqZUCjAcE8,SELLO DE NO DISCRIMINACIÓN 1°C 2025 - (SELLO_012025),Femenino,Juventud (18 - 28 años),Pregrado,Área de la salud,COMUNA 8,
11XjArl7gChPvlxKeA_0APY5pJLeRv53_mZqZUCjAcE8,SELLO DE NO DISCRIMINACIÓN 1°C 2025 - (SELLO_012025),Femenino,Adultez (29 - 59 años),Bachiller,Área de la salud,COMUNA 18,
11XjArl7gChPvlxKeA_0APY5pJLeRv53_mZqZUCjAcE8,SELLO DE NO DISCRIMINACIÓN 1°C 2025 - (SELLO_012025),Masculino,Adultez (29 - 59 años),Pregrado,Área de la salud,COMUNA 13,
11XjArl7gChPvlxKeA_0APY5pJLeRv53_mZqZUCjAcE8,SELLO DE NO DISCRIMINACIÓN 1°C 2025 - (SELLO_012025),Masculino,Vejez (60 años o más),Postgrado,Área de la salud,COMUNA 18,
11XjArl7gChPvlxKeA_0APY5pJLeRv53_mZqZUCjAcE8,SELLO DE NO DISCRIMINACIÓN 1°C 2025 - (SELLO_012025),Masculino,Adultez (29 - 59 años),Postgrado,Área de la salud,C. DE LA PAZ,
11XjArl7gChPvlxKeA_0APY5pJLeRv53_mZqZUCjAcE8,SELLO DE NO DISCRIMINACIÓN 1°C 2025 - (SELLO_012025),Masculino,Adultez (29 - 59 años),Postgrado,Área de la salud,COMUNA 10,
11XjArl7gChPvlxKeA_0APY5pJLeRv53_mZqZUCjAcE8,SELLO DE NO DISCRIMINACIÓN 1°C 2025 - (SELLO_012025),Masculino,Juventud (18 - 28 años),Pregrado,Área de la salud,COMUNA 17,
11XjArl7gChPvlxKeA_0APY5pJLeRv53_mZqZUCjAcE8,SELLO DE NO DISCRIMINACIÓN 1°C 2025 - (SELLO_012025),Femenino,Adultez (29 - 59 años),Pregrado,Área de la salud,COMUNA 13,
11XjArl7gChPvlxKeA_0APY5pJLeRv53_mZqZUCjAcE8,SELLO DE NO DISCRIMINACIÓN 1°C 2025 - (SELLO_012025),Masculino,Adultez (29 - 59 años),Pregrado,Área de la salud,COMUNA 7,
11XjArl7gChPvlxKeA_0APY5pJLeRv53_mZqZUCjAcE8,SELLO DE NO DISCRIMINACIÓN 1°C 2025 - (SELLO_012025),Femenino,Adultez (29 - 59 años),Postgrado,Área de la salud,COMUNA 1,
11XjArl7gChPvlxKeA_0APY5pJLeRv53_mZqZUCjAcE8,SELLO DE NO DISCRIMINACIÓN 1°C 2025 - (SELLO_012025),Femenino,Vejez (60 años o más),Postgrado,Otro,COMUNA 8,
11XjArl7gChPvlxKeA_0APY5pJLeRv53_mZqZUCjAcE8,SELLO DE NO DISCRIMINACIÓN 1°C 2025 - (SELLO_012025),Masculino,Adultez (29 - 59 años),Postgrado,Otro,COMUNA 5,
11XjArl7gChPvlxKeA_0APY5pJLeRv53_mZqZUCjAcE8,SELLO DE NO DISCRIMINACIÓN 1°C 2025 - (SELLO_012025),Masculino,Adultez (29 - 59 años),Pregrado,Otro,COMUNA 15,
11XjArl7gChPvlxKeA_0APY5pJLeRv53_mZqZUCjAcE8,SELLO DE NO DISCRIMINACIÓN 1°C 2025 - (SELLO_012025),Femenino,Juventud (18 - 28 años),Postgrado,Otro,COMUNA 17,
11XjArl7gChPvlxKeA_0APY5pJLeRv53_mZqZUCjAcE8,SELLO DE NO DISCRIMINACIÓN 1°C 2025 - (SELLO_012025),Femenino,Adultez (29 - 59 años),Bachiller,Otro,COMUNA 17,
11XjArl7gChPvlxKeA_0APY5pJLeRv53_mZqZUCjAcE8,SELLO DE NO DISCRIMINACIÓN 1°C 2025 - (SELLO_012025),Femenino,Adultez (29 - 59 años),Pregrado,Área de la salud,COMUNA 10,
11XjArl7gChPvlxKeA_0APY5pJLeRv53_mZqZUCjAcE8,SELLO DE NO DISCRIMINACIÓN 1°C 2025 - (SELLO_012025),Masculino,Adultez (29 - 59 años),Pregrado,Estudiante,COMUNA 2,
11XjArl7gChPvlxKeA_0APY5pJLeRv53_mZqZUCjAcE8,SELLO DE NO DISCRIMINACIÓN 1°C 2025 - (SELLO_012025),Femenino,Adultez (29 - 59 años),Bachiller,Otro,COMUNA 13,
11XjArl7gChPvlxKeA_0APY5pJLeRv53_mZqZUCjAcE8,SELLO DE NO DISCRIMINACIÓN 1°C 2025 - (SELLO_012025),Masculino,Adultez (29 - 59 años),Postgrado,Área de la salud,COMUNA 9,
11XjArl7gChPvlxKeA_0APY5pJLeRv53_mZqZUCjAcE8,SELLO DE NO DISCRIMINACIÓN 1°C 2025 - (SELLO_012025),Femenino,Adultez (29 - 59 años),Pregrado,Otro,COMUNA 11,
11XjArl7gChPvlxKeA_0APY5pJLeRv53_mZqZUCjAcE8,SELLO DE NO DISCRIMINACIÓN 1°C 2025 - (SELLO_012025),Masculino,Adultez (29 - 59 años),Bachiller,Otro,COMUNA 8,
11XjArl7gChPvlxKeA_0APY5pJLeRv53_mZqZUCjAcE8,SELLO DE NO DISCRIMINACIÓN 1°C 2025 - (SELLO_012025),Femenino,Adultez (29 - 59 años),Postgrado,Área de la salud,COMUNA 19,
11XjArl7gChPvlxKeA_0APY5pJLeRv53_mZqZUCjAcE8,SELLO DE NO DISCRIMINACIÓN 1°C 2025 - (SELLO_012025),Masculino,Adultez (29 - 59 años),Postgrado,Área de la salud,COMUNA 2,
11XjArl7gChPvlxKeA_0APY5pJLeRv53_mZqZUCjAcE8,SELLO DE NO DISCRIMINACIÓN 1°C 2025 - (SELLO_012025),Femenino,Adultez (29 - 59 años),Postgrado,Área de la salud,COMUNA 17,
11XjArl7gChPvlxKeA_0APY5pJLeRv53_mZqZUCjAcE8,SELLO DE NO DISCRIMINACIÓN 1°C 2025 - (SELLO_012025),Masculino,Juventud (18 - 28 años),Postgrado,Área de la salud,COMUNA 5,
11XjArl7gChPvlxKeA_0APY5pJLeRv53_mZqZUCjAcE8,SELLO DE NO DISCRIMINACIÓN 1°C 2025 - (SELLO_012025),Femenino,Adultez (29 - 59 años),Postgrado,Otro,COMUNA 2,
11XjArl7gChPvlxKeA_0APY5pJLeRv53_mZqZUCjAcE8,SELLO DE NO DISCRIMINACIÓN 1°C 2025 - (SELLO_012025),Femenino,Juventud (18 - 28 años),Postgrado,Otro,COMUNA 17,
11XjArl7gChPvlxKeA_0APY5pJLeRv53_mZqZUCjAcE8,SELLO DE NO DISCRIMINACIÓN 1°C 2025 - (SELLO_012025),Femenino,Adultez (29 - 59 años),Postgrado,Área de la salud,COMUNA 17,
11XjArl7gChPvlxKeA_0APY5pJLeRv53_mZqZUCjAcE8,SELLO DE NO DISCRIMINACIÓN 1°C 2025 - (SELLO_012025),Masculino,Adultez (29 - 59 años),Bachiller,Área de la salud,COMUNA 19,
11XjArl7gChPvlxKeA_0APY5pJLeRv53_mZqZUCjAcE8,SELLO DE NO DISCRIMINACIÓN 1°C 2025 - (SELLO_012025),Femenino,Adultez (29 - 59 años),Bachiller,Otro,COMUNA 15,
11XjArl7gChPvlxKeA_0APY5pJLeRv53_mZqZUCjAcE8,SELLO DE NO DISCRIMINACIÓN 1°C 2025 - (SELLO_012025),Femenino,Adultez (29 - 59 años),Postgrado,Otro,COMUNA 22,
11XjArl7gChPvlxKeA_0APY5pJLeRv53_mZqZUCjAcE8,SELLO DE NO DISCRIMINACIÓN 1°C 2025 - (SELLO_012025),Femenino,Vejez (60 años o más),Postgrado,Área de la salud,COMUNA 19,
11XjArl7gChPvlxKeA_0APY5pJLeRv53_mZqZUCjAcE8,SELLO DE NO DISCRIMINACIÓN 1°C 2025 - (SELLO_012025),Femenino,Adultez (29 - 59 años),Postgrado,Otro,COMUNA 19,
11XjArl7gChPvlxKeA_0APY5pJLeRv53_mZqZUCjAcE8,SELLO DE NO DISCRIMINACIÓN 1°C 2025 - (SELLO_012025),Masculino,Vejez (60 años o más),Pregrado,Otro,COMUNA 19,
11XjArl7gChPvlxKeA_0APY5pJLeRv53_mZqZUCjAcE8,SELLO DE NO DISCRIMINACIÓN 1°C 2025 - (SELLO_012025),Masculino,Adultez (29 - 59 años),Postgrado,Área de la salud,COMUNA 18,
11XjArl7gChPvlxKeA_0APY5pJLeRv53_mZqZUCjAcE8,SELLO DE NO DISCRIMINACIÓN 1°C 2025 - (SELLO_012025),Masculino,Adultez (29 - 59 años),Pregrado,Área de la salud,COMUNA 9,
11XjArl7gChPvlxKeA_0APY5pJLeRv53_mZqZUCjAcE8,SELLO DE NO DISCRIMINACIÓN 1°C 2025 - (SELLO_012025),Masculino,Adultez (29 - 59 años),Postgrado,Otro,COMUNA 22,
11XjArl7gChPvlxKeA_0APY5pJLeRv53_mZqZUCjAcE8,SELLO DE NO DISCRIMINACIÓN 1°C 2025 - (SELLO_012025),Femenino,Adultez (29 - 59 años),Pregrado,Área de la salud,COMUNA 20,
11XjArl7gChPvlxKeA_0APY5pJLeRv53_mZqZUCjAcE8,SELLO DE NO DISCRIMINACIÓN 1°C 2025 - (SELLO_012025),Masculino,Juventud (18 - 28 años),Pregrado,Área de la salud,COMUNA 17,
11XjArl7gChPvlxKeA_0APY5pJLeRv53_mZqZUCjAcE8,SELLO DE NO DISCRIMINACIÓN 1°C 2025 - (SELLO_012025),Femenino,Adultez (29 - 59 años),Pregrado,Área de la salud,COMUNA 11,
11XjArl7gChPvlxKeA_0APY5pJLeRv53_mZqZUCjAcE8,SELLO DE NO DISCRIMINACIÓN 1°C 2025 - (SELLO_012025),Femenino,Adultez (29 - 59 años),Pregrado,Área de la salud,COMUNA 4,
11XjArl7gChPvlxKeA_0APY5pJLeRv53_mZqZUCjAcE8,SELLO DE NO DISCRIMINACIÓN 1°C 2025 - (SELLO_012025),Masculino,Adultez (29 - 59 años),Bachiller,Área de la salud,COMUNA 14,
11XjArl7gChPvlxKeA_0APY5pJLeRv53_mZqZUCjAcE8,SELLO DE NO DISCRIMINACIÓN 1°C 2025 - (SELLO_012025),Femenino,Vejez (60 años o más),Bachiller,Área de la salud,COMUNA 19,
11XjArl7gChPvlxKeA_0APY5pJLeRv53_mZqZUCjAcE8,SELLO DE NO DISCRIMINACIÓN 1°C 2025 - (SELLO_012025),Masculino,Adultez (29 - 59 años),Pregrado,Área de la salud,COMUNA 3,
11XjArl7gChPvlxKeA_0APY5pJLeRv53_mZqZUCjAcE8,SELLO DE NO DISCRIMINACIÓN 1°C 2025 - (SELLO_012025),Femenino,Juventud (18 - 28 años),Pregrado,Área de la salud,COMUNA 10,
11XjArl7gChPvlxKeA_0APY5pJLeRv53_mZqZUCjAcE8,SELLO DE NO DISCRIMINACIÓN 1°C 2025 - (SELLO_012025),Femenino,Adultez (29 - 59 años),Pregrado,Área de la salud,COMUNA 10,
11XjArl7gChPvlxKeA_0APY5pJLeRv53_mZqZUCjAcE8,SELLO DE NO DISCRIMINACIÓN 1°C 2025 - (SELLO_012025),Masculino,Adultez (29 - 59 años),Pregrado,Área de la salud,COMUNA 2,
11XjArl7gChPvlxKeA_0APY5pJLeRv53_mZqZUCjAcE8,SELLO DE NO DISCRIMINACIÓN 1°C 2025 - (SELLO_012025),Masculino,Adultez (29 - 59 años),Pregrado,Área de la salud,COMUNA 1,
11XjArl7gChPvlxKeA_0APY5pJLeRv53_mZqZUCjAcE8,SELLO DE NO DISCRIMINACIÓN 1°C 2025 - (SELLO_012025),Femenino,Vejez (60 años o más),Pregrado,Otro,COMUNA 19,
11XjArl7gChPvlxKeA_0APY5pJLeRv53_mZqZUCjAcE8,SELLO DE NO DISCRIMINACIÓN 1°C 2025 - (SELLO_012025),Masculino,Adultez (29 - 59 años),Bachiller,Área de la salud,COMUNA 19,
11XjArl7gChPvlxKeA_0APY5pJLeRv53_mZqZUCjAcE8,SELLO DE NO DISCRIMINACIÓN 1°C 2025 - (SELLO_012025),Femenino,Vejez (60 años o más),Postgrado,Área de la salud,C. DE LA BUITRERA,
11XjArl7gChPvlxKeA_0APY5pJLeRv53_mZqZUCjAcE8,SELLO DE NO DISCRIMINACIÓN 1°C 2025 - (SELLO_012025),Femenino,Adultez (29 - 59 años),Postgrado,Área de la salud,COMUNA 19,
11XjArl7gChPvlxKeA_0APY5pJLeRv53_mZqZUCjAcE8,SELLO DE NO DISCRIMINACIÓN 1°C 2025 - (SELLO_012025),Femenino,Adultez (29 - 59 años),Pregrado,Área de la salud,COMUNA 16,
11XjArl7gChPvlxKeA_0APY5pJLeRv53_mZqZUCjAcE8,SELLO DE NO DISCRIMINACIÓN 1°C 2025 - (SELLO_012025),Femenino,Adultez (29 - 59 años),Postgrado,Área de la salud,COMUNA 19,
11XjArl7gChPvlxKeA_0APY5pJLeRv53_mZqZUCjAcE8,SELLO DE NO DISCRIMINACIÓN 1°C 2025 - (SELLO_012025),Masculino,Adultez (29 - 59 años),Pregrado,Área de la salud,COMUNA 15,
11XjArl7gChPvlxKeA_0APY5pJLeRv53_mZqZUCjAcE8,SELLO DE NO DISCRIMINACIÓN 1°C 2025 - (SELLO_012025),Masculino,Adultez (29 - 59 años),Postgrado,Área de la salud,COMUNA 3,
11XjArl7gChPvlxKeA_0APY5pJLeRv53_mZqZUCjAcE8,SELLO DE NO DISCRIMINACIÓN 1°C 2025 - (SELLO_012025),Femenino,Adultez (29 - 59 años),Pregrado,Área de la salud,COMUNA 17,
11XjArl7gChPvlxKeA_0APY5pJLeRv53_mZqZUCjAcE8,SELLO DE NO DISCRIMINACIÓN 1°C 2025 - (SELLO_012025),Masculino,Adultez (29 - 59 años),Pregrado,Área de la salud,COMUNA 19,
11XjArl7gChPvlxKeA_0APY5pJLeRv53_mZqZUCjAcE8,SELLO DE NO DISCRIMINACIÓN 1°C 2025 - (SELLO_012025),Masculino,Adultez (29 - 59 años),Postgrado,Otro,COMUNA 19,
11XjArl7gChPvlxKeA_0APY5pJLeRv53_mZqZUCjAcE8,SELLO DE NO DISCRIMINACIÓN 1°C 2025 - (SELLO_012025),Femenino,Adultez (29 - 59 años),Postgrado,Área de la salud,COMUNA 8,
11XjArl7gChPvlxKeA_0APY5pJLeRv53_mZqZUCjAcE8,SELLO DE NO DISCRIMINACIÓN 1°C 2025 - (SELLO_012025),Femenino,Adultez (29 - 59 años),Postgrado,Área de la salud,COMUNA 8,
11XjArl7gChPvlxKeA_0APY5pJLeRv53_mZqZUCjAcE8,SELLO DE NO DISCRIMINACIÓN 1°C 2025 - (SELLO_012025),Femenino,Adultez (29 - 59 años),Pregrado,Otro,COMUNA 19,
11XjArl7gChPvlxKeA_0APY5pJLeRv53_mZqZUCjAcE8,SELLO DE NO DISCRIMINACIÓN 1°C 2025 - (SELLO_012025),Femenino,Adultez (29 - 59 años),Postgrado,Otro,COMUNA 17,
11XjArl7gChPvlxKeA_0APY5pJLeRv53_mZqZUCjAcE8,SELLO DE NO DISCRIMINACIÓN 1°C 2025 - (SELLO_012025),Masculino,Adultez (29 - 59 años),Pregrado,Área de la salud,COMUNA 4,
11XjArl7gChPvlxKeA_0APY5pJLeRv53_mZqZUCjAcE8,SELLO DE NO DISCRIMINACIÓN 1°C 2025 - (SELLO_012025),Femenino,Adultez (29 - 59 años),Pregrado,Área de la salud,COMUNA 10,
11XjArl7gChPvlxKeA_0APY5pJLeRv53_mZqZUCjAcE8,SELLO DE NO DISCRIMINACIÓN 1°C 2025 - (SELLO_012025),Masculino,Vejez (60 años o más),Postgrado,Área de la salud,COMUNA 17,
11XjArl7gChPvlxKeA_0APY5pJLeRv53_mZqZUCjAcE8,SELLO DE NO DISCRIMINACIÓN 1°C 2025 - (SELLO_012025),Femenino,Adultez (29 - 59 años),Bachiller,Área de la salud,COMUNA 8,
11XjArl7gChPvlxKeA_0APY5pJLeRv53_mZqZUCjAcE8,SELLO DE NO DISCRIMINACIÓN 1°C 2025 - (SELLO_012025),Masculino,Adultez (29 - 59 años),Postgrado,Área de la salud,COMUNA 4,
11XjArl7gChPvlxKeA_0APY5pJLeRv53_mZqZUCjAcE8,SELLO DE NO DISCRIMINACIÓN 1°C 2025 - (SELLO_012025),Femenino,Adultez (29 - 59 años),Pregrado,Área de la salud,COMUNA 16,
11XjArl7gChPvlxKeA_0APY5pJLeRv53_mZqZUCjAcE8,SELLO DE NO DISCRIMINACIÓN 1°C 2025 - (SELLO_012025),Femenino,Adultez (29 - 59 años),Postgrado,Área de la salud,COMUNA 6,
11XjArl7gChPvlxKeA_0APY5pJLeRv53_mZqZUCjAcE8,SELLO DE NO DISCRIMINACIÓN 1°C 2025 - (SELLO_012025),Femenino,Juventud (18 - 28 años),Pregrado,Área de la salud,COMUNA 17,
11XjArl7gChPvlxKeA_0APY5pJLeRv53_mZqZUCjAcE8,SELLO DE NO DISCRIMINACIÓN 1°C 2025 - (SELLO_012025),Femenino,Adultez (29 - 59 años),Postgrado,Área de la salud,COMUNA 5,
11XjArl7gChPvlxKeA_0APY5pJLeRv53_mZqZUCjAcE8,SELLO DE NO DISCRIMINACIÓN 1°C 2025 - (SELLO_012025),Femenino,Juventud (18 - 28 años),Pregrado,Área de la salud,COMUNA 21,
11XjArl7gChPvlxKeA_0APY5pJLeRv53_mZqZUCjAcE8,SELLO DE NO DISCRIMINACIÓN 1°C 2025 - (SELLO_012025),Femenino,Adultez (29 - 59 años),Pregrado,Área de la salud,COMUNA 17,
11XjArl7gChPvlxKeA_0APY5pJLeRv53_mZqZUCjAcE8,SELLO DE NO DISCRIMINACIÓN 1°C 2025 - (SELLO_012025),Masculino,Adultez (29 - 59 años),Pregrado,Otro,COMUNA 6,
11XjArl7gChPvlxKeA_0APY5pJLeRv53_mZqZUCjAcE8,SELLO DE NO DISCRIMINACIÓN 1°C 2025 - (SELLO_012025),Femenino,Adultez (29 - 59 años),Postgrado,Área de la salud,COMUNA 17,
11XjArl7gChPvlxKeA_0APY5pJLeRv53_mZqZUCjAcE8,SELLO DE NO DISCRIMINACIÓN 1°C 2025 - (SELLO_012025),Femenino,Juventud (18 - 28 años),Pregrado,Área de la salud,COMUNA 15,
11XjArl7gChPvlxKeA_0APY5pJLeRv53_mZqZUCjAcE8,SELLO DE NO DISCRIMINACIÓN 1°C 2025 - (SELLO_012025),Masculino,Adultez (29 - 59 años),Pregrado,Otro,COMUNA 17,
11XjArl7gChPvlxKeA_0APY5pJLeRv53_mZqZUCjAcE8,SELLO DE NO DISCRIMINACIÓN 1°C 2025 - (SELLO_012025),Masculino,Adultez (29 - 59 años),Pregrado,Área de la salud,COMUNA 19,
11XjArl7gChPvlxKeA_0APY5pJLeRv53_mZqZUCjAcE8,SELLO DE NO DISCRIMINACIÓN 1°C 2025 - (SELLO_012025),Femenino,Adultez (29 - 59 años),Pregrado,Estudiante,COMUNA 13,
11XjArl7gChPvlxKeA_0APY5pJLeRv53_mZqZUCjAcE8,SELLO DE NO DISCRIMINACIÓN 1°C 2025 - (SELLO_012025),Femenino,Adultez (29 - 59 años),Postgrado,Área de la salud,COMUNA 2,
11XjArl7gChPvlxKeA_0APY5pJLeRv53_mZqZUCjAcE8,SELLO DE NO DISCRIMINACIÓN 1°C 2025 - (SELLO_012025),Femenino,Adultez (29 - 59 años),Pregrado,Área de la salud,C. DE PANCE,
11XjArl7gChPvlxKeA_0APY5pJLeRv53_mZqZUCjAcE8,SELLO DE NO DISCRIMINACIÓN 1°C 2025 - (SELLO_012025),Masculino,Vejez (60 años o más),Pregrado,Área de la salud,COMUNA 13,
11XjArl7gChPvlxKeA_0APY5pJLeRv53_mZqZUCjAcE8,SELLO DE NO DISCRIMINACIÓN 1°C 2025 - (SELLO_012025),Femenino,Adultez (29 - 59 años),Pregrado,Área de la salud,COMUNA 22,
11XjArl7gChPvlxKeA_0APY5pJLeRv53_mZqZUCjAcE8,SELLO DE NO DISCRIMINACIÓN 1°C 2025 - (SELLO_012025),Femenino,Adultez (29 - 59 años),Pregrado,Otro,COMUNA 10,
11XjArl7gChPvlxKeA_0APY5pJLeRv53_mZqZUCjAcE8,SELLO DE NO DISCRIMINACIÓN 1°C 2025 - (SELLO_012025),Masculino,Vejez (60 años o más),Postgrado,Área de la salud,COMUNA 12,
11XjArl7gChPvlxKeA_0APY5pJLeRv53_mZqZUCjAcE8,SELLO DE NO DISCRIMINACIÓN 1°C 2025 - (SELLO_012025),Masculino,Adultez (29 - 59 años),Bachiller,Área de la salud,COMUNA 20,
11XjArl7gChPvlxKeA_0APY5pJLeRv53_mZqZUCjAcE8,SELLO DE NO DISCRIMINACIÓN 1°C 2025 - (SELLO_012025),Femenino,Vejez (60 años o más),Postgrado,Otro,COMUNA 17,
11XjArl7gChPvlxKeA_0APY5pJLeRv53_mZqZUCjAcE8,SELLO DE NO DISCRIMINACIÓN 1°C 2025 - (SELLO_012025),Femenino,Adultez (29 - 59 años),Bachiller,Área de la salud,COMUNA 6,
11XjArl7gChPvlxKeA_0APY5pJLeRv53_mZqZUCjAcE8,SELLO DE NO DISCRIMINACIÓN 1°C 2025 - (SELLO_012025),Femenino,Adultez (29 - 59 años),Postgrado,Área de la salud,COMUNA 17,
11XjArl7gChPvlxKeA_0APY5pJLeRv53_mZqZUCjAcE8,SELLO DE NO DISCRIMINACIÓN 1°C 2025 - (SELLO_012025),Masculino,Vejez (60 años o más),Bachiller,Área de la salud,COMUNA 17,
11XjArl7gChPvlxKeA_0APY5pJLeRv53_mZqZUCjAcE8,SELLO DE NO DISCRIMINACIÓN 1°C 2025 - (SELLO_012025),Masculino,Juventud (18 - 28 años),Pregrado,Área de la salud,COMUNA 18,
11XjArl7gChPvlxKeA_0APY5pJLeRv53_mZqZUCjAcE8,SELLO DE NO DISCRIMINACIÓN 1°C 2025 - (SELLO_012025),Masculino,Adultez (29 - 59 años),Pregrado,Otro,COMUNA 17,
11XjArl7gChPvlxKeA_0APY5pJLeRv53_mZqZUCjAcE8,SELLO DE NO DISCRIMINACIÓN 1°C 2025 - (SELLO_012025),Femenino,Juventud (18 - 28 años),Pregrado,Área de la salud,COMUNA 16,
11XjArl7gChPvlxKeA_0APY5pJLeRv53_mZqZUCjAcE8,SELLO DE NO DISCRIMINACIÓN 1°C 2025 - (SELLO_012025),Masculino,Adultez (29 - 59 años),Pregrado,Área de la salud,COMUNA 7,
11XjArl7gChPvlxKeA_0APY5pJLeRv53_mZqZUCjAcE8,SELLO DE NO DISCRIMINACIÓN 1°C 2025 - (SELLO_012025),Femenino,Adultez (29 - 59 años),Pregrado,Área de la salud,COMUNA 7,
11XjArl7gChPvlxKeA_0APY5pJLeRv53_mZqZUCjAcE8,SELLO DE NO DISCRIMINACIÓN 1°C 2025 - (SELLO_012025),Femenino,Adultez (29 - 59 años),Pregrado,Área de la salud,COMUNA 17,
11XjArl7gChPvlxKeA_0APY5pJLeRv53_mZqZUCjAcE8,SELLO DE NO DISCRIMINACIÓN 1°C 2025 - (SELLO_012025),Femenino,Adultez (29 - 59 años),Pregrado,Otro,COMUNA 12,
11XjArl7gChPvlxKeA_0APY5pJLeRv53_mZqZUCjAcE8,SELLO DE NO DISCRIMINACIÓN 1°C 2025 - (SELLO_012025),Femenino,Adultez (29 - 59 años),Pregrado,Área de la salud,COMUNA 18,
11XjArl7gChPvlxKeA_0APY5pJLeRv53_mZqZUCjAcE8,SELLO DE NO DISCRIMINACIÓN 1°C 2025 - (SELLO_012025),Masculino,Vejez (60 años o más),Pregrado,Área de la salud,COMUNA 17,
11XjArl7gChPvlxKeA_0APY5pJLeRv53_mZqZUCjAcE8,SELLO DE NO DISCRIMINACIÓN 1°C 2025 - (SELLO_012025),Femenino,Juventud (18 - 28 años),Pregrado,Área de la salud,COMUNA 5,
11XjArl7gChPvlxKeA_0APY5pJLeRv53_mZqZUCjAcE8,SELLO DE NO DISCRIMINACIÓN 1°C 2025 - (SELLO_012025),Femenino,Adultez (29 - 59 años),Pregrado,Área de la salud,COMUNA 8,
11XjArl7gChPvlxKeA_0APY5pJLeRv53_mZqZUCjAcE8,SELLO DE NO DISCRIMINACIÓN 1°C 2025 - (SELLO_012025),Femenino,Adultez (29 - 59 años),Postgrado,Otro,COMUNA 10,
11XjArl7gChPvlxKeA_0APY5pJLeRv53_mZqZUCjAcE8,SELLO DE NO DISCRIMINACIÓN 1°C 2025 - (SELLO_012025),Masculino,Adultez (29 - 59 años),Postgrado,Otro,COMUNA 19,
11XjArl7gChPvlxKeA_0APY5pJLeRv53_mZqZUCjAcE8,SELLO DE NO DISCRIMINACIÓN 1°C 2025 - (SELLO_012025),Masculino,Adultez (29 - 59 años),Postgrado,Área de la salud,COMUNA 2,
11XjArl7gChPvlxKeA_0APY5pJLeRv53_mZqZUCjAcE8,SELLO DE NO DISCRIMINACIÓN 1°C 2025 - (SELLO_012025),Femenino,Vejez (60 años o más),Pregrado,Área de la salud,COMUNA 15,
11XjArl7gChPvlxKeA_0APY5pJLeRv53_mZqZUCjAcE8,SELLO DE NO DISCRIMINACIÓN 1°C 2025 - (SELLO_012025),Femenino,Adultez (29 - 59 años),Pregrado,Área de la salud,COMUNA 7,
11XjArl7gChPvlxKeA_0APY5pJLeRv53_mZqZUCjAcE8,SELLO DE NO DISCRIMINACIÓN 1°C 2025 - (SELLO_012025),Masculino,Adultez (29 - 59 años),Postgrado,Otro,COMUNA 11,
11XjArl7gChPvlxKeA_0APY5pJLeRv53_mZqZUCjAcE8,SELLO DE NO DISCRIMINACIÓN 1°C 2025 - (SELLO_012025),Femenino,Adultez (29 - 59 años),Bachiller,Área de la salud,COMUNA 7,
11XjArl7gChPvlxKeA_0APY5pJLeRv53_mZqZUCjAcE8,SELLO DE NO DISCRIMINACIÓN 1°C 2025 - (SELLO_012025),Masculino,Adultez (29 - 59 años),Postgrado,Otro,COMUNA 10,
11XjArl7gChPvlxKeA_0APY5pJLeRv53_mZqZUCjAcE8,SELLO DE NO DISCRIMINACIÓN 1°C 2025 - (SELLO_012025),Femenino,Adultez (29 - 59 años),Pregrado,Área de la salud,COMUNA 3,
11XjArl7gChPvlxKeA_0APY5pJLeRv53_mZqZUCjAcE8,SELLO DE NO DISCRIMINACIÓN 1°C 2025 - (SELLO_012025),Femenino,Juventud (18 - 28 años),Pregrado,Área de la salud,COMUNA 5,
11XjArl7gChPvlxKeA_0APY5pJLeRv53_mZqZUCjAcE8,SELLO DE NO DISCRIMINACIÓN 1°C 2025 - (SELLO_012025),Masculino,Adultez (29 - 59 años),Bachiller,Área de la salud,COMUNA 17,
11XjArl7gChPvlxKeA_0APY5pJLeRv53_mZqZUCjAcE8,SELLO DE NO DISCRIMINACIÓN 1°C 2025 - (SELLO_012025),Masculino,Juventud (18 - 28 años),Pregrado,Área de la salud,COMUNA 13,
11XjArl7gChPvlxKeA_0APY5pJLeRv53_mZqZUCjAcE8,SELLO DE NO DISCRIMINACIÓN 1°C 2025 - (SELLO_012025),Masculino,Adultez (29 - 59 años),Pregrado,Área de la salud,COMUNA 15,
11XjArl7gChPvlxKeA_0APY5pJLeRv53_mZqZUCjAcE8,SELLO DE NO DISCRIMINACIÓN 1°C 2025 - (SELLO_012025),Masculino,Adultez (29 - 59 años),Pregrado,Área de la salud,COMUNA 17,
11XjArl7gChPvlxKeA_0APY5pJLeRv53_mZqZUCjAcE8,SELLO DE NO DISCRIMINACIÓN 1°C 2025 - (SELLO_012025),Masculino,Adultez (29 - 59 años),Pregrado,Área de la salud,COMUNA 20,
11XjArl7gChPvlxKeA_0APY5pJLeRv53_mZqZUCjAcE8,SELLO DE NO DISCRIMINACIÓN 1°C 2025 - (SELLO_012025),Femenino,Adultez (29 - 59 años),Pregrado,Área de la salud,COMUNA 6,
11XjArl7gChPvlxKeA_0APY5pJLeRv53_mZqZUCjAcE8,SELLO DE NO DISCRIMINACIÓN 1°C 2025 - (SELLO_012025),Intersexual,Adultez (29 - 59 años),Postgrado,Área de la salud,COMUNA 19,
11XjArl7gChPvlxKeA_0APY5pJLeRv53_mZqZUCjAcE8,SELLO DE NO DISCRIMINACIÓN 1°C 2025 - (SELLO_012025),Masculino,Adultez (29 - 59 años),Bachiller,Área de la salud,COMUNA 4,
11XjArl7gChPvlxKeA_0APY5pJLeRv53_mZqZUCjAcE8,SELLO DE NO DISCRIMINACIÓN 1°C 2025 - (SELLO_012025),Masculino,Adultez (29 - 59 años),Pregrado,Estudiante,COMUNA 7,
11XjArl7gChPvlxKeA_0APY5pJLeRv53_mZqZUCjAcE8,SELLO DE NO DISCRIMINACIÓN 1°C 2025 - (SELLO_012025),Masculino,Vejez (60 años o más),Postgrado,Área de la salud,COMUNA 3,
11XjArl7gChPvlxKeA_0APY5pJLeRv53_mZqZUCjAcE8,SELLO DE NO DISCRIMINACIÓN 1°C 2025 - (SELLO_012025),Femenino,Adultez (29 - 59 años),Postgrado,Área de la salud,COMUNA 12,
11XjArl7gChPvlxKeA_0APY5pJLeRv53_mZqZUCjAcE8,SELLO DE NO DISCRIMINACIÓN 1°C 2025 - (SELLO_012025),Femenino,Adultez (29 - 59 años),Pregrado,Área de la salud,COMUNA 2,
11XjArl7gChPvlxKeA_0APY5pJLeRv53_mZqZUCjAcE8,SELLO DE NO DISCRIMINACIÓN 1°C 2025 - (SELLO_012025),Femenino,Adultez (29 - 59 años),Bachiller,Otro,COMUNA 12,
11XjArl7gChPvlxKeA_0APY5pJLeRv53_mZqZUCjAcE8,SELLO DE NO DISCRIMINACIÓN 1°C 2025 - (SELLO_012025),Masculino,Adultez (29 - 59 años),Pregrado,Área de la salud,COMUNA 16,
11XjArl7gChPvlxKeA_0APY5pJLeRv53_mZqZUCjAcE8,SELLO DE NO DISCRIMINACIÓN 1°C 2025 - (SELLO_012025),Femenino,Adultez (29 - 59 años),Pregrado,Otro,COMUNA 20,
11XjArl7gChPvlxKeA_0APY5pJLeRv53_mZqZUCjAcE8,SELLO DE NO DISCRIMINACIÓN 1°C 2025 - (SELLO_012025),Masculino,Adultez (29 - 59 años),Pregrado,Otro,COMUNA 5,
11XjArl7gChPvlxKeA_0APY5pJLeRv53_mZqZUCjAcE8,SELLO DE NO DISCRIMINACIÓN 1°C 2025 - (SELLO_012025),Femenino,Adultez (29 - 59 años),Postgrado,Área de la salud,COMUNA 17,
11XjArl7gChPvlxKeA_0APY5pJLeRv53_mZqZUCjAcE8,SELLO DE NO DISCRIMINACIÓN 1°C 2025 - (SELLO_012025),Femenino,Juventud (18 - 28 años),Pregrado,Área de la salud,COMUNA 21,
11XjArl7gChPvlxKeA_0APY5pJLeRv53_mZqZUCjAcE8,SELLO DE NO DISCRIMINACIÓN 1°C 2025 - (SELLO_012025),Femenino,Adultez (29 - 59 años),Pregrado,Área de la salud,COMUNA 15,
11XjArl7gChPvlxKeA_0APY5pJLeRv53_mZqZUCjAcE8,SELLO DE NO DISCRIMINACIÓN 1°C 2025 - (SELLO_012025),Masculino,Adultez (29 - 59 años),Postgrado,Área de la salud,COMUNA 17,
11XjArl7gChPvlxKeA_0APY5pJLeRv53_mZqZUCjAcE8,SELLO DE NO DISCRIMINACIÓN 1°C 2025 - (SELLO_012025),Masculino,Adultez (29 - 59 años),Bachiller,Área de la salud,COMUNA 13,
11XjArl7gChPvlxKeA_0APY5pJLeRv53_mZqZUCjAcE8,SELLO DE NO DISCRIMINACIÓN 1°C 2025 - (SELLO_012025),Femenino,Adultez (29 - 59 años),Bachiller,Otro,COMUNA 1,
11XjArl7gChPvlxKeA_0APY5pJLeRv53_mZqZUCjAcE8,SELLO DE NO DISCRIMINACIÓN 1°C 2025 - (SELLO_012025),Masculino,Adultez (29 - 59 años),Postgrado,Área de la salud,COMUNA 14,
11XjArl7gChPvlxKeA_0APY5pJLeRv53_mZqZUCjAcE8,SELLO DE NO DISCRIMINACIÓN 1°C 2025 - (SELLO_012025),Femenino,Adultez (29 - 59 años),Pregrado,Área de la salud,COMUNA 13,
11XjArl7gChPvlxKeA_0APY5pJLeRv53_mZqZUCjAcE8,SELLO DE NO DISCRIMINACIÓN 1°C 2025 - (SELLO_012025),Femenino,Adultez (29 - 59 años),Postgrado,Área de la salud,COMUNA 7,
11XjArl7gChPvlxKeA_0APY5pJLeRv53_mZqZUCjAcE8,SELLO DE NO DISCRIMINACIÓN 1°C 2025 - (SELLO_012025),Femenino,Juventud (18 - 28 años),Bachiller,Otro,C. DE EL HORMIGUERO,
11XjArl7gChPvlxKeA_0APY5pJLeRv53_mZqZUCjAcE8,SELLO DE NO DISCRIMINACIÓN 1°C 2025 - (SELLO_012025),Femenino,Adultez (29 - 59 años),Bachiller,Área de la salud,COMUNA 17,
11XjArl7gChPvlxKeA_0APY5pJLeRv53_mZqZUCjAcE8,SELLO DE NO DISCRIMINACIÓN 1°C 2025 - (SELLO_012025),Masculino,Vejez (60 años o más),Pregrado,Área de la salud,COMUNA 5,
11XjArl7gChPvlxKeA_0APY5pJLeRv53_mZqZUCjAcE8,SELLO DE NO DISCRIMINACIÓN 1°C 2025 - (SELLO_012025),Masculino,Adultez (29 - 59 años),Pregrado,Otro,COMUNA 3,
11XjArl7gChPvlxKeA_0APY5pJLeRv53_mZqZUCjAcE8,SELLO DE NO DISCRIMINACIÓN 1°C 2025 - (SELLO_012025),Masculino,Juventud (18 - 28 años),Pregrado,Área de la salud,COMUNA 18,
11XjArl7gChPvlxKeA_0APY5pJLeRv53_mZqZUCjAcE8,SELLO DE NO DISCRIMINACIÓN 1°C 2025 - (SELLO_012025),Femenino,Adultez (29 - 59 años),Pregrado,Área de la salud,COMUNA 2,
11XjArl7gChPvlxKeA_0APY5pJLeRv53_mZqZUCjAcE8,SELLO DE NO DISCRIMINACIÓN 1°C 2025 - (SELLO_012025),Masculino,Adultez (29 - 59 años),Postgrado,Otro,COMUNA 8,
11XjArl7gChPvlxKeA_0APY5pJLeRv53_mZqZUCjAcE8,SELLO DE NO DISCRIMINACIÓN 1°C 2025 - (SELLO_012025),Femenino,Adultez (29 - 59 años),Postgrado,Otro,COMUNA 3,
11XjArl7gChPvlxKeA_0APY5pJLeRv53_mZqZUCjAcE8,SELLO DE NO DISCRIMINACIÓN 1°C 2025 - (SELLO_012025),Masculino,Adultez (29 - 59 años),Postgrado,Área de la salud,COMUNA 8,
11XjArl7gChPvlxKeA_0APY5pJLeRv53_mZqZUCjAcE8,SELLO DE NO DISCRIMINACIÓN 1°C 2025 - (SELLO_012025),Masculino,Adultez (29 - 59 años),Postgrado,Área de la salud,COMUNA 19,
11XjArl7gChPvlxKeA_0APY5pJLeRv53_mZqZUCjAcE8,SELLO DE NO DISCRIMINACIÓN 1°C 2025 - (SELLO_012025),Masculino,Vejez (60 años o más),Bachiller,Área de la salud,COMUNA 5,
11XjArl7gChPvlxKeA_0APY5pJLeRv53_mZqZUCjAcE8,SELLO DE NO DISCRIMINACIÓN 1°C 2025 - (SELLO_012025),Femenino,Adultez (29 - 59 años),Pregrado,Otro,COMUNA 8,
11XjArl7gChPvlxKeA_0APY5pJLeRv53_mZqZUCjAcE8,SELLO DE NO DISCRIMINACIÓN 1°C 2025 - (SELLO_012025),Femenino,Adultez (29 - 59 años),Pregrado,Área de la salud,COMUNA 19,
11XjArl7gChPvlxKeA_0APY5pJLeRv53_mZqZUCjAcE8,SELLO DE NO DISCRIMINACIÓN 1°C 2025 - (SELLO_012025),Masculino,Vejez (60 años o más),Bachiller,Área de la salud,COMUNA 19,
11XjArl7gChPvlxKeA_0APY5pJLeRv53_mZqZUCjAcE8,SELLO DE NO DISCRIMINACIÓN 1°C 2025 - (SELLO_012025),Femenino,Juventud (18 - 28 años),Pregrado,Otro,COMUNA 19,
11XjArl7gChPvlxKeA_0APY5pJLeRv53_mZqZUCjAcE8,SELLO DE NO DISCRIMINACIÓN 1°C 2025 - (SELLO_012025),Masculino,Adultez (29 - 59 años),Pregrado,Área de la salud,COMUNA 17,
11XjArl7gChPvlxKeA_0APY5pJLeRv53_mZqZUCjAcE8,SELLO DE NO DISCRIMINACIÓN 1°C 2025 - (SELLO_012025),Femenino,Adultez (29 - 59 años),Pregrado,Área de la salud,C. DE FELIDIA,
11XjArl7gChPvlxKeA_0APY5pJLeRv53_mZqZUCjAcE8,SELLO DE NO DISCRIMINACIÓN 1°C 2025 - (SELLO_012025),Femenino,Adultez (29 - 59 años),Bachiller,Área de la salud,COMUNA 2,
11XjArl7gChPvlxKeA_0APY5pJLeRv53_mZqZUCjAcE8,SELLO DE NO DISCRIMINACIÓN 1°C 2025 - (SELLO_012025),Masculino,Adultez (29 - 59 años),Postgrado,Área de la salud,COMUNA 10,
11XjArl7gChPvlxKeA_0APY5pJLeRv53_mZqZUCjAcE8,SELLO DE NO DISCRIMINACIÓN 1°C 2025 - (SELLO_012025),Masculino,Adultez (29 - 59 años),Bachiller,Área de la salud,COMUNA 21,
11XjArl7gChPvlxKeA_0APY5pJLeRv53_mZqZUCjAcE8,SELLO DE NO DISCRIMINACIÓN 1°C 2025 - (SELLO_012025),Femenino,Juventud (18 - 28 años),Pregrado,Área de la salud,COMUNA 6,
11XjArl7gChPvlxKeA_0APY5pJLeRv53_mZqZUCjAcE8,SELLO DE NO DISCRIMINACIÓN 1°C 2025 - (SELLO_012025),Femenino,Adultez (29 - 59 años),Postgrado,Otro,COMUNA 21,
11XjArl7gChPvlxKeA_0APY5pJLeRv53_mZqZUCjAcE8,SELLO DE NO DISCRIMINACIÓN 1°C 2025 - (SELLO_012025),Femenino,Adultez (29 - 59 años),Postgrado,Área de la salud,COMUNA 4,
11XjArl7gChPvlxKeA_0APY5pJLeRv53_mZqZUCjAcE8,SELLO DE NO DISCRIMINACIÓN 1°C 2025 - (SELLO_012025),Masculino,Adultez (29 - 59 años),Ninguna,Área de la salud,COMUNA 1,
11XjArl7gChPvlxKeA_0APY5pJLeRv53_mZqZUCjAcE8,SELLO DE NO DISCRIMINACIÓN 1°C 2025 - (SELLO_012025),Femenino,Adultez (29 - 59 años),Pregrado,Área de la salud,COMUNA 6,
11XjArl7gChPvlxKeA_0APY5pJLeRv53_mZqZUCjAcE8,SELLO DE NO DISCRIMINACIÓN 1°C 2025 - (SELLO_012025),Femenino,Adultez (29 - 59 años),Postgrado,Área de la salud,COMUNA 19,
11XjArl7gChPvlxKeA_0APY5pJLeRv53_mZqZUCjAcE8,SELLO DE NO DISCRIMINACIÓN 1°C 2025 - (SELLO_012025),Femenino,Adultez (29 - 59 años),Postgrado,Otro,COMUNA 20,
11XjArl7gChPvlxKeA_0APY5pJLeRv53_mZqZUCjAcE8,SELLO DE NO DISCRIMINACIÓN 1°C 2025 - (SELLO_012025),Femenino,Juventud (18 - 28 años),Pregrado,Área de la salud,COMUNA 17,
11XjArl7gChPvlxKeA_0APY5pJLeRv53_mZqZUCjAcE8,SELLO DE NO DISCRIMINACIÓN 1°C 2025 - (SELLO_012025),Femenino,Adultez (29 - 59 años),Postgrado,Otro,C. DE LOS ANDES,
11XjArl7gChPvlxKeA_0APY5pJLeRv53_mZqZUCjAcE8,SELLO DE NO DISCRIMINACIÓN 1°C 2025 - (SELLO_012025),Femenino,Juventud (18 - 28 años),Pregrado,Área de la salud,COMUNA 9,
11XjArl7gChPvlxKeA_0APY5pJLeRv53_mZqZUCjAcE8,SELLO DE NO DISCRIMINACIÓN 1°C 2025 - (SELLO_012025),Masculino,Adultez (29 - 59 años),Postgrado,Área de la salud,COMUNA 5,
11XjArl7gChPvlxKeA_0APY5pJLeRv53_mZqZUCjAcE8,SELLO DE NO DISCRIMINACIÓN 1°C 2025 - (SELLO_012025),Masculino,Adultez (29 - 59 años),Pregrado,Área de la salud,COMUNA 13,
11XjArl7gChPvlxKeA_0APY5pJLeRv53_mZqZUCjAcE8,SELLO DE NO DISCRIMINACIÓN 1°C 2025 - (SELLO_012025),Masculino,Adultez (29 - 59 años),Bachiller,Área de la salud,COMUNA 9,
11XjArl7gChPvlxKeA_0APY5pJLeRv53_mZqZUCjAcE8,SELLO DE NO DISCRIMINACIÓN 1°C 2025 - (SELLO_012025),Masculino,Adultez (29 - 59 años),Pregrado,Área de la salud,COMUNA 19,
11XjArl7gChPvlxKeA_0APY5pJLeRv53_mZqZUCjAcE8,SELLO DE NO DISCRIMINACIÓN 1°C 2025 - (SELLO_012025),Femenino,Adultez (29 - 59 años),Pregrado,Otro,COMUNA 2,
11XjArl7gChPvlxKeA_0APY5pJLeRv53_mZqZUCjAcE8,SELLO DE NO DISCRIMINACIÓN 1°C 2025 - (SELLO_012025),Femenino,Adultez (29 - 59 años),Bachiller,Otro,COMUNA 17,
11XjArl7gChPvlxKeA_0APY5pJLeRv53_mZqZUCjAcE8,SELLO DE NO DISCRIMINACIÓN 1°C 2025 - (SELLO_012025),Masculino,Adultez (29 - 59 años),Pregrado,Área de la salud,COMUNA 16,
11XjArl7gChPvlxKeA_0APY5pJLeRv53_mZqZUCjAcE8,SELLO DE NO DISCRIMINACIÓN 1°C 2025 - (SELLO_012025),Masculino,Vejez (60 años o más),Bachiller,Área de la salud,COMUNA 10,
11XjArl7gChPvlxKeA_0APY5pJLeRv53_mZqZUCjAcE8,SELLO DE NO DISCRIMINACIÓN 1°C 2025 - (SELLO_012025),Masculino,Adultez (29 - 59 años),Pregrado,Área de la salud,COMUNA 6,
11XjArl7gChPvlxKeA_0APY5pJLeRv53_mZqZUCjAcE8,SELLO DE NO DISCRIMINACIÓN 1°C 2025 - (SELLO_012025),Femenino,Adultez (29 - 59 años),Pregrado,Otro,COMUNA 19,
11XjArl7gChPvlxKeA_0APY5pJLeRv53_mZqZUCjAcE8,SELLO DE NO DISCRIMINACIÓN 1°C 2025 - (SELLO_012025),Femenino,Adultez (29 - 59 años),Pregrado,Área de la salud,COMUNA 8,
11XjArl7gChPvlxKeA_0APY5pJLeRv53_mZqZUCjAcE8,SELLO DE NO DISCRIMINACIÓN 1°C 2025 - (SELLO_012025),Femenino,Adultez (29 - 59 años),Pregrado,Área de la salud,COMUNA 6,
11XjArl7gChPvlxKeA_0APY5pJLeRv53_mZqZUCjAcE8,SELLO DE NO DISCRIMINACIÓN 1°C 2025 - (SELLO_012025),Femenino,Adultez (29 - 59 años),Pregrado,Área de la salud,COMUNA 14,
11XjArl7gChPvlxKeA_0APY5pJLeRv53_mZqZUCjAcE8,SELLO DE NO DISCRIMINACIÓN 1°C 2025 - (SELLO_012025),Masculino,Adultez (29 - 59 años),Postgrado,Área de la salud,COMUNA 6,
11XjArl7gChPvlxKeA_0APY5pJLeRv53_mZqZUCjAcE8,SELLO DE NO DISCRIMINACIÓN 1°C 2025 - (SELLO_012025),Femenino,Adultez (29 - 59 años),Postgrado,Área de la salud,COMUNA 17,
11XjArl7gChPvlxKeA_0APY5pJLeRv53_mZqZUCjAcE8,SELLO DE NO DISCRIMINACIÓN 1°C 2025 - (SELLO_012025),Masculino,Adultez (29 - 59 años),Bachiller,Área de la salud,COMUNA 17,
11XjArl7gChPvlxKeA_0APY5pJLeRv53_mZqZUCjAcE8,SELLO DE NO DISCRIMINACIÓN 1°C 2025 - (SELLO_012025),Femenino,Juventud (18 - 28 años),Pregrado,Área de la salud,COMUNA 14,
11XjArl7gChPvlxKeA_0APY5pJLeRv53_mZqZUCjAcE8,SELLO DE NO DISCRIMINACIÓN 1°C 2025 - (SELLO_012025),Femenino,Adultez (29 - 59 años),Postgrado,Área de la salud,COMUNA 5,
11XjArl7gChPvlxKeA_0APY5pJLeRv53_mZqZUCjAcE8,SELLO DE NO DISCRIMINACIÓN 1°C 2025 - (SELLO_012025),Femenino,Adultez (29 - 59 años),Pregrado,Área de la salud,C. DE EL SALADITO,
11XjArl7gChPvlxKeA_0APY5pJLeRv53_mZqZUCjAcE8,SELLO DE NO DISCRIMINACIÓN 1°C 2025 - (SELLO_012025),Femenino,Adultez (29 - 59 años),Postgrado,Área de la salud,COMUNA 17,
11XjArl7gChPvlxKeA_0APY5pJLeRv53_mZqZUCjAcE8,SELLO DE NO DISCRIMINACIÓN 1°C 2025 - (SELLO_012025),Femenino,Adultez (29 - 59 años),Postgrado,Área de la salud,COMUNA 5,
11XjArl7gChPvlxKeA_0APY5pJLeRv53_mZqZUCjAcE8,SELLO DE NO DISCRIMINACIÓN 1°C 2025 - (SELLO_012025),Femenino,Adultez (29 - 59 años),Postgrado,Otro,COMUNA 10,
11XjArl7gChPvlxKeA_0APY5pJLeRv53_mZqZUCjAcE8,SELLO DE NO DISCRIMINACIÓN 1°C 2025 - (SELLO_012025),Femenino,Juventud (18 - 28 años),Bachiller,Área de la salud,COMUNA 16,
11XjArl7gChPvlxKeA_0APY5pJLeRv53_mZqZUCjAcE8,SELLO DE NO DISCRIMINACIÓN 1°C 2025 - (SELLO_012025),Femenino,Juventud (18 - 28 años),Pregrado,Área de la salud,COMUNA 22,
11XjArl7gChPvlxKeA_0APY5pJLeRv53_mZqZUCjAcE8,SELLO DE NO DISCRIMINACIÓN 1°C 2025 - (SELLO_012025),Femenino,Adultez (29 - 59 años),Pregrado,Otro,COMUNA 19,
11XjArl7gChPvlxKeA_0APY5pJLeRv53_mZqZUCjAcE8,SELLO DE NO DISCRIMINACIÓN 1°C 2025 - (SELLO_012025),Femenino,Juventud (18 - 28 años),Bachiller,Otro,COMUNA 20,
11XjArl7gChPvlxKeA_0APY5pJLeRv53_mZqZUCjAcE8,SELLO DE NO DISCRIMINACIÓN 1°C 2025 - (SELLO_012025),Femenino,Adultez (29 - 59 años),Pregrado,Área de la salud,COMUNA 11,
11XjArl7gChPvlxKeA_0APY5pJLeRv53_mZqZUCjAcE8,SELLO DE NO DISCRIMINACIÓN 1°C 2025 - (SELLO_012025),Femenino,Adultez (29 - 59 años),Pregrado,Área de la salud,COMUNA 17,
11XjArl7gChPvlxKeA_0APY5pJLeRv53_mZqZUCjAcE8,SELLO DE NO DISCRIMINACIÓN 1°C 2025 - (SELLO_012025),Femenino,Juventud (18 - 28 años),Pregrado,Otro,COMUNA 17,
11XjArl7gChPvlxKeA_0APY5pJLeRv53_mZqZUCjAcE8,SELLO DE NO DISCRIMINACIÓN 1°C 2025 - (SELLO_012025),Masculino,Adultez (29 - 59 años),Pregrado,Área de la salud,COMUNA 10,
11XjArl7gChPvlxKeA_0APY5pJLeRv53_mZqZUCjAcE8,SELLO DE NO DISCRIMINACIÓN 1°C 2025 - (SELLO_012025),Femenino,Adultez (29 - 59 años),Bachiller,Otro,COMUNA 11,
11XjArl7gChPvlxKeA_0APY5pJLeRv53_mZqZUCjAcE8,SELLO DE NO DISCRIMINACIÓN 1°C 2025 - (SELLO_012025),Masculino,Adultez (29 - 59 años),Pregrado,Otro,COMUNA 17,
11XjArl7gChPvlxKeA_0APY5pJLeRv53_mZqZUCjAcE8,SELLO DE NO DISCRIMINACIÓN 1°C 2025 - (SELLO_012025),Masculino,Adultez (29 - 59 años),Pregrado,Área de la salud,COMUNA 5,
11XjArl7gChPvlxKeA_0APY5pJLeRv53_mZqZUCjAcE8,SELLO DE NO DISCRIMINACIÓN 1°C 2025 - (SELLO_012025),Masculino,Vejez (60 años o más),Pregrado,Área de la salud,COMUNA 6,
11XjArl7gChPvlxKeA_0APY5pJLeRv53_mZqZUCjAcE8,SELLO DE NO DISCRIMINACIÓN 1°C 2025 - (SELLO_012025),Masculino,Juventud (18 - 28 años),Bachiller,Área de la salud,COMUNA 18,
11XjArl7gChPvlxKeA_0APY5pJLeRv53_mZqZUCjAcE8,SELLO DE NO DISCRIMINACIÓN 1°C 2025 - (SELLO_012025),Masculino,Adultez (29 - 59 años),Pregrado,Área de la salud,COMUNA 19,
11XjArl7gChPvlxKeA_0APY5pJLeRv53_mZqZUCjAcE8,SELLO DE NO DISCRIMINACIÓN 1°C 2025 - (SELLO_012025),Masculino,Vejez (60 años o más),Pregrado,Otro,COMUNA 2,
11XjArl7gChPvlxKeA_0APY5pJLeRv53_mZqZUCjAcE8,SELLO DE NO DISCRIMINACIÓN 1°C 2025 - (SELLO_012025),Femenino,Adultez (29 - 59 años),Pregrado,Área de la salud,C. DE PANCE,
11XjArl7gChPvlxKeA_0APY5pJLeRv53_mZqZUCjAcE8,SELLO DE NO DISCRIMINACIÓN 1°C 2025 - (SELLO_012025),Masculino,Adultez (29 - 59 años),Pregrado,Otro,COMUNA 3,
11XjArl7gChPvlxKeA_0APY5pJLeRv53_mZqZUCjAcE8,SELLO DE NO DISCRIMINACIÓN 1°C 2025 - (SELLO_012025),Femenino,Adultez (29 - 59 años),Postgrado,Área de la salud,COMUNA 11,
11XjArl7gChPvlxKeA_0APY5pJLeRv53_mZqZUCjAcE8,SELLO DE NO DISCRIMINACIÓN 1°C 2025 - (SELLO_012025),Masculino,Adultez (29 - 59 años),Pregrado,Área de la salud,COMUNA 18,
11XjArl7gChPvlxKeA_0APY5pJLeRv53_mZqZUCjAcE8,SELLO DE NO DISCRIMINACIÓN 1°C 2025 - (SELLO_012025),Femenino,Adultez (29 - 59 años),Pregrado,Otro,COMUNA 20,
11XjArl7gChPvlxKeA_0APY5pJLeRv53_mZqZUCjAcE8,SELLO DE NO DISCRIMINACIÓN 1°C 2025 - (SELLO_012025),Femenino,Adultez (29 - 59 años),Postgrado,Área de la salud,COMUNA 10,
11XjArl7gChPvlxKeA_0APY5pJLeRv53_mZqZUCjAcE8,SELLO DE NO DISCRIMINACIÓN 1°C 2025 - (SELLO_012025),Femenino,Adultez (29 - 59 años),Postgrado,Área de la salud,COMUNA 17,
11XjArl7gChPvlxKeA_0APY5pJLeRv53_mZqZUCjAcE8,SELLO DE NO DISCRIMINACIÓN 1°C 2025 - (SELLO_012025),Femenino,Vejez (60 años o más),Postgrado,Área de la salud,COMUNA 6,
11XjArl7gChPvlxKeA_0APY5pJLeRv53_mZqZUCjAcE8,SELLO DE NO DISCRIMINACIÓN 1°C 2025 - (SELLO_012025),Femenino,Adultez (29 - 59 años),Pregrado,Otro,COMUNA 5,
11XjArl7gChPvlxKeA_0APY5pJLeRv53_mZqZUCjAcE8,SELLO DE NO DISCRIMINACIÓN 1°C 2025 - (SELLO_012025),Masculino,Adultez (29 - 59 años),Pregrado,Otro,COMUNA 9,
11XjArl7gChPvlxKeA_0APY5pJLeRv53_mZqZUCjAcE8,SELLO DE NO DISCRIMINACIÓN 1°C 2025 - (SELLO_012025),Femenino,Adultez (29 - 59 años),Postgrado,Área de la salud,COMUNA 2,
11XjArl7gChPvlxKeA_0APY5pJLeRv53_mZqZUCjAcE8,SELLO DE NO DISCRIMINACIÓN 1°C 2025 - (SELLO_012025),Femenino,Adultez (29 - 59 años),Pregrado,Otro,COMUNA 17,
11XjArl7gChPvlxKeA_0APY5pJLeRv53_mZqZUCjAcE8,SELLO DE NO DISCRIMINACIÓN 1°C 2025 - (SELLO_012025),Femenino,Adultez (29 - 59 años),Postgrado,Área de la salud,COMUNA 15,
11XjArl7gChPvlxKeA_0APY5pJLeRv53_mZqZUCjAcE8,SELLO DE NO DISCRIMINACIÓN 1°C 2025 - (SELLO_012025),Femenino,Adultez (29 - 59 años),Bachiller,Otro,COMUNA 11,
11XjArl7gChPvlxKeA_0APY5pJLeRv53_mZqZUCjAcE8,SELLO DE NO DISCRIMINACIÓN 1°C 2025 - (SELLO_012025),Femenino,Adultez (29 - 59 años),Postgrado,Área de la salud,COMUNA 10,
11XjArl7gChPvlxKeA_0APY5pJLeRv53_mZqZUCjAcE8,SELLO DE NO DISCRIMINACIÓN 1°C 2025 - (SELLO_012025),Femenino,Adultez (29 - 59 años),Pregrado,Área de la salud,COMUNA 17,
11XjArl7gChPvlxKeA_0APY5pJLeRv53_mZqZUCjAcE8,SELLO DE NO DISCRIMINACIÓN 1°C 2025 - (SELLO_012025),Femenino,Adultez (29 - 59 años),Postgrado,Área de la salud,COMUNA 17,
11XjArl7gChPvlxKeA_0APY5pJLeRv53_mZqZUCjAcE8,SELLO DE NO DISCRIMINACIÓN 1°C 2025 - (SELLO_012025),Femenino,Adultez (29 - 59 años),Bachiller,Área de la salud,COMUNA 10,
11XjArl7gChPvlxKeA_0APY5pJLeRv53_mZqZUCjAcE8,SELLO DE NO DISCRIMINACIÓN 1°C 2025 - (SELLO_012025),Femenino,Juventud (18 - 28 años),Pregrado,Área de la salud,COMUNA 10,
11XjArl7gChPvlxKeA_0APY5pJLeRv53_mZqZUCjAcE8,SELLO DE NO DISCRIMINACIÓN 1°C 2025 - (SELLO_012025),Femenino,Adultez (29 - 59 años),Postgrado,Área de la salud,COMUNA 17,
11XjArl7gChPvlxKeA_0APY5pJLeRv53_mZqZUCjAcE8,SELLO DE NO DISCRIMINACIÓN 1°C 2025 - (SELLO_012025),Femenino,Adultez (29 - 59 años),Postgrado,Área de la salud,COMUNA 17,
11XjArl7gChPvlxKeA_0APY5pJLeRv53_mZqZUCjAcE8,SELLO DE NO DISCRIMINACIÓN 1°C 2025 - (SELLO_012025),Femenino,Juventud (18 - 28 años),Pregrado,Estudiante,COMUNA 17,
11XjArl7gChPvlxKeA_0APY5pJLeRv53_mZqZUCjAcE8,SELLO DE NO DISCRIMINACIÓN 1°C 2025 - (SELLO_012025),Masculino,Adultez (29 - 59 años),Pregrado,Área de la salud,COMUNA 19,
11XjArl7gChPvlxKeA_0APY5pJLeRv53_mZqZUCjAcE8,SELLO DE NO DISCRIMINACIÓN 1°C 2025 - (SELLO_012025),Femenino,Adultez (29 - 59 años),Postgrado,Área de la salud,COMUNA 19,
11XjArl7gChPvlxKeA_0APY5pJLeRv53_mZqZUCjAcE8,SELLO DE NO DISCRIMINACIÓN 1°C 2025 - (SELLO_012025),Femenino,Juventud (18 - 28 años),Bachiller,Otro,C. DE FELIDIA,
11XjArl7gChPvlxKeA_0APY5pJLeRv53_mZqZUCjAcE8,SELLO DE NO DISCRIMINACIÓN 1°C 2025 - (SELLO_012025),Femenino,Adultez (29 - 59 años),Bachiller,Área de la salud,COMUNA 10,
11XjArl7gChPvlxKeA_0APY5pJLeRv53_mZqZUCjAcE8,SELLO DE NO DISCRIMINACIÓN 1°C 2025 - (SELLO_012025),Femenino,Juventud (18 - 28 años),Postgrado,Área de la salud,COMUNA 19,
11XjArl7gChPvlxKeA_0APY5pJLeRv53_mZqZUCjAcE8,SELLO DE NO DISCRIMINACIÓN 1°C 2025 - (SELLO_012025),Masculino,Adultez (29 - 59 años),Pregrado,Área de la salud,COMUNA 9,
11XjArl7gChPvlxKeA_0APY5pJLeRv53_mZqZUCjAcE8,SELLO DE NO DISCRIMINACIÓN 1°C 2025 - (SELLO_012025),Masculino,Adultez (29 - 59 años),Postgrado,Área de la salud,C. DE LA ELVIRA,
11XjArl7gChPvlxKeA_0APY5pJLeRv53_mZqZUCjAcE8,SELLO DE NO DISCRIMINACIÓN 1°C 2025 - (SELLO_012025),Femenino,Adultez (29 - 59 años),Pregrado,Área de la salud,COMUNA 14,
11XjArl7gChPvlxKeA_0APY5pJLeRv53_mZqZUCjAcE8,SELLO DE NO DISCRIMINACIÓN 1°C 2025 - (SELLO_012025),Femenino,Adultez (29 - 59 años),Pregrado,Área de la salud,COMUNA 9,
11XjArl7gChPvlxKeA_0APY5pJLeRv53_mZqZUCjAcE8,SELLO DE NO DISCRIMINACIÓN 1°C 2025 - (SELLO_012025),Masculino,Adultez (29 - 59 años),Postgrado,Área de la salud,COMUNA 8,
11XjArl7gChPvlxKeA_0APY5pJLeRv53_mZqZUCjAcE8,SELLO DE NO DISCRIMINACIÓN 1°C 2025 - (SELLO_012025),Femenino,Juventud (18 - 28 años),Pregrado,Área de la salud,COMUNA 12,
11XjArl7gChPvlxKeA_0APY5pJLeRv53_mZqZUCjAcE8,SELLO DE NO DISCRIMINACIÓN 1°C 2025 - (SELLO_012025),Femenino,Adultez (29 - 59 años),Pregrado,Área de la salud,COMUNA 11,
11XjArl7gChPvlxKeA_0APY5pJLeRv53_mZqZUCjAcE8,SELLO DE NO DISCRIMINACIÓN 1°C 2025 - (SELLO_012025),Femenino,Adultez (29 - 59 años),Postgrado,Otro,COMUNA 9,
11XjArl7gChPvlxKeA_0APY5pJLeRv53_mZqZUCjAcE8,SELLO DE NO DISCRIMINACIÓN 1°C 2025 - (SELLO_012025),Femenino,Adultez (29 - 59 años),Pregrado,Área de la salud,COMUNA 17,
11XjArl7gChPvlxKeA_0APY5pJLeRv53_mZqZUCjAcE8,SELLO DE NO DISCRIMINACIÓN 1°C 2025 - (SELLO_012025),Femenino,Adultez (29 - 59 años),Pregrado,Área de la salud,COMUNA 13,
11XjArl7gChPvlxKeA_0APY5pJLeRv53_mZqZUCjAcE8,SELLO DE NO DISCRIMINACIÓN 1°C 2025 - (SELLO_012025),Masculino,Adultez (29 - 59 años),Pregrado,Área de la salud,COMUNA 9,
11XjArl7gChPvlxKeA_0APY5pJLeRv53_mZqZUCjAcE8,SELLO DE NO DISCRIMINACIÓN 1°C 2025 - (SELLO_012025),Masculino,Adultez (29 - 59 años),Pregrado,Otro,COMUNA 2,
11XjArl7gChPvlxKeA_0APY5pJLeRv53_mZqZUCjAcE8,SELLO DE NO DISCRIMINACIÓN 1°C 2025 - (SELLO_012025),Femenino,Adultez (29 - 59 años),Postgrado,Otro,COMUNA 15,
11XjArl7gChPvlxKeA_0APY5pJLeRv53_mZqZUCjAcE8,SELLO DE NO DISCRIMINACIÓN 1°C 2025 - (SELLO_012025),Masculino,Adultez (29 - 59 años),Pregrado,Otro,COMUNA 17,
11XjArl7gChPvlxKeA_0APY5pJLeRv53_mZqZUCjAcE8,SELLO DE NO DISCRIMINACIÓN 1°C 2025 - (SELLO_012025),Femenino,Juventud (18 - 28 años),Postgrado,Área de la salud,C. DE FELIDIA,
11XjArl7gChPvlxKeA_0APY5pJLeRv53_mZqZUCjAcE8,SELLO DE NO DISCRIMINACIÓN 1°C 2025 - (SELLO_012025),Masculino,Adultez (29 - 59 años),Postgrado,Otro,COMUNA 22,
11XjArl7gChPvlxKeA_0APY5pJLeRv53_mZqZUCjAcE8,SELLO DE NO DISCRIMINACIÓN 1°C 2025 - (SELLO_012025),Masculino,Adultez (29 - 59 años),Postgrado,Área de la salud,COMUNA 19,
11XjArl7gChPvlxKeA_0APY5pJLeRv53_mZqZUCjAcE8,SELLO DE NO DISCRIMINACIÓN 1°C 2025 - (SELLO_012025),Femenino,Adultez (29 - 59 años),Postgrado,Área de la salud,COMUNA 1,
11XjArl7gChPvlxKeA_0APY5pJLeRv53_mZqZUCjAcE8,SELLO DE NO DISCRIMINACIÓN 1°C 2025 - (SELLO_012025),Femenino,Adultez (29 - 59 años),Bachiller,Área de la salud,COMUNA 20,
11XjArl7gChPvlxKeA_0APY5pJLeRv53_mZqZUCjAcE8,SELLO DE NO DISCRIMINACIÓN 1°C 2025 - (SELLO_012025),Femenino,Adultez (29 - 59 años),Postgrado,Otro,COMUNA 16,
11XjArl7gChPvlxKeA_0APY5pJLeRv53_mZqZUCjAcE8,SELLO DE NO DISCRIMINACIÓN 1°C 2025 - (SELLO_012025),Femenino,Adultez (29 - 59 años),Postgrado,Otro,COMUNA 18,
11XjArl7gChPvlxKeA_0APY5pJLeRv53_mZqZUCjAcE8,SELLO DE NO DISCRIMINACIÓN 1°C 2025 - (SELLO_012025),Masculino,Adultez (29 - 59 años),Pregrado,Área de la salud,COMUNA 15,
11XjArl7gChPvlxKeA_0APY5pJLeRv53_mZqZUCjAcE8,SELLO DE NO DISCRIMINACIÓN 1°C 2025 - (SELLO_012025),Femenino,Adultez (29 - 59 años),Pregrado,Otro,COMUNA 15,
11XjArl7gChPvlxKeA_0APY5pJLeRv53_mZqZUCjAcE8,SELLO DE NO DISCRIMINACIÓN 1°C 2025 - (SELLO_012025),Femenino,Adultez (29 - 59 años),Postgrado,Área de la salud,COMUNA 17,
11XjArl7gChPvlxKeA_0APY5pJLeRv53_mZqZUCjAcE8,SELLO DE NO DISCRIMINACIÓN 1°C 2025 - (SELLO_012025),Femenino,Adultez (29 - 59 años),Postgrado,Área de la salud,COMUNA 16,
11XjArl7gChPvlxKeA_0APY5pJLeRv53_mZqZUCjAcE8,SELLO DE NO DISCRIMINACIÓN 1°C 2025 - (SELLO_012025),Femenino,Adultez (29 - 59 años),Bachiller,Área de la salud,COMUNA 6,
11XjArl7gChPvlxKeA_0APY5pJLeRv53_mZqZUCjAcE8,SELLO DE NO DISCRIMINACIÓN 1°C 2025 - (SELLO_012025),Femenino,Adultez (29 - 59 años),Pregrado,Área de la salud,COMUNA 14,
11XjArl7gChPvlxKeA_0APY5pJLeRv53_mZqZUCjAcE8,SELLO DE NO DISCRIMINACIÓN 1°C 2025 - (SELLO_012025),Masculino,Vejez (60 años o más),Postgrado,Área de la salud,COMUNA 19,
11XjArl7gChPvlxKeA_0APY5pJLeRv53_mZqZUCjAcE8,SELLO DE NO DISCRIMINACIÓN 1°C 2025 - (SELLO_012025),Femenino,Adultez (29 - 59 años),Bachiller,Área de la salud,COMUNA 14,
11XjArl7gChPvlxKeA_0APY5pJLeRv53_mZqZUCjAcE8,SELLO DE NO DISCRIMINACIÓN 1°C 2025 - (SELLO_012025),Masculino,Adultez (29 - 59 años),Postgrado,Área de la salud,COMUNA 17,
11XjArl7gChPvlxKeA_0APY5pJLeRv53_mZqZUCjAcE8,SELLO DE NO DISCRIMINACIÓN 1°C 2025 - (SELLO_012025),Femenino,Adultez (29 - 59 años),Pregrado,Estudiante,COMUNA 14,
11XjArl7gChPvlxKeA_0APY5pJLeRv53_mZqZUCjAcE8,SELLO DE NO DISCRIMINACIÓN 1°C 2025 - (SELLO_012025),Masculino,Adultez (29 - 59 años),Postgrado,Otro,COMUNA 17,
11XjArl7gChPvlxKeA_0APY5pJLeRv53_mZqZUCjAcE8,SELLO DE NO DISCRIMINACIÓN 1°C 2025 - (SELLO_012025),Femenino,Adultez (29 - 59 años),Bachiller,Área de la salud,COMUNA 12,
11XjArl7gChPvlxKeA_0APY5pJLeRv53_mZqZUCjAcE8,SELLO DE NO DISCRIMINACIÓN 1°C 2025 - (SELLO_012025),Masculino,Adultez (29 - 59 años),Pregrado,Área de la salud,COMUNA 2,
11XjArl7gChPvlxKeA_0APY5pJLeRv53_mZqZUCjAcE8,SELLO DE NO DISCRIMINACIÓN 1°C 2025 - (SELLO_012025),Femenino,Adultez (29 - 59 años),Postgrado,Área de la salud,COMUNA 17,
11XjArl7gChPvlxKeA_0APY5pJLeRv53_mZqZUCjAcE8,SELLO DE NO DISCRIMINACIÓN 1°C 2025 - (SELLO_012025),Femenino,Adultez (29 - 59 años),Postgrado,Área de la salud,COMUNA 17,
11XjArl7gChPvlxKeA_0APY5pJLeRv53_mZqZUCjAcE8,SELLO DE NO DISCRIMINACIÓN 1°C 2025 - (SELLO_012025),Masculino,Adultez (29 - 59 años),Postgrado,Área de la salud,COMUNA 17,
11XjArl7gChPvlxKeA_0APY5pJLeRv53_mZqZUCjAcE8,SELLO DE NO DISCRIMINACIÓN 1°C 2025 - (SELLO_012025),Femenino,Adultez (29 - 59 años),Postgrado,Otro,COMUNA 18,
11XjArl7gChPvlxKeA_0APY5pJLeRv53_mZqZUCjAcE8,SELLO DE NO DISCRIMINACIÓN 1°C 2025 - (SELLO_012025),Femenino,Vejez (60 años o más),Bachiller,Otro,COMUNA 6,
11XjArl7gChPvlxKeA_0APY5pJLeRv53_mZqZUCjAcE8,SELLO DE NO DISCRIMINACIÓN 1°C 2025 - (SELLO_012025),Femenino,Juventud (18 - 28 años),Postgrado,Área de la salud,COMUNA 5,
11XjArl7gChPvlxKeA_0APY5pJLeRv53_mZqZUCjAcE8,SELLO DE NO DISCRIMINACIÓN 1°C 2025 - (SELLO_012025),Femenino,Adultez (29 - 59 años),Postgrado,Otro,COMUNA 17,
11XjArl7gChPvlxKeA_0APY5pJLeRv53_mZqZUCjAcE8,SELLO DE NO DISCRIMINACIÓN 1°C 2025 - (SELLO_012025),Femenino,Adultez (29 - 59 años),Pregrado,Área de la salud,COMUNA 5,
11XjArl7gChPvlxKeA_0APY5pJLeRv53_mZqZUCjAcE8,SELLO DE NO DISCRIMINACIÓN 1°C 2025 - (SELLO_012025),Masculino,Vejez (60 años o más),Postgrado,Área de la salud,COMUNA 17,
11XjArl7gChPvlxKeA_0APY5pJLeRv53_mZqZUCjAcE8,SELLO DE NO DISCRIMINACIÓN 1°C 2025 - (SELLO_012025),Masculino,Juventud (18 - 28 años),Bachiller,Otro,COMUNA 11,
11XjArl7gChPvlxKeA_0APY5pJLeRv53_mZqZUCjAcE8,SELLO DE NO DISCRIMINACIÓN 1°C 2025 - (SELLO_012025),Femenino,Adultez (29 - 59 años),Postgrado,Área de la salud,COMUNA 1,
11XjArl7gChPvlxKeA_0APY5pJLeRv53_mZqZUCjAcE8,SELLO DE NO DISCRIMINACIÓN 1°C 2025 - (SELLO_012025),Femenino,Adultez (29 - 59 años),Pregrado,Otro,COMUNA 17,
11XjArl7gChPvlxKeA_0APY5pJLeRv53_mZqZUCjAcE8,SELLO DE NO DISCRIMINACIÓN 1°C 2025 - (SELLO_012025),Femenino,Adultez (29 - 59 años),Pregrado,Área de la salud,COMUNA 13,
11XjArl7gChPvlxKeA_0APY5pJLeRv53_mZqZUCjAcE8,SELLO DE NO DISCRIMINACIÓN 1°C 2025 - (SELLO_012025),Masculino,Adultez (29 - 59 años),Bachiller,Otro,COMUNA 19,
11XjArl7gChPvlxKeA_0APY5pJLeRv53_mZqZUCjAcE8,SELLO DE NO DISCRIMINACIÓN 1°C 2025 - (SELLO_012025),Femenino,Adultez (29 - 59 años),Postgrado,Área de la salud,COMUNA 19,
11XjArl7gChPvlxKeA_0APY5pJLeRv53_mZqZUCjAcE8,SELLO DE NO DISCRIMINACIÓN 1°C 2025 - (SELLO_012025),Masculino,Adultez (29 - 59 años),Bachiller,Área de la salud,COMUNA 7,
11XjArl7gChPvlxKeA_0APY5pJLeRv53_mZqZUCjAcE8,SELLO DE NO DISCRIMINACIÓN 1°C 2025 - (SELLO_012025),Femenino,Adultez (29 - 59 años),Bachiller,Área de la salud,COMUNA 13,
11XjArl7gChPvlxKeA_0APY5pJLeRv53_mZqZUCjAcE8,SELLO DE NO DISCRIMINACIÓN 1°C 2025 - (SELLO_012025),Femenino,Adultez (29 - 59 años),Bachiller,Estudiante,COMUNA 8,
11XjArl7gChPvlxKeA_0APY5pJLeRv53_mZqZUCjAcE8,SELLO DE NO DISCRIMINACIÓN 1°C 2025 - (SELLO_012025),Femenino,Adultez (29 - 59 años),Postgrado,Área de la salud,COMUNA 5,
11XjArl7gChPvlxKeA_0APY5pJLeRv53_mZqZUCjAcE8,SELLO DE NO DISCRIMINACIÓN 1°C 2025 - (SELLO_012025),Femenino,Vejez (60 años o más),Postgrado,Área de la salud,C. DE LA BUITRERA,
11XjArl7gChPvlxKeA_0APY5pJLeRv53_mZqZUCjAcE8,SELLO DE NO DISCRIMINACIÓN 1°C 2025 - (SELLO_012025),Femenino,Adultez (29 - 59 años),Postgrado,Área de la salud,COMUNA 11,
11XjArl7gChPvlxKeA_0APY5pJLeRv53_mZqZUCjAcE8,SELLO DE NO DISCRIMINACIÓN 1°C 2025 - (SELLO_012025),Femenino,Adultez (29 - 59 años),Pregrado,Área de la salud,COMUNA 10,
11XjArl7gChPvlxKeA_0APY5pJLeRv53_mZqZUCjAcE8,SELLO DE NO DISCRIMINACIÓN 1°C 2025 - (SELLO_012025),Femenino,Adultez (29 - 59 años),Postgrado,Área de la salud,COMUNA 17,
11XjArl7gChPvlxKeA_0APY5pJLeRv53_mZqZUCjAcE8,SELLO DE NO DISCRIMINACIÓN 1°C 2025 - (SELLO_012025),Femenino,Vejez (60 años o más),Postgrado,Área de la salud,COMUNA 17,
11XjArl7gChPvlxKeA_0APY5pJLeRv53_mZqZUCjAcE8,SELLO DE NO DISCRIMINACIÓN 1°C 2025 - (SELLO_012025),Femenino,Vejez (60 años o más),Postgrado,Área de la salud,COMUNA 17,
1_NKff3xvAloLzW0WTwoVK-OnWQd0FoAuMJS4-60w1D8,TB Farmacorresistente - (TBFR_012026),Femenino,Adultez (29 - 59 años),Pregrado,Área de la salud,,
1_NKff3xvAloLzW0WTwoVK-OnWQd0FoAuMJS4-60w1D8,TB Farmacorresistente - (TBFR_012026),Femenino,Adultez (29 - 59 años),Postgrado,Área de la salud,COMUNA 4,
1_NKff3xvAloLzW0WTwoVK-OnWQd0FoAuMJS4-60w1D8,TB Farmacorresistente - (TBFR_012026),Femenino,Juventud (18 - 28 años),Pregrado,Área de la salud,,
1_NKff3xvAloLzW0WTwoVK-OnWQd0FoAuMJS4-60w1D8,TB Farmacorresistente - (TBFR_012026),Femenino,Juventud (18 - 28 años),Postgrado,Área de la salud,COMUNA 17,
1_NKff3xvAloLzW0WTwoVK-OnWQd0FoAuMJS4-60w1D8,TB Farmacorresistente - (TBFR_012026),Masculino,Adultez (29 - 59 años),Pregrado,Área de la salud,COMUNA 17,
1_NKff3xvAloLzW0WTwoVK-OnWQd0FoAuMJS4-60w1D8,TB Farmacorresistente - (TBFR_012026),Femenino,Adultez (29 - 59 años),Postgrado,Área de la salud,,
1_NKff3xvAloLzW0WTwoVK-OnWQd0FoAuMJS4-60w1D8,TB Farmacorresistente - (TBFR_012026),Femenino,Adultez (29 - 59 años),Bachiller,Área de la salud,COMUNA 8,
1_NKff3xvAloLzW0WTwoVK-OnWQd0FoAuMJS4-60w1D8,TB Farmacorresistente - (TBFR_012026),Femenino,Adultez (29 - 59 años),Postgrado,Área de la salud,,
1_NKff3xvAloLzW0WTwoVK-OnWQd0FoAuMJS4-60w1D8,TB Farmacorresistente - (TBFR_012026),Masculino,Adultez (29 - 59 años),Pregrado,Área de la salud,,
1_NKff3xvAloLzW0WTwoVK-OnWQd0FoAuMJS4-60w1D8,TB Farmacorresistente - (TBFR_012026),Femenino,Adultez (29 - 59 años),Postgrado,Área de la salud,COMUNA 17,
1_NKff3xvAloLzW0WTwoVK-OnWQd0FoAuMJS4-60w1D8,TB Farmacorresistente - (TBFR_012026),Femenino,Adultez (29 - 59 años),Pregrado,Área de la salud,,
1_NKff3xvAloLzW0WTwoVK-OnWQd0FoAuMJS4-60w1D8,TB Farmacorresistente - (TBFR_012026),Masculino,Adultez (29 - 59 años),Postgrado,Área de la salud,COMUNA 17,
1_NKff3xvAloLzW0WTwoVK-OnWQd0FoAuMJS4-60w1D8,TB Farmacorresistente - (TBFR_012026),Femenino,Adultez (29 - 59 años),Bachiller,Área de la salud,,
1_NKff3xvAloLzW0WTwoVK-OnWQd0FoAuMJS4-60w1D8,TB Farmacorresistente - (TBFR_012026),Femenino,Juventud (18 - 28 años),Pregrado,Área de la salud,COMUNA 8,
1_NKff3xvAloLzW0WTwoVK-OnWQd0FoAuMJS4-60w1D8,TB Farmacorresistente - (TBFR_012026),Femenino,Adultez (29 - 59 años),Pregrado,Área de la salud,COMUNA 11,
1_NKff3xvAloLzW0WTwoVK-OnWQd0FoAuMJS4-60w1D8,TB Farmacorresistente - (TBFR_012026),Femenino,Adultez (29 - 59 años),Bachiller,Área de la salud,COMUNA 10,
1_NKff3xvAloLzW0WTwoVK-OnWQd0FoAuMJS4-60w1D8,TB Farmacorresistente - (TBFR_012026),Femenino,Adultez (29 - 59 años),Postgrado,Área de la salud,COMUNA 22,
1_NKff3xvAloLzW0WTwoVK-OnWQd0FoAuMJS4-60w1D8,TB Farmacorresistente - (TBFR_012026),Femenino,Juventud (18 - 28 años),Bachiller,Área de la salud,COMUNA 21,
1_NKff3xvAloLzW0WTwoVK-OnWQd0FoAuMJS4-60w1D8,TB Farmacorresistente - (TBFR_012026),Femenino,Adultez (29 - 59 años),Postgrado,Área de la salud,COMUNA 18,
1_NKff3xvAloLzW0WTwoVK-OnWQd0FoAuMJS4-60w1D8,TB Farmacorresistente - (TBFR_012026),Masculino,Adultez (29 - 59 años),Pregrado,Área de la salud,COMUNA 6,
1_NKff3xvAloLzW0WTwoVK-OnWQd0FoAuMJS4-60w1D8,TB Farmacorresistente - (TBFR_012026),Masculino,Adultez (29 - 59 años),Postgrado,Área de la salud,,
1_NKff3xvAloLzW0WTwoVK-OnWQd0FoAuMJS4-60w1D8,TB Farmacorresistente - (TBFR_012026),Femenino,Juventud (18 - 28 años),Pregrado,Área de la salud,COMUNA 12,
1_NKff3xvAloLzW0WTwoVK-OnWQd0FoAuMJS4-60w1D8,TB Farmacorresistente - (TBFR_012026),Femenino,Juventud (18 - 28 años),Pregrado,Área de la salud,COMUNA 1,
1_NKff3xvAloLzW0WTwoVK-OnWQd0FoAuMJS4-60w1D8,TB Farmacorresistente - (TBFR_012026),Femenino,Adultez (29 - 59 años),Postgrado,Área de la salud,,
1_NKff3xvAloLzW0WTwoVK-OnWQd0FoAuMJS4-60w1D8,TB Farmacorresistente - (TBFR_012026),Masculino,Adultez (29 - 59 años),Pregrado,Área de la salud,COMUNA 12,
1_NKff3xvAloLzW0WTwoVK-OnWQd0FoAuMJS4-60w1D8,TB Farmacorresistente - (TBFR_012026),Masculino,Juventud (18 - 28 años),Bachiller,Área de la salud,COMUNA 10,
1_NKff3xvAloLzW0WTwoVK-OnWQd0FoAuMJS4-60w1D8,TB Farmacorresistente - (TBFR_012026),Femenino,Adultez (29 - 59 años),Postgrado,Área de la salud,,
1_NKff3xvAloLzW0WTwoVK-OnWQd0FoAuMJS4-60w1D8,TB Farmacorresistente - (TBFR_012026),Masculino,Juventud (18 - 28 años),Postgrado,Área de la salud,,
1_NKff3xvAloLzW0WTwoVK-OnWQd0FoAuMJS4-60w1D8,TB Farmacorresistente - (TBFR_012026),Femenino,Adultez (29 - 59 años),Postgrado,Área de la salud,COMUNA 10,
1_NKff3xvAloLzW0WTwoVK-OnWQd0FoAuMJS4-60w1D8,TB Farmacorresistente - (TBFR_012026),Femenino,Adultez (29 - 59 años),Pregrado,Área de la salud,,
1_NKff3xvAloLzW0WTwoVK-OnWQd0FoAuMJS4-60w1D8,TB Farmacorresistente - (TBFR_012026),Femenino,Adultez (29 - 59 años),Postgrado,Área de la salud,COMUNA 15,
1_NKff3xvAloLzW0WTwoVK-OnWQd0FoAuMJS4-60w1D8,TB Farmacorresistente - (TBFR_012026),Femenino,Adultez (29 - 59 años),Pregrado,Área de la salud,COMUNA 5,
1_NKff3xvAloLzW0WTwoVK-OnWQd0FoAuMJS4-60w1D8,TB Farmacorresistente - (TBFR_012026),Femenino,Adultez (29 - 59 años),Pregrado,Área de la salud,COMUNA 17,
1_NKff3xvAloLzW0WTwoVK-OnWQd0FoAuMJS4-60w1D8,TB Farmacorresistente - (TBFR_012026),Femenino,Juventud (18 - 28 años),Postgrado,Área de la salud,,
1_NKff3xvAloLzW0WTwoVK-OnWQd0FoAuMJS4-60w1D8,TB Farmacorresistente - (TBFR_012026),Femenino,Adultez (29 - 59 años),Postgrado,Área de la salud,COMUNA 19,
1_NKff3xvAloLzW0WTwoVK-OnWQd0FoAuMJS4-60w1D8,TB Farmacorresistente - (TBFR_012026),Femenino,Juventud (18 - 28 años),Pregrado,Área de la salud,COMUNA 17,
1_NKff3xvAloLzW0WTwoVK-OnWQd0FoAuMJS4-60w1D8,TB Farmacorresistente - (TBFR_012026),Femenino,Adultez (29 - 59 años),Pregrado,Área de la salud,,
1_NKff3xvAloLzW0WTwoVK-OnWQd0FoAuMJS4-60w1D8,TB Farmacorresistente - (TBFR_012026),Femenino,Adultez (29 - 59 años),Postgrado,Área de la salud,COMUNA 17,
1_NKff3xvAloLzW0WTwoVK-OnWQd0FoAuMJS4-60w1D8,TB Farmacorresistente - (TBFR_012026),Masculino,Adultez (29 - 59 años),Postgrado,Otro,COMUNA 19,
1_NKff3xvAloLzW0WTwoVK-OnWQd0FoAuMJS4-60w1D8,TB Farmacorresistente - (TBFR_012026),Femenino,Juventud (18 - 28 años),Pregrado,Área de la salud,,
1_NKff3xvAloLzW0WTwoVK-OnWQd0FoAuMJS4-60w1D8,TB Farmacorresistente - (TBFR_012026),Femenino,Adultez (29 - 59 años),Postgrado,Área de la salud,,
1_NKff3xvAloLzW0WTwoVK-OnWQd0FoAuMJS4-60w1D8,TB Farmacorresistente - (TBFR_012026),Femenino,Adultez (29 - 59 años),Pregrado,Área de la salud,COMUNA 5,
1_NKff3xvAloLzW0WTwoVK-OnWQd0FoAuMJS4-60w1D8,TB Farmacorresistente - (TBFR_012026),Femenino,Juventud (18 - 28 años),Pregrado,Área de la salud,COMUNA 19,
1_NKff3xvAloLzW0WTwoVK-OnWQd0FoAuMJS4-60w1D8,TB Farmacorresistente - (TBFR_012026),Femenino,Adultez (29 - 59 años),Postgrado,Área de la salud,COMUNA 19,
1_NKff3xvAloLzW0WTwoVK-OnWQd0FoAuMJS4-60w1D8,TB Farmacorresistente - (TBFR_012026),Femenino,Adultez (29 - 59 años),Postgrado,Área de la salud,COMUNA 13,
1_NKff3xvAloLzW0WTwoVK-OnWQd0FoAuMJS4-60w1D8,TB Farmacorresistente - (TBFR_012026),Femenino,Adultez (29 - 59 años),Pregrado,Área de la salud,COMUNA 21,
1_NKff3xvAloLzW0WTwoVK-OnWQd0FoAuMJS4-60w1D8,TB Farmacorresistente - (TBFR_012026),Femenino,Adultez (29 - 59 años),Pregrado,Área de la salud,,
1_NKff3xvAloLzW0WTwoVK-OnWQd0FoAuMJS4-60w1D8,TB Farmacorresistente - (TBFR_012026),Femenino,Adultez (29 - 59 años),Pregrado,Área de la salud,,
1_NKff3xvAloLzW0WTwoVK-OnWQd0FoAuMJS4-60w1D8,TB Farmacorresistente - (TBFR_012026),Femenino,Adultez (29 - 59 años),Pregrado,Área de la salud,COMUNA 1,
1_NKff3xvAloLzW0WTwoVK-OnWQd0FoAuMJS4-60w1D8,TB Farmacorresistente - (TBFR_012026),Femenino,Adultez (29 - 59 años),Pregrado,Área de la salud,COMUNA 10,
1_NKff3xvAloLzW0WTwoVK-OnWQd0FoAuMJS4-60w1D8,TB Farmacorresistente - (TBFR_012026),Femenino,Adultez (29 - 59 años),Pregrado,Área de la salud,,
1_NKff3xvAloLzW0WTwoVK-OnWQd0FoAuMJS4-60w1D8,TB Farmacorresistente - (TBFR_012026),Femenino,Adultez (29 - 59 años),Pregrado,Área de la salud,,
1_NKff3xvAloLzW0WTwoVK-OnWQd0FoAuMJS4-60w1D8,TB Farmacorresistente - (TBFR_012026),Femenino,Adultez (29 - 59 años),Pregrado,Área de la salud,COMUNA 6,
1_NKff3xvAloLzW0WTwoVK-OnWQd0FoAuMJS4-60w1D8,TB Farmacorresistente - (TBFR_012026),Femenino,Adultez (29 - 59 años),Pregrado,Área de la salud,COMUNA 5,
1_NKff3xvAloLzW0WTwoVK-OnWQd0FoAuMJS4-60w1D8,TB Farmacorresistente - (TBFR_012026),Femenino,Adultez (29 - 59 años),Pregrado,Área de la salud,COMUNA 10,
1_NKff3xvAloLzW0WTwoVK-OnWQd0FoAuMJS4-60w1D8,TB Farmacorresistente - (TBFR_012026),Femenino,Adultez (29 - 59 años),Postgrado,Área de la salud,COMUNA 17,
1_NKff3xvAloLzW0WTwoVK-OnWQd0FoAuMJS4-60w1D8,TB Farmacorresistente - (TBFR_012026),Femenino,Juventud (18 - 28 años),Pregrado,Área de la salud,COMUNA 10,
1_NKff3xvAloLzW0WTwoVK-OnWQd0FoAuMJS4-60w1D8,TB Farmacorresistente - (TBFR_012026),Femenino,Adultez (29 - 59 años),Postgrado,Área de la salud,COMUNA 17,
1_NKff3xvAloLzW0WTwoVK-OnWQd0FoAuMJS4-60w1D8,TB Farmacorresistente - (TBFR_012026),Femenino,Adultez (29 - 59 años),Pregrado,Otro,,
1_NKff3xvAloLzW0WTwoVK-OnWQd0FoAuMJS4-60w1D8,TB Farmacorresistente - (TBFR_012026),Masculino,Adultez (29 - 59 años),Postgrado,Área de la salud,COMUNA 9,
1_NKff3xvAloLzW0WTwoVK-OnWQd0FoAuMJS4-60w1D8,TB Farmacorresistente - (TBFR_012026),Masculino,Adultez (29 - 59 años),Postgrado,Área de la salud,COMUNA 3,
1_NKff3xvAloLzW0WTwoVK-OnWQd0FoAuMJS4-60w1D8,TB Farmacorresistente - (TBFR_012026),Masculino,Adultez (29 - 59 años),Postgrado,Área de la salud,COMUNA 10,
1_NKff3xvAloLzW0WTwoVK-OnWQd0FoAuMJS4-60w1D8,TB Farmacorresistente - (TBFR_012026),Femenino,Adultez (29 - 59 años),Postgrado,Área de la salud,COMUNA 17,
1_NKff3xvAloLzW0WTwoVK-OnWQd0FoAuMJS4-60w1D8,TB Farmacorresistente - (TBFR_012026),Masculino,Adultez (29 - 59 años),Bachiller,Área de la salud,COMUNA 1,
1_NKff3xvAloLzW0WTwoVK-OnWQd0FoAuMJS4-60w1D8,TB Farmacorresistente - (TBFR_012026),Femenino,Juventud (18 - 28 años),Pregrado,Estudiante,COMUNA 13,
1_NKff3xvAloLzW0WTwoVK-OnWQd0FoAuMJS4-60w1D8,TB Farmacorresistente - (TBFR_012026),Masculino,Adultez (29 - 59 años),Postgrado,Área de la salud,COMUNA 17,
1_NKff3xvAloLzW0WTwoVK-OnWQd0FoAuMJS4-60w1D8,TB Farmacorresistente - (TBFR_012026),Femenino,Adultez (29 - 59 años),Postgrado,Área de la salud,COMUNA 20,
1_NKff3xvAloLzW0WTwoVK-OnWQd0FoAuMJS4-60w1D8,TB Farmacorresistente - (TBFR_012026),Femenino,Adultez (29 - 59 años),Bachiller,Área de la salud,,
1_NKff3xvAloLzW0WTwoVK-OnWQd0FoAuMJS4-60w1D8,TB Farmacorresistente - (TBFR_012026),Femenino,Juventud (18 - 28 años),Postgrado,Área de la salud,COMUNA 2,
1_NKff3xvAloLzW0WTwoVK-OnWQd0FoAuMJS4-60w1D8,TB Farmacorresistente - (TBFR_012026),Masculino,Juventud (18 - 28 años),Pregrado,Área de la salud,COMUNA 7,
1_NKff3xvAloLzW0WTwoVK-OnWQd0FoAuMJS4-60w1D8,TB Farmacorresistente - (TBFR_012026),Femenino,Adultez (29 - 59 años),Pregrado,Área de la salud,COMUNA 7,
1_NKff3xvAloLzW0WTwoVK-OnWQd0FoAuMJS4-60w1D8,TB Farmacorresistente - (TBFR_012026),Femenino,Adultez (29 - 59 años),Postgrado,Área de la salud,COMUNA 16,
1U5_ujvFwSzpnz6olIFt2Ci8Edxkj9N6wUdipVn-4-EU,CÁNCER DE CÉRVIX 1°C 2025 - (ACC_1_2025),Femenino,Adultez (29 - 59 años),Pregrado,Área de la salud,COMUNA 7,
1U5_ujvFwSzpnz6olIFt2Ci8Edxkj9N6wUdipVn-4-EU,CÁNCER DE CÉRVIX 1°C 2025 - (ACC_1_2025),Masculino,Adultez (29 - 59 años),Pregrado,Área de la salud,COMUNA 17,
1U5_ujvFwSzpnz6olIFt2Ci8Edxkj9N6wUdipVn-4-EU,CÁNCER DE CÉRVIX 1°C 2025 - (ACC_1_2025),Masculino,Juventud (18 - 28 años),Pregrado,Área de la salud,COMUNA 8,
1U5_ujvFwSzpnz6olIFt2Ci8Edxkj9N6wUdipVn-4-EU,CÁNCER DE CÉRVIX 1°C 2025 - (ACC_1_2025),Masculino,Adultez (29 - 59 años),Pregrado,Área de la salud,COMUNA 6,
1U5_ujvFwSzpnz6olIFt2Ci8Edxkj9N6wUdipVn-4-EU,CÁNCER DE CÉRVIX 1°C 2025 - (ACC_1_2025),Femenino,Adultez (29 - 59 años),Ninguna,Área de la salud,COMUNA 5,
1U5_ujvFwSzpnz6olIFt2Ci8Edxkj9N6wUdipVn-4-EU,CÁNCER DE CÉRVIX 1°C 2025 - (ACC_1_2025),Femenino,Juventud (18 - 28 años),Pregrado,Área de la salud,COMUNA 5,
1U5_ujvFwSzpnz6olIFt2Ci8Edxkj9N6wUdipVn-4-EU,CÁNCER DE CÉRVIX 1°C 2025 - (ACC_1_2025),Femenino,Adultez (29 - 59 años),Postgrado,Área de la salud,COMUNA 4,
1U5_ujvFwSzpnz6olIFt2Ci8Edxkj9N6wUdipVn-4-EU,CÁNCER DE CÉRVIX 1°C 2025 - (ACC_1_2025),Femenino,Juventud (18 - 28 años),Pregrado,Área de la salud,COMUNA 1,
1U5_ujvFwSzpnz6olIFt2Ci8Edxkj9N6wUdipVn-4-EU,CÁNCER DE CÉRVIX 1°C 2025 - (ACC_1_2025),Femenino,Adultez (29 - 59 años),Postgrado,Área de la salud,COMUNA 1,
1U5_ujvFwSzpnz6olIFt2Ci8Edxkj9N6wUdipVn-4-EU,CÁNCER DE CÉRVIX 1°C 2025 - (ACC_1_2025),Femenino,Juventud (18 - 28 años),Bachiller,Área de la salud,COMUNA 1,
1U5_ujvFwSzpnz6olIFt2Ci8Edxkj9N6wUdipVn-4-EU,CÁNCER DE CÉRVIX 1°C 2025 - (ACC_1_2025),Masculino,Adultez (29 - 59 años),Pregrado,Área de la salud,COMUNA 12,
1U5_ujvFwSzpnz6olIFt2Ci8Edxkj9N6wUdipVn-4-EU,CÁNCER DE CÉRVIX 1°C 2025 - (ACC_1_2025),Femenino,Adultez (29 - 59 años),Pregrado,Área de la salud,COMUNA 1,
1U5_ujvFwSzpnz6olIFt2Ci8Edxkj9N6wUdipVn-4-EU,CÁNCER DE CÉRVIX 1°C 2025 - (ACC_1_2025),Femenino,Adultez (29 - 59 años),Pregrado,Área de la salud,COMUNA 6,
1U5_ujvFwSzpnz6olIFt2Ci8Edxkj9N6wUdipVn-4-EU,CÁNCER DE CÉRVIX 1°C 2025 - (ACC_1_2025),Femenino,Adultez (29 - 59 años),Postgrado,Área de la salud,COMUNA 22,
1U5_ujvFwSzpnz6olIFt2Ci8Edxkj9N6wUdipVn-4-EU,CÁNCER DE CÉRVIX 1°C 2025 - (ACC_1_2025),Masculino,Juventud (18 - 28 años),Pregrado,Área de la salud,COMUNA 19,
1U5_ujvFwSzpnz6olIFt2Ci8Edxkj9N6wUdipVn-4-EU,CÁNCER DE CÉRVIX 1°C 2025 - (ACC_1_2025),Femenino,Adultez (29 - 59 años),Pregrado,Área de la salud,COMUNA 1,
1U5_ujvFwSzpnz6olIFt2Ci8Edxkj9N6wUdipVn-4-EU,CÁNCER DE CÉRVIX 1°C 2025 - (ACC_1_2025),Femenino,Adultez (29 - 59 años),Pregrado,Área de la salud,COMUNA 6,
1U5_ujvFwSzpnz6olIFt2Ci8Edxkj9N6wUdipVn-4-EU,CÁNCER DE CÉRVIX 1°C 2025 - (ACC_1_2025),Femenino,Adultez (29 - 59 años),Postgrado,Área de la salud,COMUNA 1,
1U5_ujvFwSzpnz6olIFt2Ci8Edxkj9N6wUdipVn-4-EU,CÁNCER DE CÉRVIX 1°C 2025 - (ACC_1_2025),Femenino,Adultez (29 - 59 años),Pregrado,Área de la salud,COMUNA 5,
1U5_ujvFwSzpnz6olIFt2Ci8Edxkj9N6wUdipVn-4-EU,CÁNCER DE CÉRVIX 1°C 2025 - (ACC_1_2025),Femenino,Adultez (29 - 59 años),Postgrado,Área de la salud,COMUNA 5,
1U5_ujvFwSzpnz6olIFt2Ci8Edxkj9N6wUdipVn-4-EU,CÁNCER DE CÉRVIX 1°C 2025 - (ACC_1_2025),Femenino,Adultez (29 - 59 años),Postgrado,Área de la salud,COMUNA 17,
1U5_ujvFwSzpnz6olIFt2Ci8Edxkj9N6wUdipVn-4-EU,CÁNCER DE CÉRVIX 1°C 2025 - (ACC_1_2025),Femenino,Adultez (29 - 59 años),Pregrado,Área de la salud,COMUNA 17,
1U5_ujvFwSzpnz6olIFt2Ci8Edxkj9N6wUdipVn-4-EU,CÁNCER DE CÉRVIX 1°C 2025 - (ACC_1_2025),Femenino,Adultez (29 - 59 años),Postgrado,Área de la salud,COMUNA 17,
1U5_ujvFwSzpnz6olIFt2Ci8Edxkj9N6wUdipVn-4-EU,CÁNCER DE CÉRVIX 1°C 2025 - (ACC_1_2025),Femenino,Juventud (18 - 28 años),Pregrado,Estudiante,COMUNA 19,
1U5_ujvFwSzpnz6olIFt2Ci8Edxkj9N6wUdipVn-4-EU,CÁNCER DE CÉRVIX 1°C 2025 - (ACC_1_2025),Masculino,Adultez (29 - 59 años),Pregrado,Área de la salud,COMUNA 17,
1U5_ujvFwSzpnz6olIFt2Ci8Edxkj9N6wUdipVn-4-EU,CÁNCER DE CÉRVIX 1°C 2025 - (ACC_1_2025),Femenino,Adultez (29 - 59 años),Postgrado,Área de la salud,COMUNA 1,
1U5_ujvFwSzpnz6olIFt2Ci8Edxkj9N6wUdipVn-4-EU,CÁNCER DE CÉRVIX 1°C 2025 - (ACC_1_2025),Masculino,Adultez (29 - 59 años),Pregrado,Área de la salud,COMUNA 16,
1U5_ujvFwSzpnz6olIFt2Ci8Edxkj9N6wUdipVn-4-EU,CÁNCER DE CÉRVIX 1°C 2025 - (ACC_1_2025),Femenino,Adultez (29 - 59 años),Postgrado,Área de la salud,C. DE PANCE,
1U5_ujvFwSzpnz6olIFt2Ci8Edxkj9N6wUdipVn-4-EU,CÁNCER DE CÉRVIX 1°C 2025 - (ACC_1_2025),Femenino,Juventud (18 - 28 años),Pregrado,Área de la salud,COMUNA 5,
1U5_ujvFwSzpnz6olIFt2Ci8Edxkj9N6wUdipVn-4-EU,CÁNCER DE CÉRVIX 1°C 2025 - (ACC_1_2025),Femenino,Juventud (18 - 28 años),Pregrado,Área de la salud,COMUNA 1,
1U5_ujvFwSzpnz6olIFt2Ci8Edxkj9N6wUdipVn-4-EU,CÁNCER DE CÉRVIX 1°C 2025 - (ACC_1_2025),Masculino,Adultez (29 - 59 años),Pregrado,Área de la salud,COMUNA 17,
1U5_ujvFwSzpnz6olIFt2Ci8Edxkj9N6wUdipVn-4-EU,CÁNCER DE CÉRVIX 1°C 2025 - (ACC_1_2025),Masculino,Adultez (29 - 59 años),Pregrado,Área de la salud,C. DE PANCE,
1U5_ujvFwSzpnz6olIFt2Ci8Edxkj9N6wUdipVn-4-EU,CÁNCER DE CÉRVIX 1°C 2025 - (ACC_1_2025),Femenino,Juventud (18 - 28 años),Pregrado,Área de la salud,COMUNA 17,
1U5_ujvFwSzpnz6olIFt2Ci8Edxkj9N6wUdipVn-4-EU,CÁNCER DE CÉRVIX 1°C 2025 - (ACC_1_2025),Femenino,Adultez (29 - 59 años),Pregrado,Área de la salud,COMUNA 4,
1U5_ujvFwSzpnz6olIFt2Ci8Edxkj9N6wUdipVn-4-EU,CÁNCER DE CÉRVIX 1°C 2025 - (ACC_1_2025),Femenino,Adultez (29 - 59 años),Pregrado,Área de la salud,COMUNA 1,
1U5_ujvFwSzpnz6olIFt2Ci8Edxkj9N6wUdipVn-4-EU,CÁNCER DE CÉRVIX 1°C 2025 - (ACC_1_2025),Femenino,Juventud (18 - 28 años),Pregrado,Área de la salud,COMUNA 17,
1EZpWR_Tw-68Nrqfc0j0DL5Sg3dgcLdGobM9ks62HuQE,CÁNCER DE MAMA 1°C 2025 - (CM_2025),Femenino,Adultez (29 - 59 años),Pregrado,Área de la salud,COMUNA 6,
1EZpWR_Tw-68Nrqfc0j0DL5Sg3dgcLdGobM9ks62HuQE,CÁNCER DE MAMA 1°C 2025 - (CM_2025),Femenino,Adultez (29 - 59 años),Postgrado,Área de la salud,COMUNA 1,
1EZpWR_Tw-68Nrqfc0j0DL5Sg3dgcLdGobM9ks62HuQE,CÁNCER DE MAMA 1°C 2025 - (CM_2025),Femenino,Adultez (29 - 59 años),Pregrado,Área de la salud,COMUNA 16,
1EZpWR_Tw-68Nrqfc0j0DL5Sg3dgcLdGobM9ks62HuQE,CÁNCER DE MAMA 1°C 2025 - (CM_2025),Femenino,Juventud (18 - 28 años),Pregrado,Área de la salud,COMUNA 1,
1EZpWR_Tw-68Nrqfc0j0DL5Sg3dgcLdGobM9ks62HuQE,CÁNCER DE MAMA 1°C 2025 - (CM_2025),Femenino,Adultez (29 - 59 años),Pregrado,Área de la salud,COMUNA 7,
1EZpWR_Tw-68Nrqfc0j0DL5Sg3dgcLdGobM9ks62HuQE,CÁNCER DE MAMA 1°C 2025 - (CM_2025),Femenino,Adultez (29 - 59 años),Pregrado,Área de la salud,COMUNA 7,
1EZpWR_Tw-68Nrqfc0j0DL5Sg3dgcLdGobM9ks62HuQE,CÁNCER DE MAMA 1°C 2025 - (CM_2025),Femenino,Adultez (29 - 59 años),Pregrado,Área de la salud,COMUNA 17,
1EZpWR_Tw-68Nrqfc0j0DL5Sg3dgcLdGobM9ks62HuQE,CÁNCER DE MAMA 1°C 2025 - (CM_2025),Femenino,Adultez (29 - 59 años),Postgrado,Área de la salud,C. DE PANCE,
1EZpWR_Tw-68Nrqfc0j0DL5Sg3dgcLdGobM9ks62HuQE,CÁNCER DE MAMA 1°C 2025 - (CM_2025),Masculino,Juventud (18 - 28 años),Pregrado,Área de la salud,COMUNA 19,
1EZpWR_Tw-68Nrqfc0j0DL5Sg3dgcLdGobM9ks62HuQE,CÁNCER DE MAMA 1°C 2025 - (CM_2025),Femenino,Adultez (29 - 59 años),Pregrado,Área de la salud,COMUNA 16,
1EZpWR_Tw-68Nrqfc0j0DL5Sg3dgcLdGobM9ks62HuQE,CÁNCER DE MAMA 1°C 2025 - (CM_2025),Femenino,Adultez (29 - 59 años),Postgrado,Área de la salud,COMUNA 22,
1EZpWR_Tw-68Nrqfc0j0DL5Sg3dgcLdGobM9ks62HuQE,CÁNCER DE MAMA 1°C 2025 - (CM_2025),Femenino,Juventud (18 - 28 años),Pregrado,Área de la salud,COMUNA 2,
1EZpWR_Tw-68Nrqfc0j0DL5Sg3dgcLdGobM9ks62HuQE,CÁNCER DE MAMA 1°C 2025 - (CM_2025),Femenino,Adultez (29 - 59 años),Pregrado,Área de la salud,COMUNA 6,
1EZpWR_Tw-68Nrqfc0j0DL5Sg3dgcLdGobM9ks62HuQE,CÁNCER DE MAMA 1°C 2025 - (CM_2025),Femenino,Juventud (18 - 28 años),Pregrado,Área de la salud,C. DE PANCE,
1EZpWR_Tw-68Nrqfc0j0DL5Sg3dgcLdGobM9ks62HuQE,CÁNCER DE MAMA 1°C 2025 - (CM_2025),Masculino,Adultez (29 - 59 años),Pregrado,Área de la salud,COMUNA 14,
1EZpWR_Tw-68Nrqfc0j0DL5Sg3dgcLdGobM9ks62HuQE,CÁNCER DE MAMA 1°C 2025 - (CM_2025),Femenino,Adultez (29 - 59 años),Pregrado,Área de la salud,COMUNA 13,
1EZpWR_Tw-68Nrqfc0j0DL5Sg3dgcLdGobM9ks62HuQE,CÁNCER DE MAMA 1°C 2025 - (CM_2025),Femenino,Adultez (29 - 59 años),Bachiller,Área de la salud,COMUNA 1,
1kVhvpXnfKye9Cdw3hjJgRDBmKH2jSpPWBU9F5QP5Ifs,CÁNCER PRÓSTATA 2°C 2025 - (ACP_2C_2025),Femenino,Adultez (29 - 59 años),Bachiller,Área de la salud,COMUNA 2,
1kVhvpXnfKye9Cdw3hjJgRDBmKH2jSpPWBU9F5QP5Ifs,CÁNCER PRÓSTATA 2°C 2025 - (ACP_2C_2025),Masculino,Juventud (18 - 28 años),Pregrado,Área de la salud,COMUNA 7,
1kVhvpXnfKye9Cdw3hjJgRDBmKH2jSpPWBU9F5QP5Ifs,CÁNCER PRÓSTATA 2°C 2025 - (ACP_2C_2025),Femenino,Adultez (29 - 59 años),Pregrado,Área de la salud,C. DE LA CASTILLA,
1kVhvpXnfKye9Cdw3hjJgRDBmKH2jSpPWBU9F5QP5Ifs,CÁNCER PRÓSTATA 2°C 2025 - (ACP_2C_2025),Femenino,Adultez (29 - 59 años),Postgrado,Área de la salud,COMUNA 2,
1kVhvpXnfKye9Cdw3hjJgRDBmKH2jSpPWBU9F5QP5Ifs,CÁNCER PRÓSTATA 2°C 2025 - (ACP_2C_2025),Femenino,Adultez (29 - 59 años),Postgrado,Área de la salud,COMUNA 17,
1kVhvpXnfKye9Cdw3hjJgRDBmKH2jSpPWBU9F5QP5Ifs,CÁNCER PRÓSTATA 2°C 2025 - (ACP_2C_2025),Masculino,Adultez (29 - 59 años),Pregrado,Área de la salud,COMUNA 22,
1SvBn1B3iW8J7V2xi9uhdrsw0e9xPpvVvCjSgMOuzl00,CÁNCER INFANTIL 2°C 2025 - (CI_022025) (ACI_01_2026),Femenino,Adultez (29 - 59 años),Pregrado,Área de la salud,COMUNA 3,
1SvBn1B3iW8J7V2xi9uhdrsw0e9xPpvVvCjSgMOuzl00,CÁNCER INFANTIL 2°C 2025 - (CI_022025) (ACI_01_2026),Femenino,Juventud (18 - 28 años),Pregrado,Área de la salud,COMUNA 17,
1SvBn1B3iW8J7V2xi9uhdrsw0e9xPpvVvCjSgMOuzl00,CÁNCER INFANTIL 2°C 2025 - (CI_022025) (ACI_01_2026),Masculino,Adultez (29 - 59 años),Pregrado,Área de la salud,COMUNA 7,
1SvBn1B3iW8J7V2xi9uhdrsw0e9xPpvVvCjSgMOuzl00,CÁNCER INFANTIL 2°C 2025 - (CI_022025) (ACI_01_2026),Masculino,Vejez (60 años o más),Postgrado,Área de la salud,COMUNA 4,
1SvBn1B3iW8J7V2xi9uhdrsw0e9xPpvVvCjSgMOuzl00,CÁNCER INFANTIL 2°C 2025 - (CI_022025) (ACI_01_2026),Femenino,Adultez (29 - 59 años),Pregrado,Área de la salud,COMUNA 5,
1SvBn1B3iW8J7V2xi9uhdrsw0e9xPpvVvCjSgMOuzl00,CÁNCER INFANTIL 2°C 2025 - (CI_022025) (ACI_01_2026),Femenino,Adultez (29 - 59 años),Pregrado,Área de la salud,COMUNA 2,
1SvBn1B3iW8J7V2xi9uhdrsw0e9xPpvVvCjSgMOuzl00,CÁNCER INFANTIL 2°C 2025 - (CI_022025) (ACI_01_2026),Masculino,Adultez (29 - 59 años),Pregrado,Área de la salud,C. DE PICHINDE,
1SvBn1B3iW8J7V2xi9uhdrsw0e9xPpvVvCjSgMOuzl00,CÁNCER INFANTIL 2°C 2025 - (CI_022025) (ACI_01_2026),Femenino,Adultez (29 - 59 años),Bachiller,Área de la salud,COMUNA 2,
1SvBn1B3iW8J7V2xi9uhdrsw0e9xPpvVvCjSgMOuzl00,CÁNCER INFANTIL 2°C 2025 - (CI_022025) (ACI_01_2026),Femenino,Juventud (18 - 28 años),Pregrado,Área de la salud,COMUNA 8,
1SvBn1B3iW8J7V2xi9uhdrsw0e9xPpvVvCjSgMOuzl00,CÁNCER INFANTIL 2°C 2025 - (CI_022025) (ACI_01_2026),Femenino,Adolescencia (12 - 17 años),Bachiller,Área de la salud,COMUNA 11,
1SvBn1B3iW8J7V2xi9uhdrsw0e9xPpvVvCjSgMOuzl00,CÁNCER INFANTIL 2°C 2025 - (CI_022025) (ACI_01_2026),Femenino,Juventud (18 - 28 años),Pregrado,Área de la salud,COMUNA 14,
1SvBn1B3iW8J7V2xi9uhdrsw0e9xPpvVvCjSgMOuzl00,CÁNCER INFANTIL 2°C 2025 - (CI_022025) (ACI_01_2026),Femenino,Adultez (29 - 59 años),Pregrado,Área de la salud,COMUNA 2,
1SvBn1B3iW8J7V2xi9uhdrsw0e9xPpvVvCjSgMOuzl00,CÁNCER INFANTIL 2°C 2025 - (CI_022025) (ACI_01_2026),Femenino,Adultez (29 - 59 años),Bachiller,Área de la salud,COMUNA 4,
1SvBn1B3iW8J7V2xi9uhdrsw0e9xPpvVvCjSgMOuzl00,CÁNCER INFANTIL 2°C 2025 - (CI_022025) (ACI_01_2026),Femenino,Adultez (29 - 59 años),Pregrado,Área de la salud,COMUNA 3,
1SvBn1B3iW8J7V2xi9uhdrsw0e9xPpvVvCjSgMOuzl00,CÁNCER INFANTIL 2°C 2025 - (CI_022025) (ACI_01_2026),Femenino,Juventud (18 - 28 años),Bachiller,Área de la salud,COMUNA 21,
1SvBn1B3iW8J7V2xi9uhdrsw0e9xPpvVvCjSgMOuzl00,CÁNCER INFANTIL 2°C 2025 - (CI_022025) (ACI_01_2026),Masculino,Juventud (18 - 28 años),Pregrado,Área de la salud,COMUNA 6,
1SvBn1B3iW8J7V2xi9uhdrsw0e9xPpvVvCjSgMOuzl00,CÁNCER INFANTIL 2°C 2025 - (CI_022025) (ACI_01_2026),Masculino,Adultez (29 - 59 años),Postgrado,Área de la salud,COMUNA 17,
1SvBn1B3iW8J7V2xi9uhdrsw0e9xPpvVvCjSgMOuzl00,CÁNCER INFANTIL 2°C 2025 - (CI_022025) (ACI_01_2026),Femenino,Juventud (18 - 28 años),Pregrado,Área de la salud,COMUNA 18,
1SvBn1B3iW8J7V2xi9uhdrsw0e9xPpvVvCjSgMOuzl00,CÁNCER INFANTIL 2°C 2025 - (CI_022025) (ACI_01_2026),Femenino,Adultez (29 - 59 años),Pregrado,Área de la salud,COMUNA 15,
1SvBn1B3iW8J7V2xi9uhdrsw0e9xPpvVvCjSgMOuzl00,CÁNCER INFANTIL 2°C 2025 - (CI_022025) (ACI_01_2026),Femenino,Adolescencia (12 - 17 años),Pregrado,Área de la salud,COMUNA 17,
1SvBn1B3iW8J7V2xi9uhdrsw0e9xPpvVvCjSgMOuzl00,CÁNCER INFANTIL 2°C 2025 - (CI_022025) (ACI_01_2026),Femenino,Adultez (29 - 59 años),Postgrado,Área de la salud,COMUNA 18,
1SvBn1B3iW8J7V2xi9uhdrsw0e9xPpvVvCjSgMOuzl00,CÁNCER INFANTIL 2°C 2025 - (CI_022025) (ACI_01_2026),Femenino,Adultez (29 - 59 años),Pregrado,Área de la salud,COMUNA 12,
1SvBn1B3iW8J7V2xi9uhdrsw0e9xPpvVvCjSgMOuzl00,CÁNCER INFANTIL 2°C 2025 - (CI_022025) (ACI_01_2026),Femenino,Adultez (29 - 59 años),Pregrado,Área de la salud,COMUNA 10,
1SvBn1B3iW8J7V2xi9uhdrsw0e9xPpvVvCjSgMOuzl00,CÁNCER INFANTIL 2°C 2025 - (CI_022025) (ACI_01_2026),Femenino,Adultez (29 - 59 años),Postgrado,Área de la salud,COMUNA 10,
1SvBn1B3iW8J7V2xi9uhdrsw0e9xPpvVvCjSgMOuzl00,CÁNCER INFANTIL 2°C 2025 - (CI_022025) (ACI_01_2026),Femenino,Juventud (18 - 28 años),Pregrado,Área de la salud,COMUNA 1,
1SvBn1B3iW8J7V2xi9uhdrsw0e9xPpvVvCjSgMOuzl00,CÁNCER INFANTIL 2°C 2025 - (CI_022025) (ACI_01_2026),Femenino,Juventud (18 - 28 años),Pregrado,Área de la salud,COMUNA 18,
1SvBn1B3iW8J7V2xi9uhdrsw0e9xPpvVvCjSgMOuzl00,CÁNCER INFANTIL 2°C 2025 - (CI_022025) (ACI_01_2026),Masculino,Adultez (29 - 59 años),Pregrado,Área de la salud,C. DE EL HORMIGUERO,
1SvBn1B3iW8J7V2xi9uhdrsw0e9xPpvVvCjSgMOuzl00,CÁNCER INFANTIL 2°C 2025 - (CI_022025) (ACI_01_2026),Femenino,Juventud (18 - 28 años),Bachiller,Área de la salud,COMUNA 9,
1SvBn1B3iW8J7V2xi9uhdrsw0e9xPpvVvCjSgMOuzl00,CÁNCER INFANTIL 2°C 2025 - (CI_022025) (ACI_01_2026),Masculino,Juventud (18 - 28 años),Pregrado,Área de la salud,COMUNA 2,
1SvBn1B3iW8J7V2xi9uhdrsw0e9xPpvVvCjSgMOuzl00,CÁNCER INFANTIL 2°C 2025 - (CI_022025) (ACI_01_2026),Femenino,Juventud (18 - 28 años),Pregrado,Área de la salud,COMUNA 10,
1SvBn1B3iW8J7V2xi9uhdrsw0e9xPpvVvCjSgMOuzl00,CÁNCER INFANTIL 2°C 2025 - (CI_022025) (ACI_01_2026),Femenino,Adultez (29 - 59 años),Postgrado,Área de la salud,COMUNA 6,
1SvBn1B3iW8J7V2xi9uhdrsw0e9xPpvVvCjSgMOuzl00,CÁNCER INFANTIL 2°C 2025 - (CI_022025) (ACI_01_2026),Femenino,Adultez (29 - 59 años),Postgrado,Área de la salud,COMUNA 2,
1SvBn1B3iW8J7V2xi9uhdrsw0e9xPpvVvCjSgMOuzl00,CÁNCER INFANTIL 2°C 2025 - (CI_022025) (ACI_01_2026),Masculino,Adultez (29 - 59 años),Pregrado,Área de la salud,COMUNA 16,
1SvBn1B3iW8J7V2xi9uhdrsw0e9xPpvVvCjSgMOuzl00,CÁNCER INFANTIL 2°C 2025 - (CI_022025) (ACI_01_2026),Femenino,Adultez (29 - 59 años),Postgrado,Área de la salud,COMUNA 17,
1SvBn1B3iW8J7V2xi9uhdrsw0e9xPpvVvCjSgMOuzl00,CÁNCER INFANTIL 2°C 2025 - (CI_022025) (ACI_01_2026),Femenino,Adultez (29 - 59 años),Pregrado,Área de la salud,COMUNA 17,
1SvBn1B3iW8J7V2xi9uhdrsw0e9xPpvVvCjSgMOuzl00,CÁNCER INFANTIL 2°C 2025 - (CI_022025) (ACI_01_2026),Masculino,Adultez (29 - 59 años),Postgrado,Área de la salud,COMUNA 1,
1SvBn1B3iW8J7V2xi9uhdrsw0e9xPpvVvCjSgMOuzl00,CÁNCER INFANTIL 2°C 2025 - (CI_022025) (ACI_01_2026),Femenino,Adultez (29 - 59 años),Postgrado,Área de la salud,COMUNA 2,
1SvBn1B3iW8J7V2xi9uhdrsw0e9xPpvVvCjSgMOuzl00,CÁNCER INFANTIL 2°C 2025 - (CI_022025) (ACI_01_2026),Femenino,Adultez (29 - 59 años),Postgrado,Área de la salud,COMUNA 17,
1SvBn1B3iW8J7V2xi9uhdrsw0e9xPpvVvCjSgMOuzl00,CÁNCER INFANTIL 2°C 2025 - (CI_022025) (ACI_01_2026),Femenino,Adultez (29 - 59 años),Postgrado,Área de la salud,COMUNA 2,
1SvBn1B3iW8J7V2xi9uhdrsw0e9xPpvVvCjSgMOuzl00,CÁNCER INFANTIL 2°C 2025 - (CI_022025) (ACI_01_2026),Femenino,Adultez (29 - 59 años),Pregrado,Área de la salud,COMUNA 19,
1SvBn1B3iW8J7V2xi9uhdrsw0e9xPpvVvCjSgMOuzl00,CÁNCER INFANTIL 2°C 2025 - (CI_022025) (ACI_01_2026),Femenino,Adultez (29 - 59 años),Postgrado,Área de la salud,COMUNA 17,
1SvBn1B3iW8J7V2xi9uhdrsw0e9xPpvVvCjSgMOuzl00,CÁNCER INFANTIL 2°C 2025 - (CI_022025) (ACI_01_2026),Femenino,Juventud (18 - 28 años),Postgrado,Área de la salud,COMUNA 7,
1SvBn1B3iW8J7V2xi9uhdrsw0e9xPpvVvCjSgMOuzl00,CÁNCER INFANTIL 2°C 2025 - (CI_022025) (ACI_01_2026),Masculino,Adultez (29 - 59 años),Postgrado,Área de la salud,COMUNA 19,
1SvBn1B3iW8J7V2xi9uhdrsw0e9xPpvVvCjSgMOuzl00,CÁNCER INFANTIL 2°C 2025 - (CI_022025) (ACI_01_2026),Femenino,Adultez (29 - 59 años),Postgrado,Área de la salud,COMUNA 19,
1SvBn1B3iW8J7V2xi9uhdrsw0e9xPpvVvCjSgMOuzl00,CÁNCER INFANTIL 2°C 2025 - (CI_022025) (ACI_01_2026),Femenino,Vejez (60 años o más),Pregrado,Área de la salud,COMUNA 1,
1SvBn1B3iW8J7V2xi9uhdrsw0e9xPpvVvCjSgMOuzl00,CÁNCER INFANTIL 2°C 2025 - (CI_022025) (ACI_01_2026),Femenino,Adultez (29 - 59 años),Postgrado,Área de la salud,COMUNA 21,
1SvBn1B3iW8J7V2xi9uhdrsw0e9xPpvVvCjSgMOuzl00,CÁNCER INFANTIL 2°C 2025 - (CI_022025) (ACI_01_2026),Femenino,Adultez (29 - 59 años),Pregrado,Área de la salud,COMUNA 6,
1SvBn1B3iW8J7V2xi9uhdrsw0e9xPpvVvCjSgMOuzl00,CÁNCER INFANTIL 2°C 2025 - (CI_022025) (ACI_01_2026),Femenino,Juventud (18 - 28 años),Pregrado,Área de la salud,COMUNA 7,
1SvBn1B3iW8J7V2xi9uhdrsw0e9xPpvVvCjSgMOuzl00,CÁNCER INFANTIL 2°C 2025 - (CI_022025) (ACI_01_2026),Masculino,Juventud (18 - 28 años),Bachiller,Área de la salud,COMUNA 10,
1SvBn1B3iW8J7V2xi9uhdrsw0e9xPpvVvCjSgMOuzl00,CÁNCER INFANTIL 2°C 2025 - (CI_022025) (ACI_01_2026),Femenino,Adultez (29 - 59 años),Postgrado,Área de la salud,COMUNA 17,
1SvBn1B3iW8J7V2xi9uhdrsw0e9xPpvVvCjSgMOuzl00,CÁNCER INFANTIL 2°C 2025 - (CI_022025) (ACI_01_2026),Femenino,Adultez (29 - 59 años),Pregrado,Área de la salud,COMUNA 12,
1SvBn1B3iW8J7V2xi9uhdrsw0e9xPpvVvCjSgMOuzl00,CÁNCER INFANTIL 2°C 2025 - (CI_022025) (ACI_01_2026),Masculino,Adultez (29 - 59 años),Pregrado,Área de la salud,COMUNA 5,
1-_7T9hg-5OCeDQRGg50q65zyOt8aRwAM6sw8z7_e6fM,RPMS ADOLESCENCIA 2°C 2025 - (AISPPMSCVA_2025),Femenino,Adultez (29 - 59 años),Pregrado,Área de la salud,COMUNA 15,
1-_7T9hg-5OCeDQRGg50q65zyOt8aRwAM6sw8z7_e6fM,RPMS ADOLESCENCIA 2°C 2025 - (AISPPMSCVA_2025),Femenino,Adultez (29 - 59 años),Postgrado,Área de la salud,COMUNA 8,
1-_7T9hg-5OCeDQRGg50q65zyOt8aRwAM6sw8z7_e6fM,RPMS ADOLESCENCIA 2°C 2025 - (AISPPMSCVA_2025),Femenino,Adultez (29 - 59 años),Bachiller,Área de la salud,COMUNA 1,
1-_7T9hg-5OCeDQRGg50q65zyOt8aRwAM6sw8z7_e6fM,RPMS ADOLESCENCIA 2°C 2025 - (AISPPMSCVA_2025),Femenino,Vejez (60 años o más),Pregrado,Área de la salud,COMUNA 5,
1-_7T9hg-5OCeDQRGg50q65zyOt8aRwAM6sw8z7_e6fM,RPMS ADOLESCENCIA 2°C 2025 - (AISPPMSCVA_2025),Femenino,Adolescencia (12 - 17 años),Pregrado,Área de la salud,COMUNA 6,
1-_7T9hg-5OCeDQRGg50q65zyOt8aRwAM6sw8z7_e6fM,RPMS ADOLESCENCIA 2°C 2025 - (AISPPMSCVA_2025),Femenino,Adultez (29 - 59 años),Pregrado,Área de la salud,COMUNA 10,
1-_7T9hg-5OCeDQRGg50q65zyOt8aRwAM6sw8z7_e6fM,RPMS ADOLESCENCIA 2°C 2025 - (AISPPMSCVA_2025),Femenino,Adolescencia (12 - 17 años),Pregrado,Área de la salud,COMUNA 18,
1-_7T9hg-5OCeDQRGg50q65zyOt8aRwAM6sw8z7_e6fM,RPMS ADOLESCENCIA 2°C 2025 - (AISPPMSCVA_2025),Masculino,Juventud (18 - 28 años),Pregrado,Área de la salud,COMUNA 11,
1-_7T9hg-5OCeDQRGg50q65zyOt8aRwAM6sw8z7_e6fM,RPMS ADOLESCENCIA 2°C 2025 - (AISPPMSCVA_2025),Femenino,Adolescencia (12 - 17 años),Postgrado,Área de la salud,COMUNA 1,
1-_7T9hg-5OCeDQRGg50q65zyOt8aRwAM6sw8z7_e6fM,RPMS ADOLESCENCIA 2°C 2025 - (AISPPMSCVA_2025),Femenino,Vejez (60 años o más),Postgrado,Área de la salud,COMUNA 17,
1-_7T9hg-5OCeDQRGg50q65zyOt8aRwAM6sw8z7_e6fM,RPMS ADOLESCENCIA 2°C 2025 - (AISPPMSCVA_2025),Femenino,Adultez (29 - 59 años),Pregrado,Área de la salud,COMUNA 10,
16XZtXlYrgm5VckLawtyZKhgM9DmFdcBtdG6ybK5ztQY,RPMS ADULTEZ 2°C 2025 - (AISPPMSCVAZ_2025),Femenino,Adultez (29 - 59 años),Pregrado,Área de la salud,COMUNA 13,
16XZtXlYrgm5VckLawtyZKhgM9DmFdcBtdG6ybK5ztQY,RPMS ADULTEZ 2°C 2025 - (AISPPMSCVAZ_2025),Femenino,Adultez (29 - 59 años),Pregrado,Área de la salud,COMUNA 12,
16XZtXlYrgm5VckLawtyZKhgM9DmFdcBtdG6ybK5ztQY,RPMS ADULTEZ 2°C 2025 - (AISPPMSCVAZ_2025),Femenino,Adultez (29 - 59 años),Pregrado,Área de la salud,COMUNA 17,
16XZtXlYrgm5VckLawtyZKhgM9DmFdcBtdG6ybK5ztQY,RPMS ADULTEZ 2°C 2025 - (AISPPMSCVAZ_2025),Masculino,Adultez (29 - 59 años),Postgrado,Área de la salud,COMUNA 19,
1bifyq4ASzro3R1glKA2JnM0rQZq0iSwEFLJuHCO3BsU,RPMS INFANCIA 3° 2025 - (AISPPMSCVI_03_2025),Femenino,Adultez (29 - 59 años),Bachiller,Área de la salud,COMUNA 1,
1bifyq4ASzro3R1glKA2JnM0rQZq0iSwEFLJuHCO3BsU,RPMS INFANCIA 3° 2025 - (AISPPMSCVI_03_2025),Femenino,Vejez (60 años o más),Pregrado,Área de la salud,COMUNA 10,
1bifyq4ASzro3R1glKA2JnM0rQZq0iSwEFLJuHCO3BsU,RPMS INFANCIA 3° 2025 - (AISPPMSCVI_03_2025),Femenino,Adultez (29 - 59 años),Pregrado,Área de la salud,COMUNA 1,
1bifyq4ASzro3R1glKA2JnM0rQZq0iSwEFLJuHCO3BsU,RPMS INFANCIA 3° 2025 - (AISPPMSCVI_03_2025),Femenino,Adultez (29 - 59 años),Bachiller,Área de la salud,COMUNA 2,
1bifyq4ASzro3R1glKA2JnM0rQZq0iSwEFLJuHCO3BsU,RPMS INFANCIA 3° 2025 - (AISPPMSCVI_03_2025),Femenino,Adultez (29 - 59 años),Postgrado,Área de la salud,C. DE NAVARRO,
1bifyq4ASzro3R1glKA2JnM0rQZq0iSwEFLJuHCO3BsU,RPMS INFANCIA 3° 2025 - (AISPPMSCVI_03_2025),Femenino,Juventud (18 - 28 años),Pregrado,Área de la salud,COMUNA 1,
1bifyq4ASzro3R1glKA2JnM0rQZq0iSwEFLJuHCO3BsU,RPMS INFANCIA 3° 2025 - (AISPPMSCVI_03_2025),Femenino,Adultez (29 - 59 años),Postgrado,Área de la salud,COMUNA 6,
1bifyq4ASzro3R1glKA2JnM0rQZq0iSwEFLJuHCO3BsU,RPMS INFANCIA 3° 2025 - (AISPPMSCVI_03_2025),Femenino,Juventud (18 - 28 años),Postgrado,Área de la salud,COMUNA 1,
1bifyq4ASzro3R1glKA2JnM0rQZq0iSwEFLJuHCO3BsU,RPMS INFANCIA 3° 2025 - (AISPPMSCVI_03_2025),Masculino,Adultez (29 - 59 años),Postgrado,Área de la salud,COMUNA 5,
1bifyq4ASzro3R1glKA2JnM0rQZq0iSwEFLJuHCO3BsU,RPMS INFANCIA 3° 2025 - (AISPPMSCVI_03_2025),Femenino,Juventud (18 - 28 años),Pregrado,Área de la salud,COMUNA 10,
1bifyq4ASzro3R1glKA2JnM0rQZq0iSwEFLJuHCO3BsU,RPMS INFANCIA 3° 2025 - (AISPPMSCVI_03_2025),Femenino,Juventud (18 - 28 años),Pregrado,Área de la salud,COMUNA 1,
1bifyq4ASzro3R1glKA2JnM0rQZq0iSwEFLJuHCO3BsU,RPMS INFANCIA 3° 2025 - (AISPPMSCVI_03_2025),Femenino,Juventud (18 - 28 años),Pregrado,Área de la salud,COMUNA 2,
1bifyq4ASzro3R1glKA2JnM0rQZq0iSwEFLJuHCO3BsU,RPMS INFANCIA 3° 2025 - (AISPPMSCVI_03_2025),Femenino,Juventud (18 - 28 años),Pregrado,Área de la salud,COMUNA 9,
1bifyq4ASzro3R1glKA2JnM0rQZq0iSwEFLJuHCO3BsU,RPMS INFANCIA 3° 2025 - (AISPPMSCVI_03_2025),Femenino,Adultez (29 - 59 años),Postgrado,Área de la salud,COMUNA 1,
1bifyq4ASzro3R1glKA2JnM0rQZq0iSwEFLJuHCO3BsU,RPMS INFANCIA 3° 2025 - (AISPPMSCVI_03_2025),Femenino,Adultez (29 - 59 años),Postgrado,Área de la salud,COMUNA 2,
1bifyq4ASzro3R1glKA2JnM0rQZq0iSwEFLJuHCO3BsU,RPMS INFANCIA 3° 2025 - (AISPPMSCVI_03_2025),Femenino,Juventud (18 - 28 años),Bachiller,Área de la salud,COMUNA 5,
1bifyq4ASzro3R1glKA2JnM0rQZq0iSwEFLJuHCO3BsU,RPMS INFANCIA 3° 2025 - (AISPPMSCVI_03_2025),Femenino,Juventud (18 - 28 años),Bachiller,Área de la salud,COMUNA 2,
1bifyq4ASzro3R1glKA2JnM0rQZq0iSwEFLJuHCO3BsU,RPMS INFANCIA 3° 2025 - (AISPPMSCVI_03_2025),Femenino,Juventud (18 - 28 años),Bachiller,Área de la salud,COMUNA 2,
1bifyq4ASzro3R1glKA2JnM0rQZq0iSwEFLJuHCO3BsU,RPMS INFANCIA 3° 2025 - (AISPPMSCVI_03_2025),Femenino,Adultez (29 - 59 años),Pregrado,Área de la salud,COMUNA 10,
1bifyq4ASzro3R1glKA2JnM0rQZq0iSwEFLJuHCO3BsU,RPMS INFANCIA 3° 2025 - (AISPPMSCVI_03_2025),Femenino,Adultez (29 - 59 años),Pregrado,Área de la salud,COMUNA 19,
1bifyq4ASzro3R1glKA2JnM0rQZq0iSwEFLJuHCO3BsU,RPMS INFANCIA 3° 2025 - (AISPPMSCVI_03_2025),Masculino,Juventud (18 - 28 años),Bachiller,Área de la salud,COMUNA 1,
1bifyq4ASzro3R1glKA2JnM0rQZq0iSwEFLJuHCO3BsU,RPMS INFANCIA 3° 2025 - (AISPPMSCVI_03_2025),Femenino,Adultez (29 - 59 años),Pregrado,Área de la salud,C. DE PANCE,
1bifyq4ASzro3R1glKA2JnM0rQZq0iSwEFLJuHCO3BsU,RPMS INFANCIA 3° 2025 - (AISPPMSCVI_03_2025),Femenino,Adultez (29 - 59 años),Pregrado,Área de la salud,COMUNA 13,
1bifyq4ASzro3R1glKA2JnM0rQZq0iSwEFLJuHCO3BsU,RPMS INFANCIA 3° 2025 - (AISPPMSCVI_03_2025),Femenino,Adultez (29 - 59 años),Pregrado,Área de la salud,COMUNA 6,
1bifyq4ASzro3R1glKA2JnM0rQZq0iSwEFLJuHCO3BsU,RPMS INFANCIA 3° 2025 - (AISPPMSCVI_03_2025),Femenino,Adultez (29 - 59 años),Postgrado,Área de la salud,COMUNA 3,
1bifyq4ASzro3R1glKA2JnM0rQZq0iSwEFLJuHCO3BsU,RPMS INFANCIA 3° 2025 - (AISPPMSCVI_03_2025),Femenino,Adultez (29 - 59 años),Pregrado,Área de la salud,COMUNA 22,
1bifyq4ASzro3R1glKA2JnM0rQZq0iSwEFLJuHCO3BsU,RPMS INFANCIA 3° 2025 - (AISPPMSCVI_03_2025),Femenino,Juventud (18 - 28 años),Pregrado,Área de la salud,COMUNA 4,
1bifyq4ASzro3R1glKA2JnM0rQZq0iSwEFLJuHCO3BsU,RPMS INFANCIA 3° 2025 - (AISPPMSCVI_03_2025),Femenino,Adultez (29 - 59 años),Pregrado,Área de la salud,COMUNA 1,
1bifyq4ASzro3R1glKA2JnM0rQZq0iSwEFLJuHCO3BsU,RPMS INFANCIA 3° 2025 - (AISPPMSCVI_03_2025),Femenino,Adultez (29 - 59 años),Bachiller,Área de la salud,COMUNA 17,
1bifyq4ASzro3R1glKA2JnM0rQZq0iSwEFLJuHCO3BsU,RPMS INFANCIA 3° 2025 - (AISPPMSCVI_03_2025),Femenino,Adultez (29 - 59 años),Pregrado,Área de la salud,COMUNA 1,
1bifyq4ASzro3R1glKA2JnM0rQZq0iSwEFLJuHCO3BsU,RPMS INFANCIA 3° 2025 - (AISPPMSCVI_03_2025),Femenino,Adultez (29 - 59 años),Postgrado,Área de la salud,COMUNA 1,
1bifyq4ASzro3R1glKA2JnM0rQZq0iSwEFLJuHCO3BsU,RPMS INFANCIA 3° 2025 - (AISPPMSCVI_03_2025),Femenino,Juventud (18 - 28 años),Pregrado,Área de la salud,COMUNA 3,
1bifyq4ASzro3R1glKA2JnM0rQZq0iSwEFLJuHCO3BsU,RPMS INFANCIA 3° 2025 - (AISPPMSCVI_03_2025),Femenino,Adultez (29 - 59 años),Postgrado,Área de la salud,COMUNA 1,
1bifyq4ASzro3R1glKA2JnM0rQZq0iSwEFLJuHCO3BsU,RPMS INFANCIA 3° 2025 - (AISPPMSCVI_03_2025),Femenino,Adultez (29 - 59 años),Pregrado,Área de la salud,COMUNA 7,
1bifyq4ASzro3R1glKA2JnM0rQZq0iSwEFLJuHCO3BsU,RPMS INFANCIA 3° 2025 - (AISPPMSCVI_03_2025),Femenino,Adultez (29 - 59 años),Pregrado,Área de la salud,COMUNA 5,
1bifyq4ASzro3R1glKA2JnM0rQZq0iSwEFLJuHCO3BsU,RPMS INFANCIA 3° 2025 - (AISPPMSCVI_03_2025),Femenino,Adultez (29 - 59 años),Pregrado,Área de la salud,COMUNA 19,
1bifyq4ASzro3R1glKA2JnM0rQZq0iSwEFLJuHCO3BsU,RPMS INFANCIA 3° 2025 - (AISPPMSCVI_03_2025),Femenino,Juventud (18 - 28 años),Pregrado,Área de la salud,COMUNA 10,
1bifyq4ASzro3R1glKA2JnM0rQZq0iSwEFLJuHCO3BsU,RPMS INFANCIA 3° 2025 - (AISPPMSCVI_03_2025),Femenino,Juventud (18 - 28 años),Pregrado,Estudiante,COMUNA 1,
1bifyq4ASzro3R1glKA2JnM0rQZq0iSwEFLJuHCO3BsU,RPMS INFANCIA 3° 2025 - (AISPPMSCVI_03_2025),Femenino,Adultez (29 - 59 años),Pregrado,Área de la salud,COMUNA 6,
1bifyq4ASzro3R1glKA2JnM0rQZq0iSwEFLJuHCO3BsU,RPMS INFANCIA 3° 2025 - (AISPPMSCVI_03_2025),Femenino,Adultez (29 - 59 años),Pregrado,Área de la salud,COMUNA 1,
1vM0maqqYuLdNtTq98TADkleoeglOp3HysW4d-nFg4PQ,RPMS INFANCIA 2°C 2025 - (AISPPMSCVI_2025),Femenino,Adultez (29 - 59 años),Pregrado,Área de la salud,COMUNA 3,
1vM0maqqYuLdNtTq98TADkleoeglOp3HysW4d-nFg4PQ,RPMS INFANCIA 2°C 2025 - (AISPPMSCVI_2025),Masculino,Juventud (18 - 28 años),Pregrado,Área de la salud,COMUNA 17,
1vM0maqqYuLdNtTq98TADkleoeglOp3HysW4d-nFg4PQ,RPMS INFANCIA 2°C 2025 - (AISPPMSCVI_2025),Femenino,Juventud (18 - 28 años),Pregrado,Área de la salud,COMUNA 13,
1vM0maqqYuLdNtTq98TADkleoeglOp3HysW4d-nFg4PQ,RPMS INFANCIA 2°C 2025 - (AISPPMSCVI_2025),Masculino,Adultez (29 - 59 años),Pregrado,Área de la salud,COMUNA 17,
1vM0maqqYuLdNtTq98TADkleoeglOp3HysW4d-nFg4PQ,RPMS INFANCIA 2°C 2025 - (AISPPMSCVI_2025),Femenino,Juventud (18 - 28 años),Pregrado,Área de la salud,COMUNA 17,
13PrJGCVgOdGYYKJMO98lfP-XmFYPgq0R3s37oVqVKXQ,RPMS JUVENTUD 2°C 2025 - (AISPPMSCVJA_2025),Femenino,Juventud (18 - 28 años),Pregrado,Área de la salud,COMUNA 18,
13PrJGCVgOdGYYKJMO98lfP-XmFYPgq0R3s37oVqVKXQ,RPMS JUVENTUD 2°C 2025 - (AISPPMSCVJA_2025),Femenino,Juventud (18 - 28 años),Postgrado,Área de la salud,COMUNA 17,
13PrJGCVgOdGYYKJMO98lfP-XmFYPgq0R3s37oVqVKXQ,RPMS JUVENTUD 2°C 2025 - (AISPPMSCVJA_2025),Femenino,Juventud (18 - 28 años),Postgrado,Área de la salud,COMUNA 2,
13PrJGCVgOdGYYKJMO98lfP-XmFYPgq0R3s37oVqVKXQ,RPMS JUVENTUD 2°C 2025 - (AISPPMSCVJA_2025),Masculino,Juventud (18 - 28 años),Postgrado,Área de la salud,COMUNA 15,
13PrJGCVgOdGYYKJMO98lfP-XmFYPgq0R3s37oVqVKXQ,RPMS JUVENTUD 2°C 2025 - (AISPPMSCVJA_2025),Femenino,Vejez (60 años o más),Postgrado,Área de la salud,COMUNA 5,
13PrJGCVgOdGYYKJMO98lfP-XmFYPgq0R3s37oVqVKXQ,RPMS JUVENTUD 2°C 2025 - (AISPPMSCVJA_2025),Femenino,Juventud (18 - 28 años),Pregrado,Área de la salud,COMUNA 15,
13PrJGCVgOdGYYKJMO98lfP-XmFYPgq0R3s37oVqVKXQ,RPMS JUVENTUD 2°C 2025 - (AISPPMSCVJA_2025),Femenino,Juventud (18 - 28 años),Pregrado,Área de la salud,COMUNA 14,
13PrJGCVgOdGYYKJMO98lfP-XmFYPgq0R3s37oVqVKXQ,RPMS JUVENTUD 2°C 2025 - (AISPPMSCVJA_2025),Femenino,Juventud (18 - 28 años),Pregrado,Área de la salud,COMUNA 6,
13PrJGCVgOdGYYKJMO98lfP-XmFYPgq0R3s37oVqVKXQ,RPMS JUVENTUD 2°C 2025 - (AISPPMSCVJA_2025),Femenino,Juventud (18 - 28 años),Postgrado,Área de la salud,COMUNA 1,
13PrJGCVgOdGYYKJMO98lfP-XmFYPgq0R3s37oVqVKXQ,RPMS JUVENTUD 2°C 2025 - (AISPPMSCVJA_2025),Femenino,Adultez (29 - 59 años),Postgrado,Área de la salud,COMUNA 8,
1lbKm4i9cNMFmpGClorrQokVv_7NgdwDQkH0bMGXqFes,RPMS 3° 2025 - (AISPPMSCVPI_03_2025),Femenino,Adultez (29 - 59 años),Pregrado,Área de la salud,COMUNA 13,
1lbKm4i9cNMFmpGClorrQokVv_7NgdwDQkH0bMGXqFes,RPMS 3° 2025 - (AISPPMSCVPI_03_2025),Femenino,Juventud (18 - 28 años),Pregrado,Área de la salud,COMUNA 3,
1lbKm4i9cNMFmpGClorrQokVv_7NgdwDQkH0bMGXqFes,RPMS 3° 2025 - (AISPPMSCVPI_03_2025),Femenino,Adultez (29 - 59 años),Pregrado,Área de la salud,COMUNA 6,
1lbKm4i9cNMFmpGClorrQokVv_7NgdwDQkH0bMGXqFes,RPMS 3° 2025 - (AISPPMSCVPI_03_2025),Masculino,Adultez (29 - 59 años),Postgrado,Área de la salud,COMUNA 7,
1lbKm4i9cNMFmpGClorrQokVv_7NgdwDQkH0bMGXqFes,RPMS 3° 2025 - (AISPPMSCVPI_03_2025),Femenino,Juventud (18 - 28 años),Postgrado,Área de la salud,COMUNA 1,
1lbKm4i9cNMFmpGClorrQokVv_7NgdwDQkH0bMGXqFes,RPMS 3° 2025 - (AISPPMSCVPI_03_2025),Femenino,Adultez (29 - 59 años),Pregrado,Área de la salud,COMUNA 1,
1lbKm4i9cNMFmpGClorrQokVv_7NgdwDQkH0bMGXqFes,RPMS 3° 2025 - (AISPPMSCVPI_03_2025),Femenino,Adultez (29 - 59 años),Pregrado,Área de la salud,COMUNA 19,
1lbKm4i9cNMFmpGClorrQokVv_7NgdwDQkH0bMGXqFes,RPMS 3° 2025 - (AISPPMSCVPI_03_2025),Femenino,Adultez (29 - 59 años),Postgrado,Área de la salud,COMUNA 1,
1lbKm4i9cNMFmpGClorrQokVv_7NgdwDQkH0bMGXqFes,RPMS 3° 2025 - (AISPPMSCVPI_03_2025),Femenino,Adultez (29 - 59 años),Postgrado,Área de la salud,COMUNA 17,
1lbKm4i9cNMFmpGClorrQokVv_7NgdwDQkH0bMGXqFes,RPMS 3° 2025 - (AISPPMSCVPI_03_2025),Femenino,Adultez (29 - 59 años),Pregrado,Área de la salud,COMUNA 10,
1lbKm4i9cNMFmpGClorrQokVv_7NgdwDQkH0bMGXqFes,RPMS 3° 2025 - (AISPPMSCVPI_03_2025),Femenino,Adultez (29 - 59 años),Bachiller,Área de la salud,COMUNA 17,
1lbKm4i9cNMFmpGClorrQokVv_7NgdwDQkH0bMGXqFes,RPMS 3° 2025 - (AISPPMSCVPI_03_2025),Femenino,Adultez (29 - 59 años),Postgrado,Área de la salud,COMUNA 1,
1lbKm4i9cNMFmpGClorrQokVv_7NgdwDQkH0bMGXqFes,RPMS 3° 2025 - (AISPPMSCVPI_03_2025),Femenino,Adultez (29 - 59 años),Postgrado,Área de la salud,COMUNA 2,
1lbKm4i9cNMFmpGClorrQokVv_7NgdwDQkH0bMGXqFes,RPMS 3° 2025 - (AISPPMSCVPI_03_2025),Femenino,Juventud (18 - 28 años),Bachiller,Área de la salud,COMUNA 7,
1lbKm4i9cNMFmpGClorrQokVv_7NgdwDQkH0bMGXqFes,RPMS 3° 2025 - (AISPPMSCVPI_03_2025),Femenino,Adultez (29 - 59 años),Bachiller,Área de la salud,COMUNA 1,
1lbKm4i9cNMFmpGClorrQokVv_7NgdwDQkH0bMGXqFes,RPMS 3° 2025 - (AISPPMSCVPI_03_2025),Femenino,Adultez (29 - 59 años),Pregrado,Área de la salud,COMUNA 6,
1lbKm4i9cNMFmpGClorrQokVv_7NgdwDQkH0bMGXqFes,RPMS 3° 2025 - (AISPPMSCVPI_03_2025),Femenino,Vejez (60 años o más),Pregrado,Área de la salud,COMUNA 10,
1lbKm4i9cNMFmpGClorrQokVv_7NgdwDQkH0bMGXqFes,RPMS 3° 2025 - (AISPPMSCVPI_03_2025),Masculino,Juventud (18 - 28 años),Bachiller,Área de la salud,COMUNA 1,
1lbKm4i9cNMFmpGClorrQokVv_7NgdwDQkH0bMGXqFes,RPMS 3° 2025 - (AISPPMSCVPI_03_2025),Femenino,Juventud (18 - 28 años),Pregrado,Área de la salud,COMUNA 10,
1lbKm4i9cNMFmpGClorrQokVv_7NgdwDQkH0bMGXqFes,RPMS 3° 2025 - (AISPPMSCVPI_03_2025),Femenino,Adultez (29 - 59 años),Postgrado,Área de la salud,COMUNA 1,
1lbKm4i9cNMFmpGClorrQokVv_7NgdwDQkH0bMGXqFes,RPMS 3° 2025 - (AISPPMSCVPI_03_2025),Femenino,Adultez (29 - 59 años),Pregrado,Área de la salud,COMUNA 1,
1lbKm4i9cNMFmpGClorrQokVv_7NgdwDQkH0bMGXqFes,RPMS 3° 2025 - (AISPPMSCVPI_03_2025),Femenino,Adultez (29 - 59 años),Pregrado,Área de la salud,COMUNA 1,
1lbKm4i9cNMFmpGClorrQokVv_7NgdwDQkH0bMGXqFes,RPMS 3° 2025 - (AISPPMSCVPI_03_2025),Femenino,Adultez (29 - 59 años),Pregrado,Área de la salud,COMUNA 7,
1lbKm4i9cNMFmpGClorrQokVv_7NgdwDQkH0bMGXqFes,RPMS 3° 2025 - (AISPPMSCVPI_03_2025),Femenino,Adultez (29 - 59 años),Pregrado,Área de la salud,C. DE PANCE,
1lbKm4i9cNMFmpGClorrQokVv_7NgdwDQkH0bMGXqFes,RPMS 3° 2025 - (AISPPMSCVPI_03_2025),Femenino,Adultez (29 - 59 años),Postgrado,Área de la salud,COMUNA 1,
1lbKm4i9cNMFmpGClorrQokVv_7NgdwDQkH0bMGXqFes,RPMS 3° 2025 - (AISPPMSCVPI_03_2025),Femenino,Juventud (18 - 28 años),Pregrado,Área de la salud,COMUNA 9,
1spgZuD19qFNdQUB1E16r9HJXN0c5YiG5bnA0wIEdqrE,RPMS PRIMERA INFANCIA 2°C 2025 - (AISPPMSCVPI_2025),Femenino,Adultez (29 - 59 años),Pregrado,Área de la salud,COMUNA 13,
1spgZuD19qFNdQUB1E16r9HJXN0c5YiG5bnA0wIEdqrE,RPMS PRIMERA INFANCIA 2°C 2025 - (AISPPMSCVPI_2025),Femenino,Juventud (18 - 28 años),Pregrado,Área de la salud,COMUNA 13,
1spgZuD19qFNdQUB1E16r9HJXN0c5YiG5bnA0wIEdqrE,RPMS PRIMERA INFANCIA 2°C 2025 - (AISPPMSCVPI_2025),Femenino,Juventud (18 - 28 años),Pregrado,Área de la salud,COMUNA 8,
1spgZuD19qFNdQUB1E16r9HJXN0c5YiG5bnA0wIEdqrE,RPMS PRIMERA INFANCIA 2°C 2025 - (AISPPMSCVPI_2025),Femenino,Adultez (29 - 59 años),Pregrado,Área de la salud,COMUNA 3,
1spgZuD19qFNdQUB1E16r9HJXN0c5YiG5bnA0wIEdqrE,RPMS PRIMERA INFANCIA 2°C 2025 - (AISPPMSCVPI_2025),Masculino,Juventud (18 - 28 años),Pregrado,Área de la salud,COMUNA 17,
1spgZuD19qFNdQUB1E16r9HJXN0c5YiG5bnA0wIEdqrE,RPMS PRIMERA INFANCIA 2°C 2025 - (AISPPMSCVPI_2025),Femenino,Adultez (29 - 59 años),Pregrado,Área de la salud,COMUNA 7,
1spgZuD19qFNdQUB1E16r9HJXN0c5YiG5bnA0wIEdqrE,RPMS PRIMERA INFANCIA 2°C 2025 - (AISPPMSCVPI_2025),Femenino,Juventud (18 - 28 años),Pregrado,Área de la salud,COMUNA 17,
1spgZuD19qFNdQUB1E16r9HJXN0c5YiG5bnA0wIEdqrE,RPMS PRIMERA INFANCIA 2°C 2025 - (AISPPMSCVPI_2025),Femenino,Adultez (29 - 59 años),Pregrado,Área de la salud,COMUNA 15,
1spgZuD19qFNdQUB1E16r9HJXN0c5YiG5bnA0wIEdqrE,RPMS PRIMERA INFANCIA 2°C 2025 - (AISPPMSCVPI_2025),Femenino,Adultez (29 - 59 años),Pregrado,Área de la salud,COMUNA 7,
1spgZuD19qFNdQUB1E16r9HJXN0c5YiG5bnA0wIEdqrE,RPMS PRIMERA INFANCIA 2°C 2025 - (AISPPMSCVPI_2025),Femenino,Juventud (18 - 28 años),Pregrado,Área de la salud,COMUNA 13,
1H7ZeHSgGwlxJbd5ftpfsa-LMtEmmp8QUIYuIylS68zI,RPMS VEJEZ 2°C 2025 - (AISPMSCVV_012025),Masculino,Juventud (18 - 28 años),Pregrado,Área de la salud,COMUNA 11,
1H7ZeHSgGwlxJbd5ftpfsa-LMtEmmp8QUIYuIylS68zI,RPMS VEJEZ 2°C 2025 - (AISPMSCVV_012025),Femenino,Adultez (29 - 59 años),Pregrado,Área de la salud,COMUNA 17,
1H7ZeHSgGwlxJbd5ftpfsa-LMtEmmp8QUIYuIylS68zI,RPMS VEJEZ 2°C 2025 - (AISPMSCVV_012025),Femenino,Adultez (29 - 59 años),Postgrado,Área de la salud,COMUNA 14,
1H7ZeHSgGwlxJbd5ftpfsa-LMtEmmp8QUIYuIylS68zI,RPMS VEJEZ 2°C 2025 - (AISPMSCVV_012025),Femenino,Juventud (18 - 28 años),Pregrado,Área de la salud,COMUNA 13,
1HC1X02xdWToZwiNjKQxfMYbCtQgiRCrhs_sXwUSh7bI,DISCAPACIDAD DE ENFERMEDAD DE HANSEN 2026 - (DIS_HANSEN),Masculino,Adultez (29 - 59 años),Postgrado,Área de la salud,COMUNA 1,
1HC1X02xdWToZwiNjKQxfMYbCtQgiRCrhs_sXwUSh7bI,DISCAPACIDAD DE ENFERMEDAD DE HANSEN 2026 - (DIS_HANSEN),Masculino,Adultez (29 - 59 años),Pregrado,Área de la salud,COMUNA 4,
1HC1X02xdWToZwiNjKQxfMYbCtQgiRCrhs_sXwUSh7bI,DISCAPACIDAD DE ENFERMEDAD DE HANSEN 2026 - (DIS_HANSEN),Femenino,Adultez (29 - 59 años),Pregrado,Área de la salud,COMUNA 9,
1HC1X02xdWToZwiNjKQxfMYbCtQgiRCrhs_sXwUSh7bI,DISCAPACIDAD DE ENFERMEDAD DE HANSEN 2026 - (DIS_HANSEN),Femenino,Adultez (29 - 59 años),Bachiller,Área de la salud,COMUNA 13,
1HC1X02xdWToZwiNjKQxfMYbCtQgiRCrhs_sXwUSh7bI,DISCAPACIDAD DE ENFERMEDAD DE HANSEN 2026 - (DIS_HANSEN),Femenino,Juventud (18 - 28 años),Pregrado,Área de la salud,COMUNA 2,
1HC1X02xdWToZwiNjKQxfMYbCtQgiRCrhs_sXwUSh7bI,DISCAPACIDAD DE ENFERMEDAD DE HANSEN 2026 - (DIS_HANSEN),Femenino,Adultez (29 - 59 años),Pregrado,Otro,C. DE LA CASTILLA,
1HC1X02xdWToZwiNjKQxfMYbCtQgiRCrhs_sXwUSh7bI,DISCAPACIDAD DE ENFERMEDAD DE HANSEN 2026 - (DIS_HANSEN),Masculino,Juventud (18 - 28 años),Bachiller,Área de la salud,C. DE VILLACARMELO,
1HC1X02xdWToZwiNjKQxfMYbCtQgiRCrhs_sXwUSh7bI,DISCAPACIDAD DE ENFERMEDAD DE HANSEN 2026 - (DIS_HANSEN),Femenino,Adultez (29 - 59 años),Postgrado,Área de la salud,COMUNA 18,
1HC1X02xdWToZwiNjKQxfMYbCtQgiRCrhs_sXwUSh7bI,DISCAPACIDAD DE ENFERMEDAD DE HANSEN 2026 - (DIS_HANSEN),Femenino,Adultez (29 - 59 años),Bachiller,Área de la salud,COMUNA 6,
1IjLMuritRaLZsjoJpPpGIxpRwGqq1XiIBhZeZwN5x-M,CÁNCER COLON Y RECTO 1°C 2025 (CCR_2025),Femenino,Adultez (29 - 59 años),Postgrado,Área de la salud,COMUNA 19,
1IjLMuritRaLZsjoJpPpGIxpRwGqq1XiIBhZeZwN5x-M,CÁNCER COLON Y RECTO 1°C 2025 (CCR_2025),Femenino,Adultez (29 - 59 años),Pregrado,Área de la salud,COMUNA 6,
1IjLMuritRaLZsjoJpPpGIxpRwGqq1XiIBhZeZwN5x-M,CÁNCER COLON Y RECTO 1°C 2025 (CCR_2025),Femenino,Adultez (29 - 59 años),Pregrado,Área de la salud,COMUNA 1,
1IjLMuritRaLZsjoJpPpGIxpRwGqq1XiIBhZeZwN5x-M,CÁNCER COLON Y RECTO 1°C 2025 (CCR_2025),Masculino,Adultez (29 - 59 años),Pregrado,Área de la salud,COMUNA 17,
1IjLMuritRaLZsjoJpPpGIxpRwGqq1XiIBhZeZwN5x-M,CÁNCER COLON Y RECTO 1°C 2025 (CCR_2025),Femenino,Adultez (29 - 59 años),Pregrado,Área de la salud,COMUNA 4,
1IjLMuritRaLZsjoJpPpGIxpRwGqq1XiIBhZeZwN5x-M,CÁNCER COLON Y RECTO 1°C 2025 (CCR_2025),Femenino,Adultez (29 - 59 años),Bachiller,Área de la salud,COMUNA 8,
1IjLMuritRaLZsjoJpPpGIxpRwGqq1XiIBhZeZwN5x-M,CÁNCER COLON Y RECTO 1°C 2025 (CCR_2025),Femenino,Juventud (18 - 28 años),Postgrado,Área de la salud,COMUNA 17,
1IjLMuritRaLZsjoJpPpGIxpRwGqq1XiIBhZeZwN5x-M,CÁNCER COLON Y RECTO 1°C 2025 (CCR_2025),Femenino,Adultez (29 - 59 años),Pregrado,Área de la salud,COMUNA 6,
1IjLMuritRaLZsjoJpPpGIxpRwGqq1XiIBhZeZwN5x-M,CÁNCER COLON Y RECTO 1°C 2025 (CCR_2025),Femenino,Adultez (29 - 59 años),Postgrado,Área de la salud,COMUNA 4,
1IjLMuritRaLZsjoJpPpGIxpRwGqq1XiIBhZeZwN5x-M,CÁNCER COLON Y RECTO 1°C 2025 (CCR_2025),Femenino,Adultez (29 - 59 años),Postgrado,Área de la salud,COMUNA 1,
1IjLMuritRaLZsjoJpPpGIxpRwGqq1XiIBhZeZwN5x-M,CÁNCER COLON Y RECTO 1°C 2025 (CCR_2025),Femenino,Juventud (18 - 28 años),Pregrado,Área de la salud,COMUNA 6,
1IjLMuritRaLZsjoJpPpGIxpRwGqq1XiIBhZeZwN5x-M,CÁNCER COLON Y RECTO 1°C 2025 (CCR_2025),Femenino,Adultez (29 - 59 años),Postgrado,Área de la salud,COMUNA 1,
1IjLMuritRaLZsjoJpPpGIxpRwGqq1XiIBhZeZwN5x-M,CÁNCER COLON Y RECTO 1°C 2025 (CCR_2025),Femenino,Adultez (29 - 59 años),Postgrado,Área de la salud,COMUNA 19,
1IjLMuritRaLZsjoJpPpGIxpRwGqq1XiIBhZeZwN5x-M,CÁNCER COLON Y RECTO 1°C 2025 (CCR_2025),Femenino,Juventud (18 - 28 años),Pregrado,Área de la salud,COMUNA 4,
1IjLMuritRaLZsjoJpPpGIxpRwGqq1XiIBhZeZwN5x-M,CÁNCER COLON Y RECTO 1°C 2025 (CCR_2025),Femenino,Adultez (29 - 59 años),Postgrado,Área de la salud,COMUNA 1,
1IjLMuritRaLZsjoJpPpGIxpRwGqq1XiIBhZeZwN5x-M,CÁNCER COLON Y RECTO 1°C 2025 (CCR_2025),Masculino,Adultez (29 - 59 años),Pregrado,Área de la salud,COMUNA 1,
1IjLMuritRaLZsjoJpPpGIxpRwGqq1XiIBhZeZwN5x-M,CÁNCER COLON Y RECTO 1°C 2025 (CCR_2025),Masculino,Juventud (18 - 28 años),Pregrado,Área de la salud,COMUNA 9,
1IjLMuritRaLZsjoJpPpGIxpRwGqq1XiIBhZeZwN5x-M,CÁNCER COLON Y RECTO 1°C 2025 (CCR_2025),Femenino,Adultez (29 - 59 años),Postgrado,Área de la salud,COMUNA 19,
1IjLMuritRaLZsjoJpPpGIxpRwGqq1XiIBhZeZwN5x-M,CÁNCER COLON Y RECTO 1°C 2025 (CCR_2025),Masculino,Adultez (29 - 59 años),Pregrado,Área de la salud,COMUNA 4,
1IjLMuritRaLZsjoJpPpGIxpRwGqq1XiIBhZeZwN5x-M,CÁNCER COLON Y RECTO 1°C 2025 (CCR_2025),Femenino,Adultez (29 - 59 años),Postgrado,Área de la salud,COMUNA 1,
1IjLMuritRaLZsjoJpPpGIxpRwGqq1XiIBhZeZwN5x-M,CÁNCER COLON Y RECTO 1°C 2025 (CCR_2025),Femenino,Adultez (29 - 59 años),Pregrado,Área de la salud,COMUNA 17,
1IjLMuritRaLZsjoJpPpGIxpRwGqq1XiIBhZeZwN5x-M,CÁNCER COLON Y RECTO 1°C 2025 (CCR_2025),Femenino,Adultez (29 - 59 años),Postgrado,Área de la salud,COMUNA 19,
1IjLMuritRaLZsjoJpPpGIxpRwGqq1XiIBhZeZwN5x-M,CÁNCER COLON Y RECTO 1°C 2025 (CCR_2025),Femenino,Juventud (18 - 28 años),Pregrado,Área de la salud,COMUNA 17,
1IjLMuritRaLZsjoJpPpGIxpRwGqq1XiIBhZeZwN5x-M,CÁNCER COLON Y RECTO 1°C 2025 (CCR_2025),Masculino,Juventud (18 - 28 años),Pregrado,Área de la salud,COMUNA 21,
1IjLMuritRaLZsjoJpPpGIxpRwGqq1XiIBhZeZwN5x-M,CÁNCER COLON Y RECTO 1°C 2025 (CCR_2025),Femenino,Adultez (29 - 59 años),Pregrado,Área de la salud,COMUNA 12,
1IjLMuritRaLZsjoJpPpGIxpRwGqq1XiIBhZeZwN5x-M,CÁNCER COLON Y RECTO 1°C 2025 (CCR_2025),Femenino,Adultez (29 - 59 años),Pregrado,Área de la salud,COMUNA 12,
1IjLMuritRaLZsjoJpPpGIxpRwGqq1XiIBhZeZwN5x-M,CÁNCER COLON Y RECTO 1°C 2025 (CCR_2025),Femenino,Adultez (29 - 59 años),Postgrado,Área de la salud,COMUNA 15,
1IjLMuritRaLZsjoJpPpGIxpRwGqq1XiIBhZeZwN5x-M,CÁNCER COLON Y RECTO 1°C 2025 (CCR_2025),Femenino,Adultez (29 - 59 años),Pregrado,Área de la salud,COMUNA 5,
1IjLMuritRaLZsjoJpPpGIxpRwGqq1XiIBhZeZwN5x-M,CÁNCER COLON Y RECTO 1°C 2025 (CCR_2025),Femenino,Adultez (29 - 59 años),Pregrado,Área de la salud,COMUNA 1,
1IjLMuritRaLZsjoJpPpGIxpRwGqq1XiIBhZeZwN5x-M,CÁNCER COLON Y RECTO 1°C 2025 (CCR_2025),Femenino,Adultez (29 - 59 años),Pregrado,Área de la salud,COMUNA 7,
1IjLMuritRaLZsjoJpPpGIxpRwGqq1XiIBhZeZwN5x-M,CÁNCER COLON Y RECTO 1°C 2025 (CCR_2025),Masculino,Adultez (29 - 59 años),Postgrado,Área de la salud,COMUNA 19,
1IjLMuritRaLZsjoJpPpGIxpRwGqq1XiIBhZeZwN5x-M,CÁNCER COLON Y RECTO 1°C 2025 (CCR_2025),Femenino,Juventud (18 - 28 años),Bachiller,Área de la salud,COMUNA 1,
1IjLMuritRaLZsjoJpPpGIxpRwGqq1XiIBhZeZwN5x-M,CÁNCER COLON Y RECTO 1°C 2025 (CCR_2025),Masculino,Vejez (60 años o más),Postgrado,Área de la salud,COMUNA 19,
1fhfLmU4YPe0emiQ-cC4BuZpt9sVLQLby5NMFJQ5J2dc,CERO ESTIGMA HANSEN 2026 - (0HANSEN_012026),Femenino,Adultez (29 - 59 años),Postgrado,Área de la salud,COMUNA 17,
1fhfLmU4YPe0emiQ-cC4BuZpt9sVLQLby5NMFJQ5J2dc,CERO ESTIGMA HANSEN 2026 - (0HANSEN_012026),Femenino,Juventud (18 - 28 años),Pregrado,Área de la salud,COMUNA 2,
1fhfLmU4YPe0emiQ-cC4BuZpt9sVLQLby5NMFJQ5J2dc,CERO ESTIGMA HANSEN 2026 - (0HANSEN_012026),Femenino,Adultez (29 - 59 años),Pregrado,Área de la salud,COMUNA 2,
1fhfLmU4YPe0emiQ-cC4BuZpt9sVLQLby5NMFJQ5J2dc,CERO ESTIGMA HANSEN 2026 - (0HANSEN_012026),Femenino,Adultez (29 - 59 años),Postgrado,Área de la salud,COMUNA 19,
1fhfLmU4YPe0emiQ-cC4BuZpt9sVLQLby5NMFJQ5J2dc,CERO ESTIGMA HANSEN 2026 - (0HANSEN_012026),Femenino,Adultez (29 - 59 años),Bachiller,Área de la salud,COMUNA 3,
1fhfLmU4YPe0emiQ-cC4BuZpt9sVLQLby5NMFJQ5J2dc,CERO ESTIGMA HANSEN 2026 - (0HANSEN_012026),Femenino,Juventud (18 - 28 años),Ninguna,Área de la salud,COMUNA 2,
1fhfLmU4YPe0emiQ-cC4BuZpt9sVLQLby5NMFJQ5J2dc,CERO ESTIGMA HANSEN 2026 - (0HANSEN_012026),Masculino,Adultez (29 - 59 años),Postgrado,Área de la salud,COMUNA 2,
1fhfLmU4YPe0emiQ-cC4BuZpt9sVLQLby5NMFJQ5J2dc,CERO ESTIGMA HANSEN 2026 - (0HANSEN_012026),Femenino,Adultez (29 - 59 años),Postgrado,Área de la salud,COMUNA 1,
1fhfLmU4YPe0emiQ-cC4BuZpt9sVLQLby5NMFJQ5J2dc,CERO ESTIGMA HANSEN 2026 - (0HANSEN_012026),Femenino,Adultez (29 - 59 años),Pregrado,Área de la salud,COMUNA 10,
1fhfLmU4YPe0emiQ-cC4BuZpt9sVLQLby5NMFJQ5J2dc,CERO ESTIGMA HANSEN 2026 - (0HANSEN_012026),Femenino,Juventud (18 - 28 años),Pregrado,Área de la salud,COMUNA 16,
1fhfLmU4YPe0emiQ-cC4BuZpt9sVLQLby5NMFJQ5J2dc,CERO ESTIGMA HANSEN 2026 - (0HANSEN_012026),Masculino,Adultez (29 - 59 años),Postgrado,Área de la salud,COMUNA 10,
1fhfLmU4YPe0emiQ-cC4BuZpt9sVLQLby5NMFJQ5J2dc,CERO ESTIGMA HANSEN 2026 - (0HANSEN_012026),Masculino,Juventud (18 - 28 años),Bachiller,Área de la salud,COMUNA 1,
1D2fbQy4adJxKPBqlCwMvYZQNvPKi9l2pjeZikmh1w6I,Dx Hansen 2025 - (DX_HANSEN_012025),Femenino,Adultez (29 - 59 años),Pregrado,Área de la salud,COMUNA 1,
1D2fbQy4adJxKPBqlCwMvYZQNvPKi9l2pjeZikmh1w6I,Dx Hansen 2025 - (DX_HANSEN_012025),Femenino,Juventud (18 - 28 años),Pregrado,Área de la salud,COMUNA 1,
1D2fbQy4adJxKPBqlCwMvYZQNvPKi9l2pjeZikmh1w6I,Dx Hansen 2025 - (DX_HANSEN_012025),Femenino,Adultez (29 - 59 años),Pregrado,Área de la salud,COMUNA 7,
1D2fbQy4adJxKPBqlCwMvYZQNvPKi9l2pjeZikmh1w6I,Dx Hansen 2025 - (DX_HANSEN_012025),Femenino,Juventud (18 - 28 años),Pregrado,Área de la salud,COMUNA 16,
1D2fbQy4adJxKPBqlCwMvYZQNvPKi9l2pjeZikmh1w6I,Dx Hansen 2025 - (DX_HANSEN_012025),Femenino,Adultez (29 - 59 años),Pregrado,Área de la salud,COMUNA 3,
1D2fbQy4adJxKPBqlCwMvYZQNvPKi9l2pjeZikmh1w6I,Dx Hansen 2025 - (DX_HANSEN_012025),Femenino,Adultez (29 - 59 años),Pregrado,Área de la salud,COMUNA 4,
1D2fbQy4adJxKPBqlCwMvYZQNvPKi9l2pjeZikmh1w6I,Dx Hansen 2025 - (DX_HANSEN_012025),Femenino,Juventud (18 - 28 años),Pregrado,Área de la salud,COMUNA 1,
1D2fbQy4adJxKPBqlCwMvYZQNvPKi9l2pjeZikmh1w6I,Dx Hansen 2025 - (DX_HANSEN_012025),Femenino,Juventud (18 - 28 años),Pregrado,Área de la salud,COMUNA 1,
1D2fbQy4adJxKPBqlCwMvYZQNvPKi9l2pjeZikmh1w6I,Dx Hansen 2025 - (DX_HANSEN_012025),Femenino,Adultez (29 - 59 años),Pregrado,Área de la salud,COMUNA 17,
1D2fbQy4adJxKPBqlCwMvYZQNvPKi9l2pjeZikmh1w6I,Dx Hansen 2025 - (DX_HANSEN_012025),Femenino,Adultez (29 - 59 años),Pregrado,Área de la salud,COMUNA 1,
1D2fbQy4adJxKPBqlCwMvYZQNvPKi9l2pjeZikmh1w6I,Dx Hansen 2025 - (DX_HANSEN_012025),Femenino,Adultez (29 - 59 años),Bachiller,Área de la salud,COMUNA 2,
1D2fbQy4adJxKPBqlCwMvYZQNvPKi9l2pjeZikmh1w6I,Dx Hansen 2025 - (DX_HANSEN_012025),Femenino,Adultez (29 - 59 años),Bachiller,Área de la salud,COMUNA 12,
1D2fbQy4adJxKPBqlCwMvYZQNvPKi9l2pjeZikmh1w6I,Dx Hansen 2025 - (DX_HANSEN_012025),Femenino,Adultez (29 - 59 años),Postgrado,Área de la salud,COMUNA 2,
1D2fbQy4adJxKPBqlCwMvYZQNvPKi9l2pjeZikmh1w6I,Dx Hansen 2025 - (DX_HANSEN_012025),Femenino,Adultez (29 - 59 años),Postgrado,Área de la salud,COMUNA 1,
1D2fbQy4adJxKPBqlCwMvYZQNvPKi9l2pjeZikmh1w6I,Dx Hansen 2025 - (DX_HANSEN_012025),Femenino,Adultez (29 - 59 años),Bachiller,Área de la salud,COMUNA 5,
1D2fbQy4adJxKPBqlCwMvYZQNvPKi9l2pjeZikmh1w6I,Dx Hansen 2025 - (DX_HANSEN_012025),Masculino,Adultez (29 - 59 años),Bachiller,Área de la salud,COMUNA 5,
1D2fbQy4adJxKPBqlCwMvYZQNvPKi9l2pjeZikmh1w6I,Dx Hansen 2025 - (DX_HANSEN_012025),Femenino,Adultez (29 - 59 años),Postgrado,Área de la salud,COMUNA 17,
1D2fbQy4adJxKPBqlCwMvYZQNvPKi9l2pjeZikmh1w6I,Dx Hansen 2025 - (DX_HANSEN_012025),Femenino,Juventud (18 - 28 años),Pregrado,Área de la salud,COMUNA 2,
1D2fbQy4adJxKPBqlCwMvYZQNvPKi9l2pjeZikmh1w6I,Dx Hansen 2025 - (DX_HANSEN_012025),Masculino,Adultez (29 - 59 años),Postgrado,Área de la salud,COMUNA 10,
1D2fbQy4adJxKPBqlCwMvYZQNvPKi9l2pjeZikmh1w6I,Dx Hansen 2025 - (DX_HANSEN_012025),Femenino,Adultez (29 - 59 años),Postgrado,Área de la salud,COMUNA 17,
17Q5eHyTvVkushOgvSyoX-QwFOTZs_vbrDS3lRydMgT0,INDICADORES PRIORIZADOS DE TUBERCULOSIS - 1°C 2025 - (IPTN_1C_2025),Femenino,Adultez (29 - 59 años),Bachiller,Área de la salud,COMUNA 18,
17Q5eHyTvVkushOgvSyoX-QwFOTZs_vbrDS3lRydMgT0,INDICADORES PRIORIZADOS DE TUBERCULOSIS - 1°C 2025 - (IPTN_1C_2025),Femenino,Adultez (29 - 59 años),Pregrado,Área de la salud,COMUNA 2,
17Q5eHyTvVkushOgvSyoX-QwFOTZs_vbrDS3lRydMgT0,INDICADORES PRIORIZADOS DE TUBERCULOSIS - 1°C 2025 - (IPTN_1C_2025),Femenino,Juventud (18 - 28 años),Pregrado,Área de la salud,COMUNA 19,
17Q5eHyTvVkushOgvSyoX-QwFOTZs_vbrDS3lRydMgT0,INDICADORES PRIORIZADOS DE TUBERCULOSIS - 1°C 2025 - (IPTN_1C_2025),Masculino,Adultez (29 - 59 años),Postgrado,Área de la salud,COMUNA 10,
17Q5eHyTvVkushOgvSyoX-QwFOTZs_vbrDS3lRydMgT0,INDICADORES PRIORIZADOS DE TUBERCULOSIS - 1°C 2025 - (IPTN_1C_2025),Femenino,Juventud (18 - 28 años),Pregrado,Área de la salud,COMUNA 11,
1hyf3fS9tqrri-Gg7L_5VA3j7BL2B7pLhof073RHlyjM,PRUEBAS DIAGNÓSTICAS TB 1°C 2025 - (PDRLTB_1C_2025),Femenino,Adultez (29 - 59 años),Pregrado,Área de la salud,COMUNA 22,
1hyf3fS9tqrri-Gg7L_5VA3j7BL2B7pLhof073RHlyjM,PRUEBAS DIAGNÓSTICAS TB 1°C 2025 - (PDRLTB_1C_2025),Femenino,Adultez (29 - 59 años),Pregrado,Área de la salud,COMUNA 19,
1hyf3fS9tqrri-Gg7L_5VA3j7BL2B7pLhof073RHlyjM,PRUEBAS DIAGNÓSTICAS TB 1°C 2025 - (PDRLTB_1C_2025),Masculino,Adultez (29 - 59 años),Postgrado,Área de la salud,COMUNA 1,
1hyf3fS9tqrri-Gg7L_5VA3j7BL2B7pLhof073RHlyjM,PRUEBAS DIAGNÓSTICAS TB 1°C 2025 - (PDRLTB_1C_2025),Femenino,Adultez (29 - 59 años),Pregrado,Área de la salud,COMUNA 18,
1hyf3fS9tqrri-Gg7L_5VA3j7BL2B7pLhof073RHlyjM,PRUEBAS DIAGNÓSTICAS TB 1°C 2025 - (PDRLTB_1C_2025),Femenino,Juventud (18 - 28 años),Postgrado,Área de la salud,C. DE EL HORMIGUERO,
1hyf3fS9tqrri-Gg7L_5VA3j7BL2B7pLhof073RHlyjM,PRUEBAS DIAGNÓSTICAS TB 1°C 2025 - (PDRLTB_1C_2025),Femenino,Juventud (18 - 28 años),Pregrado,Área de la salud,COMUNA 17,
1hyf3fS9tqrri-Gg7L_5VA3j7BL2B7pLhof073RHlyjM,PRUEBAS DIAGNÓSTICAS TB 1°C 2025 - (PDRLTB_1C_2025),Femenino,Adultez (29 - 59 años),Postgrado,Área de la salud,COMUNA 2,
1hyf3fS9tqrri-Gg7L_5VA3j7BL2B7pLhof073RHlyjM,PRUEBAS DIAGNÓSTICAS TB 1°C 2025 - (PDRLTB_1C_2025),Femenino,Adultez (29 - 59 años),Postgrado,Área de la salud,COMUNA 19,
1hyf3fS9tqrri-Gg7L_5VA3j7BL2B7pLhof073RHlyjM,PRUEBAS DIAGNÓSTICAS TB 1°C 2025 - (PDRLTB_1C_2025),Femenino,Adultez (29 - 59 años),Postgrado,Área de la salud,COMUNA 2,
1hyf3fS9tqrri-Gg7L_5VA3j7BL2B7pLhof073RHlyjM,PRUEBAS DIAGNÓSTICAS TB 1°C 2025 - (PDRLTB_1C_2025),Femenino,Adultez (29 - 59 años),Postgrado,Área de la salud,COMUNA 1,
1hyf3fS9tqrri-Gg7L_5VA3j7BL2B7pLhof073RHlyjM,PRUEBAS DIAGNÓSTICAS TB 1°C 2025 - (PDRLTB_1C_2025),Femenino,Adultez (29 - 59 años),Pregrado,Área de la salud,COMUNA 8,
1hyf3fS9tqrri-Gg7L_5VA3j7BL2B7pLhof073RHlyjM,PRUEBAS DIAGNÓSTICAS TB 1°C 2025 - (PDRLTB_1C_2025),Femenino,Adultez (29 - 59 años),Pregrado,Área de la salud,COMUNA 11,
1hyf3fS9tqrri-Gg7L_5VA3j7BL2B7pLhof073RHlyjM,PRUEBAS DIAGNÓSTICAS TB 1°C 2025 - (PDRLTB_1C_2025),Femenino,Juventud (18 - 28 años),Postgrado,Área de la salud,COMUNA 1,
1hyf3fS9tqrri-Gg7L_5VA3j7BL2B7pLhof073RHlyjM,PRUEBAS DIAGNÓSTICAS TB 1°C 2025 - (PDRLTB_1C_2025),Masculino,Adultez (29 - 59 años),Postgrado,Área de la salud,COMUNA 8,
1hyf3fS9tqrri-Gg7L_5VA3j7BL2B7pLhof073RHlyjM,PRUEBAS DIAGNÓSTICAS TB 1°C 2025 - (PDRLTB_1C_2025),Masculino,Adultez (29 - 59 años),Pregrado,Área de la salud,COMUNA 17,
1hyf3fS9tqrri-Gg7L_5VA3j7BL2B7pLhof073RHlyjM,PRUEBAS DIAGNÓSTICAS TB 1°C 2025 - (PDRLTB_1C_2025),Femenino,Adultez (29 - 59 años),Pregrado,Área de la salud,COMUNA 22,
1hyf3fS9tqrri-Gg7L_5VA3j7BL2B7pLhof073RHlyjM,PRUEBAS DIAGNÓSTICAS TB 1°C 2025 - (PDRLTB_1C_2025),Femenino,Adultez (29 - 59 años),Pregrado,Área de la salud,COMUNA 17,
1hyf3fS9tqrri-Gg7L_5VA3j7BL2B7pLhof073RHlyjM,PRUEBAS DIAGNÓSTICAS TB 1°C 2025 - (PDRLTB_1C_2025),Masculino,Adultez (29 - 59 años),Pregrado,Área de la salud,COMUNA 8,
1hyf3fS9tqrri-Gg7L_5VA3j7BL2B7pLhof073RHlyjM,PRUEBAS DIAGNÓSTICAS TB 1°C 2025 - (PDRLTB_1C_2025),Femenino,Vejez (60 años o más),Bachiller,Área de la salud,COMUNA 1,
1hyf3fS9tqrri-Gg7L_5VA3j7BL2B7pLhof073RHlyjM,PRUEBAS DIAGNÓSTICAS TB 1°C 2025 - (PDRLTB_1C_2025),Masculino,Adultez (29 - 59 años),Postgrado,Área de la salud,COMUNA 17,
1Rv766ogFEkOmkAyK8fkeQbZsy28zJPQtziYVLsYAIIY,SENSIBILIZACIÓN HANSEN 1°C 2025 - (HANSEN_012025),Femenino,Adultez (29 - 59 años),Pregrado,Área de la salud,COMUNA 18,
1Rv766ogFEkOmkAyK8fkeQbZsy28zJPQtziYVLsYAIIY,SENSIBILIZACIÓN HANSEN 1°C 2025 - (HANSEN_012025),Masculino,Adultez (29 - 59 años),Postgrado,Área de la salud,COMUNA 10,
1Rv766ogFEkOmkAyK8fkeQbZsy28zJPQtziYVLsYAIIY,SENSIBILIZACIÓN HANSEN 1°C 2025 - (HANSEN_012025),Femenino,Juventud (18 - 28 años),Postgrado,Área de la salud,COMUNA 17,
1Rv766ogFEkOmkAyK8fkeQbZsy28zJPQtziYVLsYAIIY,SENSIBILIZACIÓN HANSEN 1°C 2025 - (HANSEN_012025),Femenino,Adultez (29 - 59 años),Bachiller,Área de la salud,COMUNA 2,
1Rv766ogFEkOmkAyK8fkeQbZsy28zJPQtziYVLsYAIIY,SENSIBILIZACIÓN HANSEN 1°C 2025 - (HANSEN_012025),Femenino,Juventud (18 - 28 años),Pregrado,Área de la salud,COMUNA 1,
1Rv766ogFEkOmkAyK8fkeQbZsy28zJPQtziYVLsYAIIY,SENSIBILIZACIÓN HANSEN 1°C 2025 - (HANSEN_012025),Masculino,Adultez (29 - 59 años),Pregrado,Área de la salud,COMUNA 3,
1Rv766ogFEkOmkAyK8fkeQbZsy28zJPQtziYVLsYAIIY,SENSIBILIZACIÓN HANSEN 1°C 2025 - (HANSEN_012025),Femenino,Adultez (29 - 59 años),Pregrado,Área de la salud,C. DE PANCE,
1Rv766ogFEkOmkAyK8fkeQbZsy28zJPQtziYVLsYAIIY,SENSIBILIZACIÓN HANSEN 1°C 2025 - (HANSEN_012025),Femenino,Juventud (18 - 28 años),Pregrado,Área de la salud,COMUNA 10,
1Rv766ogFEkOmkAyK8fkeQbZsy28zJPQtziYVLsYAIIY,SENSIBILIZACIÓN HANSEN 1°C 2025 - (HANSEN_012025),Femenino,Adultez (29 - 59 años),Bachiller,Otro,COMUNA 15,
1Rv766ogFEkOmkAyK8fkeQbZsy28zJPQtziYVLsYAIIY,SENSIBILIZACIÓN HANSEN 1°C 2025 - (HANSEN_012025),Femenino,Adultez (29 - 59 años),Postgrado,Área de la salud,COMUNA 5,
1Rv766ogFEkOmkAyK8fkeQbZsy28zJPQtziYVLsYAIIY,SENSIBILIZACIÓN HANSEN 1°C 2025 - (HANSEN_012025),Femenino,Juventud (18 - 28 años),Pregrado,Área de la salud,COMUNA 10,
1Rv766ogFEkOmkAyK8fkeQbZsy28zJPQtziYVLsYAIIY,SENSIBILIZACIÓN HANSEN 1°C 2025 - (HANSEN_012025),Femenino,Juventud (18 - 28 años),Bachiller,Área de la salud,COMUNA 13,
1Rv766ogFEkOmkAyK8fkeQbZsy28zJPQtziYVLsYAIIY,SENSIBILIZACIÓN HANSEN 1°C 2025 - (HANSEN_012025),Masculino,Juventud (18 - 28 años),Bachiller,Área de la salud,COMUNA 1,
1Rv766ogFEkOmkAyK8fkeQbZsy28zJPQtziYVLsYAIIY,SENSIBILIZACIÓN HANSEN 1°C 2025 - (HANSEN_012025),Femenino,Adultez (29 - 59 años),Pregrado,Área de la salud,COMUNA 16,
1Rv766ogFEkOmkAyK8fkeQbZsy28zJPQtziYVLsYAIIY,SENSIBILIZACIÓN HANSEN 1°C 2025 - (HANSEN_012025),Masculino,Adultez (29 - 59 años),Pregrado,Área de la salud,COMUNA 6,
1Rv766ogFEkOmkAyK8fkeQbZsy28zJPQtziYVLsYAIIY,SENSIBILIZACIÓN HANSEN 1°C 2025 - (HANSEN_012025),Femenino,Adultez (29 - 59 años),Pregrado,Área de la salud,COMUNA 22,
1Rv766ogFEkOmkAyK8fkeQbZsy28zJPQtziYVLsYAIIY,SENSIBILIZACIÓN HANSEN 1°C 2025 - (HANSEN_012025),Femenino,Juventud (18 - 28 años),Pregrado,Área de la salud,COMUNA 19,
1Rv766ogFEkOmkAyK8fkeQbZsy28zJPQtziYVLsYAIIY,SENSIBILIZACIÓN HANSEN 1°C 2025 - (HANSEN_012025),Masculino,Juventud (18 - 28 años),Bachiller,Área de la salud,COMUNA 5,
1Rv766ogFEkOmkAyK8fkeQbZsy28zJPQtziYVLsYAIIY,SENSIBILIZACIÓN HANSEN 1°C 2025 - (HANSEN_012025),Femenino,Adultez (29 - 59 años),Postgrado,Área de la salud,COMUNA 19,
1Rv766ogFEkOmkAyK8fkeQbZsy28zJPQtziYVLsYAIIY,SENSIBILIZACIÓN HANSEN 1°C 2025 - (HANSEN_012025),Femenino,Juventud (18 - 28 años),Pregrado,Área de la salud,COMUNA 5,
1Rv766ogFEkOmkAyK8fkeQbZsy28zJPQtziYVLsYAIIY,SENSIBILIZACIÓN HANSEN 1°C 2025 - (HANSEN_012025),Femenino,Adultez (29 - 59 años),Postgrado,Área de la salud,COMUNA 17,
1Rv766ogFEkOmkAyK8fkeQbZsy28zJPQtziYVLsYAIIY,SENSIBILIZACIÓN HANSEN 1°C 2025 - (HANSEN_012025),Femenino,Adultez (29 - 59 años),Pregrado,Área de la salud,C. DE EL HORMIGUERO,
1Rv766ogFEkOmkAyK8fkeQbZsy28zJPQtziYVLsYAIIY,SENSIBILIZACIÓN HANSEN 1°C 2025 - (HANSEN_012025),Femenino,Adultez (29 - 59 años),Postgrado,Área de la salud,COMUNA 2,
1Rv766ogFEkOmkAyK8fkeQbZsy28zJPQtziYVLsYAIIY,SENSIBILIZACIÓN HANSEN 1°C 2025 - (HANSEN_012025),Masculino,Adultez (29 - 59 años),Pregrado,Área de la salud,COMUNA 3,
1Rv766ogFEkOmkAyK8fkeQbZsy28zJPQtziYVLsYAIIY,SENSIBILIZACIÓN HANSEN 1°C 2025 - (HANSEN_012025),Femenino,Adultez (29 - 59 años),Pregrado,Área de la salud,COMUNA 6,
1Rv766ogFEkOmkAyK8fkeQbZsy28zJPQtziYVLsYAIIY,SENSIBILIZACIÓN HANSEN 1°C 2025 - (HANSEN_012025),Femenino,Adultez (29 - 59 años),Postgrado,Área de la salud,COMUNA 15,
1Rv766ogFEkOmkAyK8fkeQbZsy28zJPQtziYVLsYAIIY,SENSIBILIZACIÓN HANSEN 1°C 2025 - (HANSEN_012025),Femenino,Adultez (29 - 59 años),Postgrado,Área de la salud,COMUNA 19,
1Rv766ogFEkOmkAyK8fkeQbZsy28zJPQtziYVLsYAIIY,SENSIBILIZACIÓN HANSEN 1°C 2025 - (HANSEN_012025),Femenino,Adultez (29 - 59 años),Postgrado,Área de la salud,C. DE PANCE,
17MJATFv2N2JrXJFi1CQyLzPnPpMhoJTFdT-K0BUfwHQ,SENSIBILIZACIÓN TB 1°C 2025 - (SPATB_1C_2025),Femenino,Adultez (29 - 59 años),Pregrado,Área de la salud,COMUNA 12,
17MJATFv2N2JrXJFi1CQyLzPnPpMhoJTFdT-K0BUfwHQ,SENSIBILIZACIÓN TB 1°C 2025 - (SPATB_1C_2025),Femenino,Adultez (29 - 59 años),Pregrado,Área de la salud,COMUNA 22,
17MJATFv2N2JrXJFi1CQyLzPnPpMhoJTFdT-K0BUfwHQ,SENSIBILIZACIÓN TB 1°C 2025 - (SPATB_1C_2025),Femenino,Juventud (18 - 28 años),Pregrado,Área de la salud,COMUNA 17,
17MJATFv2N2JrXJFi1CQyLzPnPpMhoJTFdT-K0BUfwHQ,SENSIBILIZACIÓN TB 1°C 2025 - (SPATB_1C_2025),Femenino,Adultez (29 - 59 años),Bachiller,Área de la salud,COMUNA 3,
17MJATFv2N2JrXJFi1CQyLzPnPpMhoJTFdT-K0BUfwHQ,SENSIBILIZACIÓN TB 1°C 2025 - (SPATB_1C_2025),Femenino,Juventud (18 - 28 años),Pregrado,Área de la salud,COMUNA 17,
17MJATFv2N2JrXJFi1CQyLzPnPpMhoJTFdT-K0BUfwHQ,SENSIBILIZACIÓN TB 1°C 2025 - (SPATB_1C_2025),Femenino,Juventud (18 - 28 años),Pregrado,Área de la salud,COMUNA 16,
17MJATFv2N2JrXJFi1CQyLzPnPpMhoJTFdT-K0BUfwHQ,SENSIBILIZACIÓN TB 1°C 2025 - (SPATB_1C_2025),Femenino,Juventud (18 - 28 años),Postgrado,Área de la salud,COMUNA 17,
17MJATFv2N2JrXJFi1CQyLzPnPpMhoJTFdT-K0BUfwHQ,SENSIBILIZACIÓN TB 1°C 2025 - (SPATB_1C_2025),Femenino,Adultez (29 - 59 años),Bachiller,Área de la salud,COMUNA 10,
17MJATFv2N2JrXJFi1CQyLzPnPpMhoJTFdT-K0BUfwHQ,SENSIBILIZACIÓN TB 1°C 2025 - (SPATB_1C_2025),Femenino,Adultez (29 - 59 años),Postgrado,Área de la salud,COMUNA 13,
17MJATFv2N2JrXJFi1CQyLzPnPpMhoJTFdT-K0BUfwHQ,SENSIBILIZACIÓN TB 1°C 2025 - (SPATB_1C_2025),Femenino,Vejez (60 años o más),Postgrado,Área de la salud,COMUNA 17,
17MJATFv2N2JrXJFi1CQyLzPnPpMhoJTFdT-K0BUfwHQ,SENSIBILIZACIÓN TB 1°C 2025 - (SPATB_1C_2025),Femenino,Adultez (29 - 59 años),Pregrado,Área de la salud,COMUNA 14,
17MJATFv2N2JrXJFi1CQyLzPnPpMhoJTFdT-K0BUfwHQ,SENSIBILIZACIÓN TB 1°C 2025 - (SPATB_1C_2025),Femenino,Juventud (18 - 28 años),Pregrado,Área de la salud,COMUNA 3,
17MJATFv2N2JrXJFi1CQyLzPnPpMhoJTFdT-K0BUfwHQ,SENSIBILIZACIÓN TB 1°C 2025 - (SPATB_1C_2025),Femenino,Adultez (29 - 59 años),Bachiller,Área de la salud,COMUNA 14,
17MJATFv2N2JrXJFi1CQyLzPnPpMhoJTFdT-K0BUfwHQ,SENSIBILIZACIÓN TB 1°C 2025 - (SPATB_1C_2025),Femenino,Adultez (29 - 59 años),Pregrado,Área de la salud,COMUNA 17,
17MJATFv2N2JrXJFi1CQyLzPnPpMhoJTFdT-K0BUfwHQ,SENSIBILIZACIÓN TB 1°C 2025 - (SPATB_1C_2025),Femenino,Adultez (29 - 59 años),Postgrado,Área de la salud,COMUNA 8,
17MJATFv2N2JrXJFi1CQyLzPnPpMhoJTFdT-K0BUfwHQ,SENSIBILIZACIÓN TB 1°C 2025 - (SPATB_1C_2025),Femenino,Juventud (18 - 28 años),Pregrado,Área de la salud,COMUNA 3,
17MJATFv2N2JrXJFi1CQyLzPnPpMhoJTFdT-K0BUfwHQ,SENSIBILIZACIÓN TB 1°C 2025 - (SPATB_1C_2025),Femenino,Adultez (29 - 59 años),Bachiller,Otro,COMUNA 9,
17MJATFv2N2JrXJFi1CQyLzPnPpMhoJTFdT-K0BUfwHQ,SENSIBILIZACIÓN TB 1°C 2025 - (SPATB_1C_2025),Masculino,Juventud (18 - 28 años),Bachiller,Área de la salud,COMUNA 10,
17MJATFv2N2JrXJFi1CQyLzPnPpMhoJTFdT-K0BUfwHQ,SENSIBILIZACIÓN TB 1°C 2025 - (SPATB_1C_2025),Femenino,Adultez (29 - 59 años),Bachiller,Otro,COMUNA 11,
17MJATFv2N2JrXJFi1CQyLzPnPpMhoJTFdT-K0BUfwHQ,SENSIBILIZACIÓN TB 1°C 2025 - (SPATB_1C_2025),Femenino,Adultez (29 - 59 años),Postgrado,Área de la salud,COMUNA 1,
17MJATFv2N2JrXJFi1CQyLzPnPpMhoJTFdT-K0BUfwHQ,SENSIBILIZACIÓN TB 1°C 2025 - (SPATB_1C_2025),Femenino,Juventud (18 - 28 años),Bachiller,Área de la salud,COMUNA 6,
17MJATFv2N2JrXJFi1CQyLzPnPpMhoJTFdT-K0BUfwHQ,SENSIBILIZACIÓN TB 1°C 2025 - (SPATB_1C_2025),Femenino,Adultez (29 - 59 años),Bachiller,Otro,COMUNA 13,
17MJATFv2N2JrXJFi1CQyLzPnPpMhoJTFdT-K0BUfwHQ,SENSIBILIZACIÓN TB 1°C 2025 - (SPATB_1C_2025),Femenino,Adultez (29 - 59 años),Pregrado,Área de la salud,C. DE EL SALADITO,
17MJATFv2N2JrXJFi1CQyLzPnPpMhoJTFdT-K0BUfwHQ,SENSIBILIZACIÓN TB 1°C 2025 - (SPATB_1C_2025),Masculino,Juventud (18 - 28 años),Pregrado,Área de la salud,COMUNA 7,
17MJATFv2N2JrXJFi1CQyLzPnPpMhoJTFdT-K0BUfwHQ,SENSIBILIZACIÓN TB 1°C 2025 - (SPATB_1C_2025),Femenino,Adultez (29 - 59 años),Pregrado,Área de la salud,COMUNA 2,
17MJATFv2N2JrXJFi1CQyLzPnPpMhoJTFdT-K0BUfwHQ,SENSIBILIZACIÓN TB 1°C 2025 - (SPATB_1C_2025),Femenino,Adultez (29 - 59 años),Bachiller,Área de la salud,COMUNA 1,
17MJATFv2N2JrXJFi1CQyLzPnPpMhoJTFdT-K0BUfwHQ,SENSIBILIZACIÓN TB 1°C 2025 - (SPATB_1C_2025),Femenino,Adultez (29 - 59 años),Postgrado,Área de la salud,COMUNA 9,
17MJATFv2N2JrXJFi1CQyLzPnPpMhoJTFdT-K0BUfwHQ,SENSIBILIZACIÓN TB 1°C 2025 - (SPATB_1C_2025),Femenino,Adultez (29 - 59 años),Postgrado,Área de la salud,COMUNA 13,
17MJATFv2N2JrXJFi1CQyLzPnPpMhoJTFdT-K0BUfwHQ,SENSIBILIZACIÓN TB 1°C 2025 - (SPATB_1C_2025),Femenino,Juventud (18 - 28 años),Pregrado,Área de la salud,COMUNA 12,
17MJATFv2N2JrXJFi1CQyLzPnPpMhoJTFdT-K0BUfwHQ,SENSIBILIZACIÓN TB 1°C 2025 - (SPATB_1C_2025),Femenino,Adultez (29 - 59 años),Pregrado,Área de la salud,COMUNA 5,
17MJATFv2N2JrXJFi1CQyLzPnPpMhoJTFdT-K0BUfwHQ,SENSIBILIZACIÓN TB 1°C 2025 - (SPATB_1C_2025),Femenino,Adultez (29 - 59 años),Pregrado,Área de la salud,COMUNA 20,
17MJATFv2N2JrXJFi1CQyLzPnPpMhoJTFdT-K0BUfwHQ,SENSIBILIZACIÓN TB 1°C 2025 - (SPATB_1C_2025),Femenino,Adultez (29 - 59 años),Postgrado,Área de la salud,COMUNA 13,
17MJATFv2N2JrXJFi1CQyLzPnPpMhoJTFdT-K0BUfwHQ,SENSIBILIZACIÓN TB 1°C 2025 - (SPATB_1C_2025),Femenino,Adultez (29 - 59 años),Postgrado,Área de la salud,COMUNA 22,
17MJATFv2N2JrXJFi1CQyLzPnPpMhoJTFdT-K0BUfwHQ,SENSIBILIZACIÓN TB 1°C 2025 - (SPATB_1C_2025),Femenino,Adultez (29 - 59 años),Bachiller,Área de la salud,COMUNA 4,
17MJATFv2N2JrXJFi1CQyLzPnPpMhoJTFdT-K0BUfwHQ,SENSIBILIZACIÓN TB 1°C 2025 - (SPATB_1C_2025),Masculino,Adultez (29 - 59 años),Postgrado,Área de la salud,COMUNA 6,
17MJATFv2N2JrXJFi1CQyLzPnPpMhoJTFdT-K0BUfwHQ,SENSIBILIZACIÓN TB 1°C 2025 - (SPATB_1C_2025),Femenino,Adultez (29 - 59 años),Pregrado,Área de la salud,COMUNA 4,
17MJATFv2N2JrXJFi1CQyLzPnPpMhoJTFdT-K0BUfwHQ,SENSIBILIZACIÓN TB 1°C 2025 - (SPATB_1C_2025),Femenino,Adultez (29 - 59 años),Pregrado,Estudiante,COMUNA 17,
17MJATFv2N2JrXJFi1CQyLzPnPpMhoJTFdT-K0BUfwHQ,SENSIBILIZACIÓN TB 1°C 2025 - (SPATB_1C_2025),Femenino,Adultez (29 - 59 años),Postgrado,Área de la salud,C. DE LA BUITRERA,
17MJATFv2N2JrXJFi1CQyLzPnPpMhoJTFdT-K0BUfwHQ,SENSIBILIZACIÓN TB 1°C 2025 - (SPATB_1C_2025),Femenino,Juventud (18 - 28 años),Bachiller,Área de la salud,COMUNA 4,
17MJATFv2N2JrXJFi1CQyLzPnPpMhoJTFdT-K0BUfwHQ,SENSIBILIZACIÓN TB 1°C 2025 - (SPATB_1C_2025),Femenino,Adultez (29 - 59 años),Postgrado,Área de la salud,COMUNA 15,
17MJATFv2N2JrXJFi1CQyLzPnPpMhoJTFdT-K0BUfwHQ,SENSIBILIZACIÓN TB 1°C 2025 - (SPATB_1C_2025),Femenino,Adultez (29 - 59 años),Pregrado,Área de la salud,COMUNA 10,
17MJATFv2N2JrXJFi1CQyLzPnPpMhoJTFdT-K0BUfwHQ,SENSIBILIZACIÓN TB 1°C 2025 - (SPATB_1C_2025),Femenino,Adultez (29 - 59 años),Pregrado,Área de la salud,COMUNA 16,
17MJATFv2N2JrXJFi1CQyLzPnPpMhoJTFdT-K0BUfwHQ,SENSIBILIZACIÓN TB 1°C 2025 - (SPATB_1C_2025),Femenino,Adultez (29 - 59 años),Bachiller,Área de la salud,COMUNA 17,
17MJATFv2N2JrXJFi1CQyLzPnPpMhoJTFdT-K0BUfwHQ,SENSIBILIZACIÓN TB 1°C 2025 - (SPATB_1C_2025),Femenino,Adultez (29 - 59 años),Postgrado,Área de la salud,COMUNA 14,
1M1ZtDlRgEmTPLqeNAxOj2CGYoXAQQ-trs_HGd-NG2IU,SISTEMA DE INFORMACIÓN EN TUBERCULOSIS - 1°C 2025 - (SITB_1C_2025),Masculino,Juventud (18 - 28 años),Pregrado,Área de la salud,COMUNA 7,
1M1ZtDlRgEmTPLqeNAxOj2CGYoXAQQ-trs_HGd-NG2IU,SISTEMA DE INFORMACIÓN EN TUBERCULOSIS - 1°C 2025 - (SITB_1C_2025),Femenino,Juventud (18 - 28 años),Pregrado,Área de la salud,COMUNA 16,
1M1ZtDlRgEmTPLqeNAxOj2CGYoXAQQ-trs_HGd-NG2IU,SISTEMA DE INFORMACIÓN EN TUBERCULOSIS - 1°C 2025 - (SITB_1C_2025),Femenino,Adultez (29 - 59 años),Postgrado,Área de la salud,COMUNA 2,
1M1ZtDlRgEmTPLqeNAxOj2CGYoXAQQ-trs_HGd-NG2IU,SISTEMA DE INFORMACIÓN EN TUBERCULOSIS - 1°C 2025 - (SITB_1C_2025),Femenino,Juventud (18 - 28 años),Pregrado,Área de la salud,COMUNA 10,
1M1ZtDlRgEmTPLqeNAxOj2CGYoXAQQ-trs_HGd-NG2IU,SISTEMA DE INFORMACIÓN EN TUBERCULOSIS - 1°C 2025 - (SITB_1C_2025),Femenino,Juventud (18 - 28 años),Postgrado,Área de la salud,COMUNA 1,
1M1ZtDlRgEmTPLqeNAxOj2CGYoXAQQ-trs_HGd-NG2IU,SISTEMA DE INFORMACIÓN EN TUBERCULOSIS - 1°C 2025 - (SITB_1C_2025),Femenino,Adultez (29 - 59 años),Pregrado,Área de la salud,COMUNA 5,
1M1ZtDlRgEmTPLqeNAxOj2CGYoXAQQ-trs_HGd-NG2IU,SISTEMA DE INFORMACIÓN EN TUBERCULOSIS - 1°C 2025 - (SITB_1C_2025),Femenino,Adultez (29 - 59 años),Pregrado,Área de la salud,C. DE MONTEBELLO,
1M1ZtDlRgEmTPLqeNAxOj2CGYoXAQQ-trs_HGd-NG2IU,SISTEMA DE INFORMACIÓN EN TUBERCULOSIS - 1°C 2025 - (SITB_1C_2025),Masculino,Adultez (29 - 59 años),Postgrado,Área de la salud,COMUNA 19,
1M1ZtDlRgEmTPLqeNAxOj2CGYoXAQQ-trs_HGd-NG2IU,SISTEMA DE INFORMACIÓN EN TUBERCULOSIS - 1°C 2025 - (SITB_1C_2025),Femenino,Adultez (29 - 59 años),Bachiller,Área de la salud,COMUNA 1,
1M1ZtDlRgEmTPLqeNAxOj2CGYoXAQQ-trs_HGd-NG2IU,SISTEMA DE INFORMACIÓN EN TUBERCULOSIS - 1°C 2025 - (SITB_1C_2025),Masculino,Juventud (18 - 28 años),Bachiller,Área de la salud,COMUNA 1,
14ExM8U0Ne7w4Pqw1N591lTsfPwNegbCtIFqidPCOrgs,SISTEMA DE INFORMACIÓN HANSEN 1°C 2025 - (SIHANSEN_012025),Femenino,Adultez (29 - 59 años),Pregrado,Área de la salud,C. DE PANCE,
14ExM8U0Ne7w4Pqw1N591lTsfPwNegbCtIFqidPCOrgs,SISTEMA DE INFORMACIÓN HANSEN 1°C 2025 - (SIHANSEN_012025),Femenino,Adultez (29 - 59 años),Postgrado,Área de la salud,COMUNA 1,
14ExM8U0Ne7w4Pqw1N591lTsfPwNegbCtIFqidPCOrgs,SISTEMA DE INFORMACIÓN HANSEN 1°C 2025 - (SIHANSEN_012025),Femenino,Adultez (29 - 59 años),Postgrado,Área de la salud,COMUNA 1,
14ExM8U0Ne7w4Pqw1N591lTsfPwNegbCtIFqidPCOrgs,SISTEMA DE INFORMACIÓN HANSEN 1°C 2025 - (SIHANSEN_012025),Femenino,Adultez (29 - 59 años),Pregrado,Área de la salud,COMUNA 3,
14ExM8U0Ne7w4Pqw1N591lTsfPwNegbCtIFqidPCOrgs,SISTEMA DE INFORMACIÓN HANSEN 1°C 2025 - (SIHANSEN_012025),Femenino,Adultez (29 - 59 años),Pregrado,Área de la salud,C. DE PICHINDE,
14ExM8U0Ne7w4Pqw1N591lTsfPwNegbCtIFqidPCOrgs,SISTEMA DE INFORMACIÓN HANSEN 1°C 2025 - (SIHANSEN_012025),Femenino,Adultez (29 - 59 años),Postgrado,Área de la salud,COMUNA 15,
14ExM8U0Ne7w4Pqw1N591lTsfPwNegbCtIFqidPCOrgs,SISTEMA DE INFORMACIÓN HANSEN 1°C 2025 - (SIHANSEN_012025),Masculino,Adultez (29 - 59 años),Postgrado,Área de la salud,COMUNA 2,
14ExM8U0Ne7w4Pqw1N591lTsfPwNegbCtIFqidPCOrgs,SISTEMA DE INFORMACIÓN HANSEN 1°C 2025 - (SIHANSEN_012025),Femenino,Adultez (29 - 59 años),Postgrado,Área de la salud,C. DE MONTEBELLO,
14ExM8U0Ne7w4Pqw1N591lTsfPwNegbCtIFqidPCOrgs,SISTEMA DE INFORMACIÓN HANSEN 1°C 2025 - (SIHANSEN_012025),Femenino,Adultez (29 - 59 años),Bachiller,Área de la salud,COMUNA 1,
14ExM8U0Ne7w4Pqw1N591lTsfPwNegbCtIFqidPCOrgs,SISTEMA DE INFORMACIÓN HANSEN 1°C 2025 - (SIHANSEN_012025),Femenino,Juventud (18 - 28 años),Postgrado,Área de la salud,COMUNA 1,
14ExM8U0Ne7w4Pqw1N591lTsfPwNegbCtIFqidPCOrgs,SISTEMA DE INFORMACIÓN HANSEN 1°C 2025 - (SIHANSEN_012025),Femenino,Adultez (29 - 59 años),Pregrado,Área de la salud,COMUNA 1,
14ExM8U0Ne7w4Pqw1N591lTsfPwNegbCtIFqidPCOrgs,SISTEMA DE INFORMACIÓN HANSEN 1°C 2025 - (SIHANSEN_012025),Femenino,Adultez (29 - 59 años),Bachiller,Área de la salud,COMUNA 1,
14ExM8U0Ne7w4Pqw1N591lTsfPwNegbCtIFqidPCOrgs,SISTEMA DE INFORMACIÓN HANSEN 1°C 2025 - (SIHANSEN_012025),Femenino,Juventud (18 - 28 años),Pregrado,Área de la salud,COMUNA 1,
1QcQXNc-C_EcdHRQ7eUrKtxC3yaJ5uE4qcDq_QwjRr9E,CAPACITACIÓN PAI 1°C 2025,Femenino,Juventud (18 - 28 años),Pregrado,Estudiante,COMUNA 15,
1QcQXNc-C_EcdHRQ7eUrKtxC3yaJ5uE4qcDq_QwjRr9E,CAPACITACIÓN PAI 1°C 2025,Femenino,Juventud (18 - 28 años),Ninguna,Estudiante,COMUNA 13,
1QcQXNc-C_EcdHRQ7eUrKtxC3yaJ5uE4qcDq_QwjRr9E,CAPACITACIÓN PAI 1°C 2025,Femenino,Juventud (18 - 28 años),Pregrado,Área de la salud,COMUNA 5,
1QcQXNc-C_EcdHRQ7eUrKtxC3yaJ5uE4qcDq_QwjRr9E,CAPACITACIÓN PAI 1°C 2025,Femenino,Adultez (29 - 59 años),Bachiller,Área de la salud,C. DE EL HORMIGUERO,
1QcQXNc-C_EcdHRQ7eUrKtxC3yaJ5uE4qcDq_QwjRr9E,CAPACITACIÓN PAI 1°C 2025,Femenino,Juventud (18 - 28 años),Pregrado,Área de la salud,COMUNA 8,
1QcQXNc-C_EcdHRQ7eUrKtxC3yaJ5uE4qcDq_QwjRr9E,CAPACITACIÓN PAI 1°C 2025,Femenino,Adultez (29 - 59 años),Ninguna,Área de la salud,COMUNA 5,
1QcQXNc-C_EcdHRQ7eUrKtxC3yaJ5uE4qcDq_QwjRr9E,CAPACITACIÓN PAI 1°C 2025,Femenino,Adultez (29 - 59 años),Pregrado,Área de la salud,COMUNA 11,
1QcQXNc-C_EcdHRQ7eUrKtxC3yaJ5uE4qcDq_QwjRr9E,CAPACITACIÓN PAI 1°C 2025,Femenino,Adultez (29 - 59 años),Bachiller,Área de la salud,COMUNA 2,
1QcQXNc-C_EcdHRQ7eUrKtxC3yaJ5uE4qcDq_QwjRr9E,CAPACITACIÓN PAI 1°C 2025,Femenino,Adultez (29 - 59 años),Pregrado,Área de la salud,COMUNA 16,
1QcQXNc-C_EcdHRQ7eUrKtxC3yaJ5uE4qcDq_QwjRr9E,CAPACITACIÓN PAI 1°C 2025,Femenino,Adultez (29 - 59 años),Bachiller,Área de la salud,COMUNA 1,
1QcQXNc-C_EcdHRQ7eUrKtxC3yaJ5uE4qcDq_QwjRr9E,CAPACITACIÓN PAI 1°C 2025,Femenino,Juventud (18 - 28 años),Bachiller,Área de la salud,COMUNA 13,
1QcQXNc-C_EcdHRQ7eUrKtxC3yaJ5uE4qcDq_QwjRr9E,CAPACITACIÓN PAI 1°C 2025,Femenino,Adultez (29 - 59 años),Pregrado,Área de la salud,COMUNA 3,
1QcQXNc-C_EcdHRQ7eUrKtxC3yaJ5uE4qcDq_QwjRr9E,CAPACITACIÓN PAI 1°C 2025,Femenino,Adultez (29 - 59 años),Postgrado,Área de la salud,C. DE EL SALADITO,
1QcQXNc-C_EcdHRQ7eUrKtxC3yaJ5uE4qcDq_QwjRr9E,CAPACITACIÓN PAI 1°C 2025,Femenino,Adultez (29 - 59 años),Pregrado,Estudiante,COMUNA 20,
1QcQXNc-C_EcdHRQ7eUrKtxC3yaJ5uE4qcDq_QwjRr9E,CAPACITACIÓN PAI 1°C 2025,Femenino,Adultez (29 - 59 años),Pregrado,Área de la salud,COMUNA 3,
1QcQXNc-C_EcdHRQ7eUrKtxC3yaJ5uE4qcDq_QwjRr9E,CAPACITACIÓN PAI 1°C 2025,Femenino,Adultez (29 - 59 años),Pregrado,Área de la salud,COMUNA 17,
1QcQXNc-C_EcdHRQ7eUrKtxC3yaJ5uE4qcDq_QwjRr9E,CAPACITACIÓN PAI 1°C 2025,Masculino,Adultez (29 - 59 años),Bachiller,Área de la salud,COMUNA 13,
1QcQXNc-C_EcdHRQ7eUrKtxC3yaJ5uE4qcDq_QwjRr9E,CAPACITACIÓN PAI 1°C 2025,Femenino,Adultez (29 - 59 años),Pregrado,Área de la salud,COMUNA 16,
1QcQXNc-C_EcdHRQ7eUrKtxC3yaJ5uE4qcDq_QwjRr9E,CAPACITACIÓN PAI 1°C 2025,Femenino,Adultez (29 - 59 años),Postgrado,Área de la salud,COMUNA 3,
1QcQXNc-C_EcdHRQ7eUrKtxC3yaJ5uE4qcDq_QwjRr9E,CAPACITACIÓN PAI 1°C 2025,Femenino,Adultez (29 - 59 años),Bachiller,Área de la salud,COMUNA 12,
1QcQXNc-C_EcdHRQ7eUrKtxC3yaJ5uE4qcDq_QwjRr9E,CAPACITACIÓN PAI 1°C 2025,Femenino,Juventud (18 - 28 años),Bachiller,Área de la salud,COMUNA 9,
1QcQXNc-C_EcdHRQ7eUrKtxC3yaJ5uE4qcDq_QwjRr9E,CAPACITACIÓN PAI 1°C 2025,Femenino,Adultez (29 - 59 años),Postgrado,Área de la salud,COMUNA 6,
1QcQXNc-C_EcdHRQ7eUrKtxC3yaJ5uE4qcDq_QwjRr9E,CAPACITACIÓN PAI 1°C 2025,Femenino,Adultez (29 - 59 años),Pregrado,Área de la salud,COMUNA 16,
1QcQXNc-C_EcdHRQ7eUrKtxC3yaJ5uE4qcDq_QwjRr9E,CAPACITACIÓN PAI 1°C 2025,Femenino,Adultez (29 - 59 años),Pregrado,Área de la salud,COMUNA 19,
1QcQXNc-C_EcdHRQ7eUrKtxC3yaJ5uE4qcDq_QwjRr9E,CAPACITACIÓN PAI 1°C 2025,Femenino,Juventud (18 - 28 años),Bachiller,Área de la salud,C. DE EL SALADITO,
1QcQXNc-C_EcdHRQ7eUrKtxC3yaJ5uE4qcDq_QwjRr9E,CAPACITACIÓN PAI 1°C 2025,Femenino,Adultez (29 - 59 años),Bachiller,Área de la salud,COMUNA 6,
1QcQXNc-C_EcdHRQ7eUrKtxC3yaJ5uE4qcDq_QwjRr9E,CAPACITACIÓN PAI 1°C 2025,Femenino,Adultez (29 - 59 años),Pregrado,Área de la salud,COMUNA 1,
1QcQXNc-C_EcdHRQ7eUrKtxC3yaJ5uE4qcDq_QwjRr9E,CAPACITACIÓN PAI 1°C 2025,Femenino,Adultez (29 - 59 años),Pregrado,Área de la salud,C. DE EL SALADITO,
1QcQXNc-C_EcdHRQ7eUrKtxC3yaJ5uE4qcDq_QwjRr9E,CAPACITACIÓN PAI 1°C 2025,Femenino,Juventud (18 - 28 años),Pregrado,Área de la salud,COMUNA 14,
1QcQXNc-C_EcdHRQ7eUrKtxC3yaJ5uE4qcDq_QwjRr9E,CAPACITACIÓN PAI 1°C 2025,Intersexual,Adultez (29 - 59 años),Pregrado,Área de la salud,COMUNA 15,
1QcQXNc-C_EcdHRQ7eUrKtxC3yaJ5uE4qcDq_QwjRr9E,CAPACITACIÓN PAI 1°C 2025,Femenino,Adultez (29 - 59 años),Bachiller,Área de la salud,COMUNA 10,
1QcQXNc-C_EcdHRQ7eUrKtxC3yaJ5uE4qcDq_QwjRr9E,CAPACITACIÓN PAI 1°C 2025,Femenino,Adultez (29 - 59 años),Bachiller,Área de la salud,COMUNA 17,
1QcQXNc-C_EcdHRQ7eUrKtxC3yaJ5uE4qcDq_QwjRr9E,CAPACITACIÓN PAI 1°C 2025,Femenino,Adultez (29 - 59 años),Pregrado,Área de la salud,COMUNA 8,
1QcQXNc-C_EcdHRQ7eUrKtxC3yaJ5uE4qcDq_QwjRr9E,CAPACITACIÓN PAI 1°C 2025,Masculino,Adultez (29 - 59 años),Pregrado,Área de la salud,COMUNA 17,
1QcQXNc-C_EcdHRQ7eUrKtxC3yaJ5uE4qcDq_QwjRr9E,CAPACITACIÓN PAI 1°C 2025,Femenino,Adultez (29 - 59 años),Pregrado,Área de la salud,COMUNA 19,
1QcQXNc-C_EcdHRQ7eUrKtxC3yaJ5uE4qcDq_QwjRr9E,CAPACITACIÓN PAI 1°C 2025,Femenino,Adultez (29 - 59 años),Bachiller,Otro,COMUNA 6,
1QcQXNc-C_EcdHRQ7eUrKtxC3yaJ5uE4qcDq_QwjRr9E,CAPACITACIÓN PAI 1°C 2025,Femenino,Adultez (29 - 59 años),Pregrado,Área de la salud,COMUNA 5,
1QcQXNc-C_EcdHRQ7eUrKtxC3yaJ5uE4qcDq_QwjRr9E,CAPACITACIÓN PAI 1°C 2025,Femenino,Adultez (29 - 59 años),Bachiller,Área de la salud,COMUNA 14,
1QcQXNc-C_EcdHRQ7eUrKtxC3yaJ5uE4qcDq_QwjRr9E,CAPACITACIÓN PAI 1°C 2025,Masculino,Adultez (29 - 59 años),Pregrado,Área de la salud,COMUNA 21,
1QcQXNc-C_EcdHRQ7eUrKtxC3yaJ5uE4qcDq_QwjRr9E,CAPACITACIÓN PAI 1°C 2025,Femenino,Adultez (29 - 59 años),Pregrado,Área de la salud,COMUNA 14,
1QcQXNc-C_EcdHRQ7eUrKtxC3yaJ5uE4qcDq_QwjRr9E,CAPACITACIÓN PAI 1°C 2025,Femenino,Adultez (29 - 59 años),Bachiller,Área de la salud,C. DE EL SALADITO,
1QcQXNc-C_EcdHRQ7eUrKtxC3yaJ5uE4qcDq_QwjRr9E,CAPACITACIÓN PAI 1°C 2025,Femenino,Adultez (29 - 59 años),Bachiller,Área de la salud,COMUNA 7,
1QcQXNc-C_EcdHRQ7eUrKtxC3yaJ5uE4qcDq_QwjRr9E,CAPACITACIÓN PAI 1°C 2025,Femenino,Juventud (18 - 28 años),Bachiller,Área de la salud,COMUNA 18,
1QcQXNc-C_EcdHRQ7eUrKtxC3yaJ5uE4qcDq_QwjRr9E,CAPACITACIÓN PAI 1°C 2025,Femenino,Adultez (29 - 59 años),Bachiller,Área de la salud,COMUNA 1,
1QcQXNc-C_EcdHRQ7eUrKtxC3yaJ5uE4qcDq_QwjRr9E,CAPACITACIÓN PAI 1°C 2025,Femenino,Adultez (29 - 59 años),Pregrado,Área de la salud,COMUNA 6,
1QcQXNc-C_EcdHRQ7eUrKtxC3yaJ5uE4qcDq_QwjRr9E,CAPACITACIÓN PAI 1°C 2025,Femenino,Adultez (29 - 59 años),Bachiller,Área de la salud,COMUNA 18,
1QcQXNc-C_EcdHRQ7eUrKtxC3yaJ5uE4qcDq_QwjRr9E,CAPACITACIÓN PAI 1°C 2025,Femenino,Juventud (18 - 28 años),Bachiller,Área de la salud,COMUNA 15,
1QcQXNc-C_EcdHRQ7eUrKtxC3yaJ5uE4qcDq_QwjRr9E,CAPACITACIÓN PAI 1°C 2025,Femenino,Adultez (29 - 59 años),Ninguna,Área de la salud,COMUNA 8,
1QcQXNc-C_EcdHRQ7eUrKtxC3yaJ5uE4qcDq_QwjRr9E,CAPACITACIÓN PAI 1°C 2025,Femenino,Juventud (18 - 28 años),Bachiller,Área de la salud,COMUNA 14,
1QcQXNc-C_EcdHRQ7eUrKtxC3yaJ5uE4qcDq_QwjRr9E,CAPACITACIÓN PAI 1°C 2025,Femenino,Juventud (18 - 28 años),Bachiller,Área de la salud,COMUNA 9,
1QcQXNc-C_EcdHRQ7eUrKtxC3yaJ5uE4qcDq_QwjRr9E,CAPACITACIÓN PAI 1°C 2025,Femenino,Adultez (29 - 59 años),Pregrado,Área de la salud,COMUNA 17,
1QcQXNc-C_EcdHRQ7eUrKtxC3yaJ5uE4qcDq_QwjRr9E,CAPACITACIÓN PAI 1°C 2025,Femenino,Adultez (29 - 59 años),Bachiller,Área de la salud,COMUNA 17,
1QcQXNc-C_EcdHRQ7eUrKtxC3yaJ5uE4qcDq_QwjRr9E,CAPACITACIÓN PAI 1°C 2025,Femenino,Juventud (18 - 28 años),Pregrado,Área de la salud,COMUNA 14,
1QcQXNc-C_EcdHRQ7eUrKtxC3yaJ5uE4qcDq_QwjRr9E,CAPACITACIÓN PAI 1°C 2025,Femenino,Juventud (18 - 28 años),Pregrado,Área de la salud,COMUNA 14,
1QcQXNc-C_EcdHRQ7eUrKtxC3yaJ5uE4qcDq_QwjRr9E,CAPACITACIÓN PAI 1°C 2025,Femenino,Juventud (18 - 28 años),Postgrado,Área de la salud,COMUNA 1,
1QcQXNc-C_EcdHRQ7eUrKtxC3yaJ5uE4qcDq_QwjRr9E,CAPACITACIÓN PAI 1°C 2025,Femenino,Adultez (29 - 59 años),Ninguna,Área de la salud,COMUNA 12,
1QcQXNc-C_EcdHRQ7eUrKtxC3yaJ5uE4qcDq_QwjRr9E,CAPACITACIÓN PAI 1°C 2025,Femenino,Juventud (18 - 28 años),Bachiller,Estudiante,COMUNA 8,
1QcQXNc-C_EcdHRQ7eUrKtxC3yaJ5uE4qcDq_QwjRr9E,CAPACITACIÓN PAI 1°C 2025,Femenino,Adultez (29 - 59 años),Postgrado,Área de la salud,COMUNA 17,
1QcQXNc-C_EcdHRQ7eUrKtxC3yaJ5uE4qcDq_QwjRr9E,CAPACITACIÓN PAI 1°C 2025,Femenino,Adultez (29 - 59 años),Bachiller,Área de la salud,COMUNA 1,
1QcQXNc-C_EcdHRQ7eUrKtxC3yaJ5uE4qcDq_QwjRr9E,CAPACITACIÓN PAI 1°C 2025,Femenino,Juventud (18 - 28 años),Pregrado,Área de la salud,COMUNA 2,
1QcQXNc-C_EcdHRQ7eUrKtxC3yaJ5uE4qcDq_QwjRr9E,CAPACITACIÓN PAI 1°C 2025,Femenino,Juventud (18 - 28 años),Pregrado,Área de la salud,COMUNA 2,
1QcQXNc-C_EcdHRQ7eUrKtxC3yaJ5uE4qcDq_QwjRr9E,CAPACITACIÓN PAI 1°C 2025,Femenino,Adolescencia (12 - 17 años),Pregrado,Área de la salud,COMUNA 18,
1QcQXNc-C_EcdHRQ7eUrKtxC3yaJ5uE4qcDq_QwjRr9E,CAPACITACIÓN PAI 1°C 2025,Femenino,Juventud (18 - 28 años),Postgrado,Área de la salud,COMUNA 13,
1QcQXNc-C_EcdHRQ7eUrKtxC3yaJ5uE4qcDq_QwjRr9E,CAPACITACIÓN PAI 1°C 2025,Femenino,Adultez (29 - 59 años),Postgrado,Área de la salud,COMUNA 10,
1QcQXNc-C_EcdHRQ7eUrKtxC3yaJ5uE4qcDq_QwjRr9E,CAPACITACIÓN PAI 1°C 2025,Femenino,Adultez (29 - 59 años),Postgrado,Área de la salud,COMUNA 4,
1QcQXNc-C_EcdHRQ7eUrKtxC3yaJ5uE4qcDq_QwjRr9E,CAPACITACIÓN PAI 1°C 2025,Femenino,Juventud (18 - 28 años),Pregrado,Área de la salud,COMUNA 10,
1QcQXNc-C_EcdHRQ7eUrKtxC3yaJ5uE4qcDq_QwjRr9E,CAPACITACIÓN PAI 1°C 2025,Femenino,Adultez (29 - 59 años),Pregrado,Área de la salud,COMUNA 5,
1QcQXNc-C_EcdHRQ7eUrKtxC3yaJ5uE4qcDq_QwjRr9E,CAPACITACIÓN PAI 1°C 2025,Femenino,Adultez (29 - 59 años),Pregrado,Área de la salud,COMUNA 10,
1QcQXNc-C_EcdHRQ7eUrKtxC3yaJ5uE4qcDq_QwjRr9E,CAPACITACIÓN PAI 1°C 2025,Femenino,Juventud (18 - 28 años),Pregrado,Área de la salud,COMUNA 2,
1QcQXNc-C_EcdHRQ7eUrKtxC3yaJ5uE4qcDq_QwjRr9E,CAPACITACIÓN PAI 1°C 2025,Femenino,Juventud (18 - 28 años),Pregrado,Área de la salud,COMUNA 14,
1QcQXNc-C_EcdHRQ7eUrKtxC3yaJ5uE4qcDq_QwjRr9E,CAPACITACIÓN PAI 1°C 2025,Femenino,Juventud (18 - 28 años),Pregrado,Área de la salud,COMUNA 5,
1QcQXNc-C_EcdHRQ7eUrKtxC3yaJ5uE4qcDq_QwjRr9E,CAPACITACIÓN PAI 1°C 2025,Femenino,Adultez (29 - 59 años),Bachiller,Área de la salud,COMUNA 17,
1QcQXNc-C_EcdHRQ7eUrKtxC3yaJ5uE4qcDq_QwjRr9E,CAPACITACIÓN PAI 1°C 2025,Femenino,Adultez (29 - 59 años),Pregrado,Área de la salud,C. DE EL SALADITO,
1QcQXNc-C_EcdHRQ7eUrKtxC3yaJ5uE4qcDq_QwjRr9E,CAPACITACIÓN PAI 1°C 2025,Masculino,Adultez (29 - 59 años),Pregrado,Área de la salud,COMUNA 3,
1QcQXNc-C_EcdHRQ7eUrKtxC3yaJ5uE4qcDq_QwjRr9E,CAPACITACIÓN PAI 1°C 2025,Femenino,Adultez (29 - 59 años),Pregrado,Área de la salud,COMUNA 17,
1QcQXNc-C_EcdHRQ7eUrKtxC3yaJ5uE4qcDq_QwjRr9E,CAPACITACIÓN PAI 1°C 2025,Femenino,Adultez (29 - 59 años),Ninguna,Área de la salud,COMUNA 14,
1QcQXNc-C_EcdHRQ7eUrKtxC3yaJ5uE4qcDq_QwjRr9E,CAPACITACIÓN PAI 1°C 2025,Femenino,Adultez (29 - 59 años),Pregrado,Área de la salud,COMUNA 18,
1Y8ULrHk4WPAE3KIi5sbN46mqoGWLjJJPqV_Hw54-iYQ,SENSIBILIZACIÓN A PERSONAS AFECTADAS POR TB 1°C 2024,Femenino,Juventud (18 - 28 años),Pregrado,Área de la salud,COMUNA 1,
1Y8ULrHk4WPAE3KIi5sbN46mqoGWLjJJPqV_Hw54-iYQ,SENSIBILIZACIÓN A PERSONAS AFECTADAS POR TB 1°C 2024,Femenino,Adultez (29 - 59 años),Postgrado,Área de la salud,COMUNA 17,
1Y8ULrHk4WPAE3KIi5sbN46mqoGWLjJJPqV_Hw54-iYQ,SENSIBILIZACIÓN A PERSONAS AFECTADAS POR TB 1°C 2024,Femenino,Juventud (18 - 28 años),Pregrado,Área de la salud,COMUNA 8,
1Y8ULrHk4WPAE3KIi5sbN46mqoGWLjJJPqV_Hw54-iYQ,SENSIBILIZACIÓN A PERSONAS AFECTADAS POR TB 1°C 2024,Femenino,Adultez (29 - 59 años),Pregrado,Área de la salud,COMUNA 10,
1Y8ULrHk4WPAE3KIi5sbN46mqoGWLjJJPqV_Hw54-iYQ,SENSIBILIZACIÓN A PERSONAS AFECTADAS POR TB 1°C 2024,Femenino,Adultez (29 - 59 años),Pregrado,Área de la salud,COMUNA 5,
1Y8ULrHk4WPAE3KIi5sbN46mqoGWLjJJPqV_Hw54-iYQ,SENSIBILIZACIÓN A PERSONAS AFECTADAS POR TB 1°C 2024,Femenino,Adultez (29 - 59 años),Postgrado,Área de la salud,COMUNA 17,
1Y8ULrHk4WPAE3KIi5sbN46mqoGWLjJJPqV_Hw54-iYQ,SENSIBILIZACIÓN A PERSONAS AFECTADAS POR TB 1°C 2024,Femenino,Adultez (29 - 59 años),Postgrado,Área de la salud,COMUNA 19,
1Y8ULrHk4WPAE3KIi5sbN46mqoGWLjJJPqV_Hw54-iYQ,SENSIBILIZACIÓN A PERSONAS AFECTADAS POR TB 1°C 2024,Femenino,Adultez (29 - 59 años),Pregrado,Área de la salud,COMUNA 16,
1Y8ULrHk4WPAE3KIi5sbN46mqoGWLjJJPqV_Hw54-iYQ,SENSIBILIZACIÓN A PERSONAS AFECTADAS POR TB 1°C 2024,Femenino,Adultez (29 - 59 años),Pregrado,Área de la salud,COMUNA 9,
1Y8ULrHk4WPAE3KIi5sbN46mqoGWLjJJPqV_Hw54-iYQ,SENSIBILIZACIÓN A PERSONAS AFECTADAS POR TB 1°C 2024,Femenino,Adultez (29 - 59 años),Postgrado,Área de la salud,COMUNA 17,
1Y8ULrHk4WPAE3KIi5sbN46mqoGWLjJJPqV_Hw54-iYQ,SENSIBILIZACIÓN A PERSONAS AFECTADAS POR TB 1°C 2024,Femenino,Juventud (18 - 28 años),Pregrado,Área de la salud,COMUNA 1,
1Y8ULrHk4WPAE3KIi5sbN46mqoGWLjJJPqV_Hw54-iYQ,SENSIBILIZACIÓN A PERSONAS AFECTADAS POR TB 1°C 2024,Femenino,Adultez (29 - 59 años),Postgrado,Área de la salud,COMUNA 17,
1Y8ULrHk4WPAE3KIi5sbN46mqoGWLjJJPqV_Hw54-iYQ,SENSIBILIZACIÓN A PERSONAS AFECTADAS POR TB 1°C 2024,Femenino,Adultez (29 - 59 años),Bachiller,Área de la salud,COMUNA 3,
1Y8ULrHk4WPAE3KIi5sbN46mqoGWLjJJPqV_Hw54-iYQ,SENSIBILIZACIÓN A PERSONAS AFECTADAS POR TB 1°C 2024,Femenino,Juventud (18 - 28 años),Pregrado,Área de la salud,COMUNA 16,
1WNIa_2tFg0w1q823ocymNQxJytgTs2rHqJ8uKLk5O3M,INDICADORES PRIORIZADOS TB 1°C 2024,Femenino,Adultez (29 - 59 años),Postgrado,Área de la salud,COMUNA 13,
1WNIa_2tFg0w1q823ocymNQxJytgTs2rHqJ8uKLk5O3M,INDICADORES PRIORIZADOS TB 1°C 2024,Femenino,Adultez (29 - 59 años),Postgrado,Área de la salud,COMUNA 1,
1WNIa_2tFg0w1q823ocymNQxJytgTs2rHqJ8uKLk5O3M,INDICADORES PRIORIZADOS TB 1°C 2024,Femenino,Adultez (29 - 59 años),Pregrado,Área de la salud,COMUNA 18,
1WNIa_2tFg0w1q823ocymNQxJytgTs2rHqJ8uKLk5O3M,INDICADORES PRIORIZADOS TB 1°C 2024,Masculino,Juventud (18 - 28 años),Bachiller,Área de la salud,COMUNA 1,
1WNIa_2tFg0w1q823ocymNQxJytgTs2rHqJ8uKLk5O3M,INDICADORES PRIORIZADOS TB 1°C 2024,Femenino,Juventud (18 - 28 años),Postgrado,Área de la salud,COMUNA 17,
1WNIa_2tFg0w1q823ocymNQxJytgTs2rHqJ8uKLk5O3M,INDICADORES PRIORIZADOS TB 1°C 2024,Femenino,Juventud (18 - 28 años),Pregrado,Área de la salud,COMUNA 1,
1WNIa_2tFg0w1q823ocymNQxJytgTs2rHqJ8uKLk5O3M,INDICADORES PRIORIZADOS TB 1°C 2024,Masculino,Adultez (29 - 59 años),Pregrado,Área de la salud,C. DE PANCE,
1WNIa_2tFg0w1q823ocymNQxJytgTs2rHqJ8uKLk5O3M,INDICADORES PRIORIZADOS TB 1°C 2024,Masculino,Adultez (29 - 59 años),Pregrado,Área de la salud,COMUNA 22,
1WNIa_2tFg0w1q823ocymNQxJytgTs2rHqJ8uKLk5O3M,INDICADORES PRIORIZADOS TB 1°C 2024,Femenino,Adultez (29 - 59 años),Postgrado,Área de la salud,COMUNA 22,
1WNIa_2tFg0w1q823ocymNQxJytgTs2rHqJ8uKLk5O3M,INDICADORES PRIORIZADOS TB 1°C 2024,Femenino,Adultez (29 - 59 años),Bachiller,Área de la salud,COMUNA 3,
1WNIa_2tFg0w1q823ocymNQxJytgTs2rHqJ8uKLk5O3M,INDICADORES PRIORIZADOS TB 1°C 2024,Femenino,Adultez (29 - 59 años),Postgrado,Área de la salud,COMUNA 1,
1WNIa_2tFg0w1q823ocymNQxJytgTs2rHqJ8uKLk5O3M,INDICADORES PRIORIZADOS TB 1°C 2024,Masculino,Adultez (29 - 59 años),Pregrado,Área de la salud,COMUNA 2,
1WNIa_2tFg0w1q823ocymNQxJytgTs2rHqJ8uKLk5O3M,INDICADORES PRIORIZADOS TB 1°C 2024,Femenino,Adultez (29 - 59 años),Pregrado,Área de la salud,COMUNA 2,
1WNIa_2tFg0w1q823ocymNQxJytgTs2rHqJ8uKLk5O3M,INDICADORES PRIORIZADOS TB 1°C 2024,Femenino,Adultez (29 - 59 años),Pregrado,Área de la salud,COMUNA 17,
1qafEkqqcDesN_t254rDmdaPD35U2WwJwIg-BgzOnuvE,CÁNCER MAMA Y CERVIX 1°C 2024,Femenino,Adultez (29 - 59 años),Postgrado,Área de la salud,COMUNA 19,
1qafEkqqcDesN_t254rDmdaPD35U2WwJwIg-BgzOnuvE,CÁNCER MAMA Y CERVIX 1°C 2024,Femenino,Juventud (18 - 28 años),Pregrado,Área de la salud,COMUNA 22,
1qafEkqqcDesN_t254rDmdaPD35U2WwJwIg-BgzOnuvE,CÁNCER MAMA Y CERVIX 1°C 2024,Masculino,Adultez (29 - 59 años),Postgrado,Área de la salud,COMUNA 2,
1qafEkqqcDesN_t254rDmdaPD35U2WwJwIg-BgzOnuvE,CÁNCER MAMA Y CERVIX 1°C 2024,Femenino,Adultez (29 - 59 años),Pregrado,Área de la salud,COMUNA 4,
1qafEkqqcDesN_t254rDmdaPD35U2WwJwIg-BgzOnuvE,CÁNCER MAMA Y CERVIX 1°C 2024,Femenino,Adultez (29 - 59 años),Pregrado,Área de la salud,COMUNA 17,
1qafEkqqcDesN_t254rDmdaPD35U2WwJwIg-BgzOnuvE,CÁNCER MAMA Y CERVIX 1°C 2024,Femenino,Juventud (18 - 28 años),Pregrado,Área de la salud,COMUNA 1,
1qafEkqqcDesN_t254rDmdaPD35U2WwJwIg-BgzOnuvE,CÁNCER MAMA Y CERVIX 1°C 2024,Masculino,Vejez (60 años o más),Pregrado,Área de la salud,COMUNA 19,
1qafEkqqcDesN_t254rDmdaPD35U2WwJwIg-BgzOnuvE,CÁNCER MAMA Y CERVIX 1°C 2024,Femenino,Adultez (29 - 59 años),Pregrado,Área de la salud,COMUNA 13,
1qafEkqqcDesN_t254rDmdaPD35U2WwJwIg-BgzOnuvE,CÁNCER MAMA Y CERVIX 1°C 2024,Femenino,Adultez (29 - 59 años),Pregrado,Área de la salud,COMUNA 4,
1qafEkqqcDesN_t254rDmdaPD35U2WwJwIg-BgzOnuvE,CÁNCER MAMA Y CERVIX 1°C 2024,Femenino,Juventud (18 - 28 años),Bachiller,Área de la salud,COMUNA 6,
1qafEkqqcDesN_t254rDmdaPD35U2WwJwIg-BgzOnuvE,CÁNCER MAMA Y CERVIX 1°C 2024,Femenino,Adultez (29 - 59 años),Postgrado,Área de la salud,COMUNA 5,
1qafEkqqcDesN_t254rDmdaPD35U2WwJwIg-BgzOnuvE,CÁNCER MAMA Y CERVIX 1°C 2024,Femenino,Adultez (29 - 59 años),Pregrado,Área de la salud,COMUNA 9,
1qafEkqqcDesN_t254rDmdaPD35U2WwJwIg-BgzOnuvE,CÁNCER MAMA Y CERVIX 1°C 2024,Femenino,Juventud (18 - 28 años),Pregrado,Área de la salud,COMUNA 1,
1qafEkqqcDesN_t254rDmdaPD35U2WwJwIg-BgzOnuvE,CÁNCER MAMA Y CERVIX 1°C 2024,Masculino,Adultez (29 - 59 años),Pregrado,Área de la salud,COMUNA 6,
1qafEkqqcDesN_t254rDmdaPD35U2WwJwIg-BgzOnuvE,CÁNCER MAMA Y CERVIX 1°C 2024,Femenino,Adultez (29 - 59 años),Pregrado,Área de la salud,COMUNA 1,
1qafEkqqcDesN_t254rDmdaPD35U2WwJwIg-BgzOnuvE,CÁNCER MAMA Y CERVIX 1°C 2024,Femenino,Juventud (18 - 28 años),Postgrado,Área de la salud,COMUNA 3,
1qafEkqqcDesN_t254rDmdaPD35U2WwJwIg-BgzOnuvE,CÁNCER MAMA Y CERVIX 1°C 2024,Masculino,Adultez (29 - 59 años),Pregrado,Área de la salud,COMUNA 4,
1qafEkqqcDesN_t254rDmdaPD35U2WwJwIg-BgzOnuvE,CÁNCER MAMA Y CERVIX 1°C 2024,Masculino,Adultez (29 - 59 años),Pregrado,Área de la salud,COMUNA 8,
1qafEkqqcDesN_t254rDmdaPD35U2WwJwIg-BgzOnuvE,CÁNCER MAMA Y CERVIX 1°C 2024,Femenino,Juventud (18 - 28 años),Pregrado,Área de la salud,COMUNA 14,
1qafEkqqcDesN_t254rDmdaPD35U2WwJwIg-BgzOnuvE,CÁNCER MAMA Y CERVIX 1°C 2024,Femenino,Adultez (29 - 59 años),Pregrado,Área de la salud,COMUNA 22,
1qafEkqqcDesN_t254rDmdaPD35U2WwJwIg-BgzOnuvE,CÁNCER MAMA Y CERVIX 1°C 2024,Femenino,Adultez (29 - 59 años),Postgrado,Área de la salud,COMUNA 1,
1qafEkqqcDesN_t254rDmdaPD35U2WwJwIg-BgzOnuvE,CÁNCER MAMA Y CERVIX 1°C 2024,Femenino,Juventud (18 - 28 años),Pregrado,Área de la salud,COMUNA 12,
1qafEkqqcDesN_t254rDmdaPD35U2WwJwIg-BgzOnuvE,CÁNCER MAMA Y CERVIX 1°C 2024,Femenino,Adultez (29 - 59 años),Pregrado,Área de la salud,COMUNA 12,
1qafEkqqcDesN_t254rDmdaPD35U2WwJwIg-BgzOnuvE,CÁNCER MAMA Y CERVIX 1°C 2024,Femenino,Adultez (29 - 59 años),Pregrado,Área de la salud,COMUNA 22,
1qafEkqqcDesN_t254rDmdaPD35U2WwJwIg-BgzOnuvE,CÁNCER MAMA Y CERVIX 1°C 2024,Masculino,Juventud (18 - 28 años),Pregrado,Área de la salud,COMUNA 17,
1qafEkqqcDesN_t254rDmdaPD35U2WwJwIg-BgzOnuvE,CÁNCER MAMA Y CERVIX 1°C 2024,Femenino,Juventud (18 - 28 años),Pregrado,Área de la salud,COMUNA 18,
1qafEkqqcDesN_t254rDmdaPD35U2WwJwIg-BgzOnuvE,CÁNCER MAMA Y CERVIX 1°C 2024,Femenino,Vejez (60 años o más),Postgrado,Área de la salud,COMUNA 17,
1qafEkqqcDesN_t254rDmdaPD35U2WwJwIg-BgzOnuvE,CÁNCER MAMA Y CERVIX 1°C 2024,Femenino,Adultez (29 - 59 años),Pregrado,Área de la salud,COMUNA 1,
1qafEkqqcDesN_t254rDmdaPD35U2WwJwIg-BgzOnuvE,CÁNCER MAMA Y CERVIX 1°C 2024,Femenino,Adultez (29 - 59 años),Pregrado,Área de la salud,COMUNA 1,
1qafEkqqcDesN_t254rDmdaPD35U2WwJwIg-BgzOnuvE,CÁNCER MAMA Y CERVIX 1°C 2024,Femenino,Adultez (29 - 59 años),Postgrado,Área de la salud,COMUNA 17,
1qafEkqqcDesN_t254rDmdaPD35U2WwJwIg-BgzOnuvE,CÁNCER MAMA Y CERVIX 1°C 2024,Femenino,Adultez (29 - 59 años),Pregrado,Área de la salud,COMUNA 17,
1qafEkqqcDesN_t254rDmdaPD35U2WwJwIg-BgzOnuvE,CÁNCER MAMA Y CERVIX 1°C 2024,Femenino,Adultez (29 - 59 años),Pregrado,Área de la salud,COMUNA 1,
1qafEkqqcDesN_t254rDmdaPD35U2WwJwIg-BgzOnuvE,CÁNCER MAMA Y CERVIX 1°C 2024,Masculino,Adultez (29 - 59 años),Pregrado,Área de la salud,COMUNA 4,
1qafEkqqcDesN_t254rDmdaPD35U2WwJwIg-BgzOnuvE,CÁNCER MAMA Y CERVIX 1°C 2024,Femenino,Adultez (29 - 59 años),Pregrado,Área de la salud,COMUNA 5,
1qafEkqqcDesN_t254rDmdaPD35U2WwJwIg-BgzOnuvE,CÁNCER MAMA Y CERVIX 1°C 2024,Femenino,Adultez (29 - 59 años),Postgrado,Área de la salud,COMUNA 6,
1qafEkqqcDesN_t254rDmdaPD35U2WwJwIg-BgzOnuvE,CÁNCER MAMA Y CERVIX 1°C 2024,Femenino,Adultez (29 - 59 años),Pregrado,Área de la salud,COMUNA 19,
1qafEkqqcDesN_t254rDmdaPD35U2WwJwIg-BgzOnuvE,CÁNCER MAMA Y CERVIX 1°C 2024,Femenino,Adultez (29 - 59 años),Pregrado,Área de la salud,COMUNA 3,
1qafEkqqcDesN_t254rDmdaPD35U2WwJwIg-BgzOnuvE,CÁNCER MAMA Y CERVIX 1°C 2024,Femenino,Adultez (29 - 59 años),Pregrado,Área de la salud,COMUNA 2,
1qafEkqqcDesN_t254rDmdaPD35U2WwJwIg-BgzOnuvE,CÁNCER MAMA Y CERVIX 1°C 2024,Femenino,Adultez (29 - 59 años),Postgrado,Área de la salud,COMUNA 2,
1qafEkqqcDesN_t254rDmdaPD35U2WwJwIg-BgzOnuvE,CÁNCER MAMA Y CERVIX 1°C 2024,Femenino,Juventud (18 - 28 años),Pregrado,Área de la salud,C. DE LA BUITRERA,
1qafEkqqcDesN_t254rDmdaPD35U2WwJwIg-BgzOnuvE,CÁNCER MAMA Y CERVIX 1°C 2024,Femenino,Adultez (29 - 59 años),Pregrado,Área de la salud,COMUNA 1,
1qafEkqqcDesN_t254rDmdaPD35U2WwJwIg-BgzOnuvE,CÁNCER MAMA Y CERVIX 1°C 2024,Femenino,Adultez (29 - 59 años),Pregrado,Área de la salud,COMUNA 12,
1qafEkqqcDesN_t254rDmdaPD35U2WwJwIg-BgzOnuvE,CÁNCER MAMA Y CERVIX 1°C 2024,Femenino,Adultez (29 - 59 años),Postgrado,Área de la salud,COMUNA 15,
1qafEkqqcDesN_t254rDmdaPD35U2WwJwIg-BgzOnuvE,CÁNCER MAMA Y CERVIX 1°C 2024,Femenino,Adultez (29 - 59 años),Pregrado,Área de la salud,COMUNA 17,
1qafEkqqcDesN_t254rDmdaPD35U2WwJwIg-BgzOnuvE,CÁNCER MAMA Y CERVIX 1°C 2024,Femenino,Adultez (29 - 59 años),Postgrado,Área de la salud,C. DE VILLACARMELO,
1qafEkqqcDesN_t254rDmdaPD35U2WwJwIg-BgzOnuvE,CÁNCER MAMA Y CERVIX 1°C 2024,Femenino,Adultez (29 - 59 años),Pregrado,Área de la salud,COMUNA 10,
1qafEkqqcDesN_t254rDmdaPD35U2WwJwIg-BgzOnuvE,CÁNCER MAMA Y CERVIX 1°C 2024,Femenino,Vejez (60 años o más),Postgrado,Área de la salud,COMUNA 1,
1qafEkqqcDesN_t254rDmdaPD35U2WwJwIg-BgzOnuvE,CÁNCER MAMA Y CERVIX 1°C 2024,Femenino,Adultez (29 - 59 años),Pregrado,Área de la salud,COMUNA 7,
1qafEkqqcDesN_t254rDmdaPD35U2WwJwIg-BgzOnuvE,CÁNCER MAMA Y CERVIX 1°C 2024,Femenino,Adultez (29 - 59 años),Pregrado,Área de la salud,COMUNA 19,
1qafEkqqcDesN_t254rDmdaPD35U2WwJwIg-BgzOnuvE,CÁNCER MAMA Y CERVIX 1°C 2024,Femenino,Adultez (29 - 59 años),Pregrado,Área de la salud,COMUNA 7,
1qafEkqqcDesN_t254rDmdaPD35U2WwJwIg-BgzOnuvE,CÁNCER MAMA Y CERVIX 1°C 2024,Femenino,Adultez (29 - 59 años),Postgrado,Área de la salud,C. DE GOLONDRINAS,
1qafEkqqcDesN_t254rDmdaPD35U2WwJwIg-BgzOnuvE,CÁNCER MAMA Y CERVIX 1°C 2024,Femenino,Adultez (29 - 59 años),Postgrado,Área de la salud,COMUNA 3,
1qafEkqqcDesN_t254rDmdaPD35U2WwJwIg-BgzOnuvE,CÁNCER MAMA Y CERVIX 1°C 2024,Femenino,Adultez (29 - 59 años),Postgrado,Área de la salud,COMUNA 5,
1qafEkqqcDesN_t254rDmdaPD35U2WwJwIg-BgzOnuvE,CÁNCER MAMA Y CERVIX 1°C 2024,Femenino,Adultez (29 - 59 años),Pregrado,Área de la salud,COMUNA 1,
1qafEkqqcDesN_t254rDmdaPD35U2WwJwIg-BgzOnuvE,CÁNCER MAMA Y CERVIX 1°C 2024,Femenino,Juventud (18 - 28 años),Pregrado,Área de la salud,COMUNA 1,
1qafEkqqcDesN_t254rDmdaPD35U2WwJwIg-BgzOnuvE,CÁNCER MAMA Y CERVIX 1°C 2024,Masculino,Adultez (29 - 59 años),Pregrado,Área de la salud,COMUNA 19,
1Dn9KLyB7XM5WvqhFSc3hkIHGz3JpGW431a3S92CUPg0,RPMS PI 1°C 2024,Femenino,Juventud (18 - 28 años),Pregrado,Área de la salud,COMUNA 20,Centro
1Dn9KLyB7XM5WvqhFSc3hkIHGz3JpGW431a3S92CUPg0,RPMS PI 1°C 2024,Femenino,Juventud (18 - 28 años),Pregrado,Área de la salud,COMUNA 19,Centro
1Dn9KLyB7XM5WvqhFSc3hkIHGz3JpGW431a3S92CUPg0,RPMS PI 1°C 2024,Femenino,Adolescencia (12 - 17 años),Postgrado,Área de la salud,COMUNA 13,Centro
1Dn9KLyB7XM5WvqhFSc3hkIHGz3JpGW431a3S92CUPg0,RPMS PI 1°C 2024,Femenino,Adultez (29 - 59 años),Pregrado,Área de la salud,COMUNA 12,Centro
1Dn9KLyB7XM5WvqhFSc3hkIHGz3JpGW431a3S92CUPg0,RPMS PI 1°C 2024,Masculino,Adultez (29 - 59 años),Pregrado,Área de la salud,COMUNA 1,Ladera
1Dn9KLyB7XM5WvqhFSc3hkIHGz3JpGW431a3S92CUPg0,RPMS PI 1°C 2024,Femenino,Vejez (60 años o más),Pregrado,Área de la salud,COMUNA 15,Oriente
1Dn9KLyB7XM5WvqhFSc3hkIHGz3JpGW431a3S92CUPg0,RPMS PI 1°C 2024,Femenino,Juventud (18 - 28 años),Pregrado,Área de la salud,COMUNA 17,Centro
1Dn9KLyB7XM5WvqhFSc3hkIHGz3JpGW431a3S92CUPg0,RPMS PI 1°C 2024,Femenino,Adultez (29 - 59 años),Postgrado,Área de la salud,COMUNA 15,Ladera
1Dn9KLyB7XM5WvqhFSc3hkIHGz3JpGW431a3S92CUPg0,RPMS PI 1°C 2024,Femenino,Juventud (18 - 28 años),Pregrado,Área de la salud,COMUNA 14,Oriente
1Dn9KLyB7XM5WvqhFSc3hkIHGz3JpGW431a3S92CUPg0,RPMS PI 1°C 2024,Femenino,Adultez (29 - 59 años),Bachiller,Otro,COMUNA 3,Norte
1Dn9KLyB7XM5WvqhFSc3hkIHGz3JpGW431a3S92CUPg0,RPMS PI 1°C 2024,Masculino,Adultez (29 - 59 años),Pregrado,Área de la salud,COMUNA 10,Oriente
1Dn9KLyB7XM5WvqhFSc3hkIHGz3JpGW431a3S92CUPg0,RPMS PI 1°C 2024,Femenino,Adultez (29 - 59 años),Postgrado,Área de la salud,COMUNA 10,Centro
1Dn9KLyB7XM5WvqhFSc3hkIHGz3JpGW431a3S92CUPg0,RPMS PI 1°C 2024,Masculino,Juventud (18 - 28 años),Pregrado,Área de la salud,COMUNA 15,Oriente
1Dn9KLyB7XM5WvqhFSc3hkIHGz3JpGW431a3S92CUPg0,RPMS PI 1°C 2024,Femenino,Adultez (29 - 59 años),Postgrado,Área de la salud,COMUNA 19,Sur Oriente
1Dn9KLyB7XM5WvqhFSc3hkIHGz3JpGW431a3S92CUPg0,RPMS PI 1°C 2024,Femenino,Adultez (29 - 59 años),Pregrado,Área de la salud,COMUNA 17,H. San Miguel
1Dn9KLyB7XM5WvqhFSc3hkIHGz3JpGW431a3S92CUPg0,RPMS PI 1°C 2024,Masculino,Adultez (29 - 59 años),Postgrado,Área de la salud,COMUNA 1,Ladera
1Dn9KLyB7XM5WvqhFSc3hkIHGz3JpGW431a3S92CUPg0,RPMS PI 1°C 2024,Femenino,Adultez (29 - 59 años),Pregrado,Área de la salud,COMUNA 17,Oriente
1eZ_caKFJpFSDVkRiLxw4aDDnNJctgX8VHvDfo5J0-kk,RPMS I 1°C 2024,Femenino,Adultez (29 - 59 años),Postgrado,Área de la salud,COMUNA 17,Sur Oriente
1eZ_caKFJpFSDVkRiLxw4aDDnNJctgX8VHvDfo5J0-kk,RPMS I 1°C 2024,Femenino,Adolescencia (12 - 17 años),Postgrado,Área de la salud,COMUNA 19,Centro
1eZ_caKFJpFSDVkRiLxw4aDDnNJctgX8VHvDfo5J0-kk,RPMS I 1°C 2024,Femenino,Adultez (29 - 59 años),Pregrado,Área de la salud,COMUNA 14,Norte
1eZ_caKFJpFSDVkRiLxw4aDDnNJctgX8VHvDfo5J0-kk,RPMS I 1°C 2024,Masculino,Adolescencia (12 - 17 años),Postgrado,Área de la salud,COMUNA 1,Ladera
1eZ_caKFJpFSDVkRiLxw4aDDnNJctgX8VHvDfo5J0-kk,RPMS I 1°C 2024,Femenino,Juventud (18 - 28 años),Postgrado,Área de la salud,COMUNA 17,Centro
1eZ_caKFJpFSDVkRiLxw4aDDnNJctgX8VHvDfo5J0-kk,RPMS I 1°C 2024,Masculino,Adultez (29 - 59 años),Pregrado,Área de la salud,COMUNA 1,Norte
1eZ_caKFJpFSDVkRiLxw4aDDnNJctgX8VHvDfo5J0-kk,RPMS I 1°C 2024,Femenino,Adultez (29 - 59 años),Bachiller,Área de la salud,COMUNA 6,Norte
1eZ_caKFJpFSDVkRiLxw4aDDnNJctgX8VHvDfo5J0-kk,RPMS I 1°C 2024,Femenino,Adultez (29 - 59 años),Pregrado,Área de la salud,COMUNA 17,Oriente
1eZ_caKFJpFSDVkRiLxw4aDDnNJctgX8VHvDfo5J0-kk,RPMS I 1°C 2024,Femenino,Adultez (29 - 59 años),Postgrado,Área de la salud,COMUNA 22,Centro
1eZ_caKFJpFSDVkRiLxw4aDDnNJctgX8VHvDfo5J0-kk,RPMS I 1°C 2024,Femenino,Adultez (29 - 59 años),Pregrado,Área de la salud,COMUNA 12,Centro
1eZ_caKFJpFSDVkRiLxw4aDDnNJctgX8VHvDfo5J0-kk,RPMS I 1°C 2024,Masculino,Juventud (18 - 28 años),Postgrado,Área de la salud,COMUNA 14,Oriente
1eZ_caKFJpFSDVkRiLxw4aDDnNJctgX8VHvDfo5J0-kk,RPMS I 1°C 2024,Femenino,Adolescencia (12 - 17 años),Postgrado,Área de la salud,COMUNA 13,Centro
1eZ_caKFJpFSDVkRiLxw4aDDnNJctgX8VHvDfo5J0-kk,RPMS I 1°C 2024,Femenino,Adultez (29 - 59 años),Pregrado,Área de la salud,COMUNA 17,H. San Miguel
1RC81ObwPOc7S0XJvjf8GcN2L-KJY9RnRanRS5UqXgnc,RPMS A 1°C 2024,Femenino,Juventud (18 - 28 años),Pregrado,Área de la salud,COMUNA 17,Oriente
1RC81ObwPOc7S0XJvjf8GcN2L-KJY9RnRanRS5UqXgnc,RPMS A 1°C 2024,Femenino,Adultez (29 - 59 años),Pregrado,Área de la salud,COMUNA 18,Centro
1RC81ObwPOc7S0XJvjf8GcN2L-KJY9RnRanRS5UqXgnc,RPMS A 1°C 2024,Femenino,Adolescencia (12 - 17 años),Bachiller,Área de la salud,COMUNA 2,Norte
1RC81ObwPOc7S0XJvjf8GcN2L-KJY9RnRanRS5UqXgnc,RPMS A 1°C 2024,Masculino,Adolescencia (12 - 17 años),Postgrado,Área de la salud,COMUNA 2,Centro
1RC81ObwPOc7S0XJvjf8GcN2L-KJY9RnRanRS5UqXgnc,RPMS A 1°C 2024,Femenino,Adultez (29 - 59 años),Pregrado,Área de la salud,COMUNA 13,Centro
1RC81ObwPOc7S0XJvjf8GcN2L-KJY9RnRanRS5UqXgnc,RPMS A 1°C 2024,Femenino,Adolescencia (12 - 17 años),Postgrado,Área de la salud,COMUNA 17,Centro
1RC81ObwPOc7S0XJvjf8GcN2L-KJY9RnRanRS5UqXgnc,RPMS A 1°C 2024,Femenino,Juventud (18 - 28 años),Pregrado,Área de la salud,COMUNA 17,Centro
1RC81ObwPOc7S0XJvjf8GcN2L-KJY9RnRanRS5UqXgnc,RPMS A 1°C 2024,Femenino,Adolescencia (12 - 17 años),Postgrado,Área de la salud,COMUNA 19,Centro
1RC81ObwPOc7S0XJvjf8GcN2L-KJY9RnRanRS5UqXgnc,RPMS A 1°C 2024,Femenino,Juventud (18 - 28 años),Postgrado,Área de la salud,COMUNA 17,Centro
1RC81ObwPOc7S0XJvjf8GcN2L-KJY9RnRanRS5UqXgnc,RPMS A 1°C 2024,Femenino,Adolescencia (12 - 17 años),Postgrado,Área de la salud,COMUNA 14,Norte
1cZDIOnq3Bc5Ylr5Rq44o4X9b0gtIPv9m2MB6gWoZsiI,RPMS J 1°C 2024,Masculino,Juventud (18 - 28 años),Pregrado,Estudiante,COMUNA 7,Norte
1cZDIOnq3Bc5Ylr5Rq44o4X9b0gtIPv9m2MB6gWoZsiI,RPMS J 1°C 2024,Femenino,Juventud (18 - 28 años),Pregrado,Área de la salud,COMUNA 22,Norte
1cZDIOnq3Bc5Ylr5Rq44o4X9b0gtIPv9m2MB6gWoZsiI,RPMS J 1°C 2024,Masculino,Juventud (18 - 28 años),Pregrado,Área de la salud,COMUNA 11,Oriente
1cZDIOnq3Bc5Ylr5Rq44o4X9b0gtIPv9m2MB6gWoZsiI,RPMS J 1°C 2024,Masculino,Juventud (18 - 28 años),Pregrado,Área de la salud,COMUNA 17,Centro
1cZDIOnq3Bc5Ylr5Rq44o4X9b0gtIPv9m2MB6gWoZsiI,RPMS J 1°C 2024,Femenino,Adultez (29 - 59 años),Postgrado,Área de la salud,COMUNA 17,Sur Oriente
1cZDIOnq3Bc5Ylr5Rq44o4X9b0gtIPv9m2MB6gWoZsiI,RPMS J 1°C 2024,Masculino,Juventud (18 - 28 años),Postgrado,Área de la salud,COMUNA 2,Centro
1cZDIOnq3Bc5Ylr5Rq44o4X9b0gtIPv9m2MB6gWoZsiI,RPMS J 1°C 2024,Femenino,Juventud (18 - 28 años),Postgrado,Área de la salud,COMUNA 17,Norte
1cZDIOnq3Bc5Ylr5Rq44o4X9b0gtIPv9m2MB6gWoZsiI,RPMS J 1°C 2024,Femenino,Juventud (18 - 28 años),Pregrado,Área de la salud,COMUNA 17,Oriente
1cZDIOnq3Bc5Ylr5Rq44o4X9b0gtIPv9m2MB6gWoZsiI,RPMS J 1°C 2024,Femenino,Juventud (18 - 28 años),Postgrado,Área de la salud,COMUNA 17,Centro
1C3uMy3W9Qc4RYFkIGhGuEsxvlE-9m3ctSoHJ8MFLElw,RPMS AZ 1°C 2024,Femenino,Adultez (29 - 59 años),Postgrado,Área de la salud,COMUNA 17,Sur Oriente
1C3uMy3W9Qc4RYFkIGhGuEsxvlE-9m3ctSoHJ8MFLElw,RPMS AZ 1°C 2024,Femenino,Adultez (29 - 59 años),Pregrado,Área de la salud,COMUNA 17,Sur Oriente
1C3uMy3W9Qc4RYFkIGhGuEsxvlE-9m3ctSoHJ8MFLElw,RPMS AZ 1°C 2024,Femenino,Adultez (29 - 59 años),Pregrado,Área de la salud,COMUNA 4,Centro
1C3uMy3W9Qc4RYFkIGhGuEsxvlE-9m3ctSoHJ8MFLElw,RPMS AZ 1°C 2024,Femenino,Adultez (29 - 59 años),Postgrado,Área de la salud,COMUNA 17,Sur Oriente
1C3uMy3W9Qc4RYFkIGhGuEsxvlE-9m3ctSoHJ8MFLElw,RPMS AZ 1°C 2024,Masculino,Adultez (29 - 59 años),Pregrado,Área de la salud,COMUNA 8,Centro
1C3uMy3W9Qc4RYFkIGhGuEsxvlE-9m3ctSoHJ8MFLElw,RPMS AZ 1°C 2024,Femenino,Adultez (29 - 59 años),Pregrado,Área de la salud,COMUNA 17,Oriente
1C3uMy3W9Qc4RYFkIGhGuEsxvlE-9m3ctSoHJ8MFLElw,RPMS AZ 1°C 2024,Femenino,Adultez (29 - 59 años),Postgrado,Área de la salud,COMUNA 17,Sur Oriente
1C3uMy3W9Qc4RYFkIGhGuEsxvlE-9m3ctSoHJ8MFLElw,RPMS AZ 1°C 2024,Masculino,Vejez (60 años o más),Postgrado,Área de la salud,COMUNA 19,Sur Oriente
1C3uMy3W9Qc4RYFkIGhGuEsxvlE-9m3ctSoHJ8MFLElw,RPMS AZ 1°C 2024,Femenino,Adultez (29 - 59 años),Postgrado,Área de la salud,COMUNA 14,Oriente
1C3uMy3W9Qc4RYFkIGhGuEsxvlE-9m3ctSoHJ8MFLElw,RPMS AZ 1°C 2024,Femenino,Vejez (60 años o más),Postgrado,Área de la salud,COMUNA 15,Oriente
1C3uMy3W9Qc4RYFkIGhGuEsxvlE-9m3ctSoHJ8MFLElw,RPMS AZ 1°C 2024,Masculino,Juventud (18 - 28 años),Pregrado,Área de la salud,COMUNA 11,Oriente
1C3uMy3W9Qc4RYFkIGhGuEsxvlE-9m3ctSoHJ8MFLElw,RPMS AZ 1°C 2024,Masculino,Adultez (29 - 59 años),Postgrado,Área de la salud,COMUNA 3,Norte
1C3uMy3W9Qc4RYFkIGhGuEsxvlE-9m3ctSoHJ8MFLElw,RPMS AZ 1°C 2024,Femenino,Juventud (18 - 28 años),Pregrado,Área de la salud,COMUNA 14,Oriente
1C3uMy3W9Qc4RYFkIGhGuEsxvlE-9m3ctSoHJ8MFLElw,RPMS AZ 1°C 2024,Femenino,Adultez (29 - 59 años),Pregrado,Área de la salud,COMUNA 18,Oriente
1C3uMy3W9Qc4RYFkIGhGuEsxvlE-9m3ctSoHJ8MFLElw,RPMS AZ 1°C 2024,Femenino,Juventud (18 - 28 años),Pregrado,Área de la salud,COMUNA 22,Norte
1C3uMy3W9Qc4RYFkIGhGuEsxvlE-9m3ctSoHJ8MFLElw,RPMS AZ 1°C 2024,Femenino,Adultez (29 - 59 años),Pregrado,Área de la salud,COMUNA 8,Oriente
1C3uMy3W9Qc4RYFkIGhGuEsxvlE-9m3ctSoHJ8MFLElw,RPMS AZ 1°C 2024,Masculino,Adultez (29 - 59 años),Pregrado,Área de la salud,COMUNA 17,Centro
1C3uMy3W9Qc4RYFkIGhGuEsxvlE-9m3ctSoHJ8MFLElw,RPMS AZ 1°C 2024,Masculino,Adultez (29 - 59 años),Pregrado,Área de la salud,COMUNA 1,Oriente
1uB7izIy70uBJu7lIz5eLl4V1N_rG7bP-DKSwFTu9y9o,RPMS V 1°C 2024,Masculino,Vejez (60 años o más),Postgrado,Área de la salud,COMUNA 22,Sur Oriente
1uB7izIy70uBJu7lIz5eLl4V1N_rG7bP-DKSwFTu9y9o,RPMS V 1°C 2024,Femenino,Vejez (60 años o más),Pregrado,Área de la salud,COMUNA 8,Oriente
1uB7izIy70uBJu7lIz5eLl4V1N_rG7bP-DKSwFTu9y9o,RPMS V 1°C 2024,Femenino,Juventud (18 - 28 años),Pregrado,Área de la salud,COMUNA 22,Centro
1uB7izIy70uBJu7lIz5eLl4V1N_rG7bP-DKSwFTu9y9o,RPMS V 1°C 2024,Masculino,Vejez (60 años o más),Pregrado,Área de la salud,COMUNA 1,Oriente
1uB7izIy70uBJu7lIz5eLl4V1N_rG7bP-DKSwFTu9y9o,RPMS V 1°C 2024,Femenino,Juventud (18 - 28 años),Pregrado,Área de la salud,COMUNA 17,Centro
1uB7izIy70uBJu7lIz5eLl4V1N_rG7bP-DKSwFTu9y9o,RPMS V 1°C 2024,Masculino,Vejez (60 años o más),Pregrado,Área de la salud,COMUNA 18,Centro
1uB7izIy70uBJu7lIz5eLl4V1N_rG7bP-DKSwFTu9y9o,RPMS V 1°C 2024,Femenino,Vejez (60 años o más),Pregrado,Área de la salud,COMUNA 15,Oriente
1uB7izIy70uBJu7lIz5eLl4V1N_rG7bP-DKSwFTu9y9o,RPMS V 1°C 2024,Femenino,Adultez (29 - 59 años),Postgrado,Área de la salud,COMUNA 17,Sur Oriente
1uB7izIy70uBJu7lIz5eLl4V1N_rG7bP-DKSwFTu9y9o,RPMS V 1°C 2024,Masculino,Vejez (60 años o más),Postgrado,Área de la salud,COMUNA 19,Sur Oriente
1uB7izIy70uBJu7lIz5eLl4V1N_rG7bP-DKSwFTu9y9o,RPMS V 1°C 2024,Femenino,Adultez (29 - 59 años),Pregrado,Área de la salud,COMUNA 17,Sur Oriente
1uB7izIy70uBJu7lIz5eLl4V1N_rG7bP-DKSwFTu9y9o,RPMS V 1°C 2024,Masculino,Juventud (18 - 28 años),Pregrado,Área de la salud,COMUNA 15,Oriente
1uB7izIy70uBJu7lIz5eLl4V1N_rG7bP-DKSwFTu9y9o,RPMS V 1°C 2024,Femenino,Adultez (29 - 59 años),Pregrado,Área de la salud,COMUNA 17,Ladera
1uB7izIy70uBJu7lIz5eLl4V1N_rG7bP-DKSwFTu9y9o,RPMS V 1°C 2024,Femenino,Vejez (60 años o más),Postgrado,Área de la salud,COMUNA 6,Norte
1GdfIlrKQcfZ_heMJDiTPlwp95goxcmiMUyl75FKcRIs,PF DERECHOS SEXUALES Y REPRODUCTIVOS 1°C 2024,Femenino,Adolescencia (12 - 17 años),Bachiller,Estudiante,COMUNA 6,Norte
1GdfIlrKQcfZ_heMJDiTPlwp95goxcmiMUyl75FKcRIs,PF DERECHOS SEXUALES Y REPRODUCTIVOS 1°C 2024,Femenino,Adolescencia (12 - 17 años),Bachiller,Estudiante,COMUNA 14,Oriente
1GdfIlrKQcfZ_heMJDiTPlwp95goxcmiMUyl75FKcRIs,PF DERECHOS SEXUALES Y REPRODUCTIVOS 1°C 2024,Masculino,Juventud (18 - 28 años),Bachiller,Otro,COMUNA 13,Oriente
1GdfIlrKQcfZ_heMJDiTPlwp95goxcmiMUyl75FKcRIs,PF DERECHOS SEXUALES Y REPRODUCTIVOS 1°C 2024,Masculino,Adolescencia (12 - 17 años),Bachiller,Estudiante,COMUNA 18,Ladera
1GdfIlrKQcfZ_heMJDiTPlwp95goxcmiMUyl75FKcRIs,PF DERECHOS SEXUALES Y REPRODUCTIVOS 1°C 2024,Femenino,Adolescencia (12 - 17 años),Bachiller,Estudiante,COMUNA 18,Ladera
1GdfIlrKQcfZ_heMJDiTPlwp95goxcmiMUyl75FKcRIs,PF DERECHOS SEXUALES Y REPRODUCTIVOS 1°C 2024,Masculino,Juventud (18 - 28 años),Bachiller,Estudiante,COMUNA 16,Sur Oriente
1GdfIlrKQcfZ_heMJDiTPlwp95goxcmiMUyl75FKcRIs,PF DERECHOS SEXUALES Y REPRODUCTIVOS 1°C 2024,Masculino,Adolescencia (12 - 17 años),Bachiller,Estudiante,COMUNA 16,Sur Oriente
1GdfIlrKQcfZ_heMJDiTPlwp95goxcmiMUyl75FKcRIs,PF DERECHOS SEXUALES Y REPRODUCTIVOS 1°C 2024,Femenino,Adolescencia (12 - 17 años),Ninguna,Estudiante,COMUNA 20,Ladera
1GdfIlrKQcfZ_heMJDiTPlwp95goxcmiMUyl75FKcRIs,PF DERECHOS SEXUALES Y REPRODUCTIVOS 1°C 2024,Femenino,Adolescencia (12 - 17 años),Ninguna,Estudiante,COMUNA 8,Norte
1GdfIlrKQcfZ_heMJDiTPlwp95goxcmiMUyl75FKcRIs,PF DERECHOS SEXUALES Y REPRODUCTIVOS 1°C 2024,Masculino,Adolescencia (12 - 17 años),Bachiller,Estudiante,COMUNA 21,Oriente
1GdfIlrKQcfZ_heMJDiTPlwp95goxcmiMUyl75FKcRIs,PF DERECHOS SEXUALES Y REPRODUCTIVOS 1°C 2024,Femenino,Adolescencia (12 - 17 años),Bachiller,Estudiante,COMUNA 20,Ladera
1GdfIlrKQcfZ_heMJDiTPlwp95goxcmiMUyl75FKcRIs,PF DERECHOS SEXUALES Y REPRODUCTIVOS 1°C 2024,Femenino,Adolescencia (12 - 17 años),Bachiller,Estudiante,COMUNA 2,Oriente
1GdfIlrKQcfZ_heMJDiTPlwp95goxcmiMUyl75FKcRIs,PF DERECHOS SEXUALES Y REPRODUCTIVOS 1°C 2024,Masculino,Adolescencia (12 - 17 años),Bachiller,Estudiante,COMUNA 7,Norte
1GdfIlrKQcfZ_heMJDiTPlwp95goxcmiMUyl75FKcRIs,PF DERECHOS SEXUALES Y REPRODUCTIVOS 1°C 2024,Femenino,Adolescencia (12 - 17 años),Bachiller,Estudiante,COMUNA 7,Norte
1GdfIlrKQcfZ_heMJDiTPlwp95goxcmiMUyl75FKcRIs,PF DERECHOS SEXUALES Y REPRODUCTIVOS 1°C 2024,Masculino,Adolescencia (12 - 17 años),Bachiller,Estudiante,COMUNA 18,Ladera
1GdfIlrKQcfZ_heMJDiTPlwp95goxcmiMUyl75FKcRIs,PF DERECHOS SEXUALES Y REPRODUCTIVOS 1°C 2024,Masculino,Adolescencia (12 - 17 años),Bachiller,Estudiante,COMUNA 8,Centro
1GdfIlrKQcfZ_heMJDiTPlwp95goxcmiMUyl75FKcRIs,PF DERECHOS SEXUALES Y REPRODUCTIVOS 1°C 2024,Masculino,Adolescencia (12 - 17 años),Bachiller,Estudiante,COMUNA 10,Sur Oriente
1GdfIlrKQcfZ_heMJDiTPlwp95goxcmiMUyl75FKcRIs,PF DERECHOS SEXUALES Y REPRODUCTIVOS 1°C 2024,Femenino,Adolescencia (12 - 17 años),Bachiller,Estudiante,COMUNA 11,Centro
1GdfIlrKQcfZ_heMJDiTPlwp95goxcmiMUyl75FKcRIs,PF DERECHOS SEXUALES Y REPRODUCTIVOS 1°C 2024,Masculino,Adolescencia (12 - 17 años),Pregrado,Estudiante,COMUNA 6,Norte
1GdfIlrKQcfZ_heMJDiTPlwp95goxcmiMUyl75FKcRIs,PF DERECHOS SEXUALES Y REPRODUCTIVOS 1°C 2024,Femenino,Adolescencia (12 - 17 años),Bachiller,Estudiante,COMUNA 11,Sur Oriente
1GdfIlrKQcfZ_heMJDiTPlwp95goxcmiMUyl75FKcRIs,PF DERECHOS SEXUALES Y REPRODUCTIVOS 1°C 2024,Masculino,Adolescencia (12 - 17 años),Bachiller,Estudiante,COMUNA 20,Centro
1GdfIlrKQcfZ_heMJDiTPlwp95goxcmiMUyl75FKcRIs,PF DERECHOS SEXUALES Y REPRODUCTIVOS 1°C 2024,Femenino,Adolescencia (12 - 17 años),Bachiller,Estudiante,COMUNA 10,Centro
1GdfIlrKQcfZ_heMJDiTPlwp95goxcmiMUyl75FKcRIs,PF DERECHOS SEXUALES Y REPRODUCTIVOS 1°C 2024,Femenino,Juventud (18 - 28 años),Bachiller,Estudiante,COMUNA 7,Norte
1GdfIlrKQcfZ_heMJDiTPlwp95goxcmiMUyl75FKcRIs,PF DERECHOS SEXUALES Y REPRODUCTIVOS 1°C 2024,Femenino,Adolescencia (12 - 17 años),Bachiller,Estudiante,COMUNA 19,Oriente
1GdfIlrKQcfZ_heMJDiTPlwp95goxcmiMUyl75FKcRIs,PF DERECHOS SEXUALES Y REPRODUCTIVOS 1°C 2024,Masculino,Adolescencia (12 - 17 años),Bachiller,Estudiante,COMUNA 1,Norte
1GdfIlrKQcfZ_heMJDiTPlwp95goxcmiMUyl75FKcRIs,PF DERECHOS SEXUALES Y REPRODUCTIVOS 1°C 2024,Femenino,Adolescencia (12 - 17 años),Bachiller,Estudiante,COMUNA 15,Oriente
1GdfIlrKQcfZ_heMJDiTPlwp95goxcmiMUyl75FKcRIs,PF DERECHOS SEXUALES Y REPRODUCTIVOS 1°C 2024,Masculino,Adolescencia (12 - 17 años),Bachiller,Estudiante,COMUNA 8,Centro
1GdfIlrKQcfZ_heMJDiTPlwp95goxcmiMUyl75FKcRIs,PF DERECHOS SEXUALES Y REPRODUCTIVOS 1°C 2024,Masculino,Adolescencia (12 - 17 años),Pregrado,Estudiante,COMUNA 12,Oriente
1GdfIlrKQcfZ_heMJDiTPlwp95goxcmiMUyl75FKcRIs,PF DERECHOS SEXUALES Y REPRODUCTIVOS 1°C 2024,Masculino,Adolescencia (12 - 17 años),Bachiller,Estudiante,COMUNA 14,Oriente
1GdfIlrKQcfZ_heMJDiTPlwp95goxcmiMUyl75FKcRIs,PF DERECHOS SEXUALES Y REPRODUCTIVOS 1°C 2024,Masculino,Juventud (18 - 28 años),Bachiller,Estudiante,COMUNA 16,Sur Oriente
1GdfIlrKQcfZ_heMJDiTPlwp95goxcmiMUyl75FKcRIs,PF DERECHOS SEXUALES Y REPRODUCTIVOS 1°C 2024,Femenino,Adolescencia (12 - 17 años),Bachiller,Área de la salud,COMUNA 6,Norte
1GdfIlrKQcfZ_heMJDiTPlwp95goxcmiMUyl75FKcRIs,PF DERECHOS SEXUALES Y REPRODUCTIVOS 1°C 2024,Femenino,Adolescencia (12 - 17 años),Bachiller,Estudiante,COMUNA 6,Norte
1GdfIlrKQcfZ_heMJDiTPlwp95goxcmiMUyl75FKcRIs,PF DERECHOS SEXUALES Y REPRODUCTIVOS 1°C 2024,Masculino,Adolescencia (12 - 17 años),Bachiller,Estudiante,COMUNA 10,Sur Oriente
1GdfIlrKQcfZ_heMJDiTPlwp95goxcmiMUyl75FKcRIs,PF DERECHOS SEXUALES Y REPRODUCTIVOS 1°C 2024,Femenino,Adolescencia (12 - 17 años),Bachiller,Estudiante,COMUNA 16,Sur Oriente
1GdfIlrKQcfZ_heMJDiTPlwp95goxcmiMUyl75FKcRIs,PF DERECHOS SEXUALES Y REPRODUCTIVOS 1°C 2024,Masculino,Adolescencia (12 - 17 años),Bachiller,Estudiante,COMUNA 21,Centro
1GdfIlrKQcfZ_heMJDiTPlwp95goxcmiMUyl75FKcRIs,PF DERECHOS SEXUALES Y REPRODUCTIVOS 1°C 2024,Femenino,Adolescencia (12 - 17 años),Bachiller,Estudiante,COMUNA 6,Norte
1GdfIlrKQcfZ_heMJDiTPlwp95goxcmiMUyl75FKcRIs,PF DERECHOS SEXUALES Y REPRODUCTIVOS 1°C 2024,Femenino,Adolescencia (12 - 17 años),Bachiller,Estudiante,COMUNA 7,Norte
1GdfIlrKQcfZ_heMJDiTPlwp95goxcmiMUyl75FKcRIs,PF DERECHOS SEXUALES Y REPRODUCTIVOS 1°C 2024,Femenino,Adolescencia (12 - 17 años),Bachiller,Estudiante,COMUNA 17,Ladera
1GdfIlrKQcfZ_heMJDiTPlwp95goxcmiMUyl75FKcRIs,PF DERECHOS SEXUALES Y REPRODUCTIVOS 1°C 2024,Femenino,Adolescencia (12 - 17 años),Bachiller,Estudiante,COMUNA 10,Sur Oriente
1GdfIlrKQcfZ_heMJDiTPlwp95goxcmiMUyl75FKcRIs,PF DERECHOS SEXUALES Y REPRODUCTIVOS 1°C 2024,Masculino,Adolescencia (12 - 17 años),Bachiller,Estudiante,COMUNA 14,Oriente
1GdfIlrKQcfZ_heMJDiTPlwp95goxcmiMUyl75FKcRIs,PF DERECHOS SEXUALES Y REPRODUCTIVOS 1°C 2024,Masculino,Adolescencia (12 - 17 años),Bachiller,Estudiante,COMUNA 15,Norte
1GdfIlrKQcfZ_heMJDiTPlwp95goxcmiMUyl75FKcRIs,PF DERECHOS SEXUALES Y REPRODUCTIVOS 1°C 2024,Femenino,Adolescencia (12 - 17 años),Pregrado,Estudiante,COMUNA 6,Norte
1GdfIlrKQcfZ_heMJDiTPlwp95goxcmiMUyl75FKcRIs,PF DERECHOS SEXUALES Y REPRODUCTIVOS 1°C 2024,Masculino,Adolescencia (12 - 17 años),Bachiller,Estudiante,COMUNA 20,Ladera
1GdfIlrKQcfZ_heMJDiTPlwp95goxcmiMUyl75FKcRIs,PF DERECHOS SEXUALES Y REPRODUCTIVOS 1°C 2024,Masculino,Juventud (18 - 28 años),Bachiller,Estudiante,COMUNA 7,Norte
1GdfIlrKQcfZ_heMJDiTPlwp95goxcmiMUyl75FKcRIs,PF DERECHOS SEXUALES Y REPRODUCTIVOS 1°C 2024,Femenino,Adolescencia (12 - 17 años),Bachiller,Estudiante,COMUNA 11,Centro
1GdfIlrKQcfZ_heMJDiTPlwp95goxcmiMUyl75FKcRIs,PF DERECHOS SEXUALES Y REPRODUCTIVOS 1°C 2024,Masculino,Adolescencia (12 - 17 años),Bachiller,Estudiante,COMUNA 17,Ladera
1GdfIlrKQcfZ_heMJDiTPlwp95goxcmiMUyl75FKcRIs,PF DERECHOS SEXUALES Y REPRODUCTIVOS 1°C 2024,Masculino,Adolescencia (12 - 17 años),Bachiller,Estudiante,COMUNA 10,Centro
1GdfIlrKQcfZ_heMJDiTPlwp95goxcmiMUyl75FKcRIs,PF DERECHOS SEXUALES Y REPRODUCTIVOS 1°C 2024,Femenino,Adolescencia (12 - 17 años),Bachiller,Estudiante,COMUNA 18,Ladera
1GdfIlrKQcfZ_heMJDiTPlwp95goxcmiMUyl75FKcRIs,PF DERECHOS SEXUALES Y REPRODUCTIVOS 1°C 2024,Masculino,Adolescencia (12 - 17 años),Bachiller,Estudiante,COMUNA 16,Sur Oriente
1GdfIlrKQcfZ_heMJDiTPlwp95goxcmiMUyl75FKcRIs,PF DERECHOS SEXUALES Y REPRODUCTIVOS 1°C 2024,Femenino,Adolescencia (12 - 17 años),Ninguna,Estudiante,COMUNA 20,Ladera
1GdfIlrKQcfZ_heMJDiTPlwp95goxcmiMUyl75FKcRIs,PF DERECHOS SEXUALES Y REPRODUCTIVOS 1°C 2024,Femenino,Adolescencia (12 - 17 años),Bachiller,Estudiante,COMUNA 4,Norte
1GdfIlrKQcfZ_heMJDiTPlwp95goxcmiMUyl75FKcRIs,PF DERECHOS SEXUALES Y REPRODUCTIVOS 1°C 2024,Masculino,Adolescencia (12 - 17 años),Bachiller,Estudiante,COMUNA 20,Ladera
1GdfIlrKQcfZ_heMJDiTPlwp95goxcmiMUyl75FKcRIs,PF DERECHOS SEXUALES Y REPRODUCTIVOS 1°C 2024,Masculino,Adolescencia (12 - 17 años),Bachiller,Estudiante,COMUNA 15,Sur Oriente
1GdfIlrKQcfZ_heMJDiTPlwp95goxcmiMUyl75FKcRIs,PF DERECHOS SEXUALES Y REPRODUCTIVOS 1°C 2024,Femenino,Adolescencia (12 - 17 años),Bachiller,Estudiante,COMUNA 8,Centro
1GdfIlrKQcfZ_heMJDiTPlwp95goxcmiMUyl75FKcRIs,PF DERECHOS SEXUALES Y REPRODUCTIVOS 1°C 2024,Masculino,Adolescencia (12 - 17 años),Bachiller,Estudiante,COMUNA 15,Oriente
1GdfIlrKQcfZ_heMJDiTPlwp95goxcmiMUyl75FKcRIs,PF DERECHOS SEXUALES Y REPRODUCTIVOS 1°C 2024,Femenino,Adolescencia (12 - 17 años),Bachiller,Estudiante,COMUNA 10,Centro
1GdfIlrKQcfZ_heMJDiTPlwp95goxcmiMUyl75FKcRIs,PF DERECHOS SEXUALES Y REPRODUCTIVOS 1°C 2024,Masculino,Adolescencia (12 - 17 años),Bachiller,Estudiante,COMUNA 12,Centro
1GdfIlrKQcfZ_heMJDiTPlwp95goxcmiMUyl75FKcRIs,PF DERECHOS SEXUALES Y REPRODUCTIVOS 1°C 2024,Masculino,Adolescencia (12 - 17 años),Bachiller,Estudiante,COMUNA 21,Oriente
1GdfIlrKQcfZ_heMJDiTPlwp95goxcmiMUyl75FKcRIs,PF DERECHOS SEXUALES Y REPRODUCTIVOS 1°C 2024,Femenino,Adolescencia (12 - 17 años),Bachiller,Estudiante,COMUNA 5,Norte
1GdfIlrKQcfZ_heMJDiTPlwp95goxcmiMUyl75FKcRIs,PF DERECHOS SEXUALES Y REPRODUCTIVOS 1°C 2024,Masculino,Adolescencia (12 - 17 años),Bachiller,Estudiante,COMUNA 16,Sur Oriente
1GdfIlrKQcfZ_heMJDiTPlwp95goxcmiMUyl75FKcRIs,PF DERECHOS SEXUALES Y REPRODUCTIVOS 1°C 2024,Femenino,Adolescencia (12 - 17 años),Bachiller,Estudiante,COMUNA 7,Norte
1GdfIlrKQcfZ_heMJDiTPlwp95goxcmiMUyl75FKcRIs,PF DERECHOS SEXUALES Y REPRODUCTIVOS 1°C 2024,Femenino,Adolescencia (12 - 17 años),Bachiller,Estudiante,COMUNA 6,Norte
1GdfIlrKQcfZ_heMJDiTPlwp95goxcmiMUyl75FKcRIs,PF DERECHOS SEXUALES Y REPRODUCTIVOS 1°C 2024,Femenino,Adolescencia (12 - 17 años),Bachiller,Estudiante,COMUNA 8,Centro
1GdfIlrKQcfZ_heMJDiTPlwp95goxcmiMUyl75FKcRIs,PF DERECHOS SEXUALES Y REPRODUCTIVOS 1°C 2024,Femenino,Adolescencia (12 - 17 años),Bachiller,Estudiante,COMUNA 8,Sur Oriente
1GdfIlrKQcfZ_heMJDiTPlwp95goxcmiMUyl75FKcRIs,PF DERECHOS SEXUALES Y REPRODUCTIVOS 1°C 2024,Femenino,Adolescencia (12 - 17 años),Bachiller,Estudiante,COMUNA 20,Ladera
1GdfIlrKQcfZ_heMJDiTPlwp95goxcmiMUyl75FKcRIs,PF DERECHOS SEXUALES Y REPRODUCTIVOS 1°C 2024,Masculino,Juventud (18 - 28 años),Bachiller,Área de la salud,COMUNA 2,Norte
1GdfIlrKQcfZ_heMJDiTPlwp95goxcmiMUyl75FKcRIs,PF DERECHOS SEXUALES Y REPRODUCTIVOS 1°C 2024,Masculino,Adolescencia (12 - 17 años),Bachiller,Estudiante,COMUNA 11,Centro
1GdfIlrKQcfZ_heMJDiTPlwp95goxcmiMUyl75FKcRIs,PF DERECHOS SEXUALES Y REPRODUCTIVOS 1°C 2024,Femenino,Adolescencia (12 - 17 años),Ninguna,Estudiante,COMUNA 21,Norte
1GdfIlrKQcfZ_heMJDiTPlwp95goxcmiMUyl75FKcRIs,PF DERECHOS SEXUALES Y REPRODUCTIVOS 1°C 2024,Femenino,Adolescencia (12 - 17 años),Bachiller,Estudiante,COMUNA 9,Centro
1GdfIlrKQcfZ_heMJDiTPlwp95goxcmiMUyl75FKcRIs,PF DERECHOS SEXUALES Y REPRODUCTIVOS 1°C 2024,Femenino,Adolescencia (12 - 17 años),Bachiller,Estudiante,COMUNA 6,Norte
1GdfIlrKQcfZ_heMJDiTPlwp95goxcmiMUyl75FKcRIs,PF DERECHOS SEXUALES Y REPRODUCTIVOS 1°C 2024,Femenino,Adolescencia (12 - 17 años),Bachiller,Estudiante,COMUNA 6,Norte
1GdfIlrKQcfZ_heMJDiTPlwp95goxcmiMUyl75FKcRIs,PF DERECHOS SEXUALES Y REPRODUCTIVOS 1°C 2024,Femenino,Adolescencia (12 - 17 años),Bachiller,Estudiante,COMUNA 15,Centro
1GdfIlrKQcfZ_heMJDiTPlwp95goxcmiMUyl75FKcRIs,PF DERECHOS SEXUALES Y REPRODUCTIVOS 1°C 2024,Masculino,Adolescencia (12 - 17 años),Bachiller,Estudiante,COMUNA 14,Ladera
1GdfIlrKQcfZ_heMJDiTPlwp95goxcmiMUyl75FKcRIs,PF DERECHOS SEXUALES Y REPRODUCTIVOS 1°C 2024,Masculino,Adolescencia (12 - 17 años),Bachiller,Estudiante,COMUNA 16,Sur Oriente
1GdfIlrKQcfZ_heMJDiTPlwp95goxcmiMUyl75FKcRIs,PF DERECHOS SEXUALES Y REPRODUCTIVOS 1°C 2024,Femenino,Adolescencia (12 - 17 años),Bachiller,Estudiante,COMUNA 3,Sur Oriente
1GdfIlrKQcfZ_heMJDiTPlwp95goxcmiMUyl75FKcRIs,PF DERECHOS SEXUALES Y REPRODUCTIVOS 1°C 2024,Femenino,Adolescencia (12 - 17 años),Ninguna,Estudiante,COMUNA 15,Sur Oriente
1GdfIlrKQcfZ_heMJDiTPlwp95goxcmiMUyl75FKcRIs,PF DERECHOS SEXUALES Y REPRODUCTIVOS 1°C 2024,Femenino,Adolescencia (12 - 17 años),Bachiller,Estudiante,COMUNA 15,Oriente
1GdfIlrKQcfZ_heMJDiTPlwp95goxcmiMUyl75FKcRIs,PF DERECHOS SEXUALES Y REPRODUCTIVOS 1°C 2024,Femenino,Adolescencia (12 - 17 años),Bachiller,Estudiante,COMUNA 15,Ladera
1GdfIlrKQcfZ_heMJDiTPlwp95goxcmiMUyl75FKcRIs,PF DERECHOS SEXUALES Y REPRODUCTIVOS 1°C 2024,Femenino,Adolescencia (12 - 17 años),Bachiller,Estudiante,COMUNA 21,Oriente
1GdfIlrKQcfZ_heMJDiTPlwp95goxcmiMUyl75FKcRIs,PF DERECHOS SEXUALES Y REPRODUCTIVOS 1°C 2024,Masculino,Adolescencia (12 - 17 años),Bachiller,Estudiante,COMUNA 12,Ladera
1GdfIlrKQcfZ_heMJDiTPlwp95goxcmiMUyl75FKcRIs,PF DERECHOS SEXUALES Y REPRODUCTIVOS 1°C 2024,Femenino,Juventud (18 - 28 años),Bachiller,Estudiante,COMUNA 13,Oriente
1GdfIlrKQcfZ_heMJDiTPlwp95goxcmiMUyl75FKcRIs,PF DERECHOS SEXUALES Y REPRODUCTIVOS 1°C 2024,Femenino,Adolescencia (12 - 17 años),Bachiller,Estudiante,COMUNA 7,Norte
1GdfIlrKQcfZ_heMJDiTPlwp95goxcmiMUyl75FKcRIs,PF DERECHOS SEXUALES Y REPRODUCTIVOS 1°C 2024,Femenino,Juventud (18 - 28 años),Pregrado,Estudiante,COMUNA 10,Norte
1GdfIlrKQcfZ_heMJDiTPlwp95goxcmiMUyl75FKcRIs,PF DERECHOS SEXUALES Y REPRODUCTIVOS 1°C 2024,Masculino,Adolescencia (12 - 17 años),Bachiller,Estudiante,COMUNA 11,Centro
1GdfIlrKQcfZ_heMJDiTPlwp95goxcmiMUyl75FKcRIs,PF DERECHOS SEXUALES Y REPRODUCTIVOS 1°C 2024,Femenino,Adolescencia (12 - 17 años),Ninguna,Estudiante,COMUNA 14,Norte
1GdfIlrKQcfZ_heMJDiTPlwp95goxcmiMUyl75FKcRIs,PF DERECHOS SEXUALES Y REPRODUCTIVOS 1°C 2024,Masculino,Adolescencia (12 - 17 años),Bachiller,Estudiante,COMUNA 15,Centro
1GdfIlrKQcfZ_heMJDiTPlwp95goxcmiMUyl75FKcRIs,PF DERECHOS SEXUALES Y REPRODUCTIVOS 1°C 2024,Femenino,Juventud (18 - 28 años),Bachiller,Estudiante,COMUNA 4,Norte
1GdfIlrKQcfZ_heMJDiTPlwp95goxcmiMUyl75FKcRIs,PF DERECHOS SEXUALES Y REPRODUCTIVOS 1°C 2024,Masculino,Adolescencia (12 - 17 años),Bachiller,Estudiante,COMUNA 17,Centro
1GdfIlrKQcfZ_heMJDiTPlwp95goxcmiMUyl75FKcRIs,PF DERECHOS SEXUALES Y REPRODUCTIVOS 1°C 2024,Femenino,Adolescencia (12 - 17 años),Bachiller,Estudiante,COMUNA 14,Oriente
1GdfIlrKQcfZ_heMJDiTPlwp95goxcmiMUyl75FKcRIs,PF DERECHOS SEXUALES Y REPRODUCTIVOS 1°C 2024,Femenino,Adolescencia (12 - 17 años),Bachiller,Otro,COMUNA 20,Ladera
1GdfIlrKQcfZ_heMJDiTPlwp95goxcmiMUyl75FKcRIs,PF DERECHOS SEXUALES Y REPRODUCTIVOS 1°C 2024,Masculino,Adolescencia (12 - 17 años),Bachiller,Estudiante,COMUNA 13,Norte
1GdfIlrKQcfZ_heMJDiTPlwp95goxcmiMUyl75FKcRIs,PF DERECHOS SEXUALES Y REPRODUCTIVOS 1°C 2024,Masculino,Adolescencia (12 - 17 años),Bachiller,Estudiante,COMUNA 16,Sur Oriente
1GdfIlrKQcfZ_heMJDiTPlwp95goxcmiMUyl75FKcRIs,PF DERECHOS SEXUALES Y REPRODUCTIVOS 1°C 2024,Masculino,Adolescencia (12 - 17 años),Bachiller,Estudiante,COMUNA 8,Oriente
1GdfIlrKQcfZ_heMJDiTPlwp95goxcmiMUyl75FKcRIs,PF DERECHOS SEXUALES Y REPRODUCTIVOS 1°C 2024,Femenino,Adolescencia (12 - 17 años),Bachiller,Estudiante,C. DE PANCE,Centro
1GdfIlrKQcfZ_heMJDiTPlwp95goxcmiMUyl75FKcRIs,PF DERECHOS SEXUALES Y REPRODUCTIVOS 1°C 2024,Femenino,Adolescencia (12 - 17 años),Bachiller,Estudiante,COMUNA 18,Sur Oriente
1GdfIlrKQcfZ_heMJDiTPlwp95goxcmiMUyl75FKcRIs,PF DERECHOS SEXUALES Y REPRODUCTIVOS 1°C 2024,Femenino,Adolescencia (12 - 17 años),Bachiller,Estudiante,COMUNA 13,Centro
1GdfIlrKQcfZ_heMJDiTPlwp95goxcmiMUyl75FKcRIs,PF DERECHOS SEXUALES Y REPRODUCTIVOS 1°C 2024,Masculino,Juventud (18 - 28 años),Bachiller,Estudiante,COMUNA 10,Centro
1GdfIlrKQcfZ_heMJDiTPlwp95goxcmiMUyl75FKcRIs,PF DERECHOS SEXUALES Y REPRODUCTIVOS 1°C 2024,Masculino,Juventud (18 - 28 años),Postgrado,Estudiante,COMUNA 11,Oriente
1GdfIlrKQcfZ_heMJDiTPlwp95goxcmiMUyl75FKcRIs,PF DERECHOS SEXUALES Y REPRODUCTIVOS 1°C 2024,Femenino,Adolescencia (12 - 17 años),Bachiller,Estudiante,COMUNA 20,Ladera
1GdfIlrKQcfZ_heMJDiTPlwp95goxcmiMUyl75FKcRIs,PF DERECHOS SEXUALES Y REPRODUCTIVOS 1°C 2024,Masculino,Juventud (18 - 28 años),Pregrado,Estudiante,COMUNA 7,Norte
1GdfIlrKQcfZ_heMJDiTPlwp95goxcmiMUyl75FKcRIs,PF DERECHOS SEXUALES Y REPRODUCTIVOS 1°C 2024,Femenino,Adolescencia (12 - 17 años),Ninguna,Estudiante,COMUNA 14,Oriente
1GdfIlrKQcfZ_heMJDiTPlwp95goxcmiMUyl75FKcRIs,PF DERECHOS SEXUALES Y REPRODUCTIVOS 1°C 2024,Masculino,Adolescencia (12 - 17 años),Bachiller,Estudiante,COMUNA 22,Sur Oriente
1GdfIlrKQcfZ_heMJDiTPlwp95goxcmiMUyl75FKcRIs,PF DERECHOS SEXUALES Y REPRODUCTIVOS 1°C 2024,Femenino,Adolescencia (12 - 17 años),Bachiller,Estudiante,COMUNA 19,Ladera
1GdfIlrKQcfZ_heMJDiTPlwp95goxcmiMUyl75FKcRIs,PF DERECHOS SEXUALES Y REPRODUCTIVOS 1°C 2024,Femenino,Adolescencia (12 - 17 años),Bachiller,Estudiante,COMUNA 13,Oriente
1GdfIlrKQcfZ_heMJDiTPlwp95goxcmiMUyl75FKcRIs,PF DERECHOS SEXUALES Y REPRODUCTIVOS 1°C 2024,Femenino,Adolescencia (12 - 17 años),Bachiller,Área de la salud,COMUNA 6,Norte
1GdfIlrKQcfZ_heMJDiTPlwp95goxcmiMUyl75FKcRIs,PF DERECHOS SEXUALES Y REPRODUCTIVOS 1°C 2024,Femenino,Adolescencia (12 - 17 años),Bachiller,Estudiante,COMUNA 7,Norte
1GdfIlrKQcfZ_heMJDiTPlwp95goxcmiMUyl75FKcRIs,PF DERECHOS SEXUALES Y REPRODUCTIVOS 1°C 2024,Femenino,Adolescencia (12 - 17 años),Bachiller,Estudiante,COMUNA 6,Oriente
1GdfIlrKQcfZ_heMJDiTPlwp95goxcmiMUyl75FKcRIs,PF DERECHOS SEXUALES Y REPRODUCTIVOS 1°C 2024,Femenino,Adolescencia (12 - 17 años),Bachiller,Estudiante,COMUNA 13,Oriente
1GdfIlrKQcfZ_heMJDiTPlwp95goxcmiMUyl75FKcRIs,PF DERECHOS SEXUALES Y REPRODUCTIVOS 1°C 2024,Femenino,Adolescencia (12 - 17 años),Postgrado,Estudiante,COMUNA 3,Oriente
1GdfIlrKQcfZ_heMJDiTPlwp95goxcmiMUyl75FKcRIs,PF DERECHOS SEXUALES Y REPRODUCTIVOS 1°C 2024,Femenino,Adolescencia (12 - 17 años),Bachiller,Estudiante,COMUNA 18,Ladera
1GdfIlrKQcfZ_heMJDiTPlwp95goxcmiMUyl75FKcRIs,PF DERECHOS SEXUALES Y REPRODUCTIVOS 1°C 2024,Masculino,Adolescencia (12 - 17 años),Bachiller,Estudiante,COMUNA 14,Oriente
1GdfIlrKQcfZ_heMJDiTPlwp95goxcmiMUyl75FKcRIs,PF DERECHOS SEXUALES Y REPRODUCTIVOS 1°C 2024,Femenino,Adolescencia (12 - 17 años),Bachiller,Estudiante,COMUNA 10,Centro
1GdfIlrKQcfZ_heMJDiTPlwp95goxcmiMUyl75FKcRIs,PF DERECHOS SEXUALES Y REPRODUCTIVOS 1°C 2024,Femenino,Adolescencia (12 - 17 años),Bachiller,Estudiante,COMUNA 13,Oriente
1GdfIlrKQcfZ_heMJDiTPlwp95goxcmiMUyl75FKcRIs,PF DERECHOS SEXUALES Y REPRODUCTIVOS 1°C 2024,Femenino,Adolescencia (12 - 17 años),Bachiller,Estudiante,COMUNA 18,Ladera
1GdfIlrKQcfZ_heMJDiTPlwp95goxcmiMUyl75FKcRIs,PF DERECHOS SEXUALES Y REPRODUCTIVOS 1°C 2024,Femenino,Adolescencia (12 - 17 años),Bachiller,Estudiante,COMUNA 6,Norte
1GdfIlrKQcfZ_heMJDiTPlwp95goxcmiMUyl75FKcRIs,PF DERECHOS SEXUALES Y REPRODUCTIVOS 1°C 2024,Femenino,Adolescencia (12 - 17 años),Bachiller,Estudiante,COMUNA 5,Norte
1GdfIlrKQcfZ_heMJDiTPlwp95goxcmiMUyl75FKcRIs,PF DERECHOS SEXUALES Y REPRODUCTIVOS 1°C 2024,Masculino,Adolescencia (12 - 17 años),Bachiller,Estudiante,COMUNA 18,Ladera
1GdfIlrKQcfZ_heMJDiTPlwp95goxcmiMUyl75FKcRIs,PF DERECHOS SEXUALES Y REPRODUCTIVOS 1°C 2024,Femenino,Adolescencia (12 - 17 años),Bachiller,Área de la salud,COMUNA 7,Norte
1GdfIlrKQcfZ_heMJDiTPlwp95goxcmiMUyl75FKcRIs,PF DERECHOS SEXUALES Y REPRODUCTIVOS 1°C 2024,Masculino,Adolescencia (12 - 17 años),Bachiller,Estudiante,COMUNA 8,Centro
1GdfIlrKQcfZ_heMJDiTPlwp95goxcmiMUyl75FKcRIs,PF DERECHOS SEXUALES Y REPRODUCTIVOS 1°C 2024,Femenino,Adolescencia (12 - 17 años),Bachiller,Estudiante,COMUNA 15,Sur Oriente
1GdfIlrKQcfZ_heMJDiTPlwp95goxcmiMUyl75FKcRIs,PF DERECHOS SEXUALES Y REPRODUCTIVOS 1°C 2024,Masculino,Adolescencia (12 - 17 años),Bachiller,Estudiante,COMUNA 3,Oriente
1GdfIlrKQcfZ_heMJDiTPlwp95goxcmiMUyl75FKcRIs,PF DERECHOS SEXUALES Y REPRODUCTIVOS 1°C 2024,Femenino,Adolescencia (12 - 17 años),Ninguna,Estudiante,COMUNA 8,Ladera
1GdfIlrKQcfZ_heMJDiTPlwp95goxcmiMUyl75FKcRIs,PF DERECHOS SEXUALES Y REPRODUCTIVOS 1°C 2024,Femenino,Adolescencia (12 - 17 años),Bachiller,Estudiante,COMUNA 13,Oriente
1GdfIlrKQcfZ_heMJDiTPlwp95goxcmiMUyl75FKcRIs,PF DERECHOS SEXUALES Y REPRODUCTIVOS 1°C 2024,Femenino,Adolescencia (12 - 17 años),Bachiller,Estudiante,COMUNA 21,Norte
1GdfIlrKQcfZ_heMJDiTPlwp95goxcmiMUyl75FKcRIs,PF DERECHOS SEXUALES Y REPRODUCTIVOS 1°C 2024,Masculino,Adolescencia (12 - 17 años),Bachiller,Estudiante,COMUNA 15,Oriente
1GdfIlrKQcfZ_heMJDiTPlwp95goxcmiMUyl75FKcRIs,PF DERECHOS SEXUALES Y REPRODUCTIVOS 1°C 2024,Masculino,Adolescencia (12 - 17 años),Bachiller,Estudiante,COMUNA 8,Centro
1GdfIlrKQcfZ_heMJDiTPlwp95goxcmiMUyl75FKcRIs,PF DERECHOS SEXUALES Y REPRODUCTIVOS 1°C 2024,Femenino,Adolescencia (12 - 17 años),Bachiller,Estudiante,COMUNA 14,Norte
1GdfIlrKQcfZ_heMJDiTPlwp95goxcmiMUyl75FKcRIs,PF DERECHOS SEXUALES Y REPRODUCTIVOS 1°C 2024,Femenino,Adolescencia (12 - 17 años),Bachiller,Estudiante,COMUNA 6,Norte
1GdfIlrKQcfZ_heMJDiTPlwp95goxcmiMUyl75FKcRIs,PF DERECHOS SEXUALES Y REPRODUCTIVOS 1°C 2024,Masculino,Adolescencia (12 - 17 años),Bachiller,Estudiante,COMUNA 18,Ladera
1GdfIlrKQcfZ_heMJDiTPlwp95goxcmiMUyl75FKcRIs,PF DERECHOS SEXUALES Y REPRODUCTIVOS 1°C 2024,Femenino,Adolescencia (12 - 17 años),Bachiller,Estudiante,COMUNA 20,Ladera
1GdfIlrKQcfZ_heMJDiTPlwp95goxcmiMUyl75FKcRIs,PF DERECHOS SEXUALES Y REPRODUCTIVOS 1°C 2024,Femenino,Adolescencia (12 - 17 años),Bachiller,Estudiante,COMUNA 15,Oriente
1GdfIlrKQcfZ_heMJDiTPlwp95goxcmiMUyl75FKcRIs,PF DERECHOS SEXUALES Y REPRODUCTIVOS 1°C 2024,Femenino,Adolescencia (12 - 17 años),Bachiller,Estudiante,COMUNA 21,Oriente
1GdfIlrKQcfZ_heMJDiTPlwp95goxcmiMUyl75FKcRIs,PF DERECHOS SEXUALES Y REPRODUCTIVOS 1°C 2024,Femenino,Adolescencia (12 - 17 años),Bachiller,Área de la salud,COMUNA 6,Norte
1GdfIlrKQcfZ_heMJDiTPlwp95goxcmiMUyl75FKcRIs,PF DERECHOS SEXUALES Y REPRODUCTIVOS 1°C 2024,Femenino,Adolescencia (12 - 17 años),Bachiller,Estudiante,COMUNA 15,Oriente
1GdfIlrKQcfZ_heMJDiTPlwp95goxcmiMUyl75FKcRIs,PF DERECHOS SEXUALES Y REPRODUCTIVOS 1°C 2024,Femenino,Adolescencia (12 - 17 años),Bachiller,Estudiante,COMUNA 7,Oriente
1GdfIlrKQcfZ_heMJDiTPlwp95goxcmiMUyl75FKcRIs,PF DERECHOS SEXUALES Y REPRODUCTIVOS 1°C 2024,Femenino,Adolescencia (12 - 17 años),Bachiller,Estudiante,COMUNA 11,Norte
1GdfIlrKQcfZ_heMJDiTPlwp95goxcmiMUyl75FKcRIs,PF DERECHOS SEXUALES Y REPRODUCTIVOS 1°C 2024,Femenino,Adolescencia (12 - 17 años),Bachiller,Estudiante,COMUNA 14,Oriente
1GdfIlrKQcfZ_heMJDiTPlwp95goxcmiMUyl75FKcRIs,PF DERECHOS SEXUALES Y REPRODUCTIVOS 1°C 2024,Masculino,Adolescencia (12 - 17 años),Bachiller,Estudiante,COMUNA 22,Sur Oriente
1GdfIlrKQcfZ_heMJDiTPlwp95goxcmiMUyl75FKcRIs,PF DERECHOS SEXUALES Y REPRODUCTIVOS 1°C 2024,Femenino,Adolescencia (12 - 17 años),Ninguna,Estudiante,COMUNA 6,Norte
1GdfIlrKQcfZ_heMJDiTPlwp95goxcmiMUyl75FKcRIs,PF DERECHOS SEXUALES Y REPRODUCTIVOS 1°C 2024,Masculino,Adolescencia (12 - 17 años),Bachiller,Estudiante,COMUNA 1,Norte
1GdfIlrKQcfZ_heMJDiTPlwp95goxcmiMUyl75FKcRIs,PF DERECHOS SEXUALES Y REPRODUCTIVOS 1°C 2024,Masculino,Adolescencia (12 - 17 años),Bachiller,Estudiante,COMUNA 8,Oriente
1GdfIlrKQcfZ_heMJDiTPlwp95goxcmiMUyl75FKcRIs,PF DERECHOS SEXUALES Y REPRODUCTIVOS 1°C 2024,Femenino,Adolescencia (12 - 17 años),Bachiller,Estudiante,COMUNA 16,Sur Oriente
1GdfIlrKQcfZ_heMJDiTPlwp95goxcmiMUyl75FKcRIs,PF DERECHOS SEXUALES Y REPRODUCTIVOS 1°C 2024,Femenino,Adolescencia (12 - 17 años),Bachiller,Estudiante,COMUNA 4,Norte
1GdfIlrKQcfZ_heMJDiTPlwp95goxcmiMUyl75FKcRIs,PF DERECHOS SEXUALES Y REPRODUCTIVOS 1°C 2024,Masculino,Adolescencia (12 - 17 años),Bachiller,Estudiante,COMUNA 15,Oriente
1GdfIlrKQcfZ_heMJDiTPlwp95goxcmiMUyl75FKcRIs,PF DERECHOS SEXUALES Y REPRODUCTIVOS 1°C 2024,Femenino,Adolescencia (12 - 17 años),Bachiller,Estudiante,COMUNA 20,Ladera
1GdfIlrKQcfZ_heMJDiTPlwp95goxcmiMUyl75FKcRIs,PF DERECHOS SEXUALES Y REPRODUCTIVOS 1°C 2024,Femenino,Adolescencia (12 - 17 años),Bachiller,Estudiante,COMUNA 5,Norte
1GdfIlrKQcfZ_heMJDiTPlwp95goxcmiMUyl75FKcRIs,PF DERECHOS SEXUALES Y REPRODUCTIVOS 1°C 2024,Femenino,Adolescencia (12 - 17 años),Bachiller,Estudiante,COMUNA 21,Oriente
1GdfIlrKQcfZ_heMJDiTPlwp95goxcmiMUyl75FKcRIs,PF DERECHOS SEXUALES Y REPRODUCTIVOS 1°C 2024,Masculino,Adolescencia (12 - 17 años),Bachiller,Estudiante,COMUNA 18,Ladera
1GdfIlrKQcfZ_heMJDiTPlwp95goxcmiMUyl75FKcRIs,PF DERECHOS SEXUALES Y REPRODUCTIVOS 1°C 2024,Femenino,Adolescencia (12 - 17 años),Bachiller,Estudiante,COMUNA 13,Sur Oriente
1GdfIlrKQcfZ_heMJDiTPlwp95goxcmiMUyl75FKcRIs,PF DERECHOS SEXUALES Y REPRODUCTIVOS 1°C 2024,Femenino,Adolescencia (12 - 17 años),Ninguna,Estudiante,COMUNA 2,Oriente
1GdfIlrKQcfZ_heMJDiTPlwp95goxcmiMUyl75FKcRIs,PF DERECHOS SEXUALES Y REPRODUCTIVOS 1°C 2024,Femenino,Adolescencia (12 - 17 años),Bachiller,Estudiante,COMUNA 21,Oriente
1GdfIlrKQcfZ_heMJDiTPlwp95goxcmiMUyl75FKcRIs,PF DERECHOS SEXUALES Y REPRODUCTIVOS 1°C 2024,Femenino,Adolescencia (12 - 17 años),Bachiller,Estudiante,COMUNA 20,Ladera
1GdfIlrKQcfZ_heMJDiTPlwp95goxcmiMUyl75FKcRIs,PF DERECHOS SEXUALES Y REPRODUCTIVOS 1°C 2024,Femenino,Adolescencia (12 - 17 años),Bachiller,Estudiante,COMUNA 8,Norte
1GdfIlrKQcfZ_heMJDiTPlwp95goxcmiMUyl75FKcRIs,PF DERECHOS SEXUALES Y REPRODUCTIVOS 1°C 2024,Masculino,Adolescencia (12 - 17 años),Bachiller,Estudiante,COMUNA 14,Oriente
1GdfIlrKQcfZ_heMJDiTPlwp95goxcmiMUyl75FKcRIs,PF DERECHOS SEXUALES Y REPRODUCTIVOS 1°C 2024,Femenino,Adolescencia (12 - 17 años),Bachiller,Estudiante,COMUNA 6,Norte
1GdfIlrKQcfZ_heMJDiTPlwp95goxcmiMUyl75FKcRIs,PF DERECHOS SEXUALES Y REPRODUCTIVOS 1°C 2024,Femenino,Adolescencia (12 - 17 años),Bachiller,Estudiante,COMUNA 7,Oriente
1GdfIlrKQcfZ_heMJDiTPlwp95goxcmiMUyl75FKcRIs,PF DERECHOS SEXUALES Y REPRODUCTIVOS 1°C 2024,Femenino,Adolescencia (12 - 17 años),Bachiller,Estudiante,COMUNA 21,Sur Oriente
1GdfIlrKQcfZ_heMJDiTPlwp95goxcmiMUyl75FKcRIs,PF DERECHOS SEXUALES Y REPRODUCTIVOS 1°C 2024,Femenino,Adolescencia (12 - 17 años),Bachiller,Estudiante,COMUNA 20,Ladera
1GdfIlrKQcfZ_heMJDiTPlwp95goxcmiMUyl75FKcRIs,PF DERECHOS SEXUALES Y REPRODUCTIVOS 1°C 2024,Masculino,Adolescencia (12 - 17 años),Bachiller,Estudiante,COMUNA 20,Oriente
1GdfIlrKQcfZ_heMJDiTPlwp95goxcmiMUyl75FKcRIs,PF DERECHOS SEXUALES Y REPRODUCTIVOS 1°C 2024,Masculino,Adolescencia (12 - 17 años),Bachiller,Estudiante,COMUNA 10,Sur Oriente
1GdfIlrKQcfZ_heMJDiTPlwp95goxcmiMUyl75FKcRIs,PF DERECHOS SEXUALES Y REPRODUCTIVOS 1°C 2024,Masculino,Adolescencia (12 - 17 años),Bachiller,Estudiante,COMUNA 16,Sur Oriente
1GdfIlrKQcfZ_heMJDiTPlwp95goxcmiMUyl75FKcRIs,PF DERECHOS SEXUALES Y REPRODUCTIVOS 1°C 2024,Femenino,Adolescencia (12 - 17 años),Bachiller,Estudiante,COMUNA 13,Oriente
1GdfIlrKQcfZ_heMJDiTPlwp95goxcmiMUyl75FKcRIs,PF DERECHOS SEXUALES Y REPRODUCTIVOS 1°C 2024,Femenino,Adolescencia (12 - 17 años),Bachiller,Estudiante,COMUNA 16,Sur Oriente
1GdfIlrKQcfZ_heMJDiTPlwp95goxcmiMUyl75FKcRIs,PF DERECHOS SEXUALES Y REPRODUCTIVOS 1°C 2024,Femenino,Adolescencia (12 - 17 años),Bachiller,Estudiante,COMUNA 15,Oriente
1GdfIlrKQcfZ_heMJDiTPlwp95goxcmiMUyl75FKcRIs,PF DERECHOS SEXUALES Y REPRODUCTIVOS 1°C 2024,Masculino,Juventud (18 - 28 años),Bachiller,Estudiante,COMUNA 2,Sur Oriente
1GdfIlrKQcfZ_heMJDiTPlwp95goxcmiMUyl75FKcRIs,PF DERECHOS SEXUALES Y REPRODUCTIVOS 1°C 2024,Masculino,Adolescencia (12 - 17 años),Bachiller,Estudiante,COMUNA 8,Centro
1GdfIlrKQcfZ_heMJDiTPlwp95goxcmiMUyl75FKcRIs,PF DERECHOS SEXUALES Y REPRODUCTIVOS 1°C 2024,Masculino,Adolescencia (12 - 17 años),Bachiller,Estudiante,COMUNA 7,Norte
1GdfIlrKQcfZ_heMJDiTPlwp95goxcmiMUyl75FKcRIs,PF DERECHOS SEXUALES Y REPRODUCTIVOS 1°C 2024,Femenino,Adolescencia (12 - 17 años),Bachiller,Estudiante,COMUNA 6,Norte
1GdfIlrKQcfZ_heMJDiTPlwp95goxcmiMUyl75FKcRIs,PF DERECHOS SEXUALES Y REPRODUCTIVOS 1°C 2024,Femenino,Adolescencia (12 - 17 años),Bachiller,Estudiante,COMUNA 15,Sur Oriente
1GdfIlrKQcfZ_heMJDiTPlwp95goxcmiMUyl75FKcRIs,PF DERECHOS SEXUALES Y REPRODUCTIVOS 1°C 2024,Femenino,Adolescencia (12 - 17 años),Bachiller,Estudiante,COMUNA 8,Centro
1GdfIlrKQcfZ_heMJDiTPlwp95goxcmiMUyl75FKcRIs,PF DERECHOS SEXUALES Y REPRODUCTIVOS 1°C 2024,Masculino,Adolescencia (12 - 17 años),Bachiller,Estudiante,COMUNA 10,Centro
1GdfIlrKQcfZ_heMJDiTPlwp95goxcmiMUyl75FKcRIs,PF DERECHOS SEXUALES Y REPRODUCTIVOS 1°C 2024,Femenino,Adolescencia (12 - 17 años),Bachiller,Estudiante,COMUNA 22,Sur Oriente
1GdfIlrKQcfZ_heMJDiTPlwp95goxcmiMUyl75FKcRIs,PF DERECHOS SEXUALES Y REPRODUCTIVOS 1°C 2024,Femenino,Adolescencia (12 - 17 años),Bachiller,Estudiante,COMUNA 8,Ladera
1GdfIlrKQcfZ_heMJDiTPlwp95goxcmiMUyl75FKcRIs,PF DERECHOS SEXUALES Y REPRODUCTIVOS 1°C 2024,Femenino,Adolescencia (12 - 17 años),Bachiller,Estudiante,COMUNA 21,Sur Oriente
1GdfIlrKQcfZ_heMJDiTPlwp95goxcmiMUyl75FKcRIs,PF DERECHOS SEXUALES Y REPRODUCTIVOS 1°C 2024,Femenino,Adolescencia (12 - 17 años),Bachiller,Estudiante,COMUNA 16,Sur Oriente
1GdfIlrKQcfZ_heMJDiTPlwp95goxcmiMUyl75FKcRIs,PF DERECHOS SEXUALES Y REPRODUCTIVOS 1°C 2024,Masculino,Adolescencia (12 - 17 años),Bachiller,Estudiante,COMUNA 11,Sur Oriente
1GdfIlrKQcfZ_heMJDiTPlwp95goxcmiMUyl75FKcRIs,PF DERECHOS SEXUALES Y REPRODUCTIVOS 1°C 2024,Femenino,Adolescencia (12 - 17 años),Bachiller,Estudiante,COMUNA 22,Ladera
1GdfIlrKQcfZ_heMJDiTPlwp95goxcmiMUyl75FKcRIs,PF DERECHOS SEXUALES Y REPRODUCTIVOS 1°C 2024,Masculino,Adolescencia (12 - 17 años),Bachiller,Estudiante,COMUNA 8,Centro
1GdfIlrKQcfZ_heMJDiTPlwp95goxcmiMUyl75FKcRIs,PF DERECHOS SEXUALES Y REPRODUCTIVOS 1°C 2024,Femenino,Adolescencia (12 - 17 años),Bachiller,Estudiante,COMUNA 20,Ladera
1GdfIlrKQcfZ_heMJDiTPlwp95goxcmiMUyl75FKcRIs,PF DERECHOS SEXUALES Y REPRODUCTIVOS 1°C 2024,Femenino,Adolescencia (12 - 17 años),Bachiller,Estudiante,COMUNA 19,Ladera
1GdfIlrKQcfZ_heMJDiTPlwp95goxcmiMUyl75FKcRIs,PF DERECHOS SEXUALES Y REPRODUCTIVOS 1°C 2024,Masculino,Adolescencia (12 - 17 años),Bachiller,Estudiante,COMUNA 16,Sur Oriente
1GdfIlrKQcfZ_heMJDiTPlwp95goxcmiMUyl75FKcRIs,PF DERECHOS SEXUALES Y REPRODUCTIVOS 1°C 2024,Masculino,Adolescencia (12 - 17 años),Bachiller,Estudiante,COMUNA 20,Ladera
1GdfIlrKQcfZ_heMJDiTPlwp95goxcmiMUyl75FKcRIs,PF DERECHOS SEXUALES Y REPRODUCTIVOS 1°C 2024,Femenino,Adolescencia (12 - 17 años),Ninguna,Estudiante,COMUNA 13,Centro
1GdfIlrKQcfZ_heMJDiTPlwp95goxcmiMUyl75FKcRIs,PF DERECHOS SEXUALES Y REPRODUCTIVOS 1°C 2024,Femenino,Adolescencia (12 - 17 años),Bachiller,Estudiante,COMUNA 21,Norte
1GdfIlrKQcfZ_heMJDiTPlwp95goxcmiMUyl75FKcRIs,PF DERECHOS SEXUALES Y REPRODUCTIVOS 1°C 2024,Masculino,Adolescencia (12 - 17 años),Bachiller,Estudiante,COMUNA 22,Ladera
1GdfIlrKQcfZ_heMJDiTPlwp95goxcmiMUyl75FKcRIs,PF DERECHOS SEXUALES Y REPRODUCTIVOS 1°C 2024,Masculino,Adolescencia (12 - 17 años),Bachiller,Estudiante,COMUNA 18,Ladera
1GdfIlrKQcfZ_heMJDiTPlwp95goxcmiMUyl75FKcRIs,PF DERECHOS SEXUALES Y REPRODUCTIVOS 1°C 2024,Masculino,Juventud (18 - 28 años),Bachiller,Estudiante,COMUNA 9,Centro
1GdfIlrKQcfZ_heMJDiTPlwp95goxcmiMUyl75FKcRIs,PF DERECHOS SEXUALES Y REPRODUCTIVOS 1°C 2024,Femenino,Adolescencia (12 - 17 años),Bachiller,Estudiante,COMUNA 4,Norte
1GdfIlrKQcfZ_heMJDiTPlwp95goxcmiMUyl75FKcRIs,PF DERECHOS SEXUALES Y REPRODUCTIVOS 1°C 2024,Femenino,Adolescencia (12 - 17 años),Bachiller,Estudiante,COMUNA 7,Norte
1GdfIlrKQcfZ_heMJDiTPlwp95goxcmiMUyl75FKcRIs,PF DERECHOS SEXUALES Y REPRODUCTIVOS 1°C 2024,Masculino,Adolescencia (12 - 17 años),Bachiller,Estudiante,COMUNA 14,Oriente
1GdfIlrKQcfZ_heMJDiTPlwp95goxcmiMUyl75FKcRIs,PF DERECHOS SEXUALES Y REPRODUCTIVOS 1°C 2024,Femenino,Adolescencia (12 - 17 años),Bachiller,Estudiante,COMUNA 21,Oriente
1GdfIlrKQcfZ_heMJDiTPlwp95goxcmiMUyl75FKcRIs,PF DERECHOS SEXUALES Y REPRODUCTIVOS 1°C 2024,Masculino,Adolescencia (12 - 17 años),Bachiller,Estudiante,COMUNA 11,Centro
1GdfIlrKQcfZ_heMJDiTPlwp95goxcmiMUyl75FKcRIs,PF DERECHOS SEXUALES Y REPRODUCTIVOS 1°C 2024,Femenino,Adolescencia (12 - 17 años),Bachiller,Estudiante,COMUNA 3,Norte
1GdfIlrKQcfZ_heMJDiTPlwp95goxcmiMUyl75FKcRIs,PF DERECHOS SEXUALES Y REPRODUCTIVOS 1°C 2024,Masculino,Adolescencia (12 - 17 años),Bachiller,Estudiante,COMUNA 13,Ladera
1GdfIlrKQcfZ_heMJDiTPlwp95goxcmiMUyl75FKcRIs,PF DERECHOS SEXUALES Y REPRODUCTIVOS 1°C 2024,Femenino,Adolescencia (12 - 17 años),Bachiller,Estudiante,COMUNA 15,Sur Oriente
1GdfIlrKQcfZ_heMJDiTPlwp95goxcmiMUyl75FKcRIs,PF DERECHOS SEXUALES Y REPRODUCTIVOS 1°C 2024,Masculino,Adolescencia (12 - 17 años),Bachiller,Estudiante,COMUNA 20,Ladera
1GdfIlrKQcfZ_heMJDiTPlwp95goxcmiMUyl75FKcRIs,PF DERECHOS SEXUALES Y REPRODUCTIVOS 1°C 2024,Masculino,Adolescencia (12 - 17 años),Bachiller,Estudiante,COMUNA 14,Oriente
1GdfIlrKQcfZ_heMJDiTPlwp95goxcmiMUyl75FKcRIs,PF DERECHOS SEXUALES Y REPRODUCTIVOS 1°C 2024,Femenino,Adolescencia (12 - 17 años),Bachiller,Estudiante,COMUNA 6,Norte
1GdfIlrKQcfZ_heMJDiTPlwp95goxcmiMUyl75FKcRIs,PF DERECHOS SEXUALES Y REPRODUCTIVOS 1°C 2024,Masculino,Adolescencia (12 - 17 años),Bachiller,Estudiante,COMUNA 13,Oriente
1GdfIlrKQcfZ_heMJDiTPlwp95goxcmiMUyl75FKcRIs,PF DERECHOS SEXUALES Y REPRODUCTIVOS 1°C 2024,Femenino,Adolescencia (12 - 17 años),Bachiller,Estudiante,COMUNA 11,Centro
1GdfIlrKQcfZ_heMJDiTPlwp95goxcmiMUyl75FKcRIs,PF DERECHOS SEXUALES Y REPRODUCTIVOS 1°C 2024,Femenino,Adolescencia (12 - 17 años),Bachiller,Estudiante,COMUNA 16,Sur Oriente
1GdfIlrKQcfZ_heMJDiTPlwp95goxcmiMUyl75FKcRIs,PF DERECHOS SEXUALES Y REPRODUCTIVOS 1°C 2024,Femenino,Adolescencia (12 - 17 años),Bachiller,Estudiante,COMUNA 14,Centro
1GdfIlrKQcfZ_heMJDiTPlwp95goxcmiMUyl75FKcRIs,PF DERECHOS SEXUALES Y REPRODUCTIVOS 1°C 2024,Masculino,Adolescencia (12 - 17 años),Bachiller,Estudiante,COMUNA 18,Sur Oriente
1GdfIlrKQcfZ_heMJDiTPlwp95goxcmiMUyl75FKcRIs,PF DERECHOS SEXUALES Y REPRODUCTIVOS 1°C 2024,Masculino,Adolescencia (12 - 17 años),Bachiller,Estudiante,COMUNA 8,Norte
1GdfIlrKQcfZ_heMJDiTPlwp95goxcmiMUyl75FKcRIs,PF DERECHOS SEXUALES Y REPRODUCTIVOS 1°C 2024,Femenino,Adolescencia (12 - 17 años),Bachiller,Estudiante,COMUNA 17,Ladera
1GdfIlrKQcfZ_heMJDiTPlwp95goxcmiMUyl75FKcRIs,PF DERECHOS SEXUALES Y REPRODUCTIVOS 1°C 2024,Femenino,Adolescencia (12 - 17 años),Bachiller,Estudiante,COMUNA 7,Norte
1GdfIlrKQcfZ_heMJDiTPlwp95goxcmiMUyl75FKcRIs,PF DERECHOS SEXUALES Y REPRODUCTIVOS 1°C 2024,Masculino,Adolescencia (12 - 17 años),Bachiller,Estudiante,COMUNA 20,Ladera
1GdfIlrKQcfZ_heMJDiTPlwp95goxcmiMUyl75FKcRIs,PF DERECHOS SEXUALES Y REPRODUCTIVOS 1°C 2024,Femenino,Adolescencia (12 - 17 años),Bachiller,Estudiante,COMUNA 18,Sur Oriente
1GdfIlrKQcfZ_heMJDiTPlwp95goxcmiMUyl75FKcRIs,PF DERECHOS SEXUALES Y REPRODUCTIVOS 1°C 2024,Femenino,Adolescencia (12 - 17 años),Bachiller,Estudiante,COMUNA 12,Centro
1GdfIlrKQcfZ_heMJDiTPlwp95goxcmiMUyl75FKcRIs,PF DERECHOS SEXUALES Y REPRODUCTIVOS 1°C 2024,Femenino,Adolescencia (12 - 17 años),Bachiller,Estudiante,COMUNA 7,Norte
1GdfIlrKQcfZ_heMJDiTPlwp95goxcmiMUyl75FKcRIs,PF DERECHOS SEXUALES Y REPRODUCTIVOS 1°C 2024,Femenino,Adolescencia (12 - 17 años),Bachiller,Estudiante,COMUNA 15,Oriente
1GdfIlrKQcfZ_heMJDiTPlwp95goxcmiMUyl75FKcRIs,PF DERECHOS SEXUALES Y REPRODUCTIVOS 1°C 2024,Masculino,Adolescencia (12 - 17 años),Bachiller,Estudiante,COMUNA 7,Oriente
1GdfIlrKQcfZ_heMJDiTPlwp95goxcmiMUyl75FKcRIs,PF DERECHOS SEXUALES Y REPRODUCTIVOS 1°C 2024,Masculino,Adolescencia (12 - 17 años),Bachiller,Estudiante,COMUNA 16,Norte
1GdfIlrKQcfZ_heMJDiTPlwp95goxcmiMUyl75FKcRIs,PF DERECHOS SEXUALES Y REPRODUCTIVOS 1°C 2024,Femenino,Adolescencia (12 - 17 años),Bachiller,Estudiante,COMUNA 18,Ladera
1GdfIlrKQcfZ_heMJDiTPlwp95goxcmiMUyl75FKcRIs,PF DERECHOS SEXUALES Y REPRODUCTIVOS 1°C 2024,Femenino,Adolescencia (12 - 17 años),Bachiller,Estudiante,COMUNA 21,Norte
1GdfIlrKQcfZ_heMJDiTPlwp95goxcmiMUyl75FKcRIs,PF DERECHOS SEXUALES Y REPRODUCTIVOS 1°C 2024,Femenino,Adolescencia (12 - 17 años),Bachiller,Estudiante,COMUNA 21,Norte
1GdfIlrKQcfZ_heMJDiTPlwp95goxcmiMUyl75FKcRIs,PF DERECHOS SEXUALES Y REPRODUCTIVOS 1°C 2024,Masculino,Adolescencia (12 - 17 años),Bachiller,Estudiante,COMUNA 15,Sur Oriente
1GdfIlrKQcfZ_heMJDiTPlwp95goxcmiMUyl75FKcRIs,PF DERECHOS SEXUALES Y REPRODUCTIVOS 1°C 2024,Masculino,Adolescencia (12 - 17 años),Bachiller,Estudiante,COMUNA 20,Ladera
1GdfIlrKQcfZ_heMJDiTPlwp95goxcmiMUyl75FKcRIs,PF DERECHOS SEXUALES Y REPRODUCTIVOS 1°C 2024,Femenino,Adolescencia (12 - 17 años),Bachiller,Estudiante,COMUNA 10,Centro
1GdfIlrKQcfZ_heMJDiTPlwp95goxcmiMUyl75FKcRIs,PF DERECHOS SEXUALES Y REPRODUCTIVOS 1°C 2024,Masculino,Adolescencia (12 - 17 años),Bachiller,Estudiante,COMUNA 14,Oriente
1GdfIlrKQcfZ_heMJDiTPlwp95goxcmiMUyl75FKcRIs,PF DERECHOS SEXUALES Y REPRODUCTIVOS 1°C 2024,Masculino,Juventud (18 - 28 años),Bachiller,Estudiante,COMUNA 16,Oriente
1GdfIlrKQcfZ_heMJDiTPlwp95goxcmiMUyl75FKcRIs,PF DERECHOS SEXUALES Y REPRODUCTIVOS 1°C 2024,Masculino,Adolescencia (12 - 17 años),Bachiller,Estudiante,COMUNA 16,Sur Oriente
1GdfIlrKQcfZ_heMJDiTPlwp95goxcmiMUyl75FKcRIs,PF DERECHOS SEXUALES Y REPRODUCTIVOS 1°C 2024,Masculino,Adolescencia (12 - 17 años),Bachiller,Estudiante,COMUNA 10,Norte
1GdfIlrKQcfZ_heMJDiTPlwp95goxcmiMUyl75FKcRIs,PF DERECHOS SEXUALES Y REPRODUCTIVOS 1°C 2024,Femenino,Adolescencia (12 - 17 años),Bachiller,Estudiante,COMUNA 14,Oriente
1GdfIlrKQcfZ_heMJDiTPlwp95goxcmiMUyl75FKcRIs,PF DERECHOS SEXUALES Y REPRODUCTIVOS 1°C 2024,Masculino,Adolescencia (12 - 17 años),Bachiller,Estudiante,COMUNA 18,Ladera
1GdfIlrKQcfZ_heMJDiTPlwp95goxcmiMUyl75FKcRIs,PF DERECHOS SEXUALES Y REPRODUCTIVOS 1°C 2024,Femenino,Adolescencia (12 - 17 años),Bachiller,Estudiante,COMUNA 13,Norte
1GdfIlrKQcfZ_heMJDiTPlwp95goxcmiMUyl75FKcRIs,PF DERECHOS SEXUALES Y REPRODUCTIVOS 1°C 2024,Femenino,Adolescencia (12 - 17 años),Bachiller,Estudiante,COMUNA 10,Centro
1GdfIlrKQcfZ_heMJDiTPlwp95goxcmiMUyl75FKcRIs,PF DERECHOS SEXUALES Y REPRODUCTIVOS 1°C 2024,Femenino,Adolescencia (12 - 17 años),Ninguna,Estudiante,COMUNA 14,Sur Oriente
1GdfIlrKQcfZ_heMJDiTPlwp95goxcmiMUyl75FKcRIs,PF DERECHOS SEXUALES Y REPRODUCTIVOS 1°C 2024,Femenino,Adolescencia (12 - 17 años),Bachiller,Estudiante,COMUNA 11,Sur Oriente
1GdfIlrKQcfZ_heMJDiTPlwp95goxcmiMUyl75FKcRIs,PF DERECHOS SEXUALES Y REPRODUCTIVOS 1°C 2024,Masculino,Adolescencia (12 - 17 años),Bachiller,Estudiante,COMUNA 16,Sur Oriente
1GdfIlrKQcfZ_heMJDiTPlwp95goxcmiMUyl75FKcRIs,PF DERECHOS SEXUALES Y REPRODUCTIVOS 1°C 2024,Femenino,Adolescencia (12 - 17 años),Bachiller,Estudiante,COMUNA 16,Sur Oriente
1GdfIlrKQcfZ_heMJDiTPlwp95goxcmiMUyl75FKcRIs,PF DERECHOS SEXUALES Y REPRODUCTIVOS 1°C 2024,Masculino,Adolescencia (12 - 17 años),Bachiller,Estudiante,COMUNA 21,Norte
1GdfIlrKQcfZ_heMJDiTPlwp95goxcmiMUyl75FKcRIs,PF DERECHOS SEXUALES Y REPRODUCTIVOS 1°C 2024,Masculino,Adolescencia (12 - 17 años),Bachiller,Estudiante,COMUNA 15,Sur Oriente
1GdfIlrKQcfZ_heMJDiTPlwp95goxcmiMUyl75FKcRIs,PF DERECHOS SEXUALES Y REPRODUCTIVOS 1°C 2024,Masculino,Adolescencia (12 - 17 años),Bachiller,Estudiante,COMUNA 16,Sur Oriente
1GdfIlrKQcfZ_heMJDiTPlwp95goxcmiMUyl75FKcRIs,PF DERECHOS SEXUALES Y REPRODUCTIVOS 1°C 2024,Femenino,Adolescencia (12 - 17 años),Bachiller,Estudiante,COMUNA 11,Centro
1GdfIlrKQcfZ_heMJDiTPlwp95goxcmiMUyl75FKcRIs,PF DERECHOS SEXUALES Y REPRODUCTIVOS 1°C 2024,Masculino,Adolescencia (12 - 17 años),Bachiller,Estudiante,COMUNA 15,Oriente
1GdfIlrKQcfZ_heMJDiTPlwp95goxcmiMUyl75FKcRIs,PF DERECHOS SEXUALES Y REPRODUCTIVOS 1°C 2024,Masculino,Juventud (18 - 28 años),Pregrado,Estudiante,COMUNA 21,Oriente
1GdfIlrKQcfZ_heMJDiTPlwp95goxcmiMUyl75FKcRIs,PF DERECHOS SEXUALES Y REPRODUCTIVOS 1°C 2024,Masculino,Adolescencia (12 - 17 años),Bachiller,Estudiante,COMUNA 10,Centro
1GdfIlrKQcfZ_heMJDiTPlwp95goxcmiMUyl75FKcRIs,PF DERECHOS SEXUALES Y REPRODUCTIVOS 1°C 2024,Femenino,Adolescencia (12 - 17 años),Bachiller,Estudiante,COMUNA 10,Centro
1GdfIlrKQcfZ_heMJDiTPlwp95goxcmiMUyl75FKcRIs,PF DERECHOS SEXUALES Y REPRODUCTIVOS 1°C 2024,Femenino,Adolescencia (12 - 17 años),Bachiller,Estudiante,COMUNA 16,Norte
1GdfIlrKQcfZ_heMJDiTPlwp95goxcmiMUyl75FKcRIs,PF DERECHOS SEXUALES Y REPRODUCTIVOS 1°C 2024,Femenino,Adolescencia (12 - 17 años),Bachiller,Estudiante,COMUNA 22,Sur Oriente
1GdfIlrKQcfZ_heMJDiTPlwp95goxcmiMUyl75FKcRIs,PF DERECHOS SEXUALES Y REPRODUCTIVOS 1°C 2024,Femenino,Adolescencia (12 - 17 años),Bachiller,Estudiante,COMUNA 6,Norte
1GdfIlrKQcfZ_heMJDiTPlwp95goxcmiMUyl75FKcRIs,PF DERECHOS SEXUALES Y REPRODUCTIVOS 1°C 2024,Masculino,Adolescencia (12 - 17 años),Bachiller,Estudiante,COMUNA 14,Oriente
1GdfIlrKQcfZ_heMJDiTPlwp95goxcmiMUyl75FKcRIs,PF DERECHOS SEXUALES Y REPRODUCTIVOS 1°C 2024,Femenino,Adolescencia (12 - 17 años),Bachiller,Estudiante,COMUNA 18,Ladera
1GdfIlrKQcfZ_heMJDiTPlwp95goxcmiMUyl75FKcRIs,PF DERECHOS SEXUALES Y REPRODUCTIVOS 1°C 2024,Masculino,Adolescencia (12 - 17 años),Bachiller,Estudiante,COMUNA 16,Sur Oriente
1GdfIlrKQcfZ_heMJDiTPlwp95goxcmiMUyl75FKcRIs,PF DERECHOS SEXUALES Y REPRODUCTIVOS 1°C 2024,Masculino,Adolescencia (12 - 17 años),Bachiller,Estudiante,COMUNA 8,Centro
1GdfIlrKQcfZ_heMJDiTPlwp95goxcmiMUyl75FKcRIs,PF DERECHOS SEXUALES Y REPRODUCTIVOS 1°C 2024,Femenino,Adolescencia (12 - 17 años),Bachiller,Estudiante,COMUNA 1,Oriente
1GdfIlrKQcfZ_heMJDiTPlwp95goxcmiMUyl75FKcRIs,PF DERECHOS SEXUALES Y REPRODUCTIVOS 1°C 2024,Femenino,Adolescencia (12 - 17 años),Bachiller,Estudiante,COMUNA 15,Sur Oriente
1GdfIlrKQcfZ_heMJDiTPlwp95goxcmiMUyl75FKcRIs,PF DERECHOS SEXUALES Y REPRODUCTIVOS 1°C 2024,Femenino,Adolescencia (12 - 17 años),Bachiller,Estudiante,COMUNA 11,Centro
1GdfIlrKQcfZ_heMJDiTPlwp95goxcmiMUyl75FKcRIs,PF DERECHOS SEXUALES Y REPRODUCTIVOS 1°C 2024,Femenino,Adolescencia (12 - 17 años),Bachiller,Estudiante,COMUNA 13,Norte
1GdfIlrKQcfZ_heMJDiTPlwp95goxcmiMUyl75FKcRIs,PF DERECHOS SEXUALES Y REPRODUCTIVOS 1°C 2024,Masculino,Adolescencia (12 - 17 años),Bachiller,Estudiante,COMUNA 11,Centro
1GdfIlrKQcfZ_heMJDiTPlwp95goxcmiMUyl75FKcRIs,PF DERECHOS SEXUALES Y REPRODUCTIVOS 1°C 2024,Femenino,Adolescencia (12 - 17 años),Bachiller,Estudiante,COMUNA 15,Ladera
1GdfIlrKQcfZ_heMJDiTPlwp95goxcmiMUyl75FKcRIs,PF DERECHOS SEXUALES Y REPRODUCTIVOS 1°C 2024,Femenino,Adolescencia (12 - 17 años),Bachiller,Estudiante,COMUNA 11,Oriente
1GdfIlrKQcfZ_heMJDiTPlwp95goxcmiMUyl75FKcRIs,PF DERECHOS SEXUALES Y REPRODUCTIVOS 1°C 2024,Femenino,Adolescencia (12 - 17 años),Bachiller,Estudiante,COMUNA 9,Centro
1GdfIlrKQcfZ_heMJDiTPlwp95goxcmiMUyl75FKcRIs,PF DERECHOS SEXUALES Y REPRODUCTIVOS 1°C 2024,Femenino,Adolescencia (12 - 17 años),Pregrado,Estudiante,COMUNA 20,Ladera
1GdfIlrKQcfZ_heMJDiTPlwp95goxcmiMUyl75FKcRIs,PF DERECHOS SEXUALES Y REPRODUCTIVOS 1°C 2024,Masculino,Juventud (18 - 28 años),Bachiller,Estudiante,COMUNA 7,Norte
1GdfIlrKQcfZ_heMJDiTPlwp95goxcmiMUyl75FKcRIs,PF DERECHOS SEXUALES Y REPRODUCTIVOS 1°C 2024,Femenino,Adolescencia (12 - 17 años),Bachiller,Estudiante,COMUNA 6,Norte
1GdfIlrKQcfZ_heMJDiTPlwp95goxcmiMUyl75FKcRIs,PF DERECHOS SEXUALES Y REPRODUCTIVOS 1°C 2024,Masculino,Adolescencia (12 - 17 años),Bachiller,Área de la salud,COMUNA 6,Norte
1GdfIlrKQcfZ_heMJDiTPlwp95goxcmiMUyl75FKcRIs,PF DERECHOS SEXUALES Y REPRODUCTIVOS 1°C 2024,Masculino,Adolescencia (12 - 17 años),Bachiller,Estudiante,COMUNA 8,Centro
1GdfIlrKQcfZ_heMJDiTPlwp95goxcmiMUyl75FKcRIs,PF DERECHOS SEXUALES Y REPRODUCTIVOS 1°C 2024,Masculino,Adolescencia (12 - 17 años),Bachiller,Estudiante,COMUNA 21,Oriente
1GdfIlrKQcfZ_heMJDiTPlwp95goxcmiMUyl75FKcRIs,PF DERECHOS SEXUALES Y REPRODUCTIVOS 1°C 2024,Femenino,Adolescencia (12 - 17 años),Bachiller,Estudiante,COMUNA 13,Norte
1GdfIlrKQcfZ_heMJDiTPlwp95goxcmiMUyl75FKcRIs,PF DERECHOS SEXUALES Y REPRODUCTIVOS 1°C 2024,Masculino,Adolescencia (12 - 17 años),Bachiller,Estudiante,COMUNA 21,Oriente
1GdfIlrKQcfZ_heMJDiTPlwp95goxcmiMUyl75FKcRIs,PF DERECHOS SEXUALES Y REPRODUCTIVOS 1°C 2024,Masculino,Adolescencia (12 - 17 años),Bachiller,Estudiante,COMUNA 18,Ladera
1GdfIlrKQcfZ_heMJDiTPlwp95goxcmiMUyl75FKcRIs,PF DERECHOS SEXUALES Y REPRODUCTIVOS 1°C 2024,Femenino,Adolescencia (12 - 17 años),Bachiller,Estudiante,COMUNA 6,Norte
1GdfIlrKQcfZ_heMJDiTPlwp95goxcmiMUyl75FKcRIs,PF DERECHOS SEXUALES Y REPRODUCTIVOS 1°C 2024,Masculino,Adolescencia (12 - 17 años),Ninguna,Estudiante,COMUNA 14,Oriente
1GdfIlrKQcfZ_heMJDiTPlwp95goxcmiMUyl75FKcRIs,PF DERECHOS SEXUALES Y REPRODUCTIVOS 1°C 2024,Femenino,Adolescencia (12 - 17 años),Bachiller,Estudiante,COMUNA 8,Norte
1GdfIlrKQcfZ_heMJDiTPlwp95goxcmiMUyl75FKcRIs,PF DERECHOS SEXUALES Y REPRODUCTIVOS 1°C 2024,Femenino,Juventud (18 - 28 años),Bachiller,Área de la salud,COMUNA 6,Norte
1GdfIlrKQcfZ_heMJDiTPlwp95goxcmiMUyl75FKcRIs,PF DERECHOS SEXUALES Y REPRODUCTIVOS 1°C 2024,Masculino,Adolescencia (12 - 17 años),Bachiller,Estudiante,COMUNA 10,Centro
1GdfIlrKQcfZ_heMJDiTPlwp95goxcmiMUyl75FKcRIs,PF DERECHOS SEXUALES Y REPRODUCTIVOS 1°C 2024,Masculino,Adolescencia (12 - 17 años),Bachiller,Estudiante,COMUNA 21,Oriente
1GdfIlrKQcfZ_heMJDiTPlwp95goxcmiMUyl75FKcRIs,PF DERECHOS SEXUALES Y REPRODUCTIVOS 1°C 2024,Masculino,Adolescencia (12 - 17 años),Bachiller,Estudiante,COMUNA 21,Oriente
1GdfIlrKQcfZ_heMJDiTPlwp95goxcmiMUyl75FKcRIs,PF DERECHOS SEXUALES Y REPRODUCTIVOS 1°C 2024,Masculino,Adolescencia (12 - 17 años),Bachiller,Estudiante,COMUNA 21,Oriente
1GdfIlrKQcfZ_heMJDiTPlwp95goxcmiMUyl75FKcRIs,PF DERECHOS SEXUALES Y REPRODUCTIVOS 1°C 2024,Femenino,Adolescencia (12 - 17 años),Bachiller,Estudiante,C. DE PANCE,Ladera
1GdfIlrKQcfZ_heMJDiTPlwp95goxcmiMUyl75FKcRIs,PF DERECHOS SEXUALES Y REPRODUCTIVOS 1°C 2024,Masculino,Adolescencia (12 - 17 años),Bachiller,Estudiante,COMUNA 18,Ladera
1GdfIlrKQcfZ_heMJDiTPlwp95goxcmiMUyl75FKcRIs,PF DERECHOS SEXUALES Y REPRODUCTIVOS 1°C 2024,Femenino,Adolescencia (12 - 17 años),Bachiller,Estudiante,COMUNA 4,Norte
1GdfIlrKQcfZ_heMJDiTPlwp95goxcmiMUyl75FKcRIs,PF DERECHOS SEXUALES Y REPRODUCTIVOS 1°C 2024,Femenino,Adolescencia (12 - 17 años),Bachiller,Estudiante,COMUNA 18,Ladera
1GdfIlrKQcfZ_heMJDiTPlwp95goxcmiMUyl75FKcRIs,PF DERECHOS SEXUALES Y REPRODUCTIVOS 1°C 2024,Femenino,Adolescencia (12 - 17 años),Bachiller,Estudiante,COMUNA 10,Sur Oriente
1GdfIlrKQcfZ_heMJDiTPlwp95goxcmiMUyl75FKcRIs,PF DERECHOS SEXUALES Y REPRODUCTIVOS 1°C 2024,Masculino,Adolescencia (12 - 17 años),Bachiller,Estudiante,COMUNA 20,Ladera
1GdfIlrKQcfZ_heMJDiTPlwp95goxcmiMUyl75FKcRIs,PF DERECHOS SEXUALES Y REPRODUCTIVOS 1°C 2024,Masculino,Adolescencia (12 - 17 años),Bachiller,Estudiante,COMUNA 21,Oriente
1GdfIlrKQcfZ_heMJDiTPlwp95goxcmiMUyl75FKcRIs,PF DERECHOS SEXUALES Y REPRODUCTIVOS 1°C 2024,Femenino,Adolescencia (12 - 17 años),Bachiller,Estudiante,COMUNA 16,Sur Oriente
1GdfIlrKQcfZ_heMJDiTPlwp95goxcmiMUyl75FKcRIs,PF DERECHOS SEXUALES Y REPRODUCTIVOS 1°C 2024,Femenino,Juventud (18 - 28 años),Bachiller,Estudiante,COMUNA 7,Norte
1GdfIlrKQcfZ_heMJDiTPlwp95goxcmiMUyl75FKcRIs,PF DERECHOS SEXUALES Y REPRODUCTIVOS 1°C 2024,Femenino,Adolescencia (12 - 17 años),Bachiller,Estudiante,COMUNA 14,Oriente
1GdfIlrKQcfZ_heMJDiTPlwp95goxcmiMUyl75FKcRIs,PF DERECHOS SEXUALES Y REPRODUCTIVOS 1°C 2024,Femenino,Adolescencia (12 - 17 años),Bachiller,Estudiante,COMUNA 14,Oriente
1GdfIlrKQcfZ_heMJDiTPlwp95goxcmiMUyl75FKcRIs,PF DERECHOS SEXUALES Y REPRODUCTIVOS 1°C 2024,Femenino,Adolescencia (12 - 17 años),Bachiller,Estudiante,COMUNA 20,Ladera
1GdfIlrKQcfZ_heMJDiTPlwp95goxcmiMUyl75FKcRIs,PF DERECHOS SEXUALES Y REPRODUCTIVOS 1°C 2024,Femenino,Adolescencia (12 - 17 años),Bachiller,Estudiante,COMUNA 8,Oriente
1GdfIlrKQcfZ_heMJDiTPlwp95goxcmiMUyl75FKcRIs,PF DERECHOS SEXUALES Y REPRODUCTIVOS 1°C 2024,Femenino,Adolescencia (12 - 17 años),Bachiller,Estudiante,C. DE PANCE,Centro
1GdfIlrKQcfZ_heMJDiTPlwp95goxcmiMUyl75FKcRIs,PF DERECHOS SEXUALES Y REPRODUCTIVOS 1°C 2024,Femenino,Adolescencia (12 - 17 años),Bachiller,Estudiante,COMUNA 6,Norte
1GdfIlrKQcfZ_heMJDiTPlwp95goxcmiMUyl75FKcRIs,PF DERECHOS SEXUALES Y REPRODUCTIVOS 1°C 2024,Masculino,Adolescencia (12 - 17 años),Pregrado,Estudiante,COMUNA 13,Oriente
1GdfIlrKQcfZ_heMJDiTPlwp95goxcmiMUyl75FKcRIs,PF DERECHOS SEXUALES Y REPRODUCTIVOS 1°C 2024,Femenino,Adolescencia (12 - 17 años),Bachiller,Estudiante,COMUNA 13,Oriente
1GdfIlrKQcfZ_heMJDiTPlwp95goxcmiMUyl75FKcRIs,PF DERECHOS SEXUALES Y REPRODUCTIVOS 1°C 2024,Masculino,Adolescencia (12 - 17 años),Bachiller,Estudiante,COMUNA 5,Ladera
1GdfIlrKQcfZ_heMJDiTPlwp95goxcmiMUyl75FKcRIs,PF DERECHOS SEXUALES Y REPRODUCTIVOS 1°C 2024,Femenino,Adolescencia (12 - 17 años),Bachiller,Estudiante,COMUNA 6,Norte
1GdfIlrKQcfZ_heMJDiTPlwp95goxcmiMUyl75FKcRIs,PF DERECHOS SEXUALES Y REPRODUCTIVOS 1°C 2024,Masculino,Adolescencia (12 - 17 años),Pregrado,Estudiante,COMUNA 21,Oriente
1GdfIlrKQcfZ_heMJDiTPlwp95goxcmiMUyl75FKcRIs,PF DERECHOS SEXUALES Y REPRODUCTIVOS 1°C 2024,Masculino,Adolescencia (12 - 17 años),Bachiller,Estudiante,COMUNA 15,Ladera
1GdfIlrKQcfZ_heMJDiTPlwp95goxcmiMUyl75FKcRIs,PF DERECHOS SEXUALES Y REPRODUCTIVOS 1°C 2024,Femenino,Adolescencia (12 - 17 años),Bachiller,Estudiante,COMUNA 11,Sur Oriente
1GdfIlrKQcfZ_heMJDiTPlwp95goxcmiMUyl75FKcRIs,PF DERECHOS SEXUALES Y REPRODUCTIVOS 1°C 2024,Masculino,Adolescencia (12 - 17 años),Bachiller,Estudiante,COMUNA 7,Norte
1GdfIlrKQcfZ_heMJDiTPlwp95goxcmiMUyl75FKcRIs,PF DERECHOS SEXUALES Y REPRODUCTIVOS 1°C 2024,Masculino,Juventud (18 - 28 años),Bachiller,Estudiante,COMUNA 12,Norte
1GdfIlrKQcfZ_heMJDiTPlwp95goxcmiMUyl75FKcRIs,PF DERECHOS SEXUALES Y REPRODUCTIVOS 1°C 2024,Masculino,Juventud (18 - 28 años),Bachiller,Estudiante,COMUNA 10,Norte
1GdfIlrKQcfZ_heMJDiTPlwp95goxcmiMUyl75FKcRIs,PF DERECHOS SEXUALES Y REPRODUCTIVOS 1°C 2024,Masculino,Adolescencia (12 - 17 años),Bachiller,Estudiante,COMUNA 18,Ladera
1GdfIlrKQcfZ_heMJDiTPlwp95goxcmiMUyl75FKcRIs,PF DERECHOS SEXUALES Y REPRODUCTIVOS 1°C 2024,Femenino,Adolescencia (12 - 17 años),Bachiller,Estudiante,COMUNA 1,Norte
1GdfIlrKQcfZ_heMJDiTPlwp95goxcmiMUyl75FKcRIs,PF DERECHOS SEXUALES Y REPRODUCTIVOS 1°C 2024,Femenino,Adolescencia (12 - 17 años),Ninguna,Estudiante,COMUNA 13,Oriente
1GdfIlrKQcfZ_heMJDiTPlwp95goxcmiMUyl75FKcRIs,PF DERECHOS SEXUALES Y REPRODUCTIVOS 1°C 2024,Masculino,Adolescencia (12 - 17 años),Pregrado,Estudiante,COMUNA 14,Oriente
1GdfIlrKQcfZ_heMJDiTPlwp95goxcmiMUyl75FKcRIs,PF DERECHOS SEXUALES Y REPRODUCTIVOS 1°C 2024,Femenino,Adolescencia (12 - 17 años),Bachiller,Estudiante,COMUNA 18,Sur Oriente
1GdfIlrKQcfZ_heMJDiTPlwp95goxcmiMUyl75FKcRIs,PF DERECHOS SEXUALES Y REPRODUCTIVOS 1°C 2024,Masculino,Adolescencia (12 - 17 años),Bachiller,Estudiante,COMUNA 8,Norte
1GdfIlrKQcfZ_heMJDiTPlwp95goxcmiMUyl75FKcRIs,PF DERECHOS SEXUALES Y REPRODUCTIVOS 1°C 2024,Masculino,Adolescencia (12 - 17 años),Bachiller,Estudiante,COMUNA 14,Oriente
1GdfIlrKQcfZ_heMJDiTPlwp95goxcmiMUyl75FKcRIs,PF DERECHOS SEXUALES Y REPRODUCTIVOS 1°C 2024,Femenino,Adolescencia (12 - 17 años),Bachiller,Estudiante,COMUNA 6,Norte
1GdfIlrKQcfZ_heMJDiTPlwp95goxcmiMUyl75FKcRIs,PF DERECHOS SEXUALES Y REPRODUCTIVOS 1°C 2024,Masculino,Adolescencia (12 - 17 años),Bachiller,Estudiante,COMUNA 19,Ladera
1GdfIlrKQcfZ_heMJDiTPlwp95goxcmiMUyl75FKcRIs,PF DERECHOS SEXUALES Y REPRODUCTIVOS 1°C 2024,Femenino,Adolescencia (12 - 17 años),Bachiller,Estudiante,COMUNA 14,Oriente
1GdfIlrKQcfZ_heMJDiTPlwp95goxcmiMUyl75FKcRIs,PF DERECHOS SEXUALES Y REPRODUCTIVOS 1°C 2024,Femenino,Adolescencia (12 - 17 años),Bachiller,Estudiante,COMUNA 11,Centro
1GdfIlrKQcfZ_heMJDiTPlwp95goxcmiMUyl75FKcRIs,PF DERECHOS SEXUALES Y REPRODUCTIVOS 1°C 2024,Femenino,Adolescencia (12 - 17 años),Bachiller,Estudiante,COMUNA 20,Ladera
1GdfIlrKQcfZ_heMJDiTPlwp95goxcmiMUyl75FKcRIs,PF DERECHOS SEXUALES Y REPRODUCTIVOS 1°C 2024,Masculino,Adolescencia (12 - 17 años),Bachiller,Estudiante,COMUNA 21,Oriente
1GdfIlrKQcfZ_heMJDiTPlwp95goxcmiMUyl75FKcRIs,PF DERECHOS SEXUALES Y REPRODUCTIVOS 1°C 2024,Femenino,Adolescencia (12 - 17 años),Bachiller,Estudiante,COMUNA 16,Sur Oriente
1GdfIlrKQcfZ_heMJDiTPlwp95goxcmiMUyl75FKcRIs,PF DERECHOS SEXUALES Y REPRODUCTIVOS 1°C 2024,Femenino,Adolescencia (12 - 17 años),Bachiller,Estudiante,COMUNA 7,Norte
1GdfIlrKQcfZ_heMJDiTPlwp95goxcmiMUyl75FKcRIs,PF DERECHOS SEXUALES Y REPRODUCTIVOS 1°C 2024,Femenino,Adolescencia (12 - 17 años),Bachiller,Estudiante,COMUNA 13,Oriente
1GdfIlrKQcfZ_heMJDiTPlwp95goxcmiMUyl75FKcRIs,PF DERECHOS SEXUALES Y REPRODUCTIVOS 1°C 2024,Femenino,Adolescencia (12 - 17 años),Bachiller,Estudiante,COMUNA 21,Oriente
1GdfIlrKQcfZ_heMJDiTPlwp95goxcmiMUyl75FKcRIs,PF DERECHOS SEXUALES Y REPRODUCTIVOS 1°C 2024,Femenino,Adolescencia (12 - 17 años),Bachiller,Estudiante,COMUNA 2,Centro
1GdfIlrKQcfZ_heMJDiTPlwp95goxcmiMUyl75FKcRIs,PF DERECHOS SEXUALES Y REPRODUCTIVOS 1°C 2024,Femenino,Adolescencia (12 - 17 años),Bachiller,Estudiante,COMUNA 15,Sur Oriente
1GdfIlrKQcfZ_heMJDiTPlwp95goxcmiMUyl75FKcRIs,PF DERECHOS SEXUALES Y REPRODUCTIVOS 1°C 2024,Femenino,Adolescencia (12 - 17 años),Bachiller,Estudiante,C. DE PANCE,Sur Oriente
1GdfIlrKQcfZ_heMJDiTPlwp95goxcmiMUyl75FKcRIs,PF DERECHOS SEXUALES Y REPRODUCTIVOS 1°C 2024,Femenino,Adolescencia (12 - 17 años),Bachiller,Estudiante,COMUNA 20,Sur Oriente
1GdfIlrKQcfZ_heMJDiTPlwp95goxcmiMUyl75FKcRIs,PF DERECHOS SEXUALES Y REPRODUCTIVOS 1°C 2024,Femenino,Adolescencia (12 - 17 años),Bachiller,Estudiante,COMUNA 11,Oriente
1GdfIlrKQcfZ_heMJDiTPlwp95goxcmiMUyl75FKcRIs,PF DERECHOS SEXUALES Y REPRODUCTIVOS 1°C 2024,Masculino,Adolescencia (12 - 17 años),Bachiller,Estudiante,COMUNA 15,Oriente
1GdfIlrKQcfZ_heMJDiTPlwp95goxcmiMUyl75FKcRIs,PF DERECHOS SEXUALES Y REPRODUCTIVOS 1°C 2024,Femenino,Adolescencia (12 - 17 años),Bachiller,Estudiante,COMUNA 15,Centro
1GdfIlrKQcfZ_heMJDiTPlwp95goxcmiMUyl75FKcRIs,PF DERECHOS SEXUALES Y REPRODUCTIVOS 1°C 2024,Femenino,Adolescencia (12 - 17 años),Bachiller,Estudiante,COMUNA 18,Ladera
1GdfIlrKQcfZ_heMJDiTPlwp95goxcmiMUyl75FKcRIs,PF DERECHOS SEXUALES Y REPRODUCTIVOS 1°C 2024,Masculino,Adolescencia (12 - 17 años),Pregrado,Estudiante,COMUNA 20,Ladera
1GdfIlrKQcfZ_heMJDiTPlwp95goxcmiMUyl75FKcRIs,PF DERECHOS SEXUALES Y REPRODUCTIVOS 1°C 2024,Femenino,Adolescencia (12 - 17 años),Bachiller,Estudiante,COMUNA 11,Sur Oriente
1GdfIlrKQcfZ_heMJDiTPlwp95goxcmiMUyl75FKcRIs,PF DERECHOS SEXUALES Y REPRODUCTIVOS 1°C 2024,Femenino,Adolescencia (12 - 17 años),Bachiller,Estudiante,COMUNA 18,Ladera
1GdfIlrKQcfZ_heMJDiTPlwp95goxcmiMUyl75FKcRIs,PF DERECHOS SEXUALES Y REPRODUCTIVOS 1°C 2024,Femenino,Adolescencia (12 - 17 años),Bachiller,Estudiante,COMUNA 4,Sur Oriente
1GdfIlrKQcfZ_heMJDiTPlwp95goxcmiMUyl75FKcRIs,PF DERECHOS SEXUALES Y REPRODUCTIVOS 1°C 2024,Femenino,Adolescencia (12 - 17 años),Bachiller,Estudiante,COMUNA 20,Ladera
1GdfIlrKQcfZ_heMJDiTPlwp95goxcmiMUyl75FKcRIs,PF DERECHOS SEXUALES Y REPRODUCTIVOS 1°C 2024,Femenino,Adolescencia (12 - 17 años),Bachiller,Estudiante,COMUNA 7,Norte
1GdfIlrKQcfZ_heMJDiTPlwp95goxcmiMUyl75FKcRIs,PF DERECHOS SEXUALES Y REPRODUCTIVOS 1°C 2024,Femenino,Adolescencia (12 - 17 años),Bachiller,Estudiante,COMUNA 8,Centro
1GdfIlrKQcfZ_heMJDiTPlwp95goxcmiMUyl75FKcRIs,PF DERECHOS SEXUALES Y REPRODUCTIVOS 1°C 2024,Femenino,Adolescencia (12 - 17 años),Bachiller,Estudiante,COMUNA 10,Centro
1GdfIlrKQcfZ_heMJDiTPlwp95goxcmiMUyl75FKcRIs,PF DERECHOS SEXUALES Y REPRODUCTIVOS 1°C 2024,Masculino,Adolescencia (12 - 17 años),Bachiller,Estudiante,COMUNA 12,Ladera
1GdfIlrKQcfZ_heMJDiTPlwp95goxcmiMUyl75FKcRIs,PF DERECHOS SEXUALES Y REPRODUCTIVOS 1°C 2024,Masculino,Adolescencia (12 - 17 años),Bachiller,Estudiante,COMUNA 15,Oriente
1GdfIlrKQcfZ_heMJDiTPlwp95goxcmiMUyl75FKcRIs,PF DERECHOS SEXUALES Y REPRODUCTIVOS 1°C 2024,Femenino,Adolescencia (12 - 17 años),Bachiller,Estudiante,COMUNA 10,Sur Oriente
1GdfIlrKQcfZ_heMJDiTPlwp95goxcmiMUyl75FKcRIs,PF DERECHOS SEXUALES Y REPRODUCTIVOS 1°C 2024,Femenino,Adolescencia (12 - 17 años),Bachiller,Estudiante,COMUNA 15,Sur Oriente
1GdfIlrKQcfZ_heMJDiTPlwp95goxcmiMUyl75FKcRIs,PF DERECHOS SEXUALES Y REPRODUCTIVOS 1°C 2024,Femenino,Adolescencia (12 - 17 años),Bachiller,Estudiante,COMUNA 7,Norte
1GdfIlrKQcfZ_heMJDiTPlwp95goxcmiMUyl75FKcRIs,PF DERECHOS SEXUALES Y REPRODUCTIVOS 1°C 2024,Masculino,Adolescencia (12 - 17 años),Bachiller,Estudiante,COMUNA 17,Sur Oriente
1GdfIlrKQcfZ_heMJDiTPlwp95goxcmiMUyl75FKcRIs,PF DERECHOS SEXUALES Y REPRODUCTIVOS 1°C 2024,Femenino,Adolescencia (12 - 17 años),Bachiller,Estudiante,COMUNA 21,Norte
1GdfIlrKQcfZ_heMJDiTPlwp95goxcmiMUyl75FKcRIs,PF DERECHOS SEXUALES Y REPRODUCTIVOS 1°C 2024,Masculino,Adolescencia (12 - 17 años),Bachiller,Estudiante,COMUNA 20,Ladera
1GdfIlrKQcfZ_heMJDiTPlwp95goxcmiMUyl75FKcRIs,PF DERECHOS SEXUALES Y REPRODUCTIVOS 1°C 2024,Femenino,Adolescencia (12 - 17 años),Pregrado,Área de la salud,COMUNA 6,Norte
1GdfIlrKQcfZ_heMJDiTPlwp95goxcmiMUyl75FKcRIs,PF DERECHOS SEXUALES Y REPRODUCTIVOS 1°C 2024,Masculino,Adolescencia (12 - 17 años),Bachiller,Estudiante,COMUNA 7,Norte
1GdfIlrKQcfZ_heMJDiTPlwp95goxcmiMUyl75FKcRIs,PF DERECHOS SEXUALES Y REPRODUCTIVOS 1°C 2024,Femenino,Adolescencia (12 - 17 años),Bachiller,Estudiante,COMUNA 11,Sur Oriente
1GdfIlrKQcfZ_heMJDiTPlwp95goxcmiMUyl75FKcRIs,PF DERECHOS SEXUALES Y REPRODUCTIVOS 1°C 2024,Femenino,Adolescencia (12 - 17 años),Bachiller,Estudiante,COMUNA 2,Oriente
1GdfIlrKQcfZ_heMJDiTPlwp95goxcmiMUyl75FKcRIs,PF DERECHOS SEXUALES Y REPRODUCTIVOS 1°C 2024,Femenino,Adolescencia (12 - 17 años),Bachiller,Estudiante,COMUNA 13,Oriente
1GdfIlrKQcfZ_heMJDiTPlwp95goxcmiMUyl75FKcRIs,PF DERECHOS SEXUALES Y REPRODUCTIVOS 1°C 2024,Femenino,Adolescencia (12 - 17 años),Bachiller,Estudiante,COMUNA 14,Oriente
1GdfIlrKQcfZ_heMJDiTPlwp95goxcmiMUyl75FKcRIs,PF DERECHOS SEXUALES Y REPRODUCTIVOS 1°C 2024,Femenino,Juventud (18 - 28 años),Ninguna,Estudiante,COMUNA 18,Ladera
1GdfIlrKQcfZ_heMJDiTPlwp95goxcmiMUyl75FKcRIs,PF DERECHOS SEXUALES Y REPRODUCTIVOS 1°C 2024,Masculino,Adolescencia (12 - 17 años),Pregrado,Estudiante,COMUNA 8,Centro
1GdfIlrKQcfZ_heMJDiTPlwp95goxcmiMUyl75FKcRIs,PF DERECHOS SEXUALES Y REPRODUCTIVOS 1°C 2024,Masculino,Adolescencia (12 - 17 años),Ninguna,Estudiante,COMUNA 14,Oriente
1GdfIlrKQcfZ_heMJDiTPlwp95goxcmiMUyl75FKcRIs,PF DERECHOS SEXUALES Y REPRODUCTIVOS 1°C 2024,Femenino,Adolescencia (12 - 17 años),Bachiller,Estudiante,COMUNA 10,Norte
1GdfIlrKQcfZ_heMJDiTPlwp95goxcmiMUyl75FKcRIs,PF DERECHOS SEXUALES Y REPRODUCTIVOS 1°C 2024,Masculino,Adolescencia (12 - 17 años),Pregrado,Estudiante,COMUNA 15,Sur Oriente
1GdfIlrKQcfZ_heMJDiTPlwp95goxcmiMUyl75FKcRIs,PF DERECHOS SEXUALES Y REPRODUCTIVOS 1°C 2024,Femenino,Adolescencia (12 - 17 años),Bachiller,Estudiante,COMUNA 7,Norte
1GdfIlrKQcfZ_heMJDiTPlwp95goxcmiMUyl75FKcRIs,PF DERECHOS SEXUALES Y REPRODUCTIVOS 1°C 2024,Masculino,Adolescencia (12 - 17 años),Bachiller,Estudiante,COMUNA 15,Sur Oriente
1GdfIlrKQcfZ_heMJDiTPlwp95goxcmiMUyl75FKcRIs,PF DERECHOS SEXUALES Y REPRODUCTIVOS 1°C 2024,Femenino,Adolescencia (12 - 17 años),Bachiller,Estudiante,COMUNA 15,Oriente
1GdfIlrKQcfZ_heMJDiTPlwp95goxcmiMUyl75FKcRIs,PF DERECHOS SEXUALES Y REPRODUCTIVOS 1°C 2024,Femenino,Adolescencia (12 - 17 años),Bachiller,Estudiante,COMUNA 8,Ladera
1GdfIlrKQcfZ_heMJDiTPlwp95goxcmiMUyl75FKcRIs,PF DERECHOS SEXUALES Y REPRODUCTIVOS 1°C 2024,Femenino,Adolescencia (12 - 17 años),Ninguna,Estudiante,COMUNA 15,Centro
1GdfIlrKQcfZ_heMJDiTPlwp95goxcmiMUyl75FKcRIs,PF DERECHOS SEXUALES Y REPRODUCTIVOS 1°C 2024,Femenino,Adolescencia (12 - 17 años),Bachiller,Estudiante,COMUNA 13,Oriente
1GdfIlrKQcfZ_heMJDiTPlwp95goxcmiMUyl75FKcRIs,PF DERECHOS SEXUALES Y REPRODUCTIVOS 1°C 2024,Masculino,Adolescencia (12 - 17 años),Bachiller,Estudiante,COMUNA 15,Oriente
1GdfIlrKQcfZ_heMJDiTPlwp95goxcmiMUyl75FKcRIs,PF DERECHOS SEXUALES Y REPRODUCTIVOS 1°C 2024,Femenino,Adolescencia (12 - 17 años),Bachiller,Estudiante,COMUNA 15,Oriente
1GdfIlrKQcfZ_heMJDiTPlwp95goxcmiMUyl75FKcRIs,PF DERECHOS SEXUALES Y REPRODUCTIVOS 1°C 2024,Femenino,Adolescencia (12 - 17 años),Bachiller,Estudiante,COMUNA 21,Oriente
1GdfIlrKQcfZ_heMJDiTPlwp95goxcmiMUyl75FKcRIs,PF DERECHOS SEXUALES Y REPRODUCTIVOS 1°C 2024,Femenino,Adolescencia (12 - 17 años),Bachiller,Estudiante,COMUNA 17,Ladera
1Qx05FGgfnoRjddIgmKAMDfqdCKMzbuYLUJwuIySMWHQ,SALUD ORAL RPMS 3°C 2024,Femenino,Juventud (18 - 28 años),Pregrado,Área de la salud,COMUNA 5,
1Qx05FGgfnoRjddIgmKAMDfqdCKMzbuYLUJwuIySMWHQ,SALUD ORAL RPMS 3°C 2024,Femenino,Adultez (29 - 59 años),Pregrado,Área de la salud,COMUNA 16,
1Qx05FGgfnoRjddIgmKAMDfqdCKMzbuYLUJwuIySMWHQ,SALUD ORAL RPMS 3°C 2024,Femenino,Adultez (29 - 59 años),Bachiller,Área de la salud,COMUNA 17,
1Qx05FGgfnoRjddIgmKAMDfqdCKMzbuYLUJwuIySMWHQ,SALUD ORAL RPMS 3°C 2024,Femenino,Adultez (29 - 59 años),Postgrado,Área de la salud,COMUNA 2,
1Qx05FGgfnoRjddIgmKAMDfqdCKMzbuYLUJwuIySMWHQ,SALUD ORAL RPMS 3°C 2024,Femenino,Adultez (29 - 59 años),Pregrado,Área de la salud,COMUNA 17,
1Qx05FGgfnoRjddIgmKAMDfqdCKMzbuYLUJwuIySMWHQ,SALUD ORAL RPMS 3°C 2024,Femenino,Adultez (29 - 59 años),Postgrado,Área de la salud,COMUNA 17,
1Qx05FGgfnoRjddIgmKAMDfqdCKMzbuYLUJwuIySMWHQ,SALUD ORAL RPMS 3°C 2024,Femenino,Adultez (29 - 59 años),Pregrado,Área de la salud,COMUNA 10,
1Qx05FGgfnoRjddIgmKAMDfqdCKMzbuYLUJwuIySMWHQ,SALUD ORAL RPMS 3°C 2024,Femenino,Adultez (29 - 59 años),Pregrado,Área de la salud,COMUNA 19,
1Qx05FGgfnoRjddIgmKAMDfqdCKMzbuYLUJwuIySMWHQ,SALUD ORAL RPMS 3°C 2024,Femenino,Juventud (18 - 28 años),Pregrado,Área de la salud,COMUNA 4,
1Qx05FGgfnoRjddIgmKAMDfqdCKMzbuYLUJwuIySMWHQ,SALUD ORAL RPMS 3°C 2024,Femenino,Vejez (60 años o más),Bachiller,Área de la salud,COMUNA 6,
1Qx05FGgfnoRjddIgmKAMDfqdCKMzbuYLUJwuIySMWHQ,SALUD ORAL RPMS 3°C 2024,Masculino,Adultez (29 - 59 años),Pregrado,Área de la salud,COMUNA 2,
1Qx05FGgfnoRjddIgmKAMDfqdCKMzbuYLUJwuIySMWHQ,SALUD ORAL RPMS 3°C 2024,Femenino,Adultez (29 - 59 años),Pregrado,Área de la salud,COMUNA 17,
1Qx05FGgfnoRjddIgmKAMDfqdCKMzbuYLUJwuIySMWHQ,SALUD ORAL RPMS 3°C 2024,Femenino,Juventud (18 - 28 años),Pregrado,Área de la salud,COMUNA 3,
1Qx05FGgfnoRjddIgmKAMDfqdCKMzbuYLUJwuIySMWHQ,SALUD ORAL RPMS 3°C 2024,Femenino,Juventud (18 - 28 años),Pregrado,Área de la salud,COMUNA 9,
1Qx05FGgfnoRjddIgmKAMDfqdCKMzbuYLUJwuIySMWHQ,SALUD ORAL RPMS 3°C 2024,Masculino,Adultez (29 - 59 años),Postgrado,Área de la salud,COMUNA 22,
1Qx05FGgfnoRjddIgmKAMDfqdCKMzbuYLUJwuIySMWHQ,SALUD ORAL RPMS 3°C 2024,Femenino,Adultez (29 - 59 años),Postgrado,Área de la salud,COMUNA 2,
1Qx05FGgfnoRjddIgmKAMDfqdCKMzbuYLUJwuIySMWHQ,SALUD ORAL RPMS 3°C 2024,Femenino,Adultez (29 - 59 años),Pregrado,Área de la salud,COMUNA 19,
1XBl2d4tPWAkfrnGypbS738kM0kK8dOyYSWzaUYfz46U,CÁNCER PROSTATA 1°C 2025,Femenino,Adultez (29 - 59 años),Pregrado,Área de la salud,COMUNA 10,
1XBl2d4tPWAkfrnGypbS738kM0kK8dOyYSWzaUYfz46U,CÁNCER PROSTATA 1°C 2025,Femenino,Adultez (29 - 59 años),Pregrado,Área de la salud,COMUNA 3,
1XBl2d4tPWAkfrnGypbS738kM0kK8dOyYSWzaUYfz46U,CÁNCER PROSTATA 1°C 2025,Femenino,Adultez (29 - 59 años),Postgrado,Área de la salud,COMUNA 4,
1XBl2d4tPWAkfrnGypbS738kM0kK8dOyYSWzaUYfz46U,CÁNCER PROSTATA 1°C 2025,Femenino,Adultez (29 - 59 años),Pregrado,Área de la salud,COMUNA 17,
1XBl2d4tPWAkfrnGypbS738kM0kK8dOyYSWzaUYfz46U,CÁNCER PROSTATA 1°C 2025,Masculino,Adultez (29 - 59 años),Pregrado,Área de la salud,COMUNA 14,
1XBl2d4tPWAkfrnGypbS738kM0kK8dOyYSWzaUYfz46U,CÁNCER PROSTATA 1°C 2025,Femenino,Adultez (29 - 59 años),Bachiller,Área de la salud,COMUNA 4,
1XBl2d4tPWAkfrnGypbS738kM0kK8dOyYSWzaUYfz46U,CÁNCER PROSTATA 1°C 2025,Masculino,Vejez (60 años o más),Pregrado,Área de la salud,COMUNA 20,
1XBl2d4tPWAkfrnGypbS738kM0kK8dOyYSWzaUYfz46U,CÁNCER PROSTATA 1°C 2025,Femenino,Adultez (29 - 59 años),Bachiller,Área de la salud,COMUNA 1,
1XBl2d4tPWAkfrnGypbS738kM0kK8dOyYSWzaUYfz46U,CÁNCER PROSTATA 1°C 2025,Femenino,Adultez (29 - 59 años),Pregrado,Área de la salud,COMUNA 9,
1XBl2d4tPWAkfrnGypbS738kM0kK8dOyYSWzaUYfz46U,CÁNCER PROSTATA 1°C 2025,Femenino,Juventud (18 - 28 años),Pregrado,Área de la salud,COMUNA 3,
1XBl2d4tPWAkfrnGypbS738kM0kK8dOyYSWzaUYfz46U,CÁNCER PROSTATA 1°C 2025,Masculino,Adultez (29 - 59 años),Postgrado,Área de la salud,COMUNA 19,
1XBl2d4tPWAkfrnGypbS738kM0kK8dOyYSWzaUYfz46U,CÁNCER PROSTATA 1°C 2025,Femenino,Adultez (29 - 59 años),Postgrado,Área de la salud,COMUNA 1,
1XBl2d4tPWAkfrnGypbS738kM0kK8dOyYSWzaUYfz46U,CÁNCER PROSTATA 1°C 2025,Femenino,Adultez (29 - 59 años),Postgrado,Área de la salud,COMUNA 18,
1XBl2d4tPWAkfrnGypbS738kM0kK8dOyYSWzaUYfz46U,CÁNCER PROSTATA 1°C 2025,Femenino,Adultez (29 - 59 años),Pregrado,Área de la salud,COMUNA 17,
1XBl2d4tPWAkfrnGypbS738kM0kK8dOyYSWzaUYfz46U,CÁNCER PROSTATA 1°C 2025,Femenino,Adultez (29 - 59 años),Pregrado,Área de la salud,COMUNA 9,
1XBl2d4tPWAkfrnGypbS738kM0kK8dOyYSWzaUYfz46U,CÁNCER PROSTATA 1°C 2025,Femenino,Adultez (29 - 59 años),Pregrado,Área de la salud,COMUNA 1,
1XBl2d4tPWAkfrnGypbS738kM0kK8dOyYSWzaUYfz46U,CÁNCER PROSTATA 1°C 2025,Masculino,Adultez (29 - 59 años),Postgrado,Área de la salud,COMUNA 6,
1XBl2d4tPWAkfrnGypbS738kM0kK8dOyYSWzaUYfz46U,CÁNCER PROSTATA 1°C 2025,Femenino,Adultez (29 - 59 años),Pregrado,Área de la salud,COMUNA 6,
1XBl2d4tPWAkfrnGypbS738kM0kK8dOyYSWzaUYfz46U,CÁNCER PROSTATA 1°C 2025,Masculino,Juventud (18 - 28 años),Pregrado,Área de la salud,COMUNA 19,
1XBl2d4tPWAkfrnGypbS738kM0kK8dOyYSWzaUYfz46U,CÁNCER PROSTATA 1°C 2025,Femenino,Adultez (29 - 59 años),Postgrado,Área de la salud,COMUNA 5,
1XBl2d4tPWAkfrnGypbS738kM0kK8dOyYSWzaUYfz46U,CÁNCER PROSTATA 1°C 2025,Masculino,Adultez (29 - 59 años),Postgrado,Área de la salud,COMUNA 10,
1XBl2d4tPWAkfrnGypbS738kM0kK8dOyYSWzaUYfz46U,CÁNCER PROSTATA 1°C 2025,Masculino,Vejez (60 años o más),Pregrado,Área de la salud,COMUNA 5,
1XBl2d4tPWAkfrnGypbS738kM0kK8dOyYSWzaUYfz46U,CÁNCER PROSTATA 1°C 2025,Masculino,Adultez (29 - 59 años),Pregrado,Área de la salud,COMUNA 7,
1XBl2d4tPWAkfrnGypbS738kM0kK8dOyYSWzaUYfz46U,CÁNCER PROSTATA 1°C 2025,Femenino,Juventud (18 - 28 años),Pregrado,Área de la salud,COMUNA 17,
1XBl2d4tPWAkfrnGypbS738kM0kK8dOyYSWzaUYfz46U,CÁNCER PROSTATA 1°C 2025,Femenino,Adultez (29 - 59 años),Pregrado,Área de la salud,COMUNA 17,
1XBl2d4tPWAkfrnGypbS738kM0kK8dOyYSWzaUYfz46U,CÁNCER PROSTATA 1°C 2025,Femenino,Vejez (60 años o más),Postgrado,Área de la salud,COMUNA 2,
1XBl2d4tPWAkfrnGypbS738kM0kK8dOyYSWzaUYfz46U,CÁNCER PROSTATA 1°C 2025,Masculino,Adultez (29 - 59 años),Pregrado,Área de la salud,COMUNA 4,
1XBl2d4tPWAkfrnGypbS738kM0kK8dOyYSWzaUYfz46U,CÁNCER PROSTATA 1°C 2025,Masculino,Adultez (29 - 59 años),Pregrado,Área de la salud,COMUNA 6,
1XBl2d4tPWAkfrnGypbS738kM0kK8dOyYSWzaUYfz46U,CÁNCER PROSTATA 1°C 2025,Masculino,Adultez (29 - 59 años),Pregrado,Área de la salud,COMUNA 10,
1XBl2d4tPWAkfrnGypbS738kM0kK8dOyYSWzaUYfz46U,CÁNCER PROSTATA 1°C 2025,Femenino,Adultez (29 - 59 años),Postgrado,Área de la salud,COMUNA 1,
10ct8mKgnxFsFVZgcrb8ii3bLYV7khBU_jay-D9fkx1I,CÁNCER PROSTATA 1°C 2024,Femenino,Adultez (29 - 59 años),Pregrado,Área de la salud,COMUNA 1,
10ct8mKgnxFsFVZgcrb8ii3bLYV7khBU_jay-D9fkx1I,CÁNCER PROSTATA 1°C 2024,Femenino,Adultez (29 - 59 años),Postgrado,Área de la salud,COMUNA 19,
10ct8mKgnxFsFVZgcrb8ii3bLYV7khBU_jay-D9fkx1I,CÁNCER PROSTATA 1°C 2024,Femenino,Adultez (29 - 59 años),Postgrado,Área de la salud,COMUNA 19,
10ct8mKgnxFsFVZgcrb8ii3bLYV7khBU_jay-D9fkx1I,CÁNCER PROSTATA 1°C 2024,Femenino,Juventud (18 - 28 años),Pregrado,Área de la salud,COMUNA 17,
10ct8mKgnxFsFVZgcrb8ii3bLYV7khBU_jay-D9fkx1I,CÁNCER PROSTATA 1°C 2024,Femenino,Juventud (18 - 28 años),Pregrado,Área de la salud,COMUNA 4,
10ct8mKgnxFsFVZgcrb8ii3bLYV7khBU_jay-D9fkx1I,CÁNCER PROSTATA 1°C 2024,Femenino,Adultez (29 - 59 años),Bachiller,Área de la salud,COMUNA 4,
10ct8mKgnxFsFVZgcrb8ii3bLYV7khBU_jay-D9fkx1I,CÁNCER PROSTATA 1°C 2024,Femenino,Adultez (29 - 59 años),Pregrado,Área de la salud,COMUNA 12,
10ct8mKgnxFsFVZgcrb8ii3bLYV7khBU_jay-D9fkx1I,CÁNCER PROSTATA 1°C 2024,Masculino,Adultez (29 - 59 años),Pregrado,Área de la salud,COMUNA 17,
10ct8mKgnxFsFVZgcrb8ii3bLYV7khBU_jay-D9fkx1I,CÁNCER PROSTATA 1°C 2024,Femenino,Adultez (29 - 59 años),Postgrado,Área de la salud,COMUNA 3,
10ct8mKgnxFsFVZgcrb8ii3bLYV7khBU_jay-D9fkx1I,CÁNCER PROSTATA 1°C 2024,Femenino,Juventud (18 - 28 años),Pregrado,Área de la salud,COMUNA 16,
10ct8mKgnxFsFVZgcrb8ii3bLYV7khBU_jay-D9fkx1I,CÁNCER PROSTATA 1°C 2024,Masculino,Adultez (29 - 59 años),Pregrado,Área de la salud,COMUNA 4,
10ct8mKgnxFsFVZgcrb8ii3bLYV7khBU_jay-D9fkx1I,CÁNCER PROSTATA 1°C 2024,Femenino,Adultez (29 - 59 años),Postgrado,Área de la salud,COMUNA 1,
10ct8mKgnxFsFVZgcrb8ii3bLYV7khBU_jay-D9fkx1I,CÁNCER PROSTATA 1°C 2024,Femenino,Juventud (18 - 28 años),Pregrado,Área de la salud,COMUNA 6,
10ct8mKgnxFsFVZgcrb8ii3bLYV7khBU_jay-D9fkx1I,CÁNCER PROSTATA 1°C 2024,Femenino,Adultez (29 - 59 años),Pregrado,Área de la salud,COMUNA 12,
10ct8mKgnxFsFVZgcrb8ii3bLYV7khBU_jay-D9fkx1I,CÁNCER PROSTATA 1°C 2024,Femenino,Adultez (29 - 59 años),Pregrado,Área de la salud,COMUNA 9,
10ct8mKgnxFsFVZgcrb8ii3bLYV7khBU_jay-D9fkx1I,CÁNCER PROSTATA 1°C 2024,Femenino,Adultez (29 - 59 años),Postgrado,Área de la salud,COMUNA 1,
10ct8mKgnxFsFVZgcrb8ii3bLYV7khBU_jay-D9fkx1I,CÁNCER PROSTATA 1°C 2024,Masculino,Adultez (29 - 59 años),Postgrado,Área de la salud,COMUNA 17,
10ct8mKgnxFsFVZgcrb8ii3bLYV7khBU_jay-D9fkx1I,CÁNCER PROSTATA 1°C 2024,Femenino,Adultez (29 - 59 años),Pregrado,Área de la salud,COMUNA 12,
10ct8mKgnxFsFVZgcrb8ii3bLYV7khBU_jay-D9fkx1I,CÁNCER PROSTATA 1°C 2024,Femenino,Adultez (29 - 59 años),Pregrado,Área de la salud,COMUNA 4,
10ct8mKgnxFsFVZgcrb8ii3bLYV7khBU_jay-D9fkx1I,CÁNCER PROSTATA 1°C 2024,Masculino,Adultez (29 - 59 años),Pregrado,Área de la salud,COMUNA 1,
10ct8mKgnxFsFVZgcrb8ii3bLYV7khBU_jay-D9fkx1I,CÁNCER PROSTATA 1°C 2024,Masculino,Juventud (18 - 28 años),Pregrado,Área de la salud,COMUNA 21,
10ct8mKgnxFsFVZgcrb8ii3bLYV7khBU_jay-D9fkx1I,CÁNCER PROSTATA 1°C 2024,Femenino,Adultez (29 - 59 años),Pregrado,Área de la salud,COMUNA 1,
10ct8mKgnxFsFVZgcrb8ii3bLYV7khBU_jay-D9fkx1I,CÁNCER PROSTATA 1°C 2024,Femenino,Adultez (29 - 59 años),Postgrado,Otro,COMUNA 19,
10ct8mKgnxFsFVZgcrb8ii3bLYV7khBU_jay-D9fkx1I,CÁNCER PROSTATA 1°C 2024,Femenino,Adultez (29 - 59 años),Postgrado,Área de la salud,COMUNA 1,
10ct8mKgnxFsFVZgcrb8ii3bLYV7khBU_jay-D9fkx1I,CÁNCER PROSTATA 1°C 2024,Femenino,Adultez (29 - 59 años),Pregrado,Área de la salud,COMUNA 5,
10ct8mKgnxFsFVZgcrb8ii3bLYV7khBU_jay-D9fkx1I,CÁNCER PROSTATA 1°C 2024,Femenino,Adultez (29 - 59 años),Postgrado,Área de la salud,COMUNA 19,
10ct8mKgnxFsFVZgcrb8ii3bLYV7khBU_jay-D9fkx1I,CÁNCER PROSTATA 1°C 2024,Femenino,Adultez (29 - 59 años),Pregrado,Área de la salud,COMUNA 6,
10ct8mKgnxFsFVZgcrb8ii3bLYV7khBU_jay-D9fkx1I,CÁNCER PROSTATA 1°C 2024,Femenino,Adultez (29 - 59 años),Bachiller,Área de la salud,COMUNA 8,
10ct8mKgnxFsFVZgcrb8ii3bLYV7khBU_jay-D9fkx1I,CÁNCER PROSTATA 1°C 2024,Femenino,Juventud (18 - 28 años),Postgrado,Área de la salud,COMUNA 17,
10ct8mKgnxFsFVZgcrb8ii3bLYV7khBU_jay-D9fkx1I,CÁNCER PROSTATA 1°C 2024,Masculino,Vejez (60 años o más),Postgrado,Área de la salud,COMUNA 19,
10ct8mKgnxFsFVZgcrb8ii3bLYV7khBU_jay-D9fkx1I,CÁNCER PROSTATA 1°C 2024,Femenino,Adultez (29 - 59 años),Pregrado,Área de la salud,COMUNA 17,
1hRleDQExrdvb2bZhv_NkoM6eG21pRcpN02oLBP_hZaI,SISTEMA DE INFORMACIÓN EN TB 1°C 2024,Femenino,Adultez (29 - 59 años),Pregrado,Área de la salud,COMUNA 8,
1hRleDQExrdvb2bZhv_NkoM6eG21pRcpN02oLBP_hZaI,SISTEMA DE INFORMACIÓN EN TB 1°C 2024,Femenino,Adultez (29 - 59 años),Bachiller,Área de la salud,COMUNA 3,
1hRleDQExrdvb2bZhv_NkoM6eG21pRcpN02oLBP_hZaI,SISTEMA DE INFORMACIÓN EN TB 1°C 2024,Femenino,Adultez (29 - 59 años),Pregrado,Área de la salud,C. DE PANCE,
1hRleDQExrdvb2bZhv_NkoM6eG21pRcpN02oLBP_hZaI,SISTEMA DE INFORMACIÓN EN TB 1°C 2024,Femenino,Adultez (29 - 59 años),Pregrado,Área de la salud,COMUNA 12,
1hRleDQExrdvb2bZhv_NkoM6eG21pRcpN02oLBP_hZaI,SISTEMA DE INFORMACIÓN EN TB 1°C 2024,Femenino,Juventud (18 - 28 años),Postgrado,Área de la salud,COMUNA 17,
1hRleDQExrdvb2bZhv_NkoM6eG21pRcpN02oLBP_hZaI,SISTEMA DE INFORMACIÓN EN TB 1°C 2024,Femenino,Adultez (29 - 59 años),Pregrado,Área de la salud,COMUNA 18,
1hRleDQExrdvb2bZhv_NkoM6eG21pRcpN02oLBP_hZaI,SISTEMA DE INFORMACIÓN EN TB 1°C 2024,Femenino,Adultez (29 - 59 años),Pregrado,Área de la salud,COMUNA 5,
1hRleDQExrdvb2bZhv_NkoM6eG21pRcpN02oLBP_hZaI,SISTEMA DE INFORMACIÓN EN TB 1°C 2024,Femenino,Adultez (29 - 59 años),Pregrado,Área de la salud,COMUNA 21,
1hRleDQExrdvb2bZhv_NkoM6eG21pRcpN02oLBP_hZaI,SISTEMA DE INFORMACIÓN EN TB 1°C 2024,Femenino,Adultez (29 - 59 años),Postgrado,Área de la salud,COMUNA 13,
1hRleDQExrdvb2bZhv_NkoM6eG21pRcpN02oLBP_hZaI,SISTEMA DE INFORMACIÓN EN TB 1°C 2024,Femenino,Juventud (18 - 28 años),Pregrado,Área de la salud,COMUNA 20,
1hRleDQExrdvb2bZhv_NkoM6eG21pRcpN02oLBP_hZaI,SISTEMA DE INFORMACIÓN EN TB 1°C 2024,Femenino,Adultez (29 - 59 años),Pregrado,Área de la salud,COMUNA 15,
1hRleDQExrdvb2bZhv_NkoM6eG21pRcpN02oLBP_hZaI,SISTEMA DE INFORMACIÓN EN TB 1°C 2024,Femenino,Adultez (29 - 59 años),Pregrado,Área de la salud,COMUNA 16,
1hRleDQExrdvb2bZhv_NkoM6eG21pRcpN02oLBP_hZaI,SISTEMA DE INFORMACIÓN EN TB 1°C 2024,Femenino,Adultez (29 - 59 años),Pregrado,Área de la salud,COMUNA 8,
1hRleDQExrdvb2bZhv_NkoM6eG21pRcpN02oLBP_hZaI,SISTEMA DE INFORMACIÓN EN TB 1°C 2024,Femenino,Adultez (29 - 59 años),Postgrado,Área de la salud,COMUNA 17,
1hRleDQExrdvb2bZhv_NkoM6eG21pRcpN02oLBP_hZaI,SISTEMA DE INFORMACIÓN EN TB 1°C 2024,Femenino,Adultez (29 - 59 años),Pregrado,Área de la salud,COMUNA 22,
1hRleDQExrdvb2bZhv_NkoM6eG21pRcpN02oLBP_hZaI,SISTEMA DE INFORMACIÓN EN TB 1°C 2024,Femenino,Adultez (29 - 59 años),Pregrado,Área de la salud,COMUNA 13,
1VLTWlXkzWM_GcwZ479ulnY6mqCRs-kmRHbxZgoWUi0Y,RPMS PRIMERA INFANCIA - 1°C 2025,Femenino,Juventud (18 - 28 años),Pregrado,Área de la salud,COMUNA 4,
1VLTWlXkzWM_GcwZ479ulnY6mqCRs-kmRHbxZgoWUi0Y,RPMS PRIMERA INFANCIA - 1°C 2025,Masculino,Adultez (29 - 59 años),Postgrado,Área de la salud,COMUNA 21,
1VLTWlXkzWM_GcwZ479ulnY6mqCRs-kmRHbxZgoWUi0Y,RPMS PRIMERA INFANCIA - 1°C 2025,Femenino,Adultez (29 - 59 años),Pregrado,Área de la salud,COMUNA 18,
1VLTWlXkzWM_GcwZ479ulnY6mqCRs-kmRHbxZgoWUi0Y,RPMS PRIMERA INFANCIA - 1°C 2025,Femenino,Juventud (18 - 28 años),Postgrado,Área de la salud,COMUNA 17,
1VLTWlXkzWM_GcwZ479ulnY6mqCRs-kmRHbxZgoWUi0Y,RPMS PRIMERA INFANCIA - 1°C 2025,Femenino,Adultez (29 - 59 años),Postgrado,Área de la salud,COMUNA 10,
1VLTWlXkzWM_GcwZ479ulnY6mqCRs-kmRHbxZgoWUi0Y,RPMS PRIMERA INFANCIA - 1°C 2025,Femenino,Juventud (18 - 28 años),Postgrado,Área de la salud,COMUNA 2,
1VLTWlXkzWM_GcwZ479ulnY6mqCRs-kmRHbxZgoWUi0Y,RPMS PRIMERA INFANCIA - 1°C 2025,Femenino,Adultez (29 - 59 años),Postgrado,Área de la salud,COMUNA 4,
1VLTWlXkzWM_GcwZ479ulnY6mqCRs-kmRHbxZgoWUi0Y,RPMS PRIMERA INFANCIA - 1°C 2025,Femenino,Adultez (29 - 59 años),Pregrado,Área de la salud,COMUNA 8,
14HaogoJkoibDUPdhmhvUZdp9HWSYbYNEmJFW4NRwuzg,RPMS INFANCIA - 1°C 2025,Femenino,Adultez (29 - 59 años),Postgrado,Área de la salud,COMUNA 4,
14HaogoJkoibDUPdhmhvUZdp9HWSYbYNEmJFW4NRwuzg,RPMS INFANCIA - 1°C 2025,Masculino,Vejez (60 años o más),Postgrado,Área de la salud,C. DE LA BUITRERA,
14HaogoJkoibDUPdhmhvUZdp9HWSYbYNEmJFW4NRwuzg,RPMS INFANCIA - 1°C 2025,Femenino,Adultez (29 - 59 años),Pregrado,Área de la salud,COMUNA 18,
14HaogoJkoibDUPdhmhvUZdp9HWSYbYNEmJFW4NRwuzg,RPMS INFANCIA - 1°C 2025,Femenino,Adolescencia (12 - 17 años),Pregrado,Área de la salud,COMUNA 5,
14HaogoJkoibDUPdhmhvUZdp9HWSYbYNEmJFW4NRwuzg,RPMS INFANCIA - 1°C 2025,Femenino,Adultez (29 - 59 años),Pregrado,Área de la salud,COMUNA 10,
14HaogoJkoibDUPdhmhvUZdp9HWSYbYNEmJFW4NRwuzg,RPMS INFANCIA - 1°C 2025,Masculino,Adultez (29 - 59 años),Postgrado,Área de la salud,COMUNA 21,
14HaogoJkoibDUPdhmhvUZdp9HWSYbYNEmJFW4NRwuzg,RPMS INFANCIA - 1°C 2025,Femenino,Juventud (18 - 28 años),Pregrado,Área de la salud,COMUNA 16,
10_w8OhDSxn3PZx5V-dQSFfVw_7JsSu8xz1wU8b4ZCBo,RPMS ADOLESCENCIA - 1°C 2025,Femenino,Juventud (18 - 28 años),Pregrado,Área de la salud,COMUNA 16,
10_w8OhDSxn3PZx5V-dQSFfVw_7JsSu8xz1wU8b4ZCBo,RPMS ADOLESCENCIA - 1°C 2025,Femenino,Adultez (29 - 59 años),Pregrado,Área de la salud,COMUNA 2,
10_w8OhDSxn3PZx5V-dQSFfVw_7JsSu8xz1wU8b4ZCBo,RPMS ADOLESCENCIA - 1°C 2025,Femenino,Adolescencia (12 - 17 años),Bachiller,Área de la salud,COMUNA 1,
10_w8OhDSxn3PZx5V-dQSFfVw_7JsSu8xz1wU8b4ZCBo,RPMS ADOLESCENCIA - 1°C 2025,Femenino,Adolescencia (12 - 17 años),Bachiller,Área de la salud,COMUNA 6,
10_w8OhDSxn3PZx5V-dQSFfVw_7JsSu8xz1wU8b4ZCBo,RPMS ADOLESCENCIA - 1°C 2025,Masculino,Adultez (29 - 59 años),Postgrado,Área de la salud,COMUNA 17,
10_w8OhDSxn3PZx5V-dQSFfVw_7JsSu8xz1wU8b4ZCBo,RPMS ADOLESCENCIA - 1°C 2025,Masculino,Adolescencia (12 - 17 años),Postgrado,Área de la salud,COMUNA 12,
10_w8OhDSxn3PZx5V-dQSFfVw_7JsSu8xz1wU8b4ZCBo,RPMS ADOLESCENCIA - 1°C 2025,Femenino,Adultez (29 - 59 años),Pregrado,Área de la salud,COMUNA 18,
10_w8OhDSxn3PZx5V-dQSFfVw_7JsSu8xz1wU8b4ZCBo,RPMS ADOLESCENCIA - 1°C 2025,Femenino,Adolescencia (12 - 17 años),Bachiller,Área de la salud,COMUNA 1,
10_w8OhDSxn3PZx5V-dQSFfVw_7JsSu8xz1wU8b4ZCBo,RPMS ADOLESCENCIA - 1°C 2025,Femenino,Adultez (29 - 59 años),Pregrado,Área de la salud,COMUNA 8,
10_w8OhDSxn3PZx5V-dQSFfVw_7JsSu8xz1wU8b4ZCBo,RPMS ADOLESCENCIA - 1°C 2025,Femenino,Adolescencia (12 - 17 años),Pregrado,Área de la salud,COMUNA 2,
10_w8OhDSxn3PZx5V-dQSFfVw_7JsSu8xz1wU8b4ZCBo,RPMS ADOLESCENCIA - 1°C 2025,Femenino,Adultez (29 - 59 años),Postgrado,Área de la salud,COMUNA 4,
10vZIMhpsaNL44usQIa0gIF3mgk-CzTpWQTTBEK-xE5A,RPMS JUVENTUD - 1°C 2025,Femenino,Juventud (18 - 28 años),Postgrado,Área de la salud,COMUNA 3,
10vZIMhpsaNL44usQIa0gIF3mgk-CzTpWQTTBEK-xE5A,RPMS JUVENTUD - 1°C 2025,Masculino,Juventud (18 - 28 años),Bachiller,Área de la salud,COMUNA 2,
10vZIMhpsaNL44usQIa0gIF3mgk-CzTpWQTTBEK-xE5A,RPMS JUVENTUD - 1°C 2025,Femenino,Adultez (29 - 59 años),Pregrado,Área de la salud,COMUNA 18,
10vZIMhpsaNL44usQIa0gIF3mgk-CzTpWQTTBEK-xE5A,RPMS JUVENTUD - 1°C 2025,Femenino,Juventud (18 - 28 años),Bachiller,Área de la salud,COMUNA 2,
10vZIMhpsaNL44usQIa0gIF3mgk-CzTpWQTTBEK-xE5A,RPMS JUVENTUD - 1°C 2025,Femenino,Juventud (18 - 28 años),Postgrado,Área de la salud,COMUNA 19,
10vZIMhpsaNL44usQIa0gIF3mgk-CzTpWQTTBEK-xE5A,RPMS JUVENTUD - 1°C 2025,Femenino,Adultez (29 - 59 años),Postgrado,Área de la salud,COMUNA 10,
10vZIMhpsaNL44usQIa0gIF3mgk-CzTpWQTTBEK-xE5A,RPMS JUVENTUD - 1°C 2025,Femenino,Adultez (29 - 59 años),Bachiller,Área de la salud,COMUNA 6,
10vZIMhpsaNL44usQIa0gIF3mgk-CzTpWQTTBEK-xE5A,RPMS JUVENTUD - 1°C 2025,Femenino,Juventud (18 - 28 años),Postgrado,Área de la salud,COMUNA 6,
10vZIMhpsaNL44usQIa0gIF3mgk-CzTpWQTTBEK-xE5A,RPMS JUVENTUD - 1°C 2025,Femenino,Juventud (18 - 28 años),Pregrado,Área de la salud,COMUNA 2,
10vZIMhpsaNL44usQIa0gIF3mgk-CzTpWQTTBEK-xE5A,RPMS JUVENTUD - 1°C 2025,Femenino,Adultez (29 - 59 años),Postgrado,Área de la salud,COMUNA 4,
1AClngQc49VHjyrgJ1Q1Nm4-FmrItfqswld3vPAVsNkI,RPMS ADULTEZ - 1°C 2025,Masculino,Juventud (18 - 28 años),Bachiller,Otro,COMUNA 2,
1AClngQc49VHjyrgJ1Q1Nm4-FmrItfqswld3vPAVsNkI,RPMS ADULTEZ - 1°C 2025,Femenino,Adultez (29 - 59 años),Pregrado,Área de la salud,COMUNA 17,
1AClngQc49VHjyrgJ1Q1Nm4-FmrItfqswld3vPAVsNkI,RPMS ADULTEZ - 1°C 2025,Masculino,Adultez (29 - 59 años),Pregrado,Área de la salud,COMUNA 22,
1AClngQc49VHjyrgJ1Q1Nm4-FmrItfqswld3vPAVsNkI,RPMS ADULTEZ - 1°C 2025,Femenino,Adultez (29 - 59 años),Pregrado,Área de la salud,COMUNA 17,
1AClngQc49VHjyrgJ1Q1Nm4-FmrItfqswld3vPAVsNkI,RPMS ADULTEZ - 1°C 2025,Femenino,Adultez (29 - 59 años),Pregrado,Área de la salud,COMUNA 3,
16M3e4onIATWuLZo_fqH-C-YRZefr8noWMEv9GG1uYho,RPMS VEJEZ - 1°C 2025,Femenino,Adultez (29 - 59 años),Pregrado,Área de la salud,COMUNA 17,
16M3e4onIATWuLZo_fqH-C-YRZefr8noWMEv9GG1uYho,RPMS VEJEZ - 1°C 2025,Masculino,Adultez (29 - 59 años),Postgrado,Área de la salud,COMUNA 12,
16M3e4onIATWuLZo_fqH-C-YRZefr8noWMEv9GG1uYho,RPMS VEJEZ - 1°C 2025,Masculino,Vejez (60 años o más),Pregrado,Área de la salud,COMUNA 22,
16M3e4onIATWuLZo_fqH-C-YRZefr8noWMEv9GG1uYho,RPMS VEJEZ - 1°C 2025,Femenino,Juventud (18 - 28 años),Pregrado,Área de la salud,COMUNA 4,
16M3e4onIATWuLZo_fqH-C-YRZefr8noWMEv9GG1uYho,RPMS VEJEZ - 1°C 2025,Femenino,Vejez (60 años o más),Pregrado,Área de la salud,COMUNA 17,
16M3e4onIATWuLZo_fqH-C-YRZefr8noWMEv9GG1uYho,RPMS VEJEZ - 1°C 2025,Femenino,Vejez (60 años o más),Postgrado,Área de la salud,COMUNA 3,
16M3e4onIATWuLZo_fqH-C-YRZefr8noWMEv9GG1uYho,RPMS VEJEZ - 1°C 2025,Femenino,Adultez (29 - 59 años),Pregrado,Área de la salud,COMUNA 3,
1iSzRozvOqW12ZkBEZz3aniJV7P932Wy6G0hAGzF1C14,CÁNCER INFANTIL 1°C 2025,Femenino,Juventud (18 - 28 años),Pregrado,Área de la salud,COMUNA 5,
1iSzRozvOqW12ZkBEZz3aniJV7P932Wy6G0hAGzF1C14,CÁNCER INFANTIL 1°C 2025,Masculino,Vejez (60 años o más),Pregrado,Área de la salud,COMUNA 5,
1iSzRozvOqW12ZkBEZz3aniJV7P932Wy6G0hAGzF1C14,CÁNCER INFANTIL 1°C 2025,Femenino,Juventud (18 - 28 años),Pregrado,Área de la salud,COMUNA 17,
1iSzRozvOqW12ZkBEZz3aniJV7P932Wy6G0hAGzF1C14,CÁNCER INFANTIL 1°C 2025,Masculino,Adultez (29 - 59 años),Pregrado,Área de la salud,COMUNA 2,
1iSzRozvOqW12ZkBEZz3aniJV7P932Wy6G0hAGzF1C14,CÁNCER INFANTIL 1°C 2025,Femenino,Adultez (29 - 59 años),Postgrado,Área de la salud,COMUNA 19,
1iSzRozvOqW12ZkBEZz3aniJV7P932Wy6G0hAGzF1C14,CÁNCER INFANTIL 1°C 2025,Femenino,Adultez (29 - 59 años),Pregrado,Área de la salud,COMUNA 10,
1iSzRozvOqW12ZkBEZz3aniJV7P932Wy6G0hAGzF1C14,CÁNCER INFANTIL 1°C 2025,Masculino,Adultez (29 - 59 años),Postgrado,Área de la salud,COMUNA 2,
1iSzRozvOqW12ZkBEZz3aniJV7P932Wy6G0hAGzF1C14,CÁNCER INFANTIL 1°C 2025,Masculino,Adultez (29 - 59 años),Pregrado,Área de la salud,COMUNA 1,
1iSzRozvOqW12ZkBEZz3aniJV7P932Wy6G0hAGzF1C14,CÁNCER INFANTIL 1°C 2025,Femenino,Adultez (29 - 59 años),Pregrado,Área de la salud,COMUNA 10,
1iSzRozvOqW12ZkBEZz3aniJV7P932Wy6G0hAGzF1C14,CÁNCER INFANTIL 1°C 2025,Masculino,Adultez (29 - 59 años),Pregrado,Área de la salud,COMUNA 14,
1iSzRozvOqW12ZkBEZz3aniJV7P932Wy6G0hAGzF1C14,CÁNCER INFANTIL 1°C 2025,Femenino,Juventud (18 - 28 años),Bachiller,Área de la salud,C. DE PICHINDE,
1iSzRozvOqW12ZkBEZz3aniJV7P932Wy6G0hAGzF1C14,CÁNCER INFANTIL 1°C 2025,Femenino,Adultez (29 - 59 años),Postgrado,Área de la salud,COMUNA 1,
1iSzRozvOqW12ZkBEZz3aniJV7P932Wy6G0hAGzF1C14,CÁNCER INFANTIL 1°C 2025,Masculino,Adultez (29 - 59 años),Pregrado,Área de la salud,COMUNA 5,
1iSzRozvOqW12ZkBEZz3aniJV7P932Wy6G0hAGzF1C14,CÁNCER INFANTIL 1°C 2025,Femenino,Adultez (29 - 59 años),Postgrado,Área de la salud,COMUNA 13,
1iSzRozvOqW12ZkBEZz3aniJV7P932Wy6G0hAGzF1C14,CÁNCER INFANTIL 1°C 2025,Femenino,Adultez (29 - 59 años),Postgrado,Área de la salud,COMUNA 17,
1iSzRozvOqW12ZkBEZz3aniJV7P932Wy6G0hAGzF1C14,CÁNCER INFANTIL 1°C 2025,Femenino,Adultez (29 - 59 años),Pregrado,Área de la salud,COMUNA 9,
1iSzRozvOqW12ZkBEZz3aniJV7P932Wy6G0hAGzF1C14,CÁNCER INFANTIL 1°C 2025,Femenino,Adultez (29 - 59 años),Pregrado,Área de la salud,COMUNA 14,
1iSzRozvOqW12ZkBEZz3aniJV7P932Wy6G0hAGzF1C14,CÁNCER INFANTIL 1°C 2025,Femenino,Juventud (18 - 28 años),Pregrado,Área de la salud,COMUNA 6,
1iSzRozvOqW12ZkBEZz3aniJV7P932Wy6G0hAGzF1C14,CÁNCER INFANTIL 1°C 2025,Femenino,Juventud (18 - 28 años),Pregrado,Área de la salud,COMUNA 17,
1iSzRozvOqW12ZkBEZz3aniJV7P932Wy6G0hAGzF1C14,CÁNCER INFANTIL 1°C 2025,Femenino,Adultez (29 - 59 años),Bachiller,Área de la salud,COMUNA 1,
1iSzRozvOqW12ZkBEZz3aniJV7P932Wy6G0hAGzF1C14,CÁNCER INFANTIL 1°C 2025,Femenino,Juventud (18 - 28 años),Pregrado,Área de la salud,COMUNA 17,
1iSzRozvOqW12ZkBEZz3aniJV7P932Wy6G0hAGzF1C14,CÁNCER INFANTIL 1°C 2025,Femenino,Adultez (29 - 59 años),Postgrado,Área de la salud,COMUNA 2,
1iSzRozvOqW12ZkBEZz3aniJV7P932Wy6G0hAGzF1C14,CÁNCER INFANTIL 1°C 2025,Femenino,Adultez (29 - 59 años),Pregrado,Área de la salud,COMUNA 1,
1iSzRozvOqW12ZkBEZz3aniJV7P932Wy6G0hAGzF1C14,CÁNCER INFANTIL 1°C 2025,Masculino,Adultez (29 - 59 años),Pregrado,Área de la salud,COMUNA 14,
1iSzRozvOqW12ZkBEZz3aniJV7P932Wy6G0hAGzF1C14,CÁNCER INFANTIL 1°C 2025,Femenino,Adultez (29 - 59 años),Postgrado,Área de la salud,COMUNA 5,
1iSzRozvOqW12ZkBEZz3aniJV7P932Wy6G0hAGzF1C14,CÁNCER INFANTIL 1°C 2025,Femenino,Adultez (29 - 59 años),Pregrado,Área de la salud,COMUNA 17,
1iSzRozvOqW12ZkBEZz3aniJV7P932Wy6G0hAGzF1C14,CÁNCER INFANTIL 1°C 2025,Femenino,Adultez (29 - 59 años),Postgrado,Área de la salud,COMUNA 1,
1iSzRozvOqW12ZkBEZz3aniJV7P932Wy6G0hAGzF1C14,CÁNCER INFANTIL 1°C 2025,Masculino,Juventud (18 - 28 años),Pregrado,Área de la salud,COMUNA 3,
1iSzRozvOqW12ZkBEZz3aniJV7P932Wy6G0hAGzF1C14,CÁNCER INFANTIL 1°C 2025,Masculino,Adultez (29 - 59 años),Postgrado,Área de la salud,C. DE FELIDIA,
1iSzRozvOqW12ZkBEZz3aniJV7P932Wy6G0hAGzF1C14,CÁNCER INFANTIL 1°C 2025,Femenino,Adultez (29 - 59 años),Pregrado,Área de la salud,COMUNA 22,
1iSzRozvOqW12ZkBEZz3aniJV7P932Wy6G0hAGzF1C14,CÁNCER INFANTIL 1°C 2025,Femenino,Adultez (29 - 59 años),Postgrado,Área de la salud,COMUNA 2,
1iSzRozvOqW12ZkBEZz3aniJV7P932Wy6G0hAGzF1C14,CÁNCER INFANTIL 1°C 2025,Masculino,Adultez (29 - 59 años),Pregrado,Área de la salud,COMUNA 19,
1iSzRozvOqW12ZkBEZz3aniJV7P932Wy6G0hAGzF1C14,CÁNCER INFANTIL 1°C 2025,Femenino,Juventud (18 - 28 años),Pregrado,Área de la salud,COMUNA 3,
1iSzRozvOqW12ZkBEZz3aniJV7P932Wy6G0hAGzF1C14,CÁNCER INFANTIL 1°C 2025,Masculino,Adultez (29 - 59 años),Postgrado,Área de la salud,COMUNA 2,
1iSzRozvOqW12ZkBEZz3aniJV7P932Wy6G0hAGzF1C14,CÁNCER INFANTIL 1°C 2025,Femenino,Juventud (18 - 28 años),Pregrado,Área de la salud,COMUNA 10,
1iSzRozvOqW12ZkBEZz3aniJV7P932Wy6G0hAGzF1C14,CÁNCER INFANTIL 1°C 2025,Femenino,Adultez (29 - 59 años),Postgrado,Área de la salud,COMUNA 2,
1iSzRozvOqW12ZkBEZz3aniJV7P932Wy6G0hAGzF1C14,CÁNCER INFANTIL 1°C 2025,Femenino,Adultez (29 - 59 años),Pregrado,Área de la salud,COMUNA 17,
1iSzRozvOqW12ZkBEZz3aniJV7P932Wy6G0hAGzF1C14,CÁNCER INFANTIL 1°C 2025,Femenino,Adultez (29 - 59 años),Postgrado,Área de la salud,COMUNA 3,
1iSzRozvOqW12ZkBEZz3aniJV7P932Wy6G0hAGzF1C14,CÁNCER INFANTIL 1°C 2025,Masculino,Adultez (29 - 59 años),Pregrado,Área de la salud,COMUNA 4,
1iSzRozvOqW12ZkBEZz3aniJV7P932Wy6G0hAGzF1C14,CÁNCER INFANTIL 1°C 2025,Femenino,Adultez (29 - 59 años),Pregrado,Área de la salud,COMUNA 10,
1iSzRozvOqW12ZkBEZz3aniJV7P932Wy6G0hAGzF1C14,CÁNCER INFANTIL 1°C 2025,Femenino,Juventud (18 - 28 años),Pregrado,Área de la salud,COMUNA 1,
1iSzRozvOqW12ZkBEZz3aniJV7P932Wy6G0hAGzF1C14,CÁNCER INFANTIL 1°C 2025,Femenino,Adultez (29 - 59 años),Postgrado,Área de la salud,COMUNA 17,
1iSzRozvOqW12ZkBEZz3aniJV7P932Wy6G0hAGzF1C14,CÁNCER INFANTIL 1°C 2025,Femenino,Adultez (29 - 59 años),Pregrado,Área de la salud,COMUNA 9,
1iSzRozvOqW12ZkBEZz3aniJV7P932Wy6G0hAGzF1C14,CÁNCER INFANTIL 1°C 2025,Femenino,Juventud (18 - 28 años),Pregrado,Área de la salud,COMUNA 1,
1iSzRozvOqW12ZkBEZz3aniJV7P932Wy6G0hAGzF1C14,CÁNCER INFANTIL 1°C 2025,Masculino,Adultez (29 - 59 años),Pregrado,Área de la salud,COMUNA 1,
1iSzRozvOqW12ZkBEZz3aniJV7P932Wy6G0hAGzF1C14,CÁNCER INFANTIL 1°C 2025,Masculino,Adultez (29 - 59 años),Pregrado,Área de la salud,COMUNA 2,
1iSzRozvOqW12ZkBEZz3aniJV7P932Wy6G0hAGzF1C14,CÁNCER INFANTIL 1°C 2025,Masculino,Adultez (29 - 59 años),Pregrado,Área de la salud,COMUNA 19,
1iSzRozvOqW12ZkBEZz3aniJV7P932Wy6G0hAGzF1C14,CÁNCER INFANTIL 1°C 2025,Femenino,Adultez (29 - 59 años),Pregrado,Área de la salud,COMUNA 17,
1iSzRozvOqW12ZkBEZz3aniJV7P932Wy6G0hAGzF1C14,CÁNCER INFANTIL 1°C 2025,Femenino,Adultez (29 - 59 años),Postgrado,Área de la salud,COMUNA 22,
1iSzRozvOqW12ZkBEZz3aniJV7P932Wy6G0hAGzF1C14,CÁNCER INFANTIL 1°C 2025,Femenino,Adultez (29 - 59 años),Pregrado,Área de la salud,COMUNA 17,
1iSzRozvOqW12ZkBEZz3aniJV7P932Wy6G0hAGzF1C14,CÁNCER INFANTIL 1°C 2025,Femenino,Adultez (29 - 59 años),Pregrado,Área de la salud,COMUNA 2,
1iSzRozvOqW12ZkBEZz3aniJV7P932Wy6G0hAGzF1C14,CÁNCER INFANTIL 1°C 2025,Femenino,Juventud (18 - 28 años),Pregrado,Área de la salud,COMUNA 2,
1iSzRozvOqW12ZkBEZz3aniJV7P932Wy6G0hAGzF1C14,CÁNCER INFANTIL 1°C 2025,Femenino,Adultez (29 - 59 años),Postgrado,Área de la salud,COMUNA 19,
1iSzRozvOqW12ZkBEZz3aniJV7P932Wy6G0hAGzF1C14,CÁNCER INFANTIL 1°C 2025,Femenino,Adultez (29 - 59 años),Postgrado,Área de la salud,COMUNA 10,
1iSzRozvOqW12ZkBEZz3aniJV7P932Wy6G0hAGzF1C14,CÁNCER INFANTIL 1°C 2025,Femenino,Adultez (29 - 59 años),Pregrado,Área de la salud,COMUNA 7,
1iSzRozvOqW12ZkBEZz3aniJV7P932Wy6G0hAGzF1C14,CÁNCER INFANTIL 1°C 2025,Masculino,Adultez (29 - 59 años),Pregrado,Área de la salud,COMUNA 1,
1iSzRozvOqW12ZkBEZz3aniJV7P932Wy6G0hAGzF1C14,CÁNCER INFANTIL 1°C 2025,Femenino,Adultez (29 - 59 años),Pregrado,Área de la salud,COMUNA 1,
1iSzRozvOqW12ZkBEZz3aniJV7P932Wy6G0hAGzF1C14,CÁNCER INFANTIL 1°C 2025,Femenino,Adultez (29 - 59 años),Pregrado,Área de la salud,COMUNA 4,
1iSzRozvOqW12ZkBEZz3aniJV7P932Wy6G0hAGzF1C14,CÁNCER INFANTIL 1°C 2025,Femenino,Adultez (29 - 59 años),Pregrado,Área de la salud,COMUNA 1,
1iSzRozvOqW12ZkBEZz3aniJV7P932Wy6G0hAGzF1C14,CÁNCER INFANTIL 1°C 2025,Femenino,Adultez (29 - 59 años),Postgrado,Área de la salud,COMUNA 2,
1iSzRozvOqW12ZkBEZz3aniJV7P932Wy6G0hAGzF1C14,CÁNCER INFANTIL 1°C 2025,Masculino,Adultez (29 - 59 años),Pregrado,Área de la salud,COMUNA 20,
1s9JncsbTBvWSEVdih-Cluwa6BfRTKAsolY3RXqKMvvQ,-Satisfacción del Curso virtual - PRUEBAS DIAGNÓSTICAS Y RUTA DE LABORATORIO PARA TB 1°C 2024,Masculino,Adultez (29 - 59 años),Pregrado,Área de la salud,COMUNA 17,
1s9JncsbTBvWSEVdih-Cluwa6BfRTKAsolY3RXqKMvvQ,-Satisfacción del Curso virtual - PRUEBAS DIAGNÓSTICAS Y RUTA DE LABORATORIO PARA TB 1°C 2024,Femenino,Adultez (29 - 59 años),Postgrado,Área de la salud,COMUNA 12,
1s9JncsbTBvWSEVdih-Cluwa6BfRTKAsolY3RXqKMvvQ,-Satisfacción del Curso virtual - PRUEBAS DIAGNÓSTICAS Y RUTA DE LABORATORIO PARA TB 1°C 2024,Masculino,Adultez (29 - 59 años),Postgrado,Área de la salud,COMUNA 1,
1s9JncsbTBvWSEVdih-Cluwa6BfRTKAsolY3RXqKMvvQ,-Satisfacción del Curso virtual - PRUEBAS DIAGNÓSTICAS Y RUTA DE LABORATORIO PARA TB 1°C 2024,Femenino,Adultez (29 - 59 años),Postgrado,Área de la salud,COMUNA 19,
1s9JncsbTBvWSEVdih-Cluwa6BfRTKAsolY3RXqKMvvQ,-Satisfacción del Curso virtual - PRUEBAS DIAGNÓSTICAS Y RUTA DE LABORATORIO PARA TB 1°C 2024,Femenino,Adultez (29 - 59 años),Pregrado,Área de la salud,COMUNA 1,
1s9JncsbTBvWSEVdih-Cluwa6BfRTKAsolY3RXqKMvvQ,-Satisfacción del Curso virtual - PRUEBAS DIAGNÓSTICAS Y RUTA DE LABORATORIO PARA TB 1°C 2024,Femenino,Adultez (29 - 59 años),Pregrado,Área de la salud,COMUNA 10,
1s9JncsbTBvWSEVdih-Cluwa6BfRTKAsolY3RXqKMvvQ,-Satisfacción del Curso virtual - PRUEBAS DIAGNÓSTICAS Y RUTA DE LABORATORIO PARA TB 1°C 2024,Femenino,Adultez (29 - 59 años),Pregrado,Área de la salud,COMUNA 17,
1s9JncsbTBvWSEVdih-Cluwa6BfRTKAsolY3RXqKMvvQ,-Satisfacción del Curso virtual - PRUEBAS DIAGNÓSTICAS Y RUTA DE LABORATORIO PARA TB 1°C 2024,Masculino,Adultez (29 - 59 años),Postgrado,Área de la salud,COMUNA 5,
1s9JncsbTBvWSEVdih-Cluwa6BfRTKAsolY3RXqKMvvQ,-Satisfacción del Curso virtual - PRUEBAS DIAGNÓSTICAS Y RUTA DE LABORATORIO PARA TB 1°C 2024,Femenino,Adultez (29 - 59 años),Postgrado,Área de la salud,COMUNA 17,
1s9JncsbTBvWSEVdih-Cluwa6BfRTKAsolY3RXqKMvvQ,-Satisfacción del Curso virtual - PRUEBAS DIAGNÓSTICAS Y RUTA DE LABORATORIO PARA TB 1°C 2024,Masculino,Vejez (60 años o más),Postgrado,Área de la salud,COMUNA 17,
1s9JncsbTBvWSEVdih-Cluwa6BfRTKAsolY3RXqKMvvQ,-Satisfacción del Curso virtual - PRUEBAS DIAGNÓSTICAS Y RUTA DE LABORATORIO PARA TB 1°C 2024,Femenino,Juventud (18 - 28 años),Pregrado,Área de la salud,COMUNA 17,
1s9JncsbTBvWSEVdih-Cluwa6BfRTKAsolY3RXqKMvvQ,-Satisfacción del Curso virtual - PRUEBAS DIAGNÓSTICAS Y RUTA DE LABORATORIO PARA TB 1°C 2024,Femenino,Adultez (29 - 59 años),Pregrado,Área de la salud,COMUNA 10,
1s9JncsbTBvWSEVdih-Cluwa6BfRTKAsolY3RXqKMvvQ,-Satisfacción del Curso virtual - PRUEBAS DIAGNÓSTICAS Y RUTA DE LABORATORIO PARA TB 1°C 2024,Femenino,Adultez (29 - 59 años),Pregrado,Área de la salud,COMUNA 9,
1s9JncsbTBvWSEVdih-Cluwa6BfRTKAsolY3RXqKMvvQ,-Satisfacción del Curso virtual - PRUEBAS DIAGNÓSTICAS Y RUTA DE LABORATORIO PARA TB 1°C 2024,Masculino,Adultez (29 - 59 años),Pregrado,Área de la salud,COMUNA 5,
1s9JncsbTBvWSEVdih-Cluwa6BfRTKAsolY3RXqKMvvQ,-Satisfacción del Curso virtual - PRUEBAS DIAGNÓSTICAS Y RUTA DE LABORATORIO PARA TB 1°C 2024,Femenino,Adultez (29 - 59 años),Pregrado,Área de la salud,COMUNA 6,
1s9JncsbTBvWSEVdih-Cluwa6BfRTKAsolY3RXqKMvvQ,-Satisfacción del Curso virtual - PRUEBAS DIAGNÓSTICAS Y RUTA DE LABORATORIO PARA TB 1°C 2024,Femenino,Adultez (29 - 59 años),Postgrado,Área de la salud,COMUNA 21,
1s9JncsbTBvWSEVdih-Cluwa6BfRTKAsolY3RXqKMvvQ,-Satisfacción del Curso virtual - PRUEBAS DIAGNÓSTICAS Y RUTA DE LABORATORIO PARA TB 1°C 2024,Femenino,Adultez (29 - 59 años),Pregrado,Área de la salud,COMUNA 17,
1s9JncsbTBvWSEVdih-Cluwa6BfRTKAsolY3RXqKMvvQ,-Satisfacción del Curso virtual - PRUEBAS DIAGNÓSTICAS Y RUTA DE LABORATORIO PARA TB 1°C 2024,Femenino,Adultez (29 - 59 años),Pregrado,Área de la salud,COMUNA 1,
1s9JncsbTBvWSEVdih-Cluwa6BfRTKAsolY3RXqKMvvQ,-Satisfacción del Curso virtual - PRUEBAS DIAGNÓSTICAS Y RUTA DE LABORATORIO PARA TB 1°C 2024,Femenino,Adultez (29 - 59 años),Postgrado,Área de la salud,COMUNA 9,
1s9JncsbTBvWSEVdih-Cluwa6BfRTKAsolY3RXqKMvvQ,-Satisfacción del Curso virtual - PRUEBAS DIAGNÓSTICAS Y RUTA DE LABORATORIO PARA TB 1°C 2024,Femenino,Adultez (29 - 59 años),Postgrado,Área de la salud,COMUNA 6,
1s9JncsbTBvWSEVdih-Cluwa6BfRTKAsolY3RXqKMvvQ,-Satisfacción del Curso virtual - PRUEBAS DIAGNÓSTICAS Y RUTA DE LABORATORIO PARA TB 1°C 2024,Femenino,Adultez (29 - 59 años),Postgrado,Área de la salud,COMUNA 4,
1s9JncsbTBvWSEVdih-Cluwa6BfRTKAsolY3RXqKMvvQ,-Satisfacción del Curso virtual - PRUEBAS DIAGNÓSTICAS Y RUTA DE LABORATORIO PARA TB 1°C 2024,Masculino,Adultez (29 - 59 años),Pregrado,Área de la salud,COMUNA 17,
1s9JncsbTBvWSEVdih-Cluwa6BfRTKAsolY3RXqKMvvQ,-Satisfacción del Curso virtual - PRUEBAS DIAGNÓSTICAS Y RUTA DE LABORATORIO PARA TB 1°C 2024,Masculino,Adultez (29 - 59 años),Postgrado,Área de la salud,COMUNA 19,
1s9JncsbTBvWSEVdih-Cluwa6BfRTKAsolY3RXqKMvvQ,-Satisfacción del Curso virtual - PRUEBAS DIAGNÓSTICAS Y RUTA DE LABORATORIO PARA TB 1°C 2024,Femenino,Adultez (29 - 59 años),Postgrado,Área de la salud,COMUNA 16,
1s9JncsbTBvWSEVdih-Cluwa6BfRTKAsolY3RXqKMvvQ,-Satisfacción del Curso virtual - PRUEBAS DIAGNÓSTICAS Y RUTA DE LABORATORIO PARA TB 1°C 2024,Femenino,Adultez (29 - 59 años),Pregrado,Área de la salud,COMUNA 16,
1s9JncsbTBvWSEVdih-Cluwa6BfRTKAsolY3RXqKMvvQ,-Satisfacción del Curso virtual - PRUEBAS DIAGNÓSTICAS Y RUTA DE LABORATORIO PARA TB 1°C 2024,Masculino,Adultez (29 - 59 años),Pregrado,Área de la salud,COMUNA 2,
1s9JncsbTBvWSEVdih-Cluwa6BfRTKAsolY3RXqKMvvQ,-Satisfacción del Curso virtual - PRUEBAS DIAGNÓSTICAS Y RUTA DE LABORATORIO PARA TB 1°C 2024,Masculino,Juventud (18 - 28 años),Pregrado,Área de la salud,COMUNA 10,
1s9JncsbTBvWSEVdih-Cluwa6BfRTKAsolY3RXqKMvvQ,-Satisfacción del Curso virtual - PRUEBAS DIAGNÓSTICAS Y RUTA DE LABORATORIO PARA TB 1°C 2024,Femenino,Adultez (29 - 59 años),Pregrado,Área de la salud,COMUNA 17,
1s9JncsbTBvWSEVdih-Cluwa6BfRTKAsolY3RXqKMvvQ,-Satisfacción del Curso virtual - PRUEBAS DIAGNÓSTICAS Y RUTA DE LABORATORIO PARA TB 1°C 2024,Femenino,Adultez (29 - 59 años),Pregrado,Área de la salud,COMUNA 10,
1s9JncsbTBvWSEVdih-Cluwa6BfRTKAsolY3RXqKMvvQ,-Satisfacción del Curso virtual - PRUEBAS DIAGNÓSTICAS Y RUTA DE LABORATORIO PARA TB 1°C 2024,Femenino,Adultez (29 - 59 años),Pregrado,Área de la salud,COMUNA 3,
1s9JncsbTBvWSEVdih-Cluwa6BfRTKAsolY3RXqKMvvQ,-Satisfacción del Curso virtual - PRUEBAS DIAGNÓSTICAS Y RUTA DE LABORATORIO PARA TB 1°C 2024,Femenino,Adultez (29 - 59 años),Pregrado,Área de la salud,COMUNA 17,
1s9JncsbTBvWSEVdih-Cluwa6BfRTKAsolY3RXqKMvvQ,-Satisfacción del Curso virtual - PRUEBAS DIAGNÓSTICAS Y RUTA DE LABORATORIO PARA TB 1°C 2024,Femenino,Juventud (18 - 28 años),Postgrado,Área de la salud,COMUNA 8,
1s9JncsbTBvWSEVdih-Cluwa6BfRTKAsolY3RXqKMvvQ,-Satisfacción del Curso virtual - PRUEBAS DIAGNÓSTICAS Y RUTA DE LABORATORIO PARA TB 1°C 2024,Femenino,Adultez (29 - 59 años),Pregrado,Área de la salud,COMUNA 8,
1s9JncsbTBvWSEVdih-Cluwa6BfRTKAsolY3RXqKMvvQ,-Satisfacción del Curso virtual - PRUEBAS DIAGNÓSTICAS Y RUTA DE LABORATORIO PARA TB 1°C 2024,Femenino,Adultez (29 - 59 años),Pregrado,Área de la salud,COMUNA 10,
1s9JncsbTBvWSEVdih-Cluwa6BfRTKAsolY3RXqKMvvQ,-Satisfacción del Curso virtual - PRUEBAS DIAGNÓSTICAS Y RUTA DE LABORATORIO PARA TB 1°C 2024,Femenino,Adultez (29 - 59 años),Postgrado,Área de la salud,COMUNA 18,
1s9JncsbTBvWSEVdih-Cluwa6BfRTKAsolY3RXqKMvvQ,-Satisfacción del Curso virtual - PRUEBAS DIAGNÓSTICAS Y RUTA DE LABORATORIO PARA TB 1°C 2024,Femenino,Adultez (29 - 59 años),Postgrado,Área de la salud,COMUNA 1,
1s9JncsbTBvWSEVdih-Cluwa6BfRTKAsolY3RXqKMvvQ,-Satisfacción del Curso virtual - PRUEBAS DIAGNÓSTICAS Y RUTA DE LABORATORIO PARA TB 1°C 2024,Femenino,Adultez (29 - 59 años),Postgrado,Área de la salud,COMUNA 10,
1s9JncsbTBvWSEVdih-Cluwa6BfRTKAsolY3RXqKMvvQ,-Satisfacción del Curso virtual - PRUEBAS DIAGNÓSTICAS Y RUTA DE LABORATORIO PARA TB 1°C 2024,Femenino,Adultez (29 - 59 años),Pregrado,Área de la salud,COMUNA 2,
1s9JncsbTBvWSEVdih-Cluwa6BfRTKAsolY3RXqKMvvQ,-Satisfacción del Curso virtual - PRUEBAS DIAGNÓSTICAS Y RUTA DE LABORATORIO PARA TB 1°C 2024,Femenino,Adultez (29 - 59 años),Pregrado,Área de la salud,COMUNA 17,
1s9JncsbTBvWSEVdih-Cluwa6BfRTKAsolY3RXqKMvvQ,-Satisfacción del Curso virtual - PRUEBAS DIAGNÓSTICAS Y RUTA DE LABORATORIO PARA TB 1°C 2024,Masculino,Juventud (18 - 28 años),Pregrado,Área de la salud,COMUNA 19,
1s9JncsbTBvWSEVdih-Cluwa6BfRTKAsolY3RXqKMvvQ,-Satisfacción del Curso virtual - PRUEBAS DIAGNÓSTICAS Y RUTA DE LABORATORIO PARA TB 1°C 2024,Femenino,Adultez (29 - 59 años),Pregrado,Área de la salud,COMUNA 18,
1s9JncsbTBvWSEVdih-Cluwa6BfRTKAsolY3RXqKMvvQ,-Satisfacción del Curso virtual - PRUEBAS DIAGNÓSTICAS Y RUTA DE LABORATORIO PARA TB 1°C 2024,Masculino,Adultez (29 - 59 años),Pregrado,Área de la salud,COMUNA 2,
1s9JncsbTBvWSEVdih-Cluwa6BfRTKAsolY3RXqKMvvQ,-Satisfacción del Curso virtual - PRUEBAS DIAGNÓSTICAS Y RUTA DE LABORATORIO PARA TB 1°C 2024,Femenino,Adultez (29 - 59 años),Postgrado,Área de la salud,COMUNA 15,
1s9JncsbTBvWSEVdih-Cluwa6BfRTKAsolY3RXqKMvvQ,-Satisfacción del Curso virtual - PRUEBAS DIAGNÓSTICAS Y RUTA DE LABORATORIO PARA TB 1°C 2024,Masculino,Adultez (29 - 59 años),Pregrado,Área de la salud,COMUNA 11,
1s9JncsbTBvWSEVdih-Cluwa6BfRTKAsolY3RXqKMvvQ,-Satisfacción del Curso virtual - PRUEBAS DIAGNÓSTICAS Y RUTA DE LABORATORIO PARA TB 1°C 2024,Femenino,Adultez (29 - 59 años),Pregrado,Área de la salud,COMUNA 10,
1s9JncsbTBvWSEVdih-Cluwa6BfRTKAsolY3RXqKMvvQ,-Satisfacción del Curso virtual - PRUEBAS DIAGNÓSTICAS Y RUTA DE LABORATORIO PARA TB 1°C 2024,Femenino,Adultez (29 - 59 años),Postgrado,Área de la salud,COMUNA 16,
1s9JncsbTBvWSEVdih-Cluwa6BfRTKAsolY3RXqKMvvQ,-Satisfacción del Curso virtual - PRUEBAS DIAGNÓSTICAS Y RUTA DE LABORATORIO PARA TB 1°C 2024,Femenino,Adultez (29 - 59 años),Postgrado,Área de la salud,COMUNA 2,
1s9JncsbTBvWSEVdih-Cluwa6BfRTKAsolY3RXqKMvvQ,-Satisfacción del Curso virtual - PRUEBAS DIAGNÓSTICAS Y RUTA DE LABORATORIO PARA TB 1°C 2024,Femenino,Adultez (29 - 59 años),Postgrado,Área de la salud,COMUNA 10,
1s9JncsbTBvWSEVdih-Cluwa6BfRTKAsolY3RXqKMvvQ,-Satisfacción del Curso virtual - PRUEBAS DIAGNÓSTICAS Y RUTA DE LABORATORIO PARA TB 1°C 2024,Masculino,Adultez (29 - 59 años),Pregrado,Área de la salud,COMUNA 4,
1s9JncsbTBvWSEVdih-Cluwa6BfRTKAsolY3RXqKMvvQ,-Satisfacción del Curso virtual - PRUEBAS DIAGNÓSTICAS Y RUTA DE LABORATORIO PARA TB 1°C 2024,Femenino,Adultez (29 - 59 años),Postgrado,Área de la salud,COMUNA 17,
1s9JncsbTBvWSEVdih-Cluwa6BfRTKAsolY3RXqKMvvQ,-Satisfacción del Curso virtual - PRUEBAS DIAGNÓSTICAS Y RUTA DE LABORATORIO PARA TB 1°C 2024,Femenino,Adultez (29 - 59 años),Pregrado,Área de la salud,COMUNA 11,
15YtcBYtFiSRraE6QMfnfUpJvXVwEAvebuT_F4TIb9gg,SALUD ORAL RMP 3°C 2024,Femenino,Juventud (18 - 28 años),Pregrado,Área de la salud,COMUNA 5,
15YtcBYtFiSRraE6QMfnfUpJvXVwEAvebuT_F4TIb9gg,SALUD ORAL RMP 3°C 2024,Femenino,Adultez (29 - 59 años),Pregrado,Área de la salud,COMUNA 19,
15YtcBYtFiSRraE6QMfnfUpJvXVwEAvebuT_F4TIb9gg,SALUD ORAL RMP 3°C 2024,Femenino,Juventud (18 - 28 años),Pregrado,Área de la salud,COMUNA 3,
15YtcBYtFiSRraE6QMfnfUpJvXVwEAvebuT_F4TIb9gg,SALUD ORAL RMP 3°C 2024,Femenino,Adultez (29 - 59 años),Pregrado,Área de la salud,COMUNA 19,
15YtcBYtFiSRraE6QMfnfUpJvXVwEAvebuT_F4TIb9gg,SALUD ORAL RMP 3°C 2024,Femenino,Adultez (29 - 59 años),Pregrado,Área de la salud,COMUNA 17,
15YtcBYtFiSRraE6QMfnfUpJvXVwEAvebuT_F4TIb9gg,SALUD ORAL RMP 3°C 2024,Femenino,Juventud (18 - 28 años),Pregrado,Área de la salud,COMUNA 4,
15YtcBYtFiSRraE6QMfnfUpJvXVwEAvebuT_F4TIb9gg,SALUD ORAL RMP 3°C 2024,Masculino,Adultez (29 - 59 años),Postgrado,Área de la salud,COMUNA 22,
15YtcBYtFiSRraE6QMfnfUpJvXVwEAvebuT_F4TIb9gg,SALUD ORAL RMP 3°C 2024,Femenino,Adultez (29 - 59 años),Pregrado,Área de la salud,COMUNA 16,
15YtcBYtFiSRraE6QMfnfUpJvXVwEAvebuT_F4TIb9gg,SALUD ORAL RMP 3°C 2024,Femenino,Adultez (29 - 59 años),Postgrado,Área de la salud,COMUNA 2,
15YtcBYtFiSRraE6QMfnfUpJvXVwEAvebuT_F4TIb9gg,SALUD ORAL RMP 3°C 2024,Femenino,Adultez (29 - 59 años),Pregrado,Área de la salud,COMUNA 1,
15YtcBYtFiSRraE6QMfnfUpJvXVwEAvebuT_F4TIb9gg,SALUD ORAL RMP 3°C 2024,Femenino,Juventud (18 - 28 años),Pregrado,Área de la salud,COMUNA 9,
15YtcBYtFiSRraE6QMfnfUpJvXVwEAvebuT_F4TIb9gg,SALUD ORAL RMP 3°C 2024,Femenino,Adultez (29 - 59 años),Bachiller,Área de la salud,COMUNA 17,
15YtcBYtFiSRraE6QMfnfUpJvXVwEAvebuT_F4TIb9gg,SALUD ORAL RMP 3°C 2024,Femenino,Adultez (29 - 59 años),Postgrado,Área de la salud,COMUNA 2,
15YtcBYtFiSRraE6QMfnfUpJvXVwEAvebuT_F4TIb9gg,SALUD ORAL RMP 3°C 2024,Femenino,Vejez (60 años o más),Bachiller,Área de la salud,COMUNA 6,
15YtcBYtFiSRraE6QMfnfUpJvXVwEAvebuT_F4TIb9gg,SALUD ORAL RMP 3°C 2024,Masculino,Adultez (29 - 59 años),Pregrado,Área de la salud,COMUNA 2,
15YtcBYtFiSRraE6QMfnfUpJvXVwEAvebuT_F4TIb9gg,SALUD ORAL RMP 3°C 2024,Femenino,Adultez (29 - 59 años),Pregrado,Área de la salud,COMUNA 16,
