ID_Formulario,Nombre_Curso,¿Se dio a conocer el objetivo de la capacitación?,¿Se cumplió el objetivo de la capacitación?,¿Los contenidos brindados fueron coherentes con el objetivo planteado?,¿Los temas se desarrollaron en el tiempo previsto?,¿La capacitación aportó nuevos conceptos y/o técnicas que antes no conocía?,¿Los conocimientos recibidos durante la capacitación le permitirán llevarlos a la práctica en su vida cotidiana?,¿La metodología utilizada por el facilitador permitió el entendimiento de los contenidos?,¿El facilitador demostró el dominio del tema brindado?,¿Durante el desarrollo de la capacitación se propició la participación de los asistentes?,¿Durante la capacitación se dio espacio para la solución de inquietudes?,¿Cómo califica las condiciones del espacio físico o medio virtual en el que se desarrolló la capacitación?,¿El material utilizado permitió el entendimiento del tema?,"En general, ¿Cómo se sintió con la actividad de capacitación realizada?"
12imN--sH0MBswxs3ix0yrHryrQIOsbLZPljvGifls58,"RPMS (A, J) - (AISPPMSCVJA_01_2026) (AISPPMSCVA_01_2026)",5,5,5,5,5,5,5,5,5,4,5,5,5
12imN--sH0MBswxs3ix0yrHryrQIOsbLZPljvGifls58,"RPMS (A, J) - (AISPPMSCVJA_01_2026) (AISPPMSCVA_01_2026)",5,5,5,5,5,5,5,5,5,5,5,5,5
12imN--sH0MBswxs3ix0yrHryrQIOsbLZPljvGifls58,"RPMS (A, J) - (AISPPMSCVJA_01_2026) (AISPPMSCVA_01_2026)",5,5,5,5,5,5,5,5,5,5,5,5,5
12imN--sH0MBswxs3ix0yrHryrQIOsbLZPljvGifls58,"RPMS (A, J) - (AISPPMSCVJA_01_2026) (AISPPMSCVA_01_2026)",5,5,5,5,5,5,5,5,5,5,5,5,5
12imN--sH0MBswxs3ix0yrHryrQIOsbLZPljvGifls58,"RPMS (A, J) - (AISPPMSCVJA_01_2026) (AISPPMSCVA_01_2026)",5,5,5,5,5,5,5,5,4,4,5,5,5
12imN--sH0MBswxs3ix0yrHryrQIOsbLZPljvGifls58,"RPMS (A, J) - (AISPPMSCVJA_01_2026) (AISPPMSCVA_01_2026)",4,4,4,4,4,4,4,4,4,4,4,5,5
12imN--sH0MBswxs3ix0yrHryrQIOsbLZPljvGifls58,"RPMS (A, J) - (AISPPMSCVJA_01_2026) (AISPPMSCVA_01_2026)",5,5,5,5,5,5,4,5,5,5,5,5,4
12imN--sH0MBswxs3ix0yrHryrQIOsbLZPljvGifls58,"RPMS (A, J) - (AISPPMSCVJA_01_2026) (AISPPMSCVA_01_2026)",4,4,4,4,4,4,4,4,4,4,4,4,4
12imN--sH0MBswxs3ix0yrHryrQIOsbLZPljvGifls58,"RPMS (A, J) - (AISPPMSCVJA_01_2026) (AISPPMSCVA_01_2026)",4,4,4,4,4,4,4,4,4,4,4,4,4
12imN--sH0MBswxs3ix0yrHryrQIOsbLZPljvGifls58,"RPMS (A, J) - (AISPPMSCVJA_01_2026) (AISPPMSCVA_01_2026)",4,4,4,4,4,4,4,4,4,4,4,4,4
12imN--sH0MBswxs3ix0yrHryrQIOsbLZPljvGifls58,"RPMS (A, J) - (AISPPMSCVJA_01_2026) (AISPPMSCVA_01_2026)",5,5,5,5,5,5,5,5,5,5,3,5,5
12imN--sH0MBswxs3ix0yrHryrQIOsbLZPljvGifls58,"RPMS (A, J) - (AISPPMSCVJA_01_2026) (AISPPMSCVA_01_2026)",5,5,5,5,5,5,5,5,5,5,5,5,5
12imN--sH0MBswxs3ix0yrHryrQIOsbLZPljvGifls58,"RPMS (A, J) - (AISPPMSCVJA_01_2026) (AISPPMSCVA_01_2026)",4,4,4,4,4,4,5,4,4,3,5,5,4
12imN--sH0MBswxs3ix0yrHryrQIOsbLZPljvGifls58,"RPMS (A, J) - (AISPPMSCVJA_01_2026) (AISPPMSCVA_01_2026)",5,5,5,5,5,5,5,5,5,5,5,5,5
12imN--sH0MBswxs3ix0yrHryrQIOsbLZPljvGifls58,"RPMS (A, J) - (AISPPMSCVJA_01_2026) (AISPPMSCVA_01_2026)",1,1,1,1,1,1,1,1,1,1,1,1,1
12imN--sH0MBswxs3ix0yrHryrQIOsbLZPljvGifls58,"RPMS (A, J) - (AISPPMSCVJA_01_2026) (AISPPMSCVA_01_2026)",4,4,4,4,4,4,4,4,4,4,4,4,4
12imN--sH0MBswxs3ix0yrHryrQIOsbLZPljvGifls58,"RPMS (A, J) - (AISPPMSCVJA_01_2026) (AISPPMSCVA_01_2026)",5,5,5,5,5,5,5,5,5,3,5,5,5
12imN--sH0MBswxs3ix0yrHryrQIOsbLZPljvGifls58,"RPMS (A, J) - (AISPPMSCVJA_01_2026) (AISPPMSCVA_01_2026)",5,5,5,5,5,5,5,5,5,5,5,5,5
12imN--sH0MBswxs3ix0yrHryrQIOsbLZPljvGifls58,"RPMS (A, J) - (AISPPMSCVJA_01_2026) (AISPPMSCVA_01_2026)",5,5,5,5,5,5,5,5,5,5,5,5,5
12imN--sH0MBswxs3ix0yrHryrQIOsbLZPljvGifls58,"RPMS (A, J) - (AISPPMSCVJA_01_2026) (AISPPMSCVA_01_2026)",4,4,4,4,4,4,4,4,4,3,4,4,4
12imN--sH0MBswxs3ix0yrHryrQIOsbLZPljvGifls58,"RPMS (A, J) - (AISPPMSCVJA_01_2026) (AISPPMSCVA_01_2026)",5,5,5,5,5,5,5,5,5,5,5,5,5
12imN--sH0MBswxs3ix0yrHryrQIOsbLZPljvGifls58,"RPMS (A, J) - (AISPPMSCVJA_01_2026) (AISPPMSCVA_01_2026)",4,4,4,4,4,4,4,4,4,4,4,4,4
12imN--sH0MBswxs3ix0yrHryrQIOsbLZPljvGifls58,"RPMS (A, J) - (AISPPMSCVJA_01_2026) (AISPPMSCVA_01_2026)",5,5,5,5,5,5,5,5,5,5,5,5,5
12imN--sH0MBswxs3ix0yrHryrQIOsbLZPljvGifls58,"RPMS (A, J) - (AISPPMSCVJA_01_2026) (AISPPMSCVA_01_2026)",5,5,5,5,5,5,5,5,5,5,5,5,5
12imN--sH0MBswxs3ix0yrHryrQIOsbLZPljvGifls58,"RPMS (A, J) - (AISPPMSCVJA_01_2026) (AISPPMSCVA_01_2026)",5,5,5,5,5,5,5,5,5,5,5,5,5
12imN--sH0MBswxs3ix0yrHryrQIOsbLZPljvGifls58,"RPMS (A, J) - (AISPPMSCVJA_01_2026) (AISPPMSCVA_01_2026)",5,5,5,5,5,5,5,5,5,5,5,5,5
12imN--sH0MBswxs3ix0yrHryrQIOsbLZPljvGifls58,"RPMS (A, J) - (AISPPMSCVJA_01_2026) (AISPPMSCVA_01_2026)",2,2,2,2,2,2,2,2,3,3,3,3,3
12imN--sH0MBswxs3ix0yrHryrQIOsbLZPljvGifls58,"RPMS (A, J) - (AISPPMSCVJA_01_2026) (AISPPMSCVA_01_2026)",1,1,1,1,1,1,1,1,1,1,1,1,1
12imN--sH0MBswxs3ix0yrHryrQIOsbLZPljvGifls58,"RPMS (A, J) - (AISPPMSCVJA_01_2026) (AISPPMSCVA_01_2026)",5,5,5,5,5,5,5,5,5,5,5,5,5
12imN--sH0MBswxs3ix0yrHryrQIOsbLZPljvGifls58,"RPMS (A, J) - (AISPPMSCVJA_01_2026) (AISPPMSCVA_01_2026)",5,5,5,5,5,5,5,5,5,5,5,5,5
12imN--sH0MBswxs3ix0yrHryrQIOsbLZPljvGifls58,"RPMS (A, J) - (AISPPMSCVJA_01_2026) (AISPPMSCVA_01_2026)",4,4,4,4,4,4,4,4,4,4,4,4,4
12imN--sH0MBswxs3ix0yrHryrQIOsbLZPljvGifls58,"RPMS (A, J) - (AISPPMSCVJA_01_2026) (AISPPMSCVA_01_2026)",5,5,5,5,5,4,5,5,3,4,5,5,5
12imN--sH0MBswxs3ix0yrHryrQIOsbLZPljvGifls58,"RPMS (A, J) - (AISPPMSCVJA_01_2026) (AISPPMSCVA_01_2026)",5,5,5,5,5,5,5,5,5,5,5,5,5
12imN--sH0MBswxs3ix0yrHryrQIOsbLZPljvGifls58,"RPMS (A, J) - (AISPPMSCVJA_01_2026) (AISPPMSCVA_01_2026)",4,4,4,4,4,4,4,4,4,4,4,4,4
12imN--sH0MBswxs3ix0yrHryrQIOsbLZPljvGifls58,"RPMS (A, J) - (AISPPMSCVJA_01_2026) (AISPPMSCVA_01_2026)",4,4,4,4,4,4,4,4,4,4,4,4,4
12imN--sH0MBswxs3ix0yrHryrQIOsbLZPljvGifls58,"RPMS (A, J) - (AISPPMSCVJA_01_2026) (AISPPMSCVA_01_2026)",5,4,5,4,5,5,4,5,5,4,5,5,5
12imN--sH0MBswxs3ix0yrHryrQIOsbLZPljvGifls58,"RPMS (A, J) - (AISPPMSCVJA_01_2026) (AISPPMSCVA_01_2026)",4,4,4,4,4,4,4,4,4,4,4,4,4
12imN--sH0MBswxs3ix0yrHryrQIOsbLZPljvGifls58,"RPMS (A, J) - (AISPPMSCVJA_01_2026) (AISPPMSCVA_01_2026)",5,5,5,5,5,5,5,5,5,5,5,5,5
12imN--sH0MBswxs3ix0yrHryrQIOsbLZPljvGifls58,"RPMS (A, J) - (AISPPMSCVJA_01_2026) (AISPPMSCVA_01_2026)",5,5,5,5,5,5,5,5,5,5,5,5,5
12imN--sH0MBswxs3ix0yrHryrQIOsbLZPljvGifls58,"RPMS (A, J) - (AISPPMSCVJA_01_2026) (AISPPMSCVA_01_2026)",4,4,4,4,4,4,4,4,4,4,4,4,4
12imN--sH0MBswxs3ix0yrHryrQIOsbLZPljvGifls58,"RPMS (A, J) - (AISPPMSCVJA_01_2026) (AISPPMSCVA_01_2026)",4,4,4,3,4,4,4,4,3,4,4,5,4
12imN--sH0MBswxs3ix0yrHryrQIOsbLZPljvGifls58,"RPMS (A, J) - (AISPPMSCVJA_01_2026) (AISPPMSCVA_01_2026)",5,5,5,5,5,5,5,5,5,5,5,5,5
12imN--sH0MBswxs3ix0yrHryrQIOsbLZPljvGifls58,"RPMS (A, J) - (AISPPMSCVJA_01_2026) (AISPPMSCVA_01_2026)",3,3,3,3,3,3,3,3,3,3,3,3,3
12imN--sH0MBswxs3ix0yrHryrQIOsbLZPljvGifls58,"RPMS (A, J) - (AISPPMSCVJA_01_2026) (AISPPMSCVA_01_2026)",5,5,5,5,5,5,5,5,5,5,5,5,5
12imN--sH0MBswxs3ix0yrHryrQIOsbLZPljvGifls58,"RPMS (A, J) - (AISPPMSCVJA_01_2026) (AISPPMSCVA_01_2026)",4,4,4,4,4,4,4,4,4,4,4,4,4
12imN--sH0MBswxs3ix0yrHryrQIOsbLZPljvGifls58,"RPMS (A, J) - (AISPPMSCVJA_01_2026) (AISPPMSCVA_01_2026)",5,5,5,5,5,5,5,5,5,5,5,5,5
12imN--sH0MBswxs3ix0yrHryrQIOsbLZPljvGifls58,"RPMS (A, J) - (AISPPMSCVJA_01_2026) (AISPPMSCVA_01_2026)",4,4,4,4,4,5,5,4,5,4,5,5,5
12imN--sH0MBswxs3ix0yrHryrQIOsbLZPljvGifls58,"RPMS (A, J) - (AISPPMSCVJA_01_2026) (AISPPMSCVA_01_2026)",5,5,5,5,5,5,5,5,5,5,5,5,5
12imN--sH0MBswxs3ix0yrHryrQIOsbLZPljvGifls58,"RPMS (A, J) - (AISPPMSCVJA_01_2026) (AISPPMSCVA_01_2026)",5,5,5,5,5,5,5,5,5,5,5,5,5
12imN--sH0MBswxs3ix0yrHryrQIOsbLZPljvGifls58,"RPMS (A, J) - (AISPPMSCVJA_01_2026) (AISPPMSCVA_01_2026)",5,5,5,5,5,5,5,5,5,5,5,5,5
12imN--sH0MBswxs3ix0yrHryrQIOsbLZPljvGifls58,"RPMS (A, J) - (AISPPMSCVJA_01_2026) (AISPPMSCVA_01_2026)",1,1,1,1,1,1,1,1,4,4,1,1,1
12imN--sH0MBswxs3ix0yrHryrQIOsbLZPljvGifls58,"RPMS (A, J) - (AISPPMSCVJA_01_2026) (AISPPMSCVA_01_2026)",5,5,5,5,5,5,5,5,5,5,5,5,5
12imN--sH0MBswxs3ix0yrHryrQIOsbLZPljvGifls58,"RPMS (A, J) - (AISPPMSCVJA_01_2026) (AISPPMSCVA_01_2026)",5,5,5,5,5,5,5,5,5,5,5,5,5
12imN--sH0MBswxs3ix0yrHryrQIOsbLZPljvGifls58,"RPMS (A, J) - (AISPPMSCVJA_01_2026) (AISPPMSCVA_01_2026)",4,5,4,5,5,5,5,4,5,4,5,4,5
12imN--sH0MBswxs3ix0yrHryrQIOsbLZPljvGifls58,"RPMS (A, J) - (AISPPMSCVJA_01_2026) (AISPPMSCVA_01_2026)",5,5,5,5,5,5,5,5,5,5,5,5,5
12imN--sH0MBswxs3ix0yrHryrQIOsbLZPljvGifls58,"RPMS (A, J) - (AISPPMSCVJA_01_2026) (AISPPMSCVA_01_2026)",5,5,5,5,5,5,5,5,5,5,5,5,5
12imN--sH0MBswxs3ix0yrHryrQIOsbLZPljvGifls58,"RPMS (A, J) - (AISPPMSCVJA_01_2026) (AISPPMSCVA_01_2026)",5,5,5,5,5,5,5,5,5,5,5,5,5
12imN--sH0MBswxs3ix0yrHryrQIOsbLZPljvGifls58,"RPMS (A, J) - (AISPPMSCVJA_01_2026) (AISPPMSCVA_01_2026)",5,5,5,5,5,5,5,5,5,5,5,5,5
12imN--sH0MBswxs3ix0yrHryrQIOsbLZPljvGifls58,"RPMS (A, J) - (AISPPMSCVJA_01_2026) (AISPPMSCVA_01_2026)",4,4,4,4,4,4,4,4,5,5,5,5,5
12imN--sH0MBswxs3ix0yrHryrQIOsbLZPljvGifls58,"RPMS (A, J) - (AISPPMSCVJA_01_2026) (AISPPMSCVA_01_2026)",5,5,5,5,5,5,5,5,5,5,5,5,5
12imN--sH0MBswxs3ix0yrHryrQIOsbLZPljvGifls58,"RPMS (A, J) - (AISPPMSCVJA_01_2026) (AISPPMSCVA_01_2026)",5,5,5,5,5,5,5,5,5,5,5,5,5
12imN--sH0MBswxs3ix0yrHryrQIOsbLZPljvGifls58,"RPMS (A, J) - (AISPPMSCVJA_01_2026) (AISPPMSCVA_01_2026)",5,5,5,5,5,5,5,5,5,5,5,5,5
12imN--sH0MBswxs3ix0yrHryrQIOsbLZPljvGifls58,"RPMS (A, J) - (AISPPMSCVJA_01_2026) (AISPPMSCVA_01_2026)",4,4,4,4,4,4,4,4,4,4,4,4,3
12imN--sH0MBswxs3ix0yrHryrQIOsbLZPljvGifls58,"RPMS (A, J) - (AISPPMSCVJA_01_2026) (AISPPMSCVA_01_2026)",5,5,5,5,5,5,5,5,5,5,5,5,5
12imN--sH0MBswxs3ix0yrHryrQIOsbLZPljvGifls58,"RPMS (A, J) - (AISPPMSCVJA_01_2026) (AISPPMSCVA_01_2026)",5,5,5,5,5,5,5,5,4,5,5,5,5
12imN--sH0MBswxs3ix0yrHryrQIOsbLZPljvGifls58,"RPMS (A, J) - (AISPPMSCVJA_01_2026) (AISPPMSCVA_01_2026)",5,5,4,4,4,4,4,4,4,4,4,4,4
12imN--sH0MBswxs3ix0yrHryrQIOsbLZPljvGifls58,"RPMS (A, J) - (AISPPMSCVJA_01_2026) (AISPPMSCVA_01_2026)",2,1,1,1,1,2,2,2,2,3,3,2,2
12imN--sH0MBswxs3ix0yrHryrQIOsbLZPljvGifls58,"RPMS (A, J) - (AISPPMSCVJA_01_2026) (AISPPMSCVA_01_2026)",4,4,4,4,4,4,4,4,4,4,4,4,4
12imN--sH0MBswxs3ix0yrHryrQIOsbLZPljvGifls58,"RPMS (A, J) - (AISPPMSCVJA_01_2026) (AISPPMSCVA_01_2026)",5,5,5,5,5,5,5,5,5,5,5,5,5
12imN--sH0MBswxs3ix0yrHryrQIOsbLZPljvGifls58,"RPMS (A, J) - (AISPPMSCVJA_01_2026) (AISPPMSCVA_01_2026)",5,5,5,5,5,5,5,5,5,5,5,5,5
12imN--sH0MBswxs3ix0yrHryrQIOsbLZPljvGifls58,"RPMS (A, J) - (AISPPMSCVJA_01_2026) (AISPPMSCVA_01_2026)",5,5,5,4,5,5,4,5,3,2,3,4,4
12imN--sH0MBswxs3ix0yrHryrQIOsbLZPljvGifls58,"RPMS (A, J) - (AISPPMSCVJA_01_2026) (AISPPMSCVA_01_2026)",5,5,5,5,5,5,5,5,5,5,5,5,5
12imN--sH0MBswxs3ix0yrHryrQIOsbLZPljvGifls58,"RPMS (A, J) - (AISPPMSCVJA_01_2026) (AISPPMSCVA_01_2026)",5,5,5,5,4,5,5,5,4,4,5,5,5
12imN--sH0MBswxs3ix0yrHryrQIOsbLZPljvGifls58,"RPMS (A, J) - (AISPPMSCVJA_01_2026) (AISPPMSCVA_01_2026)",5,5,5,5,5,5,5,5,5,5,5,5,5
12imN--sH0MBswxs3ix0yrHryrQIOsbLZPljvGifls58,"RPMS (A, J) - (AISPPMSCVJA_01_2026) (AISPPMSCVA_01_2026)",5,4,5,4,5,4,5,4,5,4,5,4,5
12imN--sH0MBswxs3ix0yrHryrQIOsbLZPljvGifls58,"RPMS (A, J) - (AISPPMSCVJA_01_2026) (AISPPMSCVA_01_2026)",5,5,5,5,5,5,5,5,5,5,5,5,5
12imN--sH0MBswxs3ix0yrHryrQIOsbLZPljvGifls58,"RPMS (A, J) - (AISPPMSCVJA_01_2026) (AISPPMSCVA_01_2026)",4,4,5,4,5,5,5,5,5,5,5,5,5
12imN--sH0MBswxs3ix0yrHryrQIOsbLZPljvGifls58,"RPMS (A, J) - (AISPPMSCVJA_01_2026) (AISPPMSCVA_01_2026)",5,5,5,5,5,5,5,5,5,5,5,5,5
12imN--sH0MBswxs3ix0yrHryrQIOsbLZPljvGifls58,"RPMS (A, J) - (AISPPMSCVJA_01_2026) (AISPPMSCVA_01_2026)",5,5,1,5,5,5,5,5,5,5,5,5,5
12imN--sH0MBswxs3ix0yrHryrQIOsbLZPljvGifls58,"RPMS (A, J) - (AISPPMSCVJA_01_2026) (AISPPMSCVA_01_2026)",4,4,4,4,4,4,4,4,4,4,4,4,4
12imN--sH0MBswxs3ix0yrHryrQIOsbLZPljvGifls58,"RPMS (A, J) - (AISPPMSCVJA_01_2026) (AISPPMSCVA_01_2026)",4,4,4,4,4,5,3,4,3,3,3,4,4
12imN--sH0MBswxs3ix0yrHryrQIOsbLZPljvGifls58,"RPMS (A, J) - (AISPPMSCVJA_01_2026) (AISPPMSCVA_01_2026)",5,5,5,5,5,5,5,5,5,5,5,5,5
12imN--sH0MBswxs3ix0yrHryrQIOsbLZPljvGifls58,"RPMS (A, J) - (AISPPMSCVJA_01_2026) (AISPPMSCVA_01_2026)",4,5,4,4,5,5,4,5,5,4,3,5,4
12imN--sH0MBswxs3ix0yrHryrQIOsbLZPljvGifls58,"RPMS (A, J) - (AISPPMSCVJA_01_2026) (AISPPMSCVA_01_2026)",5,5,5,5,5,5,5,5,5,5,5,5,5
12imN--sH0MBswxs3ix0yrHryrQIOsbLZPljvGifls58,"RPMS (A, J) - (AISPPMSCVJA_01_2026) (AISPPMSCVA_01_2026)",5,5,5,5,5,5,5,5,5,5,5,5,5
12imN--sH0MBswxs3ix0yrHryrQIOsbLZPljvGifls58,"RPMS (A, J) - (AISPPMSCVJA_01_2026) (AISPPMSCVA_01_2026)",5,5,5,5,5,5,5,5,5,5,5,5,5
12imN--sH0MBswxs3ix0yrHryrQIOsbLZPljvGifls58,"RPMS (A, J) - (AISPPMSCVJA_01_2026) (AISPPMSCVA_01_2026)",5,5,5,5,5,5,5,5,5,5,5,5,5
12imN--sH0MBswxs3ix0yrHryrQIOsbLZPljvGifls58,"RPMS (A, J) - (AISPPMSCVJA_01_2026) (AISPPMSCVA_01_2026)",5,5,5,5,5,5,5,5,5,5,5,5,5
12imN--sH0MBswxs3ix0yrHryrQIOsbLZPljvGifls58,"RPMS (A, J) - (AISPPMSCVJA_01_2026) (AISPPMSCVA_01_2026)",5,5,5,5,5,5,5,5,5,5,5,5,5
12imN--sH0MBswxs3ix0yrHryrQIOsbLZPljvGifls58,"RPMS (A, J) - (AISPPMSCVJA_01_2026) (AISPPMSCVA_01_2026)",5,5,5,5,5,5,5,5,5,5,4,4,5
12imN--sH0MBswxs3ix0yrHryrQIOsbLZPljvGifls58,"RPMS (A, J) - (AISPPMSCVJA_01_2026) (AISPPMSCVA_01_2026)",4,4,5,5,5,5,5,5,3,2,3,5,5
12imN--sH0MBswxs3ix0yrHryrQIOsbLZPljvGifls58,"RPMS (A, J) - (AISPPMSCVJA_01_2026) (AISPPMSCVA_01_2026)",5,5,5,5,5,5,5,5,5,5,5,5,5
12imN--sH0MBswxs3ix0yrHryrQIOsbLZPljvGifls58,"RPMS (A, J) - (AISPPMSCVJA_01_2026) (AISPPMSCVA_01_2026)",5,5,5,5,5,5,5,5,5,5,5,5,5
12imN--sH0MBswxs3ix0yrHryrQIOsbLZPljvGifls58,"RPMS (A, J) - (AISPPMSCVJA_01_2026) (AISPPMSCVA_01_2026)",4,4,4,1,4,4,4,4,4,4,4,4,4
12imN--sH0MBswxs3ix0yrHryrQIOsbLZPljvGifls58,"RPMS (A, J) - (AISPPMSCVJA_01_2026) (AISPPMSCVA_01_2026)",5,5,5,5,5,5,5,5,5,5,5,5,5
12imN--sH0MBswxs3ix0yrHryrQIOsbLZPljvGifls58,"RPMS (A, J) - (AISPPMSCVJA_01_2026) (AISPPMSCVA_01_2026)",5,5,5,5,5,5,5,5,5,5,5,5,5
12imN--sH0MBswxs3ix0yrHryrQIOsbLZPljvGifls58,"RPMS (A, J) - (AISPPMSCVJA_01_2026) (AISPPMSCVA_01_2026)",5,5,5,5,5,5,5,5,5,5,5,5,5
12imN--sH0MBswxs3ix0yrHryrQIOsbLZPljvGifls58,"RPMS (A, J) - (AISPPMSCVJA_01_2026) (AISPPMSCVA_01_2026)",5,5,5,5,5,5,5,5,5,5,5,5,5
12imN--sH0MBswxs3ix0yrHryrQIOsbLZPljvGifls58,"RPMS (A, J) - (AISPPMSCVJA_01_2026) (AISPPMSCVA_01_2026)",1,1,1,1,1,1,1,1,1,1,1,1,1
12imN--sH0MBswxs3ix0yrHryrQIOsbLZPljvGifls58,"RPMS (A, J) - (AISPPMSCVJA_01_2026) (AISPPMSCVA_01_2026)",5,5,5,5,5,5,4,4,1,1,4,4,5
12imN--sH0MBswxs3ix0yrHryrQIOsbLZPljvGifls58,"RPMS (A, J) - (AISPPMSCVJA_01_2026) (AISPPMSCVA_01_2026)",5,5,5,5,5,5,5,5,5,5,5,5,5
12imN--sH0MBswxs3ix0yrHryrQIOsbLZPljvGifls58,"RPMS (A, J) - (AISPPMSCVJA_01_2026) (AISPPMSCVA_01_2026)",5,5,5,5,5,5,5,5,5,5,5,5,5
12imN--sH0MBswxs3ix0yrHryrQIOsbLZPljvGifls58,"RPMS (A, J) - (AISPPMSCVJA_01_2026) (AISPPMSCVA_01_2026)",4,4,4,4,4,4,4,4,4,4,4,4,4
12imN--sH0MBswxs3ix0yrHryrQIOsbLZPljvGifls58,"RPMS (A, J) - (AISPPMSCVJA_01_2026) (AISPPMSCVA_01_2026)",5,5,5,5,5,5,5,5,5,5,5,5,5
12imN--sH0MBswxs3ix0yrHryrQIOsbLZPljvGifls58,"RPMS (A, J) - (AISPPMSCVJA_01_2026) (AISPPMSCVA_01_2026)",4,4,4,4,4,4,4,4,4,4,4,4,4
12imN--sH0MBswxs3ix0yrHryrQIOsbLZPljvGifls58,"RPMS (A, J) - (AISPPMSCVJA_01_2026) (AISPPMSCVA_01_2026)",5,5,5,5,5,5,5,5,4,5,4,5,5
12imN--sH0MBswxs3ix0yrHryrQIOsbLZPljvGifls58,"RPMS (A, J) - (AISPPMSCVJA_01_2026) (AISPPMSCVA_01_2026)",3,5,5,4,5,5,5,3,3,3,5,5,5
12imN--sH0MBswxs3ix0yrHryrQIOsbLZPljvGifls58,"RPMS (A, J) - (AISPPMSCVJA_01_2026) (AISPPMSCVA_01_2026)",1,1,1,1,1,1,1,1,1,1,1,1,1
12imN--sH0MBswxs3ix0yrHryrQIOsbLZPljvGifls58,"RPMS (A, J) - (AISPPMSCVJA_01_2026) (AISPPMSCVA_01_2026)",4,4,4,4,4,4,4,4,4,4,4,4,4
12imN--sH0MBswxs3ix0yrHryrQIOsbLZPljvGifls58,"RPMS (A, J) - (AISPPMSCVJA_01_2026) (AISPPMSCVA_01_2026)",5,5,5,5,5,5,5,5,5,5,5,5,5
12imN--sH0MBswxs3ix0yrHryrQIOsbLZPljvGifls58,"RPMS (A, J) - (AISPPMSCVJA_01_2026) (AISPPMSCVA_01_2026)",5,5,5,5,5,5,5,5,5,5,5,5,5
12imN--sH0MBswxs3ix0yrHryrQIOsbLZPljvGifls58,"RPMS (A, J) - (AISPPMSCVJA_01_2026) (AISPPMSCVA_01_2026)",3,4,3,4,4,4,4,3,4,4,5,4,4
12imN--sH0MBswxs3ix0yrHryrQIOsbLZPljvGifls58,"RPMS (A, J) - (AISPPMSCVJA_01_2026) (AISPPMSCVA_01_2026)",4,4,4,4,4,4,4,4,4,4,4,4,4
12imN--sH0MBswxs3ix0yrHryrQIOsbLZPljvGifls58,"RPMS (A, J) - (AISPPMSCVJA_01_2026) (AISPPMSCVA_01_2026)",5,5,5,5,5,5,5,4,4,4,4,4,4
12imN--sH0MBswxs3ix0yrHryrQIOsbLZPljvGifls58,"RPMS (A, J) - (AISPPMSCVJA_01_2026) (AISPPMSCVA_01_2026)",5,5,5,5,5,5,5,5,5,5,5,5,5
12imN--sH0MBswxs3ix0yrHryrQIOsbLZPljvGifls58,"RPMS (A, J) - (AISPPMSCVJA_01_2026) (AISPPMSCVA_01_2026)",4,4,4,4,4,4,4,4,4,4,4,4,4
12imN--sH0MBswxs3ix0yrHryrQIOsbLZPljvGifls58,"RPMS (A, J) - (AISPPMSCVJA_01_2026) (AISPPMSCVA_01_2026)",5,5,5,5,5,5,5,5,5,5,5,5,5
12imN--sH0MBswxs3ix0yrHryrQIOsbLZPljvGifls58,"RPMS (A, J) - (AISPPMSCVJA_01_2026) (AISPPMSCVA_01_2026)",4,4,4,4,4,4,4,4,4,4,4,4,4
12imN--sH0MBswxs3ix0yrHryrQIOsbLZPljvGifls58,"RPMS (A, J) - (AISPPMSCVJA_01_2026) (AISPPMSCVA_01_2026)",5,5,5,5,5,5,5,5,5,5,5,5,5
12imN--sH0MBswxs3ix0yrHryrQIOsbLZPljvGifls58,"RPMS (A, J) - (AISPPMSCVJA_01_2026) (AISPPMSCVA_01_2026)",5,5,5,5,5,5,5,5,5,5,5,5,5
12imN--sH0MBswxs3ix0yrHryrQIOsbLZPljvGifls58,"RPMS (A, J) - (AISPPMSCVJA_01_2026) (AISPPMSCVA_01_2026)",5,5,5,5,5,5,5,5,5,5,5,5,5
12imN--sH0MBswxs3ix0yrHryrQIOsbLZPljvGifls58,"RPMS (A, J) - (AISPPMSCVJA_01_2026) (AISPPMSCVA_01_2026)",5,5,5,5,5,5,5,5,5,5,5,5,5
12imN--sH0MBswxs3ix0yrHryrQIOsbLZPljvGifls58,"RPMS (A, J) - (AISPPMSCVJA_01_2026) (AISPPMSCVA_01_2026)",5,5,5,5,5,5,5,5,5,5,5,5,5
12imN--sH0MBswxs3ix0yrHryrQIOsbLZPljvGifls58,"RPMS (A, J) - (AISPPMSCVJA_01_2026) (AISPPMSCVA_01_2026)",5,5,5,5,5,5,5,5,3,1,5,5,5
12imN--sH0MBswxs3ix0yrHryrQIOsbLZPljvGifls58,"RPMS (A, J) - (AISPPMSCVJA_01_2026) (AISPPMSCVA_01_2026)",4,4,4,4,4,4,4,4,4,4,4,4,4
12imN--sH0MBswxs3ix0yrHryrQIOsbLZPljvGifls58,"RPMS (A, J) - (AISPPMSCVJA_01_2026) (AISPPMSCVA_01_2026)",5,5,5,5,5,5,5,5,5,5,5,5,5
12imN--sH0MBswxs3ix0yrHryrQIOsbLZPljvGifls58,"RPMS (A, J) - (AISPPMSCVJA_01_2026) (AISPPMSCVA_01_2026)",4,4,4,4,4,4,4,4,4,4,4,4,4
12imN--sH0MBswxs3ix0yrHryrQIOsbLZPljvGifls58,"RPMS (A, J) - (AISPPMSCVJA_01_2026) (AISPPMSCVA_01_2026)",5,4,4,4,4,4,4,4,3,3,4,4,4
12imN--sH0MBswxs3ix0yrHryrQIOsbLZPljvGifls58,"RPMS (A, J) - (AISPPMSCVJA_01_2026) (AISPPMSCVA_01_2026)",5,5,5,5,5,5,5,5,5,5,5,5,5
12imN--sH0MBswxs3ix0yrHryrQIOsbLZPljvGifls58,"RPMS (A, J) - (AISPPMSCVJA_01_2026) (AISPPMSCVA_01_2026)",5,5,5,5,5,5,5,5,5,5,5,5,5
12imN--sH0MBswxs3ix0yrHryrQIOsbLZPljvGifls58,"RPMS (A, J) - (AISPPMSCVJA_01_2026) (AISPPMSCVA_01_2026)",5,5,5,5,5,5,5,5,5,5,5,5,5
12imN--sH0MBswxs3ix0yrHryrQIOsbLZPljvGifls58,"RPMS (A, J) - (AISPPMSCVJA_01_2026) (AISPPMSCVA_01_2026)",1,1,1,1,1,1,1,1,1,1,1,1,1
12imN--sH0MBswxs3ix0yrHryrQIOsbLZPljvGifls58,"RPMS (A, J) - (AISPPMSCVJA_01_2026) (AISPPMSCVA_01_2026)",4,5,4,4,4,4,4,4,4,4,4,4,4
12imN--sH0MBswxs3ix0yrHryrQIOsbLZPljvGifls58,"RPMS (A, J) - (AISPPMSCVJA_01_2026) (AISPPMSCVA_01_2026)",4,5,5,4,5,4,4,4,4,4,4,4,4
12imN--sH0MBswxs3ix0yrHryrQIOsbLZPljvGifls58,"RPMS (A, J) - (AISPPMSCVJA_01_2026) (AISPPMSCVA_01_2026)",5,5,5,5,5,5,5,5,5,5,5,5,5
12imN--sH0MBswxs3ix0yrHryrQIOsbLZPljvGifls58,"RPMS (A, J) - (AISPPMSCVJA_01_2026) (AISPPMSCVA_01_2026)",5,5,5,5,5,5,5,5,5,5,5,5,5
12imN--sH0MBswxs3ix0yrHryrQIOsbLZPljvGifls58,"RPMS (A, J) - (AISPPMSCVJA_01_2026) (AISPPMSCVA_01_2026)",4,4,4,4,5,4,5,4,5,4,4,4,4
12imN--sH0MBswxs3ix0yrHryrQIOsbLZPljvGifls58,"RPMS (A, J) - (AISPPMSCVJA_01_2026) (AISPPMSCVA_01_2026)",4,4,4,5,5,5,5,5,5,5,5,5,5
12imN--sH0MBswxs3ix0yrHryrQIOsbLZPljvGifls58,"RPMS (A, J) - (AISPPMSCVJA_01_2026) (AISPPMSCVA_01_2026)",5,5,5,5,5,5,5,5,5,5,5,5,5
12imN--sH0MBswxs3ix0yrHryrQIOsbLZPljvGifls58,"RPMS (A, J) - (AISPPMSCVJA_01_2026) (AISPPMSCVA_01_2026)",5,5,5,5,5,5,5,5,5,5,5,5,5
12imN--sH0MBswxs3ix0yrHryrQIOsbLZPljvGifls58,"RPMS (A, J) - (AISPPMSCVJA_01_2026) (AISPPMSCVA_01_2026)",5,5,5,5,5,5,5,5,5,5,5,5,5
12imN--sH0MBswxs3ix0yrHryrQIOsbLZPljvGifls58,"RPMS (A, J) - (AISPPMSCVJA_01_2026) (AISPPMSCVA_01_2026)",4,4,5,4,4,4,5,4,4,4,5,4,5
12imN--sH0MBswxs3ix0yrHryrQIOsbLZPljvGifls58,"RPMS (A, J) - (AISPPMSCVJA_01_2026) (AISPPMSCVA_01_2026)",5,5,5,5,5,5,5,5,5,5,5,5,5
12imN--sH0MBswxs3ix0yrHryrQIOsbLZPljvGifls58,"RPMS (A, J) - (AISPPMSCVJA_01_2026) (AISPPMSCVA_01_2026)",4,4,4,4,5,5,5,5,5,5,4,5,5
12imN--sH0MBswxs3ix0yrHryrQIOsbLZPljvGifls58,"RPMS (A, J) - (AISPPMSCVJA_01_2026) (AISPPMSCVA_01_2026)",4,4,4,4,4,4,4,4,5,5,5,4,4
12imN--sH0MBswxs3ix0yrHryrQIOsbLZPljvGifls58,"RPMS (A, J) - (AISPPMSCVJA_01_2026) (AISPPMSCVA_01_2026)",5,5,5,5,5,5,5,5,5,5,5,5,5
12imN--sH0MBswxs3ix0yrHryrQIOsbLZPljvGifls58,"RPMS (A, J) - (AISPPMSCVJA_01_2026) (AISPPMSCVA_01_2026)",4,4,4,4,4,4,4,4,4,4,4,4,4
12imN--sH0MBswxs3ix0yrHryrQIOsbLZPljvGifls58,"RPMS (A, J) - (AISPPMSCVJA_01_2026) (AISPPMSCVA_01_2026)",5,5,5,5,5,5,5,5,5,5,5,5,5
12imN--sH0MBswxs3ix0yrHryrQIOsbLZPljvGifls58,"RPMS (A, J) - (AISPPMSCVJA_01_2026) (AISPPMSCVA_01_2026)",5,5,5,5,5,5,5,5,5,5,5,5,5
1v0nC15GpcAkOvN0VZOFwR3QlkEXLh0BPbzE57FI5fR4,"RPMS PI e I 012026 - (AISPPMSCVPI_01_2026, AISPPMSCVI_01_2026)",5,5,5,5,5,5,5,5,5,5,5,5,5
1v0nC15GpcAkOvN0VZOFwR3QlkEXLh0BPbzE57FI5fR4,"RPMS PI e I 012026 - (AISPPMSCVPI_01_2026, AISPPMSCVI_01_2026)",4,4,4,4,4,4,4,4,4,4,4,4,4
1v0nC15GpcAkOvN0VZOFwR3QlkEXLh0BPbzE57FI5fR4,"RPMS PI e I 012026 - (AISPPMSCVPI_01_2026, AISPPMSCVI_01_2026)",5,5,5,5,5,5,5,5,5,5,5,5,5
1v0nC15GpcAkOvN0VZOFwR3QlkEXLh0BPbzE57FI5fR4,"RPMS PI e I 012026 - (AISPPMSCVPI_01_2026, AISPPMSCVI_01_2026)",5,5,5,5,5,5,5,5,5,5,4,4,5
1v0nC15GpcAkOvN0VZOFwR3QlkEXLh0BPbzE57FI5fR4,"RPMS PI e I 012026 - (AISPPMSCVPI_01_2026, AISPPMSCVI_01_2026)",5,5,5,5,5,5,5,5,5,5,5,5,5
1v0nC15GpcAkOvN0VZOFwR3QlkEXLh0BPbzE57FI5fR4,"RPMS PI e I 012026 - (AISPPMSCVPI_01_2026, AISPPMSCVI_01_2026)",5,5,5,5,5,5,5,5,5,5,5,5,5
1v0nC15GpcAkOvN0VZOFwR3QlkEXLh0BPbzE57FI5fR4,"RPMS PI e I 012026 - (AISPPMSCVPI_01_2026, AISPPMSCVI_01_2026)",5,5,5,5,5,5,5,5,5,5,5,5,5
1v0nC15GpcAkOvN0VZOFwR3QlkEXLh0BPbzE57FI5fR4,"RPMS PI e I 012026 - (AISPPMSCVPI_01_2026, AISPPMSCVI_01_2026)",5,5,5,5,5,5,5,5,5,5,5,5,5
1v0nC15GpcAkOvN0VZOFwR3QlkEXLh0BPbzE57FI5fR4,"RPMS PI e I 012026 - (AISPPMSCVPI_01_2026, AISPPMSCVI_01_2026)",4,5,5,5,5,5,5,4,5,5,4,5,5
1v0nC15GpcAkOvN0VZOFwR3QlkEXLh0BPbzE57FI5fR4,"RPMS PI e I 012026 - (AISPPMSCVPI_01_2026, AISPPMSCVI_01_2026)",5,5,5,5,5,5,5,5,5,5,5,5,5
1v0nC15GpcAkOvN0VZOFwR3QlkEXLh0BPbzE57FI5fR4,"RPMS PI e I 012026 - (AISPPMSCVPI_01_2026, AISPPMSCVI_01_2026)",4,4,4,4,4,4,4,4,4,4,4,4,4
1v0nC15GpcAkOvN0VZOFwR3QlkEXLh0BPbzE57FI5fR4,"RPMS PI e I 012026 - (AISPPMSCVPI_01_2026, AISPPMSCVI_01_2026)",5,5,5,5,5,5,5,5,5,5,5,5,5
1v0nC15GpcAkOvN0VZOFwR3QlkEXLh0BPbzE57FI5fR4,"RPMS PI e I 012026 - (AISPPMSCVPI_01_2026, AISPPMSCVI_01_2026)",4,4,4,5,4,5,5,4,4,4,4,4,4
1v0nC15GpcAkOvN0VZOFwR3QlkEXLh0BPbzE57FI5fR4,"RPMS PI e I 012026 - (AISPPMSCVPI_01_2026, AISPPMSCVI_01_2026)",4,4,4,4,4,4,4,4,4,4,4,4,4
1v0nC15GpcAkOvN0VZOFwR3QlkEXLh0BPbzE57FI5fR4,"RPMS PI e I 012026 - (AISPPMSCVPI_01_2026, AISPPMSCVI_01_2026)",5,5,5,5,5,5,5,5,5,5,5,5,5
1v0nC15GpcAkOvN0VZOFwR3QlkEXLh0BPbzE57FI5fR4,"RPMS PI e I 012026 - (AISPPMSCVPI_01_2026, AISPPMSCVI_01_2026)",4,4,4,4,4,4,4,4,4,4,4,4,4
1v0nC15GpcAkOvN0VZOFwR3QlkEXLh0BPbzE57FI5fR4,"RPMS PI e I 012026 - (AISPPMSCVPI_01_2026, AISPPMSCVI_01_2026)",5,5,5,5,5,5,5,5,5,5,5,5,5
1v0nC15GpcAkOvN0VZOFwR3QlkEXLh0BPbzE57FI5fR4,"RPMS PI e I 012026 - (AISPPMSCVPI_01_2026, AISPPMSCVI_01_2026)",4,5,5,5,5,5,5,5,5,5,5,5,5
1v0nC15GpcAkOvN0VZOFwR3QlkEXLh0BPbzE57FI5fR4,"RPMS PI e I 012026 - (AISPPMSCVPI_01_2026, AISPPMSCVI_01_2026)",5,5,5,5,5,5,5,5,5,5,5,5,5
1v0nC15GpcAkOvN0VZOFwR3QlkEXLh0BPbzE57FI5fR4,"RPMS PI e I 012026 - (AISPPMSCVPI_01_2026, AISPPMSCVI_01_2026)",5,5,5,5,5,5,5,5,5,5,5,5,5
1v0nC15GpcAkOvN0VZOFwR3QlkEXLh0BPbzE57FI5fR4,"RPMS PI e I 012026 - (AISPPMSCVPI_01_2026, AISPPMSCVI_01_2026)",4,4,4,4,4,4,5,4,3,3,3,5,4
1v0nC15GpcAkOvN0VZOFwR3QlkEXLh0BPbzE57FI5fR4,"RPMS PI e I 012026 - (AISPPMSCVPI_01_2026, AISPPMSCVI_01_2026)",5,5,5,5,5,5,5,5,5,5,5,5,5
1v0nC15GpcAkOvN0VZOFwR3QlkEXLh0BPbzE57FI5fR4,"RPMS PI e I 012026 - (AISPPMSCVPI_01_2026, AISPPMSCVI_01_2026)",5,5,5,5,5,5,5,5,5,5,5,5,5
1v0nC15GpcAkOvN0VZOFwR3QlkEXLh0BPbzE57FI5fR4,"RPMS PI e I 012026 - (AISPPMSCVPI_01_2026, AISPPMSCVI_01_2026)",5,5,5,5,5,5,5,5,5,5,5,5,5
1v0nC15GpcAkOvN0VZOFwR3QlkEXLh0BPbzE57FI5fR4,"RPMS PI e I 012026 - (AISPPMSCVPI_01_2026, AISPPMSCVI_01_2026)",5,5,5,5,5,5,5,5,5,5,5,5,5
1v0nC15GpcAkOvN0VZOFwR3QlkEXLh0BPbzE57FI5fR4,"RPMS PI e I 012026 - (AISPPMSCVPI_01_2026, AISPPMSCVI_01_2026)",5,5,5,5,5,5,5,5,5,5,5,5,5
1v0nC15GpcAkOvN0VZOFwR3QlkEXLh0BPbzE57FI5fR4,"RPMS PI e I 012026 - (AISPPMSCVPI_01_2026, AISPPMSCVI_01_2026)",4,5,5,5,5,5,5,3,4,4,5,5,5
1v0nC15GpcAkOvN0VZOFwR3QlkEXLh0BPbzE57FI5fR4,"RPMS PI e I 012026 - (AISPPMSCVPI_01_2026, AISPPMSCVI_01_2026)",5,5,5,5,5,5,5,5,5,5,5,5,5
1v0nC15GpcAkOvN0VZOFwR3QlkEXLh0BPbzE57FI5fR4,"RPMS PI e I 012026 - (AISPPMSCVPI_01_2026, AISPPMSCVI_01_2026)",5,5,5,5,5,5,5,5,3,3,5,5,5
1v0nC15GpcAkOvN0VZOFwR3QlkEXLh0BPbzE57FI5fR4,"RPMS PI e I 012026 - (AISPPMSCVPI_01_2026, AISPPMSCVI_01_2026)",5,5,5,5,5,5,5,5,5,5,5,5,5
1v0nC15GpcAkOvN0VZOFwR3QlkEXLh0BPbzE57FI5fR4,"RPMS PI e I 012026 - (AISPPMSCVPI_01_2026, AISPPMSCVI_01_2026)",4,4,4,4,4,4,4,4,4,4,4,4,4
1v0nC15GpcAkOvN0VZOFwR3QlkEXLh0BPbzE57FI5fR4,"RPMS PI e I 012026 - (AISPPMSCVPI_01_2026, AISPPMSCVI_01_2026)",5,5,5,5,5,5,5,5,5,5,5,5,5
1v0nC15GpcAkOvN0VZOFwR3QlkEXLh0BPbzE57FI5fR4,"RPMS PI e I 012026 - (AISPPMSCVPI_01_2026, AISPPMSCVI_01_2026)",5,5,5,5,5,5,5,5,5,5,5,5,5
1v0nC15GpcAkOvN0VZOFwR3QlkEXLh0BPbzE57FI5fR4,"RPMS PI e I 012026 - (AISPPMSCVPI_01_2026, AISPPMSCVI_01_2026)",5,5,5,5,5,5,5,5,5,5,5,5,5
1v0nC15GpcAkOvN0VZOFwR3QlkEXLh0BPbzE57FI5fR4,"RPMS PI e I 012026 - (AISPPMSCVPI_01_2026, AISPPMSCVI_01_2026)",5,5,5,5,5,5,5,5,5,5,5,5,5
1v0nC15GpcAkOvN0VZOFwR3QlkEXLh0BPbzE57FI5fR4,"RPMS PI e I 012026 - (AISPPMSCVPI_01_2026, AISPPMSCVI_01_2026)",5,5,5,5,5,5,5,5,5,5,5,5,5
1v0nC15GpcAkOvN0VZOFwR3QlkEXLh0BPbzE57FI5fR4,"RPMS PI e I 012026 - (AISPPMSCVPI_01_2026, AISPPMSCVI_01_2026)",5,5,5,5,5,5,5,5,5,5,5,5,5
1v0nC15GpcAkOvN0VZOFwR3QlkEXLh0BPbzE57FI5fR4,"RPMS PI e I 012026 - (AISPPMSCVPI_01_2026, AISPPMSCVI_01_2026)",5,5,5,5,5,5,5,5,5,5,5,5,5
1v0nC15GpcAkOvN0VZOFwR3QlkEXLh0BPbzE57FI5fR4,"RPMS PI e I 012026 - (AISPPMSCVPI_01_2026, AISPPMSCVI_01_2026)",4,4,4,4,4,4,4,4,4,4,4,4,4
1v0nC15GpcAkOvN0VZOFwR3QlkEXLh0BPbzE57FI5fR4,"RPMS PI e I 012026 - (AISPPMSCVPI_01_2026, AISPPMSCVI_01_2026)",4,4,4,4,3,4,3,3,3,4,4,3,4
1v0nC15GpcAkOvN0VZOFwR3QlkEXLh0BPbzE57FI5fR4,"RPMS PI e I 012026 - (AISPPMSCVPI_01_2026, AISPPMSCVI_01_2026)",4,5,5,5,5,5,4,4,4,5,4,5,4
1v0nC15GpcAkOvN0VZOFwR3QlkEXLh0BPbzE57FI5fR4,"RPMS PI e I 012026 - (AISPPMSCVPI_01_2026, AISPPMSCVI_01_2026)",4,4,4,4,4,4,4,4,4,4,4,4,4
1v0nC15GpcAkOvN0VZOFwR3QlkEXLh0BPbzE57FI5fR4,"RPMS PI e I 012026 - (AISPPMSCVPI_01_2026, AISPPMSCVI_01_2026)",5,5,5,5,5,5,5,5,5,5,5,5,5
1v0nC15GpcAkOvN0VZOFwR3QlkEXLh0BPbzE57FI5fR4,"RPMS PI e I 012026 - (AISPPMSCVPI_01_2026, AISPPMSCVI_01_2026)",4,4,4,4,4,4,4,4,4,4,4,4,4
1v0nC15GpcAkOvN0VZOFwR3QlkEXLh0BPbzE57FI5fR4,"RPMS PI e I 012026 - (AISPPMSCVPI_01_2026, AISPPMSCVI_01_2026)",5,5,5,5,5,5,5,5,5,5,5,5,5
1v0nC15GpcAkOvN0VZOFwR3QlkEXLh0BPbzE57FI5fR4,"RPMS PI e I 012026 - (AISPPMSCVPI_01_2026, AISPPMSCVI_01_2026)",1,1,1,2,1,1,1,1,1,1,1,1,1
1v0nC15GpcAkOvN0VZOFwR3QlkEXLh0BPbzE57FI5fR4,"RPMS PI e I 012026 - (AISPPMSCVPI_01_2026, AISPPMSCVI_01_2026)",5,4,4,4,4,4,4,4,4,4,4,4,4
1v0nC15GpcAkOvN0VZOFwR3QlkEXLh0BPbzE57FI5fR4,"RPMS PI e I 012026 - (AISPPMSCVPI_01_2026, AISPPMSCVI_01_2026)",5,5,5,5,5,5,5,5,5,5,5,5,5
1v0nC15GpcAkOvN0VZOFwR3QlkEXLh0BPbzE57FI5fR4,"RPMS PI e I 012026 - (AISPPMSCVPI_01_2026, AISPPMSCVI_01_2026)",5,5,5,5,5,5,5,5,5,5,5,5,5
1v0nC15GpcAkOvN0VZOFwR3QlkEXLh0BPbzE57FI5fR4,"RPMS PI e I 012026 - (AISPPMSCVPI_01_2026, AISPPMSCVI_01_2026)",4,4,4,4,4,4,4,4,4,4,4,4,4
1v0nC15GpcAkOvN0VZOFwR3QlkEXLh0BPbzE57FI5fR4,"RPMS PI e I 012026 - (AISPPMSCVPI_01_2026, AISPPMSCVI_01_2026)",5,5,5,5,5,5,5,5,5,5,5,5,5
1v0nC15GpcAkOvN0VZOFwR3QlkEXLh0BPbzE57FI5fR4,"RPMS PI e I 012026 - (AISPPMSCVPI_01_2026, AISPPMSCVI_01_2026)",5,5,5,5,5,5,5,5,5,5,5,5,5
1v0nC15GpcAkOvN0VZOFwR3QlkEXLh0BPbzE57FI5fR4,"RPMS PI e I 012026 - (AISPPMSCVPI_01_2026, AISPPMSCVI_01_2026)",4,4,4,4,4,4,4,4,4,4,4,4,4
1v0nC15GpcAkOvN0VZOFwR3QlkEXLh0BPbzE57FI5fR4,"RPMS PI e I 012026 - (AISPPMSCVPI_01_2026, AISPPMSCVI_01_2026)",1,1,1,1,1,1,1,1,1,1,1,1,1
1v0nC15GpcAkOvN0VZOFwR3QlkEXLh0BPbzE57FI5fR4,"RPMS PI e I 012026 - (AISPPMSCVPI_01_2026, AISPPMSCVI_01_2026)",5,5,5,5,5,5,5,5,5,5,5,5,5
1v0nC15GpcAkOvN0VZOFwR3QlkEXLh0BPbzE57FI5fR4,"RPMS PI e I 012026 - (AISPPMSCVPI_01_2026, AISPPMSCVI_01_2026)",5,5,5,5,5,5,5,5,5,5,5,5,5
1v0nC15GpcAkOvN0VZOFwR3QlkEXLh0BPbzE57FI5fR4,"RPMS PI e I 012026 - (AISPPMSCVPI_01_2026, AISPPMSCVI_01_2026)",5,5,5,5,5,5,5,5,5,5,5,5,5
1v0nC15GpcAkOvN0VZOFwR3QlkEXLh0BPbzE57FI5fR4,"RPMS PI e I 012026 - (AISPPMSCVPI_01_2026, AISPPMSCVI_01_2026)",5,5,5,5,5,5,5,5,5,5,5,5,5
1v0nC15GpcAkOvN0VZOFwR3QlkEXLh0BPbzE57FI5fR4,"RPMS PI e I 012026 - (AISPPMSCVPI_01_2026, AISPPMSCVI_01_2026)",5,5,5,5,5,5,5,5,5,5,5,5,5
1v0nC15GpcAkOvN0VZOFwR3QlkEXLh0BPbzE57FI5fR4,"RPMS PI e I 012026 - (AISPPMSCVPI_01_2026, AISPPMSCVI_01_2026)",5,5,5,5,5,5,5,5,5,5,5,5,5
1v0nC15GpcAkOvN0VZOFwR3QlkEXLh0BPbzE57FI5fR4,"RPMS PI e I 012026 - (AISPPMSCVPI_01_2026, AISPPMSCVI_01_2026)",1,1,1,1,1,1,1,1,1,1,1,1,1
1v0nC15GpcAkOvN0VZOFwR3QlkEXLh0BPbzE57FI5fR4,"RPMS PI e I 012026 - (AISPPMSCVPI_01_2026, AISPPMSCVI_01_2026)",5,5,5,5,5,5,5,5,5,5,5,5,5
1v0nC15GpcAkOvN0VZOFwR3QlkEXLh0BPbzE57FI5fR4,"RPMS PI e I 012026 - (AISPPMSCVPI_01_2026, AISPPMSCVI_01_2026)",4,4,4,4,4,4,4,4,4,4,4,4,4
1v0nC15GpcAkOvN0VZOFwR3QlkEXLh0BPbzE57FI5fR4,"RPMS PI e I 012026 - (AISPPMSCVPI_01_2026, AISPPMSCVI_01_2026)",5,5,5,5,5,5,5,5,5,5,5,5,5
1v0nC15GpcAkOvN0VZOFwR3QlkEXLh0BPbzE57FI5fR4,"RPMS PI e I 012026 - (AISPPMSCVPI_01_2026, AISPPMSCVI_01_2026)",5,5,5,5,5,5,5,5,5,5,5,5,5
1v0nC15GpcAkOvN0VZOFwR3QlkEXLh0BPbzE57FI5fR4,"RPMS PI e I 012026 - (AISPPMSCVPI_01_2026, AISPPMSCVI_01_2026)",5,5,5,5,5,5,5,5,5,5,5,5,5
1v0nC15GpcAkOvN0VZOFwR3QlkEXLh0BPbzE57FI5fR4,"RPMS PI e I 012026 - (AISPPMSCVPI_01_2026, AISPPMSCVI_01_2026)",5,5,5,5,5,5,5,5,5,5,5,5,5
1v0nC15GpcAkOvN0VZOFwR3QlkEXLh0BPbzE57FI5fR4,"RPMS PI e I 012026 - (AISPPMSCVPI_01_2026, AISPPMSCVI_01_2026)",5,5,5,5,5,5,5,5,5,5,5,5,5
1v0nC15GpcAkOvN0VZOFwR3QlkEXLh0BPbzE57FI5fR4,"RPMS PI e I 012026 - (AISPPMSCVPI_01_2026, AISPPMSCVI_01_2026)",5,5,5,5,5,5,5,5,5,5,5,5,5
1v0nC15GpcAkOvN0VZOFwR3QlkEXLh0BPbzE57FI5fR4,"RPMS PI e I 012026 - (AISPPMSCVPI_01_2026, AISPPMSCVI_01_2026)",5,4,5,4,5,4,4,5,4,4,4,4,4
1v0nC15GpcAkOvN0VZOFwR3QlkEXLh0BPbzE57FI5fR4,"RPMS PI e I 012026 - (AISPPMSCVPI_01_2026, AISPPMSCVI_01_2026)",5,5,5,5,5,5,5,5,5,5,5,5,5
1v0nC15GpcAkOvN0VZOFwR3QlkEXLh0BPbzE57FI5fR4,"RPMS PI e I 012026 - (AISPPMSCVPI_01_2026, AISPPMSCVI_01_2026)",2,1,1,2,1,1,1,1,3,3,2,2,1
1v0nC15GpcAkOvN0VZOFwR3QlkEXLh0BPbzE57FI5fR4,"RPMS PI e I 012026 - (AISPPMSCVPI_01_2026, AISPPMSCVI_01_2026)",3,3,4,4,4,4,4,4,4,3,3,4,3
1v0nC15GpcAkOvN0VZOFwR3QlkEXLh0BPbzE57FI5fR4,"RPMS PI e I 012026 - (AISPPMSCVPI_01_2026, AISPPMSCVI_01_2026)",5,5,5,5,5,5,5,5,5,5,5,5,5
1v0nC15GpcAkOvN0VZOFwR3QlkEXLh0BPbzE57FI5fR4,"RPMS PI e I 012026 - (AISPPMSCVPI_01_2026, AISPPMSCVI_01_2026)",4,4,4,4,4,4,4,4,4,4,4,4,4
1v0nC15GpcAkOvN0VZOFwR3QlkEXLh0BPbzE57FI5fR4,"RPMS PI e I 012026 - (AISPPMSCVPI_01_2026, AISPPMSCVI_01_2026)",5,5,5,5,5,5,5,5,5,5,5,5,5
1v0nC15GpcAkOvN0VZOFwR3QlkEXLh0BPbzE57FI5fR4,"RPMS PI e I 012026 - (AISPPMSCVPI_01_2026, AISPPMSCVI_01_2026)",5,5,5,5,5,5,5,5,5,5,5,5,5
1v0nC15GpcAkOvN0VZOFwR3QlkEXLh0BPbzE57FI5fR4,"RPMS PI e I 012026 - (AISPPMSCVPI_01_2026, AISPPMSCVI_01_2026)",5,5,5,5,5,5,5,5,5,5,5,5,5
1v0nC15GpcAkOvN0VZOFwR3QlkEXLh0BPbzE57FI5fR4,"RPMS PI e I 012026 - (AISPPMSCVPI_01_2026, AISPPMSCVI_01_2026)",5,5,5,5,5,5,5,5,5,5,5,5,5
1v0nC15GpcAkOvN0VZOFwR3QlkEXLh0BPbzE57FI5fR4,"RPMS PI e I 012026 - (AISPPMSCVPI_01_2026, AISPPMSCVI_01_2026)",5,5,5,5,5,5,5,5,5,5,5,5,5
1v0nC15GpcAkOvN0VZOFwR3QlkEXLh0BPbzE57FI5fR4,"RPMS PI e I 012026 - (AISPPMSCVPI_01_2026, AISPPMSCVI_01_2026)",5,5,5,5,5,5,5,5,5,5,5,5,5
1v0nC15GpcAkOvN0VZOFwR3QlkEXLh0BPbzE57FI5fR4,"RPMS PI e I 012026 - (AISPPMSCVPI_01_2026, AISPPMSCVI_01_2026)",5,5,5,5,5,5,5,5,5,5,5,5,5
1v0nC15GpcAkOvN0VZOFwR3QlkEXLh0BPbzE57FI5fR4,"RPMS PI e I 012026 - (AISPPMSCVPI_01_2026, AISPPMSCVI_01_2026)",5,5,5,5,5,5,5,5,4,5,5,5,5
1v0nC15GpcAkOvN0VZOFwR3QlkEXLh0BPbzE57FI5fR4,"RPMS PI e I 012026 - (AISPPMSCVPI_01_2026, AISPPMSCVI_01_2026)",5,5,5,5,5,5,5,5,5,5,5,5,5
1v0nC15GpcAkOvN0VZOFwR3QlkEXLh0BPbzE57FI5fR4,"RPMS PI e I 012026 - (AISPPMSCVPI_01_2026, AISPPMSCVI_01_2026)",4,4,4,4,5,4,4,4,3,3,3,3,4
1v0nC15GpcAkOvN0VZOFwR3QlkEXLh0BPbzE57FI5fR4,"RPMS PI e I 012026 - (AISPPMSCVPI_01_2026, AISPPMSCVI_01_2026)",5,5,5,5,5,5,5,5,5,5,5,5,5
1v0nC15GpcAkOvN0VZOFwR3QlkEXLh0BPbzE57FI5fR4,"RPMS PI e I 012026 - (AISPPMSCVPI_01_2026, AISPPMSCVI_01_2026)",5,5,5,5,5,5,5,5,4,4,4,5,4
1v0nC15GpcAkOvN0VZOFwR3QlkEXLh0BPbzE57FI5fR4,"RPMS PI e I 012026 - (AISPPMSCVPI_01_2026, AISPPMSCVI_01_2026)",5,5,5,5,5,5,5,5,5,5,5,5,5
1v0nC15GpcAkOvN0VZOFwR3QlkEXLh0BPbzE57FI5fR4,"RPMS PI e I 012026 - (AISPPMSCVPI_01_2026, AISPPMSCVI_01_2026)",4,4,4,4,4,4,4,4,4,4,4,4,4
1v0nC15GpcAkOvN0VZOFwR3QlkEXLh0BPbzE57FI5fR4,"RPMS PI e I 012026 - (AISPPMSCVPI_01_2026, AISPPMSCVI_01_2026)",4,4,4,4,4,4,4,4,4,4,4,4,4
1v0nC15GpcAkOvN0VZOFwR3QlkEXLh0BPbzE57FI5fR4,"RPMS PI e I 012026 - (AISPPMSCVPI_01_2026, AISPPMSCVI_01_2026)",5,5,5,5,5,5,5,5,5,5,5,5,5
1v0nC15GpcAkOvN0VZOFwR3QlkEXLh0BPbzE57FI5fR4,"RPMS PI e I 012026 - (AISPPMSCVPI_01_2026, AISPPMSCVI_01_2026)",5,5,5,5,5,5,5,5,5,5,5,5,5
1v0nC15GpcAkOvN0VZOFwR3QlkEXLh0BPbzE57FI5fR4,"RPMS PI e I 012026 - (AISPPMSCVPI_01_2026, AISPPMSCVI_01_2026)",3,3,4,3,4,4,4,4,3,3,4,4,4
1v0nC15GpcAkOvN0VZOFwR3QlkEXLh0BPbzE57FI5fR4,"RPMS PI e I 012026 - (AISPPMSCVPI_01_2026, AISPPMSCVI_01_2026)",5,5,5,5,5,5,5,5,5,5,5,5,5
1v0nC15GpcAkOvN0VZOFwR3QlkEXLh0BPbzE57FI5fR4,"RPMS PI e I 012026 - (AISPPMSCVPI_01_2026, AISPPMSCVI_01_2026)",4,4,4,4,4,4,4,4,4,4,4,4,4
1v0nC15GpcAkOvN0VZOFwR3QlkEXLh0BPbzE57FI5fR4,"RPMS PI e I 012026 - (AISPPMSCVPI_01_2026, AISPPMSCVI_01_2026)",5,5,4,5,5,5,5,4,5,5,5,5,5
1v0nC15GpcAkOvN0VZOFwR3QlkEXLh0BPbzE57FI5fR4,"RPMS PI e I 012026 - (AISPPMSCVPI_01_2026, AISPPMSCVI_01_2026)",4,4,4,4,4,4,4,4,4,4,4,4,4
1v0nC15GpcAkOvN0VZOFwR3QlkEXLh0BPbzE57FI5fR4,"RPMS PI e I 012026 - (AISPPMSCVPI_01_2026, AISPPMSCVI_01_2026)",3,3,3,3,3,3,3,3,3,3,3,3,3
1v0nC15GpcAkOvN0VZOFwR3QlkEXLh0BPbzE57FI5fR4,"RPMS PI e I 012026 - (AISPPMSCVPI_01_2026, AISPPMSCVI_01_2026)",5,5,5,5,5,5,5,5,5,5,5,5,5
1v0nC15GpcAkOvN0VZOFwR3QlkEXLh0BPbzE57FI5fR4,"RPMS PI e I 012026 - (AISPPMSCVPI_01_2026, AISPPMSCVI_01_2026)",4,4,4,4,4,4,4,4,4,4,4,4,4
1v0nC15GpcAkOvN0VZOFwR3QlkEXLh0BPbzE57FI5fR4,"RPMS PI e I 012026 - (AISPPMSCVPI_01_2026, AISPPMSCVI_01_2026)",5,5,5,5,5,5,5,5,5,5,5,5,5
1v0nC15GpcAkOvN0VZOFwR3QlkEXLh0BPbzE57FI5fR4,"RPMS PI e I 012026 - (AISPPMSCVPI_01_2026, AISPPMSCVI_01_2026)",5,5,5,5,5,5,5,5,5,5,5,5,5
1v0nC15GpcAkOvN0VZOFwR3QlkEXLh0BPbzE57FI5fR4,"RPMS PI e I 012026 - (AISPPMSCVPI_01_2026, AISPPMSCVI_01_2026)",5,5,5,5,5,5,5,5,5,4,4,4,5
1v0nC15GpcAkOvN0VZOFwR3QlkEXLh0BPbzE57FI5fR4,"RPMS PI e I 012026 - (AISPPMSCVPI_01_2026, AISPPMSCVI_01_2026)",5,5,5,5,5,5,5,5,5,5,5,5,5
1v0nC15GpcAkOvN0VZOFwR3QlkEXLh0BPbzE57FI5fR4,"RPMS PI e I 012026 - (AISPPMSCVPI_01_2026, AISPPMSCVI_01_2026)",5,5,5,5,5,5,5,5,5,3,4,5,4
1v0nC15GpcAkOvN0VZOFwR3QlkEXLh0BPbzE57FI5fR4,"RPMS PI e I 012026 - (AISPPMSCVPI_01_2026, AISPPMSCVI_01_2026)",1,1,1,1,1,1,1,1,1,1,1,1,1
1v0nC15GpcAkOvN0VZOFwR3QlkEXLh0BPbzE57FI5fR4,"RPMS PI e I 012026 - (AISPPMSCVPI_01_2026, AISPPMSCVI_01_2026)",5,5,5,5,5,5,5,5,5,5,5,5,5
1v0nC15GpcAkOvN0VZOFwR3QlkEXLh0BPbzE57FI5fR4,"RPMS PI e I 012026 - (AISPPMSCVPI_01_2026, AISPPMSCVI_01_2026)",4,4,5,4,4,5,4,4,3,3,4,4,4
1v0nC15GpcAkOvN0VZOFwR3QlkEXLh0BPbzE57FI5fR4,"RPMS PI e I 012026 - (AISPPMSCVPI_01_2026, AISPPMSCVI_01_2026)",4,4,4,4,4,4,4,4,4,4,4,4,4
1v0nC15GpcAkOvN0VZOFwR3QlkEXLh0BPbzE57FI5fR4,"RPMS PI e I 012026 - (AISPPMSCVPI_01_2026, AISPPMSCVI_01_2026)",5,5,5,5,5,5,5,5,5,5,5,5,5
1v0nC15GpcAkOvN0VZOFwR3QlkEXLh0BPbzE57FI5fR4,"RPMS PI e I 012026 - (AISPPMSCVPI_01_2026, AISPPMSCVI_01_2026)",5,5,5,5,5,5,5,5,5,5,5,5,5
1v0nC15GpcAkOvN0VZOFwR3QlkEXLh0BPbzE57FI5fR4,"RPMS PI e I 012026 - (AISPPMSCVPI_01_2026, AISPPMSCVI_01_2026)",5,5,5,5,5,5,5,5,5,4,5,5,5
1v0nC15GpcAkOvN0VZOFwR3QlkEXLh0BPbzE57FI5fR4,"RPMS PI e I 012026 - (AISPPMSCVPI_01_2026, AISPPMSCVI_01_2026)",5,5,5,5,5,5,5,5,5,5,5,5,5
1v0nC15GpcAkOvN0VZOFwR3QlkEXLh0BPbzE57FI5fR4,"RPMS PI e I 012026 - (AISPPMSCVPI_01_2026, AISPPMSCVI_01_2026)",5,5,5,5,5,5,5,5,5,5,5,5,5
1v0nC15GpcAkOvN0VZOFwR3QlkEXLh0BPbzE57FI5fR4,"RPMS PI e I 012026 - (AISPPMSCVPI_01_2026, AISPPMSCVI_01_2026)",3,3,3,3,3,3,3,3,3,3,3,3,3
1v0nC15GpcAkOvN0VZOFwR3QlkEXLh0BPbzE57FI5fR4,"RPMS PI e I 012026 - (AISPPMSCVPI_01_2026, AISPPMSCVI_01_2026)",4,4,4,4,4,4,4,4,3,4,4,4,4
1v0nC15GpcAkOvN0VZOFwR3QlkEXLh0BPbzE57FI5fR4,"RPMS PI e I 012026 - (AISPPMSCVPI_01_2026, AISPPMSCVI_01_2026)",5,5,5,5,5,5,5,5,5,5,5,5,5
1v0nC15GpcAkOvN0VZOFwR3QlkEXLh0BPbzE57FI5fR4,"RPMS PI e I 012026 - (AISPPMSCVPI_01_2026, AISPPMSCVI_01_2026)",5,5,5,5,5,5,5,5,3,3,5,5,5
1v0nC15GpcAkOvN0VZOFwR3QlkEXLh0BPbzE57FI5fR4,"RPMS PI e I 012026 - (AISPPMSCVPI_01_2026, AISPPMSCVI_01_2026)",5,4,5,4,4,5,5,5,5,4,4,4,5
1v0nC15GpcAkOvN0VZOFwR3QlkEXLh0BPbzE57FI5fR4,"RPMS PI e I 012026 - (AISPPMSCVPI_01_2026, AISPPMSCVI_01_2026)",5,5,5,5,5,5,5,5,5,5,5,5,5
1v0nC15GpcAkOvN0VZOFwR3QlkEXLh0BPbzE57FI5fR4,"RPMS PI e I 012026 - (AISPPMSCVPI_01_2026, AISPPMSCVI_01_2026)",5,5,5,5,5,5,5,5,5,5,5,5,5
1v0nC15GpcAkOvN0VZOFwR3QlkEXLh0BPbzE57FI5fR4,"RPMS PI e I 012026 - (AISPPMSCVPI_01_2026, AISPPMSCVI_01_2026)",5,5,5,5,5,5,5,5,5,5,5,5,5
1v0nC15GpcAkOvN0VZOFwR3QlkEXLh0BPbzE57FI5fR4,"RPMS PI e I 012026 - (AISPPMSCVPI_01_2026, AISPPMSCVI_01_2026)",5,5,5,5,5,5,5,5,5,5,5,5,5
1v0nC15GpcAkOvN0VZOFwR3QlkEXLh0BPbzE57FI5fR4,"RPMS PI e I 012026 - (AISPPMSCVPI_01_2026, AISPPMSCVI_01_2026)",1,1,1,1,1,1,1,1,1,1,1,1,1
1v0nC15GpcAkOvN0VZOFwR3QlkEXLh0BPbzE57FI5fR4,"RPMS PI e I 012026 - (AISPPMSCVPI_01_2026, AISPPMSCVI_01_2026)",5,5,5,5,5,5,5,5,5,5,5,5,5
1v0nC15GpcAkOvN0VZOFwR3QlkEXLh0BPbzE57FI5fR4,"RPMS PI e I 012026 - (AISPPMSCVPI_01_2026, AISPPMSCVI_01_2026)",5,5,5,5,5,5,5,5,5,5,5,5,5
1v0nC15GpcAkOvN0VZOFwR3QlkEXLh0BPbzE57FI5fR4,"RPMS PI e I 012026 - (AISPPMSCVPI_01_2026, AISPPMSCVI_01_2026)",5,5,5,5,4,5,5,5,5,5,5,5,5
1v0nC15GpcAkOvN0VZOFwR3QlkEXLh0BPbzE57FI5fR4,"RPMS PI e I 012026 - (AISPPMSCVPI_01_2026, AISPPMSCVI_01_2026)",5,5,5,5,5,5,5,5,5,5,5,5,5
1v0nC15GpcAkOvN0VZOFwR3QlkEXLh0BPbzE57FI5fR4,"RPMS PI e I 012026 - (AISPPMSCVPI_01_2026, AISPPMSCVI_01_2026)",5,5,5,5,5,5,5,5,5,5,5,5,5
1v0nC15GpcAkOvN0VZOFwR3QlkEXLh0BPbzE57FI5fR4,"RPMS PI e I 012026 - (AISPPMSCVPI_01_2026, AISPPMSCVI_01_2026)",4,4,4,4,4,4,4,4,4,4,4,4,4
1v0nC15GpcAkOvN0VZOFwR3QlkEXLh0BPbzE57FI5fR4,"RPMS PI e I 012026 - (AISPPMSCVPI_01_2026, AISPPMSCVI_01_2026)",4,4,4,4,4,4,4,4,4,4,4,4,4
1v0nC15GpcAkOvN0VZOFwR3QlkEXLh0BPbzE57FI5fR4,"RPMS PI e I 012026 - (AISPPMSCVPI_01_2026, AISPPMSCVI_01_2026)",5,5,5,5,5,5,5,5,5,5,5,5,5
1v0nC15GpcAkOvN0VZOFwR3QlkEXLh0BPbzE57FI5fR4,"RPMS PI e I 012026 - (AISPPMSCVPI_01_2026, AISPPMSCVI_01_2026)",5,5,5,5,5,5,5,5,5,5,5,5,5
1v0nC15GpcAkOvN0VZOFwR3QlkEXLh0BPbzE57FI5fR4,"RPMS PI e I 012026 - (AISPPMSCVPI_01_2026, AISPPMSCVI_01_2026)",5,5,5,5,5,5,5,5,5,5,5,5,5
1v0nC15GpcAkOvN0VZOFwR3QlkEXLh0BPbzE57FI5fR4,"RPMS PI e I 012026 - (AISPPMSCVPI_01_2026, AISPPMSCVI_01_2026)",5,5,5,5,5,5,5,5,5,5,5,5,5
1v0nC15GpcAkOvN0VZOFwR3QlkEXLh0BPbzE57FI5fR4,"RPMS PI e I 012026 - (AISPPMSCVPI_01_2026, AISPPMSCVI_01_2026)",5,5,5,5,5,5,5,5,5,5,5,5,5
1v0nC15GpcAkOvN0VZOFwR3QlkEXLh0BPbzE57FI5fR4,"RPMS PI e I 012026 - (AISPPMSCVPI_01_2026, AISPPMSCVI_01_2026)",5,5,5,4,4,5,5,5,5,5,5,5,5
1v0nC15GpcAkOvN0VZOFwR3QlkEXLh0BPbzE57FI5fR4,"RPMS PI e I 012026 - (AISPPMSCVPI_01_2026, AISPPMSCVI_01_2026)",4,5,5,5,5,5,5,5,5,5,5,5,5
1v0nC15GpcAkOvN0VZOFwR3QlkEXLh0BPbzE57FI5fR4,"RPMS PI e I 012026 - (AISPPMSCVPI_01_2026, AISPPMSCVI_01_2026)",5,5,5,5,5,5,5,5,5,5,5,5,5
1v0nC15GpcAkOvN0VZOFwR3QlkEXLh0BPbzE57FI5fR4,"RPMS PI e I 012026 - (AISPPMSCVPI_01_2026, AISPPMSCVI_01_2026)",5,5,5,5,5,5,5,5,5,5,5,5,5
1v0nC15GpcAkOvN0VZOFwR3QlkEXLh0BPbzE57FI5fR4,"RPMS PI e I 012026 - (AISPPMSCVPI_01_2026, AISPPMSCVI_01_2026)",4,4,4,4,4,4,4,4,4,4,4,4,4
1v0nC15GpcAkOvN0VZOFwR3QlkEXLh0BPbzE57FI5fR4,"RPMS PI e I 012026 - (AISPPMSCVPI_01_2026, AISPPMSCVI_01_2026)",5,5,5,5,5,5,5,5,5,5,5,5,5
1v0nC15GpcAkOvN0VZOFwR3QlkEXLh0BPbzE57FI5fR4,"RPMS PI e I 012026 - (AISPPMSCVPI_01_2026, AISPPMSCVI_01_2026)",4,4,4,4,4,4,4,4,4,4,4,4,4
1v0nC15GpcAkOvN0VZOFwR3QlkEXLh0BPbzE57FI5fR4,"RPMS PI e I 012026 - (AISPPMSCVPI_01_2026, AISPPMSCVI_01_2026)",5,5,5,5,5,5,5,5,5,5,5,5,5
1v0nC15GpcAkOvN0VZOFwR3QlkEXLh0BPbzE57FI5fR4,"RPMS PI e I 012026 - (AISPPMSCVPI_01_2026, AISPPMSCVI_01_2026)",5,5,5,5,5,5,5,5,5,5,5,5,5
1v0nC15GpcAkOvN0VZOFwR3QlkEXLh0BPbzE57FI5fR4,"RPMS PI e I 012026 - (AISPPMSCVPI_01_2026, AISPPMSCVI_01_2026)",5,4,5,4,5,4,5,5,5,5,5,5,5
1v0nC15GpcAkOvN0VZOFwR3QlkEXLh0BPbzE57FI5fR4,"RPMS PI e I 012026 - (AISPPMSCVPI_01_2026, AISPPMSCVI_01_2026)",5,5,5,5,5,5,5,5,5,5,5,5,5
1v0nC15GpcAkOvN0VZOFwR3QlkEXLh0BPbzE57FI5fR4,"RPMS PI e I 012026 - (AISPPMSCVPI_01_2026, AISPPMSCVI_01_2026)",5,5,5,5,5,5,5,5,5,5,5,5,5
1v0nC15GpcAkOvN0VZOFwR3QlkEXLh0BPbzE57FI5fR4,"RPMS PI e I 012026 - (AISPPMSCVPI_01_2026, AISPPMSCVI_01_2026)",5,5,5,5,5,5,5,5,5,5,5,5,5
1v0nC15GpcAkOvN0VZOFwR3QlkEXLh0BPbzE57FI5fR4,"RPMS PI e I 012026 - (AISPPMSCVPI_01_2026, AISPPMSCVI_01_2026)",5,5,5,5,5,5,5,5,5,5,5,5,5
1v0nC15GpcAkOvN0VZOFwR3QlkEXLh0BPbzE57FI5fR4,"RPMS PI e I 012026 - (AISPPMSCVPI_01_2026, AISPPMSCVI_01_2026)",5,5,5,5,5,5,5,5,5,5,5,5,5
1v0nC15GpcAkOvN0VZOFwR3QlkEXLh0BPbzE57FI5fR4,"RPMS PI e I 012026 - (AISPPMSCVPI_01_2026, AISPPMSCVI_01_2026)",5,5,5,5,5,5,5,5,5,5,5,5,5
1v0nC15GpcAkOvN0VZOFwR3QlkEXLh0BPbzE57FI5fR4,"RPMS PI e I 012026 - (AISPPMSCVPI_01_2026, AISPPMSCVI_01_2026)",5,5,5,5,5,5,5,5,5,5,5,5,5
1v0nC15GpcAkOvN0VZOFwR3QlkEXLh0BPbzE57FI5fR4,"RPMS PI e I 012026 - (AISPPMSCVPI_01_2026, AISPPMSCVI_01_2026)",5,5,5,5,5,5,5,5,5,5,5,5,5
1v0nC15GpcAkOvN0VZOFwR3QlkEXLh0BPbzE57FI5fR4,"RPMS PI e I 012026 - (AISPPMSCVPI_01_2026, AISPPMSCVI_01_2026)",5,5,5,5,5,5,5,5,5,5,5,5,5
1v0nC15GpcAkOvN0VZOFwR3QlkEXLh0BPbzE57FI5fR4,"RPMS PI e I 012026 - (AISPPMSCVPI_01_2026, AISPPMSCVI_01_2026)",5,4,4,4,4,4,4,4,4,4,4,4,4
1v0nC15GpcAkOvN0VZOFwR3QlkEXLh0BPbzE57FI5fR4,"RPMS PI e I 012026 - (AISPPMSCVPI_01_2026, AISPPMSCVI_01_2026)",4,4,4,4,4,4,4,4,1,1,1,4,3
1v0nC15GpcAkOvN0VZOFwR3QlkEXLh0BPbzE57FI5fR4,"RPMS PI e I 012026 - (AISPPMSCVPI_01_2026, AISPPMSCVI_01_2026)",4,4,4,4,4,4,4,4,3,3,4,4,4
1v0nC15GpcAkOvN0VZOFwR3QlkEXLh0BPbzE57FI5fR4,"RPMS PI e I 012026 - (AISPPMSCVPI_01_2026, AISPPMSCVI_01_2026)",5,5,5,5,5,5,5,5,5,5,5,5,5
1v0nC15GpcAkOvN0VZOFwR3QlkEXLh0BPbzE57FI5fR4,"RPMS PI e I 012026 - (AISPPMSCVPI_01_2026, AISPPMSCVI_01_2026)",5,5,5,5,5,5,5,5,5,5,5,5,5
1v0nC15GpcAkOvN0VZOFwR3QlkEXLh0BPbzE57FI5fR4,"RPMS PI e I 012026 - (AISPPMSCVPI_01_2026, AISPPMSCVI_01_2026)",5,5,5,5,5,4,5,5,5,5,5,5,5
1v0nC15GpcAkOvN0VZOFwR3QlkEXLh0BPbzE57FI5fR4,"RPMS PI e I 012026 - (AISPPMSCVPI_01_2026, AISPPMSCVI_01_2026)",4,4,4,4,4,4,4,4,4,4,4,4,4
1v0nC15GpcAkOvN0VZOFwR3QlkEXLh0BPbzE57FI5fR4,"RPMS PI e I 012026 - (AISPPMSCVPI_01_2026, AISPPMSCVI_01_2026)",5,5,5,5,5,5,5,5,5,5,5,5,5
1v0nC15GpcAkOvN0VZOFwR3QlkEXLh0BPbzE57FI5fR4,"RPMS PI e I 012026 - (AISPPMSCVPI_01_2026, AISPPMSCVI_01_2026)",5,5,5,5,4,5,5,5,5,5,5,5,5
1v0nC15GpcAkOvN0VZOFwR3QlkEXLh0BPbzE57FI5fR4,"RPMS PI e I 012026 - (AISPPMSCVPI_01_2026, AISPPMSCVI_01_2026)",5,5,5,5,5,5,5,5,5,3,5,5,5
1v0nC15GpcAkOvN0VZOFwR3QlkEXLh0BPbzE57FI5fR4,"RPMS PI e I 012026 - (AISPPMSCVPI_01_2026, AISPPMSCVI_01_2026)",5,5,5,5,5,5,5,5,5,5,5,5,5
1v0nC15GpcAkOvN0VZOFwR3QlkEXLh0BPbzE57FI5fR4,"RPMS PI e I 012026 - (AISPPMSCVPI_01_2026, AISPPMSCVI_01_2026)",5,5,5,5,5,5,5,5,5,5,5,5,5
1v0nC15GpcAkOvN0VZOFwR3QlkEXLh0BPbzE57FI5fR4,"RPMS PI e I 012026 - (AISPPMSCVPI_01_2026, AISPPMSCVI_01_2026)",4,4,5,5,5,5,5,5,4,4,5,5,5
1v0nC15GpcAkOvN0VZOFwR3QlkEXLh0BPbzE57FI5fR4,"RPMS PI e I 012026 - (AISPPMSCVPI_01_2026, AISPPMSCVI_01_2026)",5,5,5,5,5,5,5,5,5,5,5,5,5
1v0nC15GpcAkOvN0VZOFwR3QlkEXLh0BPbzE57FI5fR4,"RPMS PI e I 012026 - (AISPPMSCVPI_01_2026, AISPPMSCVI_01_2026)",5,5,5,5,5,5,5,5,5,5,4,5,5
1v0nC15GpcAkOvN0VZOFwR3QlkEXLh0BPbzE57FI5fR4,"RPMS PI e I 012026 - (AISPPMSCVPI_01_2026, AISPPMSCVI_01_2026)",5,5,5,5,4,5,5,5,3,3,5,5,5
1v0nC15GpcAkOvN0VZOFwR3QlkEXLh0BPbzE57FI5fR4,"RPMS PI e I 012026 - (AISPPMSCVPI_01_2026, AISPPMSCVI_01_2026)",5,5,5,5,5,5,5,5,5,5,5,5,5
1v0nC15GpcAkOvN0VZOFwR3QlkEXLh0BPbzE57FI5fR4,"RPMS PI e I 012026 - (AISPPMSCVPI_01_2026, AISPPMSCVI_01_2026)",4,5,5,4,5,5,5,5,5,5,5,5,5
1v0nC15GpcAkOvN0VZOFwR3QlkEXLh0BPbzE57FI5fR4,"RPMS PI e I 012026 - (AISPPMSCVPI_01_2026, AISPPMSCVI_01_2026)",4,4,4,4,4,4,4,4,4,4,4,4,4
1v0nC15GpcAkOvN0VZOFwR3QlkEXLh0BPbzE57FI5fR4,"RPMS PI e I 012026 - (AISPPMSCVPI_01_2026, AISPPMSCVI_01_2026)",4,4,4,4,4,5,5,4,4,3,4,4,5
1v0nC15GpcAkOvN0VZOFwR3QlkEXLh0BPbzE57FI5fR4,"RPMS PI e I 012026 - (AISPPMSCVPI_01_2026, AISPPMSCVI_01_2026)",4,4,4,4,3,4,5,5,4,5,4,5,5
1v0nC15GpcAkOvN0VZOFwR3QlkEXLh0BPbzE57FI5fR4,"RPMS PI e I 012026 - (AISPPMSCVPI_01_2026, AISPPMSCVI_01_2026)",4,4,4,4,4,4,4,4,4,4,4,4,4
1v0nC15GpcAkOvN0VZOFwR3QlkEXLh0BPbzE57FI5fR4,"RPMS PI e I 012026 - (AISPPMSCVPI_01_2026, AISPPMSCVI_01_2026)",5,5,5,5,5,5,5,5,5,5,5,5,5
1v0nC15GpcAkOvN0VZOFwR3QlkEXLh0BPbzE57FI5fR4,"RPMS PI e I 012026 - (AISPPMSCVPI_01_2026, AISPPMSCVI_01_2026)",4,4,4,4,4,4,4,4,4,3,4,4,4
1v0nC15GpcAkOvN0VZOFwR3QlkEXLh0BPbzE57FI5fR4,"RPMS PI e I 012026 - (AISPPMSCVPI_01_2026, AISPPMSCVI_01_2026)",5,5,4,4,4,3,3,3,3,3,3,3,3
1v0nC15GpcAkOvN0VZOFwR3QlkEXLh0BPbzE57FI5fR4,"RPMS PI e I 012026 - (AISPPMSCVPI_01_2026, AISPPMSCVI_01_2026)",5,5,5,4,5,4,4,5,5,4,4,4,5
1v0nC15GpcAkOvN0VZOFwR3QlkEXLh0BPbzE57FI5fR4,"RPMS PI e I 012026 - (AISPPMSCVPI_01_2026, AISPPMSCVI_01_2026)",5,5,5,5,5,5,5,5,5,5,5,5,5
1v0nC15GpcAkOvN0VZOFwR3QlkEXLh0BPbzE57FI5fR4,"RPMS PI e I 012026 - (AISPPMSCVPI_01_2026, AISPPMSCVI_01_2026)",5,5,5,5,5,5,5,5,5,5,5,5,5
1v0nC15GpcAkOvN0VZOFwR3QlkEXLh0BPbzE57FI5fR4,"RPMS PI e I 012026 - (AISPPMSCVPI_01_2026, AISPPMSCVI_01_2026)",5,5,5,5,5,5,5,5,2,3,1,5,5
1v0nC15GpcAkOvN0VZOFwR3QlkEXLh0BPbzE57FI5fR4,"RPMS PI e I 012026 - (AISPPMSCVPI_01_2026, AISPPMSCVI_01_2026)",5,5,5,5,5,5,5,5,5,5,5,5,5
1v0nC15GpcAkOvN0VZOFwR3QlkEXLh0BPbzE57FI5fR4,"RPMS PI e I 012026 - (AISPPMSCVPI_01_2026, AISPPMSCVI_01_2026)",5,5,5,5,5,5,5,5,5,5,5,5,5
1v0nC15GpcAkOvN0VZOFwR3QlkEXLh0BPbzE57FI5fR4,"RPMS PI e I 012026 - (AISPPMSCVPI_01_2026, AISPPMSCVI_01_2026)",5,5,5,5,4,5,5,3,3,3,5,5,5
1v0nC15GpcAkOvN0VZOFwR3QlkEXLh0BPbzE57FI5fR4,"RPMS PI e I 012026 - (AISPPMSCVPI_01_2026, AISPPMSCVI_01_2026)",5,5,5,5,5,5,5,5,5,5,5,5,5
1v0nC15GpcAkOvN0VZOFwR3QlkEXLh0BPbzE57FI5fR4,"RPMS PI e I 012026 - (AISPPMSCVPI_01_2026, AISPPMSCVI_01_2026)",1,1,1,1,1,1,1,3,3,2,1,1,1
1v0nC15GpcAkOvN0VZOFwR3QlkEXLh0BPbzE57FI5fR4,"RPMS PI e I 012026 - (AISPPMSCVPI_01_2026, AISPPMSCVI_01_2026)",5,5,5,5,5,5,5,5,1,1,5,5,5
1v0nC15GpcAkOvN0VZOFwR3QlkEXLh0BPbzE57FI5fR4,"RPMS PI e I 012026 - (AISPPMSCVPI_01_2026, AISPPMSCVI_01_2026)",4,4,4,4,4,4,4,4,3,3,4,4,4
1v0nC15GpcAkOvN0VZOFwR3QlkEXLh0BPbzE57FI5fR4,"RPMS PI e I 012026 - (AISPPMSCVPI_01_2026, AISPPMSCVI_01_2026)",5,5,5,5,5,5,5,5,5,5,5,5,5
1v0nC15GpcAkOvN0VZOFwR3QlkEXLh0BPbzE57FI5fR4,"RPMS PI e I 012026 - (AISPPMSCVPI_01_2026, AISPPMSCVI_01_2026)",5,5,5,5,5,5,5,5,5,5,5,5,5
1v0nC15GpcAkOvN0VZOFwR3QlkEXLh0BPbzE57FI5fR4,"RPMS PI e I 012026 - (AISPPMSCVPI_01_2026, AISPPMSCVI_01_2026)",4,4,4,4,4,4,4,4,4,4,4,4,4
1v0nC15GpcAkOvN0VZOFwR3QlkEXLh0BPbzE57FI5fR4,"RPMS PI e I 012026 - (AISPPMSCVPI_01_2026, AISPPMSCVI_01_2026)",4,4,4,4,4,4,4,4,4,4,4,4,4
1v0nC15GpcAkOvN0VZOFwR3QlkEXLh0BPbzE57FI5fR4,"RPMS PI e I 012026 - (AISPPMSCVPI_01_2026, AISPPMSCVI_01_2026)",1,1,1,1,1,1,1,1,1,1,1,1,1
1v0nC15GpcAkOvN0VZOFwR3QlkEXLh0BPbzE57FI5fR4,"RPMS PI e I 012026 - (AISPPMSCVPI_01_2026, AISPPMSCVI_01_2026)",4,4,4,4,4,4,4,4,4,4,4,4,4
1v0nC15GpcAkOvN0VZOFwR3QlkEXLh0BPbzE57FI5fR4,"RPMS PI e I 012026 - (AISPPMSCVPI_01_2026, AISPPMSCVI_01_2026)",5,5,5,5,5,5,5,5,5,5,5,5,5
1v0nC15GpcAkOvN0VZOFwR3QlkEXLh0BPbzE57FI5fR4,"RPMS PI e I 012026 - (AISPPMSCVPI_01_2026, AISPPMSCVI_01_2026)",5,5,5,5,5,5,5,5,5,5,5,5,5
1v0nC15GpcAkOvN0VZOFwR3QlkEXLh0BPbzE57FI5fR4,"RPMS PI e I 012026 - (AISPPMSCVPI_01_2026, AISPPMSCVI_01_2026)",4,5,4,5,5,5,4,4,4,3,4,4,4
1v0nC15GpcAkOvN0VZOFwR3QlkEXLh0BPbzE57FI5fR4,"RPMS PI e I 012026 - (AISPPMSCVPI_01_2026, AISPPMSCVI_01_2026)",1,1,1,2,1,1,1,1,5,1,3,2,1
1v0nC15GpcAkOvN0VZOFwR3QlkEXLh0BPbzE57FI5fR4,"RPMS PI e I 012026 - (AISPPMSCVPI_01_2026, AISPPMSCVI_01_2026)",5,5,5,5,5,5,5,5,5,5,5,5,5
1v0nC15GpcAkOvN0VZOFwR3QlkEXLh0BPbzE57FI5fR4,"RPMS PI e I 012026 - (AISPPMSCVPI_01_2026, AISPPMSCVI_01_2026)",5,4,4,4,4,5,5,5,5,5,5,5,5
1v0nC15GpcAkOvN0VZOFwR3QlkEXLh0BPbzE57FI5fR4,"RPMS PI e I 012026 - (AISPPMSCVPI_01_2026, AISPPMSCVI_01_2026)",4,4,5,4,4,3,4,4,5,4,4,3,4
1v0nC15GpcAkOvN0VZOFwR3QlkEXLh0BPbzE57FI5fR4,"RPMS PI e I 012026 - (AISPPMSCVPI_01_2026, AISPPMSCVI_01_2026)",5,5,5,5,5,5,5,5,5,5,5,5,5
1v0nC15GpcAkOvN0VZOFwR3QlkEXLh0BPbzE57FI5fR4,"RPMS PI e I 012026 - (AISPPMSCVPI_01_2026, AISPPMSCVI_01_2026)",5,5,5,5,5,5,5,5,5,5,5,5,5
1v0nC15GpcAkOvN0VZOFwR3QlkEXLh0BPbzE57FI5fR4,"RPMS PI e I 012026 - (AISPPMSCVPI_01_2026, AISPPMSCVI_01_2026)",5,5,5,5,5,5,5,5,4,4,4,5,5
1v0nC15GpcAkOvN0VZOFwR3QlkEXLh0BPbzE57FI5fR4,"RPMS PI e I 012026 - (AISPPMSCVPI_01_2026, AISPPMSCVI_01_2026)",5,5,5,5,5,5,5,5,5,5,5,5,5
1v0nC15GpcAkOvN0VZOFwR3QlkEXLh0BPbzE57FI5fR4,"RPMS PI e I 012026 - (AISPPMSCVPI_01_2026, AISPPMSCVI_01_2026)",5,5,5,5,5,5,5,5,5,5,5,5,5
1v0nC15GpcAkOvN0VZOFwR3QlkEXLh0BPbzE57FI5fR4,"RPMS PI e I 012026 - (AISPPMSCVPI_01_2026, AISPPMSCVI_01_2026)",3,3,3,3,3,3,3,3,3,3,3,3,3
1v0nC15GpcAkOvN0VZOFwR3QlkEXLh0BPbzE57FI5fR4,"RPMS PI e I 012026 - (AISPPMSCVPI_01_2026, AISPPMSCVI_01_2026)",4,4,4,4,4,4,4,4,4,4,4,4,4
1v0nC15GpcAkOvN0VZOFwR3QlkEXLh0BPbzE57FI5fR4,"RPMS PI e I 012026 - (AISPPMSCVPI_01_2026, AISPPMSCVI_01_2026)",5,5,5,5,5,5,5,5,5,5,5,5,5
1v0nC15GpcAkOvN0VZOFwR3QlkEXLh0BPbzE57FI5fR4,"RPMS PI e I 012026 - (AISPPMSCVPI_01_2026, AISPPMSCVI_01_2026)",5,5,5,5,5,5,5,5,5,5,5,5,5
1v0nC15GpcAkOvN0VZOFwR3QlkEXLh0BPbzE57FI5fR4,"RPMS PI e I 012026 - (AISPPMSCVPI_01_2026, AISPPMSCVI_01_2026)",5,5,5,5,5,5,5,5,5,5,5,5,5
1v0nC15GpcAkOvN0VZOFwR3QlkEXLh0BPbzE57FI5fR4,"RPMS PI e I 012026 - (AISPPMSCVPI_01_2026, AISPPMSCVI_01_2026)",4,4,4,4,4,4,4,4,4,4,4,4,4
1v0nC15GpcAkOvN0VZOFwR3QlkEXLh0BPbzE57FI5fR4,"RPMS PI e I 012026 - (AISPPMSCVPI_01_2026, AISPPMSCVI_01_2026)",4,4,4,4,4,4,4,4,4,4,4,4,4
1v0nC15GpcAkOvN0VZOFwR3QlkEXLh0BPbzE57FI5fR4,"RPMS PI e I 012026 - (AISPPMSCVPI_01_2026, AISPPMSCVI_01_2026)",5,5,5,5,4,5,4,5,4,4,4,4,4
1v0nC15GpcAkOvN0VZOFwR3QlkEXLh0BPbzE57FI5fR4,"RPMS PI e I 012026 - (AISPPMSCVPI_01_2026, AISPPMSCVI_01_2026)",4,4,4,4,4,4,4,4,4,4,4,4,4
1v0nC15GpcAkOvN0VZOFwR3QlkEXLh0BPbzE57FI5fR4,"RPMS PI e I 012026 - (AISPPMSCVPI_01_2026, AISPPMSCVI_01_2026)",5,5,5,5,5,5,5,5,5,5,5,5,5
1v0nC15GpcAkOvN0VZOFwR3QlkEXLh0BPbzE57FI5fR4,"RPMS PI e I 012026 - (AISPPMSCVPI_01_2026, AISPPMSCVI_01_2026)",4,4,4,4,4,3,4,4,4,4,4,4,4
1v0nC15GpcAkOvN0VZOFwR3QlkEXLh0BPbzE57FI5fR4,"RPMS PI e I 012026 - (AISPPMSCVPI_01_2026, AISPPMSCVI_01_2026)",4,4,4,4,4,4,4,4,4,4,4,4,4
1v0nC15GpcAkOvN0VZOFwR3QlkEXLh0BPbzE57FI5fR4,"RPMS PI e I 012026 - (AISPPMSCVPI_01_2026, AISPPMSCVI_01_2026)",5,5,5,5,5,5,5,5,5,5,5,5,5
1v0nC15GpcAkOvN0VZOFwR3QlkEXLh0BPbzE57FI5fR4,"RPMS PI e I 012026 - (AISPPMSCVPI_01_2026, AISPPMSCVI_01_2026)",5,5,5,5,5,5,5,5,5,5,5,5,5
1v0nC15GpcAkOvN0VZOFwR3QlkEXLh0BPbzE57FI5fR4,"RPMS PI e I 012026 - (AISPPMSCVPI_01_2026, AISPPMSCVI_01_2026)",4,4,4,4,5,5,4,2,2,2,2,3,4
1v0nC15GpcAkOvN0VZOFwR3QlkEXLh0BPbzE57FI5fR4,"RPMS PI e I 012026 - (AISPPMSCVPI_01_2026, AISPPMSCVI_01_2026)",5,5,5,5,5,5,5,5,5,5,5,5,5
1v0nC15GpcAkOvN0VZOFwR3QlkEXLh0BPbzE57FI5fR4,"RPMS PI e I 012026 - (AISPPMSCVPI_01_2026, AISPPMSCVI_01_2026)",4,4,4,4,4,4,4,4,4,4,4,4,4
1v0nC15GpcAkOvN0VZOFwR3QlkEXLh0BPbzE57FI5fR4,"RPMS PI e I 012026 - (AISPPMSCVPI_01_2026, AISPPMSCVI_01_2026)",5,5,5,5,5,4,3,5,5,5,5,5,5
1v0nC15GpcAkOvN0VZOFwR3QlkEXLh0BPbzE57FI5fR4,"RPMS PI e I 012026 - (AISPPMSCVPI_01_2026, AISPPMSCVI_01_2026)",5,5,5,5,5,5,5,5,5,5,5,5,5
1v0nC15GpcAkOvN0VZOFwR3QlkEXLh0BPbzE57FI5fR4,"RPMS PI e I 012026 - (AISPPMSCVPI_01_2026, AISPPMSCVI_01_2026)",5,5,5,5,5,5,5,5,5,5,5,5,5
1v0nC15GpcAkOvN0VZOFwR3QlkEXLh0BPbzE57FI5fR4,"RPMS PI e I 012026 - (AISPPMSCVPI_01_2026, AISPPMSCVI_01_2026)",5,5,5,5,5,5,5,5,5,5,5,5,5
1v0nC15GpcAkOvN0VZOFwR3QlkEXLh0BPbzE57FI5fR4,"RPMS PI e I 012026 - (AISPPMSCVPI_01_2026, AISPPMSCVI_01_2026)",4,4,5,4,5,5,5,5,5,5,4,4,5
1v0nC15GpcAkOvN0VZOFwR3QlkEXLh0BPbzE57FI5fR4,"RPMS PI e I 012026 - (AISPPMSCVPI_01_2026, AISPPMSCVI_01_2026)",5,5,5,5,5,5,5,5,5,5,5,5,5
1v0nC15GpcAkOvN0VZOFwR3QlkEXLh0BPbzE57FI5fR4,"RPMS PI e I 012026 - (AISPPMSCVPI_01_2026, AISPPMSCVI_01_2026)",5,5,5,4,5,5,5,5,5,5,5,5,5
1v0nC15GpcAkOvN0VZOFwR3QlkEXLh0BPbzE57FI5fR4,"RPMS PI e I 012026 - (AISPPMSCVPI_01_2026, AISPPMSCVI_01_2026)",5,5,5,5,5,5,5,5,5,5,5,5,5
1v0nC15GpcAkOvN0VZOFwR3QlkEXLh0BPbzE57FI5fR4,"RPMS PI e I 012026 - (AISPPMSCVPI_01_2026, AISPPMSCVI_01_2026)",4,4,4,4,4,4,4,4,4,4,4,4,4
1v0nC15GpcAkOvN0VZOFwR3QlkEXLh0BPbzE57FI5fR4,"RPMS PI e I 012026 - (AISPPMSCVPI_01_2026, AISPPMSCVI_01_2026)",5,5,5,5,5,5,5,5,5,5,5,5,5
1v0nC15GpcAkOvN0VZOFwR3QlkEXLh0BPbzE57FI5fR4,"RPMS PI e I 012026 - (AISPPMSCVPI_01_2026, AISPPMSCVI_01_2026)",4,4,4,4,4,4,4,4,4,4,4,4,4
1v0nC15GpcAkOvN0VZOFwR3QlkEXLh0BPbzE57FI5fR4,"RPMS PI e I 012026 - (AISPPMSCVPI_01_2026, AISPPMSCVI_01_2026)",5,5,5,5,5,5,5,5,5,5,5,5,5
1v0nC15GpcAkOvN0VZOFwR3QlkEXLh0BPbzE57FI5fR4,"RPMS PI e I 012026 - (AISPPMSCVPI_01_2026, AISPPMSCVI_01_2026)",5,5,5,5,5,5,5,5,5,5,5,5,5
1v0nC15GpcAkOvN0VZOFwR3QlkEXLh0BPbzE57FI5fR4,"RPMS PI e I 012026 - (AISPPMSCVPI_01_2026, AISPPMSCVI_01_2026)",5,5,5,5,5,5,5,5,5,5,5,5,5
1v0nC15GpcAkOvN0VZOFwR3QlkEXLh0BPbzE57FI5fR4,"RPMS PI e I 012026 - (AISPPMSCVPI_01_2026, AISPPMSCVI_01_2026)",5,5,5,5,5,5,5,5,5,5,5,5,5
1v0nC15GpcAkOvN0VZOFwR3QlkEXLh0BPbzE57FI5fR4,"RPMS PI e I 012026 - (AISPPMSCVPI_01_2026, AISPPMSCVI_01_2026)",5,5,5,5,5,5,5,5,5,5,5,5,5
1v0nC15GpcAkOvN0VZOFwR3QlkEXLh0BPbzE57FI5fR4,"RPMS PI e I 012026 - (AISPPMSCVPI_01_2026, AISPPMSCVI_01_2026)",5,5,5,5,5,5,5,5,5,5,5,5,5
1v0nC15GpcAkOvN0VZOFwR3QlkEXLh0BPbzE57FI5fR4,"RPMS PI e I 012026 - (AISPPMSCVPI_01_2026, AISPPMSCVI_01_2026)",5,5,5,5,5,5,5,5,5,5,5,5,5
1v0nC15GpcAkOvN0VZOFwR3QlkEXLh0BPbzE57FI5fR4,"RPMS PI e I 012026 - (AISPPMSCVPI_01_2026, AISPPMSCVI_01_2026)",4,4,4,4,4,4,4,4,4,4,4,4,4
1v0nC15GpcAkOvN0VZOFwR3QlkEXLh0BPbzE57FI5fR4,"RPMS PI e I 012026 - (AISPPMSCVPI_01_2026, AISPPMSCVI_01_2026)",5,5,5,5,5,5,5,5,5,5,5,5,5
1v0nC15GpcAkOvN0VZOFwR3QlkEXLh0BPbzE57FI5fR4,"RPMS PI e I 012026 - (AISPPMSCVPI_01_2026, AISPPMSCVI_01_2026)",5,5,5,5,5,5,5,5,5,5,5,5,5
1v0nC15GpcAkOvN0VZOFwR3QlkEXLh0BPbzE57FI5fR4,"RPMS PI e I 012026 - (AISPPMSCVPI_01_2026, AISPPMSCVI_01_2026)",5,5,5,4,5,5,5,5,4,4,5,5,5
1v0nC15GpcAkOvN0VZOFwR3QlkEXLh0BPbzE57FI5fR4,"RPMS PI e I 012026 - (AISPPMSCVPI_01_2026, AISPPMSCVI_01_2026)",4,4,4,4,4,4,4,4,4,4,4,4,4
1v0nC15GpcAkOvN0VZOFwR3QlkEXLh0BPbzE57FI5fR4,"RPMS PI e I 012026 - (AISPPMSCVPI_01_2026, AISPPMSCVI_01_2026)",1,1,1,1,1,1,1,1,1,1,1,1,1
1v0nC15GpcAkOvN0VZOFwR3QlkEXLh0BPbzE57FI5fR4,"RPMS PI e I 012026 - (AISPPMSCVPI_01_2026, AISPPMSCVI_01_2026)",4,5,5,5,4,5,4,4,1,1,4,4,5
1v0nC15GpcAkOvN0VZOFwR3QlkEXLh0BPbzE57FI5fR4,"RPMS PI e I 012026 - (AISPPMSCVPI_01_2026, AISPPMSCVI_01_2026)",5,5,5,5,5,5,5,5,5,2,5,5,5
1v0nC15GpcAkOvN0VZOFwR3QlkEXLh0BPbzE57FI5fR4,"RPMS PI e I 012026 - (AISPPMSCVPI_01_2026, AISPPMSCVI_01_2026)",5,5,5,5,5,5,5,5,5,5,5,5,5
1v0nC15GpcAkOvN0VZOFwR3QlkEXLh0BPbzE57FI5fR4,"RPMS PI e I 012026 - (AISPPMSCVPI_01_2026, AISPPMSCVI_01_2026)",5,5,5,5,5,4,5,5,5,5,5,4,5
1v0nC15GpcAkOvN0VZOFwR3QlkEXLh0BPbzE57FI5fR4,"RPMS PI e I 012026 - (AISPPMSCVPI_01_2026, AISPPMSCVI_01_2026)",5,5,5,5,5,5,5,5,5,5,5,5,5
1v0nC15GpcAkOvN0VZOFwR3QlkEXLh0BPbzE57FI5fR4,"RPMS PI e I 012026 - (AISPPMSCVPI_01_2026, AISPPMSCVI_01_2026)",5,5,5,5,5,5,5,5,5,5,5,5,5
1v0nC15GpcAkOvN0VZOFwR3QlkEXLh0BPbzE57FI5fR4,"RPMS PI e I 012026 - (AISPPMSCVPI_01_2026, AISPPMSCVI_01_2026)",3,3,3,2,2,3,3,3,3,3,3,3,3
1v0nC15GpcAkOvN0VZOFwR3QlkEXLh0BPbzE57FI5fR4,"RPMS PI e I 012026 - (AISPPMSCVPI_01_2026, AISPPMSCVI_01_2026)",5,5,5,5,5,5,5,5,5,5,5,5,5
1v0nC15GpcAkOvN0VZOFwR3QlkEXLh0BPbzE57FI5fR4,"RPMS PI e I 012026 - (AISPPMSCVPI_01_2026, AISPPMSCVI_01_2026)",5,5,5,5,5,5,5,5,5,5,5,5,5
1v0nC15GpcAkOvN0VZOFwR3QlkEXLh0BPbzE57FI5fR4,"RPMS PI e I 012026 - (AISPPMSCVPI_01_2026, AISPPMSCVI_01_2026)",5,5,5,5,5,5,5,5,5,5,5,5,5
1v0nC15GpcAkOvN0VZOFwR3QlkEXLh0BPbzE57FI5fR4,"RPMS PI e I 012026 - (AISPPMSCVPI_01_2026, AISPPMSCVI_01_2026)",5,5,5,5,5,5,5,4,4,4,4,4,4
1v0nC15GpcAkOvN0VZOFwR3QlkEXLh0BPbzE57FI5fR4,"RPMS PI e I 012026 - (AISPPMSCVPI_01_2026, AISPPMSCVI_01_2026)",5,5,5,4,4,4,4,4,5,4,4,4,4
1v0nC15GpcAkOvN0VZOFwR3QlkEXLh0BPbzE57FI5fR4,"RPMS PI e I 012026 - (AISPPMSCVPI_01_2026, AISPPMSCVI_01_2026)",1,1,1,1,1,1,1,1,1,1,1,1,1
1v0nC15GpcAkOvN0VZOFwR3QlkEXLh0BPbzE57FI5fR4,"RPMS PI e I 012026 - (AISPPMSCVPI_01_2026, AISPPMSCVI_01_2026)",4,4,4,4,4,4,4,4,4,4,4,4,4
1v0nC15GpcAkOvN0VZOFwR3QlkEXLh0BPbzE57FI5fR4,"RPMS PI e I 012026 - (AISPPMSCVPI_01_2026, AISPPMSCVI_01_2026)",5,5,5,5,5,5,5,5,5,5,5,5,5
1v0nC15GpcAkOvN0VZOFwR3QlkEXLh0BPbzE57FI5fR4,"RPMS PI e I 012026 - (AISPPMSCVPI_01_2026, AISPPMSCVI_01_2026)",4,4,4,4,4,4,4,4,4,4,4,4,4
1v0nC15GpcAkOvN0VZOFwR3QlkEXLh0BPbzE57FI5fR4,"RPMS PI e I 012026 - (AISPPMSCVPI_01_2026, AISPPMSCVI_01_2026)",5,5,5,5,5,5,5,5,5,5,5,5,5
1v0nC15GpcAkOvN0VZOFwR3QlkEXLh0BPbzE57FI5fR4,"RPMS PI e I 012026 - (AISPPMSCVPI_01_2026, AISPPMSCVI_01_2026)",1,1,1,1,1,1,1,1,1,1,1,1,1
1v0nC15GpcAkOvN0VZOFwR3QlkEXLh0BPbzE57FI5fR4,"RPMS PI e I 012026 - (AISPPMSCVPI_01_2026, AISPPMSCVI_01_2026)",4,4,4,4,4,4,4,4,4,1,4,4,4
1v0nC15GpcAkOvN0VZOFwR3QlkEXLh0BPbzE57FI5fR4,"RPMS PI e I 012026 - (AISPPMSCVPI_01_2026, AISPPMSCVI_01_2026)",4,4,4,5,4,4,4,4,4,5,5,5,5
1v0nC15GpcAkOvN0VZOFwR3QlkEXLh0BPbzE57FI5fR4,"RPMS PI e I 012026 - (AISPPMSCVPI_01_2026, AISPPMSCVI_01_2026)",5,5,5,5,5,5,5,5,5,5,5,5,5
1v0nC15GpcAkOvN0VZOFwR3QlkEXLh0BPbzE57FI5fR4,"RPMS PI e I 012026 - (AISPPMSCVPI_01_2026, AISPPMSCVI_01_2026)",5,5,5,5,5,5,5,5,5,5,5,5,5
1v0nC15GpcAkOvN0VZOFwR3QlkEXLh0BPbzE57FI5fR4,"RPMS PI e I 012026 - (AISPPMSCVPI_01_2026, AISPPMSCVI_01_2026)",5,5,5,5,5,5,5,5,5,5,5,5,5
1v0nC15GpcAkOvN0VZOFwR3QlkEXLh0BPbzE57FI5fR4,"RPMS PI e I 012026 - (AISPPMSCVPI_01_2026, AISPPMSCVI_01_2026)",3,3,3,3,3,3,3,3,3,3,3,3,3
1v0nC15GpcAkOvN0VZOFwR3QlkEXLh0BPbzE57FI5fR4,"RPMS PI e I 012026 - (AISPPMSCVPI_01_2026, AISPPMSCVI_01_2026)",5,5,5,5,5,5,5,5,5,5,5,5,5
1v0nC15GpcAkOvN0VZOFwR3QlkEXLh0BPbzE57FI5fR4,"RPMS PI e I 012026 - (AISPPMSCVPI_01_2026, AISPPMSCVI_01_2026)",4,4,4,4,4,4,4,4,4,4,4,4,4
1v0nC15GpcAkOvN0VZOFwR3QlkEXLh0BPbzE57FI5fR4,"RPMS PI e I 012026 - (AISPPMSCVPI_01_2026, AISPPMSCVI_01_2026)",5,5,5,4,5,4,3,4,5,5,5,5,5
1v0nC15GpcAkOvN0VZOFwR3QlkEXLh0BPbzE57FI5fR4,"RPMS PI e I 012026 - (AISPPMSCVPI_01_2026, AISPPMSCVI_01_2026)",5,5,5,5,5,5,5,5,1,3,5,5,5
1v0nC15GpcAkOvN0VZOFwR3QlkEXLh0BPbzE57FI5fR4,"RPMS PI e I 012026 - (AISPPMSCVPI_01_2026, AISPPMSCVI_01_2026)",2,3,1,3,5,4,1,3,1,1,1,1,1
1v0nC15GpcAkOvN0VZOFwR3QlkEXLh0BPbzE57FI5fR4,"RPMS PI e I 012026 - (AISPPMSCVPI_01_2026, AISPPMSCVI_01_2026)",5,5,5,5,5,5,5,5,5,5,5,5,5
1v0nC15GpcAkOvN0VZOFwR3QlkEXLh0BPbzE57FI5fR4,"RPMS PI e I 012026 - (AISPPMSCVPI_01_2026, AISPPMSCVI_01_2026)",5,5,5,5,5,5,5,5,5,5,5,5,5
1v0nC15GpcAkOvN0VZOFwR3QlkEXLh0BPbzE57FI5fR4,"RPMS PI e I 012026 - (AISPPMSCVPI_01_2026, AISPPMSCVI_01_2026)",4,4,4,4,4,4,4,4,4,4,4,4,4
1v0nC15GpcAkOvN0VZOFwR3QlkEXLh0BPbzE57FI5fR4,"RPMS PI e I 012026 - (AISPPMSCVPI_01_2026, AISPPMSCVI_01_2026)",5,5,5,5,5,5,5,5,5,5,5,5,5
1v0nC15GpcAkOvN0VZOFwR3QlkEXLh0BPbzE57FI5fR4,"RPMS PI e I 012026 - (AISPPMSCVPI_01_2026, AISPPMSCVI_01_2026)",4,4,4,4,4,4,4,4,4,4,4,4,4
1v0nC15GpcAkOvN0VZOFwR3QlkEXLh0BPbzE57FI5fR4,"RPMS PI e I 012026 - (AISPPMSCVPI_01_2026, AISPPMSCVI_01_2026)",5,5,5,5,5,5,5,5,5,5,5,5,5
1v0nC15GpcAkOvN0VZOFwR3QlkEXLh0BPbzE57FI5fR4,"RPMS PI e I 012026 - (AISPPMSCVPI_01_2026, AISPPMSCVI_01_2026)",5,5,5,5,5,5,5,5,5,5,5,5,5
1v0nC15GpcAkOvN0VZOFwR3QlkEXLh0BPbzE57FI5fR4,"RPMS PI e I 012026 - (AISPPMSCVPI_01_2026, AISPPMSCVI_01_2026)",5,5,5,5,5,5,5,5,5,5,5,5,5
1v0nC15GpcAkOvN0VZOFwR3QlkEXLh0BPbzE57FI5fR4,"RPMS PI e I 012026 - (AISPPMSCVPI_01_2026, AISPPMSCVI_01_2026)",5,5,5,5,5,5,5,5,5,5,5,5,5
1v0nC15GpcAkOvN0VZOFwR3QlkEXLh0BPbzE57FI5fR4,"RPMS PI e I 012026 - (AISPPMSCVPI_01_2026, AISPPMSCVI_01_2026)",5,5,5,5,5,5,5,5,5,5,5,5,5
1v0nC15GpcAkOvN0VZOFwR3QlkEXLh0BPbzE57FI5fR4,"RPMS PI e I 012026 - (AISPPMSCVPI_01_2026, AISPPMSCVI_01_2026)",5,5,5,5,5,5,5,5,5,5,5,4,4
1v0nC15GpcAkOvN0VZOFwR3QlkEXLh0BPbzE57FI5fR4,"RPMS PI e I 012026 - (AISPPMSCVPI_01_2026, AISPPMSCVI_01_2026)",4,4,4,4,4,5,3,4,2,2,3,4,4
1v0nC15GpcAkOvN0VZOFwR3QlkEXLh0BPbzE57FI5fR4,"RPMS PI e I 012026 - (AISPPMSCVPI_01_2026, AISPPMSCVI_01_2026)",5,5,5,5,5,5,5,5,5,5,5,5,5
1v0nC15GpcAkOvN0VZOFwR3QlkEXLh0BPbzE57FI5fR4,"RPMS PI e I 012026 - (AISPPMSCVPI_01_2026, AISPPMSCVI_01_2026)",3,3,3,3,3,3,3,3,3,3,3,3,3
1v0nC15GpcAkOvN0VZOFwR3QlkEXLh0BPbzE57FI5fR4,"RPMS PI e I 012026 - (AISPPMSCVPI_01_2026, AISPPMSCVI_01_2026)",4,4,4,4,4,4,4,4,4,4,4,4,4
1v0nC15GpcAkOvN0VZOFwR3QlkEXLh0BPbzE57FI5fR4,"RPMS PI e I 012026 - (AISPPMSCVPI_01_2026, AISPPMSCVI_01_2026)",5,4,4,5,5,5,4,4,4,4,4,4,4
1v0nC15GpcAkOvN0VZOFwR3QlkEXLh0BPbzE57FI5fR4,"RPMS PI e I 012026 - (AISPPMSCVPI_01_2026, AISPPMSCVI_01_2026)",5,5,5,5,5,5,5,5,5,5,5,5,5
1v0nC15GpcAkOvN0VZOFwR3QlkEXLh0BPbzE57FI5fR4,"RPMS PI e I 012026 - (AISPPMSCVPI_01_2026, AISPPMSCVI_01_2026)",5,5,5,5,5,5,5,5,5,5,5,5,5
1v0nC15GpcAkOvN0VZOFwR3QlkEXLh0BPbzE57FI5fR4,"RPMS PI e I 012026 - (AISPPMSCVPI_01_2026, AISPPMSCVI_01_2026)",5,5,5,5,5,5,4,4,5,5,4,4,5
1v0nC15GpcAkOvN0VZOFwR3QlkEXLh0BPbzE57FI5fR4,"RPMS PI e I 012026 - (AISPPMSCVPI_01_2026, AISPPMSCVI_01_2026)",5,5,5,5,5,5,5,5,5,5,5,5,5
1v0nC15GpcAkOvN0VZOFwR3QlkEXLh0BPbzE57FI5fR4,"RPMS PI e I 012026 - (AISPPMSCVPI_01_2026, AISPPMSCVI_01_2026)",4,4,5,4,4,5,5,5,5,5,5,4,5
1v0nC15GpcAkOvN0VZOFwR3QlkEXLh0BPbzE57FI5fR4,"RPMS PI e I 012026 - (AISPPMSCVPI_01_2026, AISPPMSCVI_01_2026)",5,5,5,4,5,5,5,5,5,5,4,5,5
1v0nC15GpcAkOvN0VZOFwR3QlkEXLh0BPbzE57FI5fR4,"RPMS PI e I 012026 - (AISPPMSCVPI_01_2026, AISPPMSCVI_01_2026)",4,4,4,4,4,4,4,4,4,3,4,4,4
1v0nC15GpcAkOvN0VZOFwR3QlkEXLh0BPbzE57FI5fR4,"RPMS PI e I 012026 - (AISPPMSCVPI_01_2026, AISPPMSCVI_01_2026)",5,5,5,5,5,5,5,5,5,5,5,5,5
1v0nC15GpcAkOvN0VZOFwR3QlkEXLh0BPbzE57FI5fR4,"RPMS PI e I 012026 - (AISPPMSCVPI_01_2026, AISPPMSCVI_01_2026)",4,4,4,4,4,4,4,4,4,4,4,4,4
1v0nC15GpcAkOvN0VZOFwR3QlkEXLh0BPbzE57FI5fR4,"RPMS PI e I 012026 - (AISPPMSCVPI_01_2026, AISPPMSCVI_01_2026)",4,5,5,5,5,5,5,5,5,5,5,5,5
1v0nC15GpcAkOvN0VZOFwR3QlkEXLh0BPbzE57FI5fR4,"RPMS PI e I 012026 - (AISPPMSCVPI_01_2026, AISPPMSCVI_01_2026)",5,5,5,5,5,5,5,5,5,5,5,5,5
1v0nC15GpcAkOvN0VZOFwR3QlkEXLh0BPbzE57FI5fR4,"RPMS PI e I 012026 - (AISPPMSCVPI_01_2026, AISPPMSCVI_01_2026)",5,5,5,5,5,5,5,5,5,5,5,5,5
1v0nC15GpcAkOvN0VZOFwR3QlkEXLh0BPbzE57FI5fR4,"RPMS PI e I 012026 - (AISPPMSCVPI_01_2026, AISPPMSCVI_01_2026)",5,5,4,4,5,5,4,4,4,4,4,5,5
1v0nC15GpcAkOvN0VZOFwR3QlkEXLh0BPbzE57FI5fR4,"RPMS PI e I 012026 - (AISPPMSCVPI_01_2026, AISPPMSCVI_01_2026)",5,5,5,5,5,5,5,5,5,5,5,5,5
1v0nC15GpcAkOvN0VZOFwR3QlkEXLh0BPbzE57FI5fR4,"RPMS PI e I 012026 - (AISPPMSCVPI_01_2026, AISPPMSCVI_01_2026)",5,5,5,5,5,5,5,5,5,5,5,5,5
1v0nC15GpcAkOvN0VZOFwR3QlkEXLh0BPbzE57FI5fR4,"RPMS PI e I 012026 - (AISPPMSCVPI_01_2026, AISPPMSCVI_01_2026)",5,5,5,5,5,5,5,5,5,5,5,5,5
1v0nC15GpcAkOvN0VZOFwR3QlkEXLh0BPbzE57FI5fR4,"RPMS PI e I 012026 - (AISPPMSCVPI_01_2026, AISPPMSCVI_01_2026)",5,5,5,5,5,5,5,5,5,5,5,5,5
1v0nC15GpcAkOvN0VZOFwR3QlkEXLh0BPbzE57FI5fR4,"RPMS PI e I 012026 - (AISPPMSCVPI_01_2026, AISPPMSCVI_01_2026)",4,4,4,4,4,4,4,4,4,4,4,4,4
1v0nC15GpcAkOvN0VZOFwR3QlkEXLh0BPbzE57FI5fR4,"RPMS PI e I 012026 - (AISPPMSCVPI_01_2026, AISPPMSCVI_01_2026)",5,5,5,5,4,5,5,5,4,4,5,5,5
1v0nC15GpcAkOvN0VZOFwR3QlkEXLh0BPbzE57FI5fR4,"RPMS PI e I 012026 - (AISPPMSCVPI_01_2026, AISPPMSCVI_01_2026)",3,4,4,4,4,4,4,4,4,4,4,4,4
1v0nC15GpcAkOvN0VZOFwR3QlkEXLh0BPbzE57FI5fR4,"RPMS PI e I 012026 - (AISPPMSCVPI_01_2026, AISPPMSCVI_01_2026)",5,4,5,5,5,5,5,5,5,5,5,5,5
1v0nC15GpcAkOvN0VZOFwR3QlkEXLh0BPbzE57FI5fR4,"RPMS PI e I 012026 - (AISPPMSCVPI_01_2026, AISPPMSCVI_01_2026)",5,5,5,5,5,5,5,5,5,5,5,5,5
1v0nC15GpcAkOvN0VZOFwR3QlkEXLh0BPbzE57FI5fR4,"RPMS PI e I 012026 - (AISPPMSCVPI_01_2026, AISPPMSCVI_01_2026)",5,5,5,5,5,5,5,5,3,3,5,5,5
1v0nC15GpcAkOvN0VZOFwR3QlkEXLh0BPbzE57FI5fR4,"RPMS PI e I 012026 - (AISPPMSCVPI_01_2026, AISPPMSCVI_01_2026)",5,5,5,5,5,5,5,5,5,5,5,5,5
1v0nC15GpcAkOvN0VZOFwR3QlkEXLh0BPbzE57FI5fR4,"RPMS PI e I 012026 - (AISPPMSCVPI_01_2026, AISPPMSCVI_01_2026)",5,5,5,5,5,5,5,4,4,4,5,5,5
1v0nC15GpcAkOvN0VZOFwR3QlkEXLh0BPbzE57FI5fR4,"RPMS PI e I 012026 - (AISPPMSCVPI_01_2026, AISPPMSCVI_01_2026)",5,5,5,5,5,5,5,5,5,5,5,5,5
1v0nC15GpcAkOvN0VZOFwR3QlkEXLh0BPbzE57FI5fR4,"RPMS PI e I 012026 - (AISPPMSCVPI_01_2026, AISPPMSCVI_01_2026)",5,5,5,5,5,5,5,5,5,5,5,5,5
1v0nC15GpcAkOvN0VZOFwR3QlkEXLh0BPbzE57FI5fR4,"RPMS PI e I 012026 - (AISPPMSCVPI_01_2026, AISPPMSCVI_01_2026)",3,4,4,4,4,4,4,4,3,4,3,4,4
1v0nC15GpcAkOvN0VZOFwR3QlkEXLh0BPbzE57FI5fR4,"RPMS PI e I 012026 - (AISPPMSCVPI_01_2026, AISPPMSCVI_01_2026)",1,1,1,1,1,1,1,1,1,1,1,1,1
1v0nC15GpcAkOvN0VZOFwR3QlkEXLh0BPbzE57FI5fR4,"RPMS PI e I 012026 - (AISPPMSCVPI_01_2026, AISPPMSCVI_01_2026)",4,4,4,4,4,4,4,4,4,4,4,4,4
1v0nC15GpcAkOvN0VZOFwR3QlkEXLh0BPbzE57FI5fR4,"RPMS PI e I 012026 - (AISPPMSCVPI_01_2026, AISPPMSCVI_01_2026)",4,4,4,4,4,4,4,4,4,4,4,4,4
1v0nC15GpcAkOvN0VZOFwR3QlkEXLh0BPbzE57FI5fR4,"RPMS PI e I 012026 - (AISPPMSCVPI_01_2026, AISPPMSCVI_01_2026)",5,5,5,5,5,5,5,5,5,5,5,5,5
1v0nC15GpcAkOvN0VZOFwR3QlkEXLh0BPbzE57FI5fR4,"RPMS PI e I 012026 - (AISPPMSCVPI_01_2026, AISPPMSCVI_01_2026)",5,5,5,5,5,5,5,5,5,5,5,5,5
1v0nC15GpcAkOvN0VZOFwR3QlkEXLh0BPbzE57FI5fR4,"RPMS PI e I 012026 - (AISPPMSCVPI_01_2026, AISPPMSCVI_01_2026)",4,4,4,4,4,4,4,4,5,4,5,5,4
1v0nC15GpcAkOvN0VZOFwR3QlkEXLh0BPbzE57FI5fR4,"RPMS PI e I 012026 - (AISPPMSCVPI_01_2026, AISPPMSCVI_01_2026)",5,5,5,5,5,5,5,5,5,5,5,5,5
1v0nC15GpcAkOvN0VZOFwR3QlkEXLh0BPbzE57FI5fR4,"RPMS PI e I 012026 - (AISPPMSCVPI_01_2026, AISPPMSCVI_01_2026)",5,5,5,5,5,5,5,5,5,5,5,5,5
1v0nC15GpcAkOvN0VZOFwR3QlkEXLh0BPbzE57FI5fR4,"RPMS PI e I 012026 - (AISPPMSCVPI_01_2026, AISPPMSCVI_01_2026)",4,5,5,5,4,5,5,4,3,3,5,4,5
1v0nC15GpcAkOvN0VZOFwR3QlkEXLh0BPbzE57FI5fR4,"RPMS PI e I 012026 - (AISPPMSCVPI_01_2026, AISPPMSCVI_01_2026)",5,5,5,5,5,5,5,5,5,5,5,5,5
1v0nC15GpcAkOvN0VZOFwR3QlkEXLh0BPbzE57FI5fR4,"RPMS PI e I 012026 - (AISPPMSCVPI_01_2026, AISPPMSCVI_01_2026)",5,5,5,5,5,5,5,5,5,5,5,5,5
1v0nC15GpcAkOvN0VZOFwR3QlkEXLh0BPbzE57FI5fR4,"RPMS PI e I 012026 - (AISPPMSCVPI_01_2026, AISPPMSCVI_01_2026)",5,5,5,5,5,5,4,5,4,4,5,5,5
1v0nC15GpcAkOvN0VZOFwR3QlkEXLh0BPbzE57FI5fR4,"RPMS PI e I 012026 - (AISPPMSCVPI_01_2026, AISPPMSCVI_01_2026)",4,4,4,4,4,4,4,4,4,4,4,4,4
1v0nC15GpcAkOvN0VZOFwR3QlkEXLh0BPbzE57FI5fR4,"RPMS PI e I 012026 - (AISPPMSCVPI_01_2026, AISPPMSCVI_01_2026)",5,5,5,5,5,5,5,5,5,5,5,5,5
1v0nC15GpcAkOvN0VZOFwR3QlkEXLh0BPbzE57FI5fR4,"RPMS PI e I 012026 - (AISPPMSCVPI_01_2026, AISPPMSCVI_01_2026)",1,1,1,1,1,1,1,1,1,1,1,1,1
1v0nC15GpcAkOvN0VZOFwR3QlkEXLh0BPbzE57FI5fR4,"RPMS PI e I 012026 - (AISPPMSCVPI_01_2026, AISPPMSCVI_01_2026)",5,5,5,5,5,5,5,5,5,5,5,5,5
1v0nC15GpcAkOvN0VZOFwR3QlkEXLh0BPbzE57FI5fR4,"RPMS PI e I 012026 - (AISPPMSCVPI_01_2026, AISPPMSCVI_01_2026)",5,5,5,5,5,5,5,5,5,5,5,5,5
1v0nC15GpcAkOvN0VZOFwR3QlkEXLh0BPbzE57FI5fR4,"RPMS PI e I 012026 - (AISPPMSCVPI_01_2026, AISPPMSCVI_01_2026)",5,5,5,5,5,5,5,5,5,5,5,5,5
1v0nC15GpcAkOvN0VZOFwR3QlkEXLh0BPbzE57FI5fR4,"RPMS PI e I 012026 - (AISPPMSCVPI_01_2026, AISPPMSCVI_01_2026)",5,5,5,5,5,5,5,5,5,5,5,5,5
1v0nC15GpcAkOvN0VZOFwR3QlkEXLh0BPbzE57FI5fR4,"RPMS PI e I 012026 - (AISPPMSCVPI_01_2026, AISPPMSCVI_01_2026)",5,5,5,5,5,5,5,5,5,5,5,5,5
1v0nC15GpcAkOvN0VZOFwR3QlkEXLh0BPbzE57FI5fR4,"RPMS PI e I 012026 - (AISPPMSCVPI_01_2026, AISPPMSCVI_01_2026)",4,4,4,4,4,4,4,4,4,4,4,4,4
1v0nC15GpcAkOvN0VZOFwR3QlkEXLh0BPbzE57FI5fR4,"RPMS PI e I 012026 - (AISPPMSCVPI_01_2026, AISPPMSCVI_01_2026)",4,4,4,4,4,4,4,4,4,4,4,4,4
1v0nC15GpcAkOvN0VZOFwR3QlkEXLh0BPbzE57FI5fR4,"RPMS PI e I 012026 - (AISPPMSCVPI_01_2026, AISPPMSCVI_01_2026)",5,5,5,5,5,5,5,5,5,5,5,5,5
1v0nC15GpcAkOvN0VZOFwR3QlkEXLh0BPbzE57FI5fR4,"RPMS PI e I 012026 - (AISPPMSCVPI_01_2026, AISPPMSCVI_01_2026)",5,5,5,5,5,5,5,5,5,5,5,5,5
1v0nC15GpcAkOvN0VZOFwR3QlkEXLh0BPbzE57FI5fR4,"RPMS PI e I 012026 - (AISPPMSCVPI_01_2026, AISPPMSCVI_01_2026)",5,5,5,4,4,5,5,5,4,4,4,5,5
1v0nC15GpcAkOvN0VZOFwR3QlkEXLh0BPbzE57FI5fR4,"RPMS PI e I 012026 - (AISPPMSCVPI_01_2026, AISPPMSCVI_01_2026)",4,4,4,4,4,4,4,4,4,4,4,4,4
1v0nC15GpcAkOvN0VZOFwR3QlkEXLh0BPbzE57FI5fR4,"RPMS PI e I 012026 - (AISPPMSCVPI_01_2026, AISPPMSCVI_01_2026)",1,1,1,1,1,1,1,1,1,1,1,1,1
1v0nC15GpcAkOvN0VZOFwR3QlkEXLh0BPbzE57FI5fR4,"RPMS PI e I 012026 - (AISPPMSCVPI_01_2026, AISPPMSCVI_01_2026)",5,5,5,5,5,5,5,5,5,5,5,5,5
1v0nC15GpcAkOvN0VZOFwR3QlkEXLh0BPbzE57FI5fR4,"RPMS PI e I 012026 - (AISPPMSCVPI_01_2026, AISPPMSCVI_01_2026)",5,5,5,5,5,5,5,5,5,5,5,5,5
1v0nC15GpcAkOvN0VZOFwR3QlkEXLh0BPbzE57FI5fR4,"RPMS PI e I 012026 - (AISPPMSCVPI_01_2026, AISPPMSCVI_01_2026)",5,5,5,5,5,5,5,5,4,4,5,5,5
1v0nC15GpcAkOvN0VZOFwR3QlkEXLh0BPbzE57FI5fR4,"RPMS PI e I 012026 - (AISPPMSCVPI_01_2026, AISPPMSCVI_01_2026)",4,5,4,5,5,5,5,4,3,3,4,5,5
1v0nC15GpcAkOvN0VZOFwR3QlkEXLh0BPbzE57FI5fR4,"RPMS PI e I 012026 - (AISPPMSCVPI_01_2026, AISPPMSCVI_01_2026)",5,5,5,5,5,5,4,4,5,5,5,5,4
1v0nC15GpcAkOvN0VZOFwR3QlkEXLh0BPbzE57FI5fR4,"RPMS PI e I 012026 - (AISPPMSCVPI_01_2026, AISPPMSCVI_01_2026)",5,5,5,5,5,5,5,5,5,5,5,5,5
1v0nC15GpcAkOvN0VZOFwR3QlkEXLh0BPbzE57FI5fR4,"RPMS PI e I 012026 - (AISPPMSCVPI_01_2026, AISPPMSCVI_01_2026)",5,5,5,5,5,5,5,5,5,5,5,5,5
1v0nC15GpcAkOvN0VZOFwR3QlkEXLh0BPbzE57FI5fR4,"RPMS PI e I 012026 - (AISPPMSCVPI_01_2026, AISPPMSCVI_01_2026)",4,4,5,5,4,4,5,5,5,3,5,5,5
1v0nC15GpcAkOvN0VZOFwR3QlkEXLh0BPbzE57FI5fR4,"RPMS PI e I 012026 - (AISPPMSCVPI_01_2026, AISPPMSCVI_01_2026)",5,5,5,5,5,5,5,5,5,5,5,5,5
1v0nC15GpcAkOvN0VZOFwR3QlkEXLh0BPbzE57FI5fR4,"RPMS PI e I 012026 - (AISPPMSCVPI_01_2026, AISPPMSCVI_01_2026)",5,5,5,5,5,5,5,5,5,5,5,5,5
1v0nC15GpcAkOvN0VZOFwR3QlkEXLh0BPbzE57FI5fR4,"RPMS PI e I 012026 - (AISPPMSCVPI_01_2026, AISPPMSCVI_01_2026)",5,5,5,5,5,5,5,5,5,5,5,5,5
1v0nC15GpcAkOvN0VZOFwR3QlkEXLh0BPbzE57FI5fR4,"RPMS PI e I 012026 - (AISPPMSCVPI_01_2026, AISPPMSCVI_01_2026)",5,5,5,5,5,5,5,5,5,5,5,5,5
1v0nC15GpcAkOvN0VZOFwR3QlkEXLh0BPbzE57FI5fR4,"RPMS PI e I 012026 - (AISPPMSCVPI_01_2026, AISPPMSCVI_01_2026)",4,5,5,5,5,5,5,5,5,5,5,5,5
1v0nC15GpcAkOvN0VZOFwR3QlkEXLh0BPbzE57FI5fR4,"RPMS PI e I 012026 - (AISPPMSCVPI_01_2026, AISPPMSCVI_01_2026)",5,5,5,5,5,5,5,5,5,5,5,5,5
1v0nC15GpcAkOvN0VZOFwR3QlkEXLh0BPbzE57FI5fR4,"RPMS PI e I 012026 - (AISPPMSCVPI_01_2026, AISPPMSCVI_01_2026)",5,5,5,5,5,5,5,5,5,5,5,5,5
1v0nC15GpcAkOvN0VZOFwR3QlkEXLh0BPbzE57FI5fR4,"RPMS PI e I 012026 - (AISPPMSCVPI_01_2026, AISPPMSCVI_01_2026)",4,4,4,4,4,4,4,4,4,4,4,4,4
1v0nC15GpcAkOvN0VZOFwR3QlkEXLh0BPbzE57FI5fR4,"RPMS PI e I 012026 - (AISPPMSCVPI_01_2026, AISPPMSCVI_01_2026)",5,5,5,5,5,5,5,5,5,5,5,5,5
1v0nC15GpcAkOvN0VZOFwR3QlkEXLh0BPbzE57FI5fR4,"RPMS PI e I 012026 - (AISPPMSCVPI_01_2026, AISPPMSCVI_01_2026)",5,5,5,5,4,5,5,5,5,5,5,5,5
1v0nC15GpcAkOvN0VZOFwR3QlkEXLh0BPbzE57FI5fR4,"RPMS PI e I 012026 - (AISPPMSCVPI_01_2026, AISPPMSCVI_01_2026)",5,5,5,5,5,5,5,5,5,5,5,5,5
1v0nC15GpcAkOvN0VZOFwR3QlkEXLh0BPbzE57FI5fR4,"RPMS PI e I 012026 - (AISPPMSCVPI_01_2026, AISPPMSCVI_01_2026)",3,4,4,5,4,5,5,4,5,3,4,4,3
1v0nC15GpcAkOvN0VZOFwR3QlkEXLh0BPbzE57FI5fR4,"RPMS PI e I 012026 - (AISPPMSCVPI_01_2026, AISPPMSCVI_01_2026)",5,5,5,5,5,5,5,5,5,5,5,5,5
1v0nC15GpcAkOvN0VZOFwR3QlkEXLh0BPbzE57FI5fR4,"RPMS PI e I 012026 - (AISPPMSCVPI_01_2026, AISPPMSCVI_01_2026)",5,5,5,5,5,5,5,5,5,5,5,5,5
1v0nC15GpcAkOvN0VZOFwR3QlkEXLh0BPbzE57FI5fR4,"RPMS PI e I 012026 - (AISPPMSCVPI_01_2026, AISPPMSCVI_01_2026)",5,5,5,5,5,5,5,5,5,5,5,5,5
1v0nC15GpcAkOvN0VZOFwR3QlkEXLh0BPbzE57FI5fR4,"RPMS PI e I 012026 - (AISPPMSCVPI_01_2026, AISPPMSCVI_01_2026)",4,4,4,4,4,4,4,4,4,4,4,4,4
1v0nC15GpcAkOvN0VZOFwR3QlkEXLh0BPbzE57FI5fR4,"RPMS PI e I 012026 - (AISPPMSCVPI_01_2026, AISPPMSCVI_01_2026)",4,4,4,4,4,4,4,4,4,3,4,5,4
1v0nC15GpcAkOvN0VZOFwR3QlkEXLh0BPbzE57FI5fR4,"RPMS PI e I 012026 - (AISPPMSCVPI_01_2026, AISPPMSCVI_01_2026)",5,5,5,5,5,5,5,5,5,5,5,5,5
1v0nC15GpcAkOvN0VZOFwR3QlkEXLh0BPbzE57FI5fR4,"RPMS PI e I 012026 - (AISPPMSCVPI_01_2026, AISPPMSCVI_01_2026)",5,5,5,4,5,5,4,4,4,4,4,5,5
1v0nC15GpcAkOvN0VZOFwR3QlkEXLh0BPbzE57FI5fR4,"RPMS PI e I 012026 - (AISPPMSCVPI_01_2026, AISPPMSCVI_01_2026)",5,4,5,5,5,5,5,5,5,5,5,5,5
1v0nC15GpcAkOvN0VZOFwR3QlkEXLh0BPbzE57FI5fR4,"RPMS PI e I 012026 - (AISPPMSCVPI_01_2026, AISPPMSCVI_01_2026)",5,5,5,4,5,5,5,5,3,3,4,5,4
1v0nC15GpcAkOvN0VZOFwR3QlkEXLh0BPbzE57FI5fR4,"RPMS PI e I 012026 - (AISPPMSCVPI_01_2026, AISPPMSCVI_01_2026)",4,4,4,4,4,4,4,4,4,4,4,4,4
1v0nC15GpcAkOvN0VZOFwR3QlkEXLh0BPbzE57FI5fR4,"RPMS PI e I 012026 - (AISPPMSCVPI_01_2026, AISPPMSCVI_01_2026)",5,5,5,5,5,5,5,5,5,5,5,5,5
1v0nC15GpcAkOvN0VZOFwR3QlkEXLh0BPbzE57FI5fR4,"RPMS PI e I 012026 - (AISPPMSCVPI_01_2026, AISPPMSCVI_01_2026)",4,4,4,4,4,4,4,4,4,4,4,4,4
1v0nC15GpcAkOvN0VZOFwR3QlkEXLh0BPbzE57FI5fR4,"RPMS PI e I 012026 - (AISPPMSCVPI_01_2026, AISPPMSCVI_01_2026)",5,5,5,5,4,5,4,5,5,5,4,5,5
1v0nC15GpcAkOvN0VZOFwR3QlkEXLh0BPbzE57FI5fR4,"RPMS PI e I 012026 - (AISPPMSCVPI_01_2026, AISPPMSCVI_01_2026)",4,4,4,4,4,4,4,4,4,4,4,4,4
1v0nC15GpcAkOvN0VZOFwR3QlkEXLh0BPbzE57FI5fR4,"RPMS PI e I 012026 - (AISPPMSCVPI_01_2026, AISPPMSCVI_01_2026)",5,5,5,5,5,5,5,5,5,5,5,5,5
1v0nC15GpcAkOvN0VZOFwR3QlkEXLh0BPbzE57FI5fR4,"RPMS PI e I 012026 - (AISPPMSCVPI_01_2026, AISPPMSCVI_01_2026)",5,5,5,5,5,5,5,5,5,5,5,5,5
1v0nC15GpcAkOvN0VZOFwR3QlkEXLh0BPbzE57FI5fR4,"RPMS PI e I 012026 - (AISPPMSCVPI_01_2026, AISPPMSCVI_01_2026)",5,5,5,5,5,5,5,5,5,5,5,5,5
1v0nC15GpcAkOvN0VZOFwR3QlkEXLh0BPbzE57FI5fR4,"RPMS PI e I 012026 - (AISPPMSCVPI_01_2026, AISPPMSCVI_01_2026)",5,5,5,5,5,5,5,5,5,5,5,5,5
1v0nC15GpcAkOvN0VZOFwR3QlkEXLh0BPbzE57FI5fR4,"RPMS PI e I 012026 - (AISPPMSCVPI_01_2026, AISPPMSCVI_01_2026)",5,5,5,5,5,5,5,5,5,5,5,5,5
1v0nC15GpcAkOvN0VZOFwR3QlkEXLh0BPbzE57FI5fR4,"RPMS PI e I 012026 - (AISPPMSCVPI_01_2026, AISPPMSCVI_01_2026)",5,5,5,5,5,5,5,5,5,5,5,5,5
1v0nC15GpcAkOvN0VZOFwR3QlkEXLh0BPbzE57FI5fR4,"RPMS PI e I 012026 - (AISPPMSCVPI_01_2026, AISPPMSCVI_01_2026)",4,4,5,4,5,4,3,4,3,2,4,4,4
1v0nC15GpcAkOvN0VZOFwR3QlkEXLh0BPbzE57FI5fR4,"RPMS PI e I 012026 - (AISPPMSCVPI_01_2026, AISPPMSCVI_01_2026)",5,5,5,5,5,5,5,5,5,5,5,5,5
1v0nC15GpcAkOvN0VZOFwR3QlkEXLh0BPbzE57FI5fR4,"RPMS PI e I 012026 - (AISPPMSCVPI_01_2026, AISPPMSCVI_01_2026)",5,5,5,5,4,5,5,5,5,3,5,5,4
1v0nC15GpcAkOvN0VZOFwR3QlkEXLh0BPbzE57FI5fR4,"RPMS PI e I 012026 - (AISPPMSCVPI_01_2026, AISPPMSCVI_01_2026)",5,5,5,5,5,5,5,5,5,5,5,5,5
1v0nC15GpcAkOvN0VZOFwR3QlkEXLh0BPbzE57FI5fR4,"RPMS PI e I 012026 - (AISPPMSCVPI_01_2026, AISPPMSCVI_01_2026)",5,5,5,5,5,5,5,5,5,5,5,5,5
1v0nC15GpcAkOvN0VZOFwR3QlkEXLh0BPbzE57FI5fR4,"RPMS PI e I 012026 - (AISPPMSCVPI_01_2026, AISPPMSCVI_01_2026)",5,5,5,4,5,5,5,5,5,5,5,5,5
1v0nC15GpcAkOvN0VZOFwR3QlkEXLh0BPbzE57FI5fR4,"RPMS PI e I 012026 - (AISPPMSCVPI_01_2026, AISPPMSCVI_01_2026)",4,4,5,4,5,5,5,5,4,4,5,5,5
1v0nC15GpcAkOvN0VZOFwR3QlkEXLh0BPbzE57FI5fR4,"RPMS PI e I 012026 - (AISPPMSCVPI_01_2026, AISPPMSCVI_01_2026)",5,5,5,5,5,5,5,5,5,5,5,5,5
1v0nC15GpcAkOvN0VZOFwR3QlkEXLh0BPbzE57FI5fR4,"RPMS PI e I 012026 - (AISPPMSCVPI_01_2026, AISPPMSCVI_01_2026)",3,3,3,3,3,3,3,3,3,3,3,3,3
1v0nC15GpcAkOvN0VZOFwR3QlkEXLh0BPbzE57FI5fR4,"RPMS PI e I 012026 - (AISPPMSCVPI_01_2026, AISPPMSCVI_01_2026)",5,5,5,5,5,5,5,5,5,5,5,5,5
1v0nC15GpcAkOvN0VZOFwR3QlkEXLh0BPbzE57FI5fR4,"RPMS PI e I 012026 - (AISPPMSCVPI_01_2026, AISPPMSCVI_01_2026)",1,1,1,1,1,1,1,1,1,1,1,1,1
1v0nC15GpcAkOvN0VZOFwR3QlkEXLh0BPbzE57FI5fR4,"RPMS PI e I 012026 - (AISPPMSCVPI_01_2026, AISPPMSCVI_01_2026)",5,5,5,5,5,5,5,5,5,5,5,5,5
1v0nC15GpcAkOvN0VZOFwR3QlkEXLh0BPbzE57FI5fR4,"RPMS PI e I 012026 - (AISPPMSCVPI_01_2026, AISPPMSCVI_01_2026)",5,5,5,5,5,5,5,5,5,5,5,5,5
1v0nC15GpcAkOvN0VZOFwR3QlkEXLh0BPbzE57FI5fR4,"RPMS PI e I 012026 - (AISPPMSCVPI_01_2026, AISPPMSCVI_01_2026)",5,5,5,5,5,5,5,5,5,5,5,5,5
1v0nC15GpcAkOvN0VZOFwR3QlkEXLh0BPbzE57FI5fR4,"RPMS PI e I 012026 - (AISPPMSCVPI_01_2026, AISPPMSCVI_01_2026)",5,4,4,4,5,4,3,4,3,3,4,4,4
1v0nC15GpcAkOvN0VZOFwR3QlkEXLh0BPbzE57FI5fR4,"RPMS PI e I 012026 - (AISPPMSCVPI_01_2026, AISPPMSCVI_01_2026)",4,4,4,4,4,4,4,4,4,4,4,4,4
1v0nC15GpcAkOvN0VZOFwR3QlkEXLh0BPbzE57FI5fR4,"RPMS PI e I 012026 - (AISPPMSCVPI_01_2026, AISPPMSCVI_01_2026)",4,4,4,4,4,4,4,4,4,4,4,4,4
1v0nC15GpcAkOvN0VZOFwR3QlkEXLh0BPbzE57FI5fR4,"RPMS PI e I 012026 - (AISPPMSCVPI_01_2026, AISPPMSCVI_01_2026)",5,5,5,5,5,5,5,5,4,4,5,5,5
1v0nC15GpcAkOvN0VZOFwR3QlkEXLh0BPbzE57FI5fR4,"RPMS PI e I 012026 - (AISPPMSCVPI_01_2026, AISPPMSCVI_01_2026)",4,4,4,4,4,4,4,4,4,4,4,4,4
1v0nC15GpcAkOvN0VZOFwR3QlkEXLh0BPbzE57FI5fR4,"RPMS PI e I 012026 - (AISPPMSCVPI_01_2026, AISPPMSCVI_01_2026)",4,4,4,4,4,3,4,5,4,4,4,4,4
1v0nC15GpcAkOvN0VZOFwR3QlkEXLh0BPbzE57FI5fR4,"RPMS PI e I 012026 - (AISPPMSCVPI_01_2026, AISPPMSCVI_01_2026)",5,5,5,5,5,5,5,5,3,2,4,5,5
1v0nC15GpcAkOvN0VZOFwR3QlkEXLh0BPbzE57FI5fR4,"RPMS PI e I 012026 - (AISPPMSCVPI_01_2026, AISPPMSCVI_01_2026)",5,5,5,5,5,5,5,5,5,5,5,5,5
1v0nC15GpcAkOvN0VZOFwR3QlkEXLh0BPbzE57FI5fR4,"RPMS PI e I 012026 - (AISPPMSCVPI_01_2026, AISPPMSCVI_01_2026)",5,5,5,5,5,5,5,5,5,5,5,5,5
1v0nC15GpcAkOvN0VZOFwR3QlkEXLh0BPbzE57FI5fR4,"RPMS PI e I 012026 - (AISPPMSCVPI_01_2026, AISPPMSCVI_01_2026)",4,5,4,4,5,5,4,4,4,5,4,4,4
1v0nC15GpcAkOvN0VZOFwR3QlkEXLh0BPbzE57FI5fR4,"RPMS PI e I 012026 - (AISPPMSCVPI_01_2026, AISPPMSCVI_01_2026)",5,5,5,5,5,5,5,5,5,5,5,5,5
1v0nC15GpcAkOvN0VZOFwR3QlkEXLh0BPbzE57FI5fR4,"RPMS PI e I 012026 - (AISPPMSCVPI_01_2026, AISPPMSCVI_01_2026)",4,4,4,5,4,5,4,5,5,4,5,4,5
1v0nC15GpcAkOvN0VZOFwR3QlkEXLh0BPbzE57FI5fR4,"RPMS PI e I 012026 - (AISPPMSCVPI_02_2026, AISPPMSCVI_02_2026)",5,5,5,5,5,5,5,5,5,5,5,5,5
1v0nC15GpcAkOvN0VZOFwR3QlkEXLh0BPbzE57FI5fR4,"RPMS PI e I 012026 - (AISPPMSCVPI_02_2026, AISPPMSCVI_02_2026)",5,5,5,5,5,5,5,5,5,5,5,5,5
1v0nC15GpcAkOvN0VZOFwR3QlkEXLh0BPbzE57FI5fR4,"RPMS PI e I 012026 - (AISPPMSCVPI_02_2026, AISPPMSCVI_02_2026)",5,5,5,5,5,5,5,5,5,5,5,5,5
1v0nC15GpcAkOvN0VZOFwR3QlkEXLh0BPbzE57FI5fR4,"RPMS PI e I 012026 - (AISPPMSCVPI_02_2026, AISPPMSCVI_02_2026)",5,5,5,5,4,5,5,5,4,4,4,4,4
1v0nC15GpcAkOvN0VZOFwR3QlkEXLh0BPbzE57FI5fR4,"RPMS PI e I 012026 - (AISPPMSCVPI_02_2026, AISPPMSCVI_02_2026)",5,5,5,5,5,5,5,5,5,5,5,5,5
1v0nC15GpcAkOvN0VZOFwR3QlkEXLh0BPbzE57FI5fR4,"RPMS PI e I 012026 - (AISPPMSCVPI_02_2026, AISPPMSCVI_02_2026)",5,5,5,5,5,5,5,5,5,5,5,5,5
1v0nC15GpcAkOvN0VZOFwR3QlkEXLh0BPbzE57FI5fR4,"RPMS PI e I 012026 - (AISPPMSCVPI_02_2026, AISPPMSCVI_02_2026)",4,4,5,5,5,4,4,4,4,4,4,4,4
1v0nC15GpcAkOvN0VZOFwR3QlkEXLh0BPbzE57FI5fR4,"RPMS PI e I 012026 - (AISPPMSCVPI_02_2026, AISPPMSCVI_02_2026)",5,5,5,5,5,5,5,5,5,1,4,5,5
1v0nC15GpcAkOvN0VZOFwR3QlkEXLh0BPbzE57FI5fR4,"RPMS PI e I 012026 - (AISPPMSCVPI_02_2026, AISPPMSCVI_02_2026)",5,5,5,5,5,5,5,5,5,5,5,5,5
1v0nC15GpcAkOvN0VZOFwR3QlkEXLh0BPbzE57FI5fR4,"RPMS PI e I 012026 - (AISPPMSCVPI_02_2026, AISPPMSCVI_02_2026)",5,5,5,5,5,5,5,5,5,5,5,5,5
1v0nC15GpcAkOvN0VZOFwR3QlkEXLh0BPbzE57FI5fR4,"RPMS PI e I 012026 - (AISPPMSCVPI_02_2026, AISPPMSCVI_02_2026)",5,5,4,5,5,5,5,5,5,4,5,5,5
1v0nC15GpcAkOvN0VZOFwR3QlkEXLh0BPbzE57FI5fR4,"RPMS PI e I 012026 - (AISPPMSCVPI_02_2026, AISPPMSCVI_02_2026)",5,5,5,5,5,5,5,5,5,5,5,5,5
1v0nC15GpcAkOvN0VZOFwR3QlkEXLh0BPbzE57FI5fR4,"RPMS PI e I 012026 - (AISPPMSCVPI_02_2026, AISPPMSCVI_02_2026)",5,5,5,5,5,5,5,5,5,5,5,5,5
1v0nC15GpcAkOvN0VZOFwR3QlkEXLh0BPbzE57FI5fR4,"RPMS PI e I 012026 - (AISPPMSCVPI_02_2026, AISPPMSCVI_02_2026)",4,4,4,4,4,4,4,4,4,4,4,4,4
1v0nC15GpcAkOvN0VZOFwR3QlkEXLh0BPbzE57FI5fR4,"RPMS PI e I 012026 - (AISPPMSCVPI_02_2026, AISPPMSCVI_02_2026)",5,5,5,5,5,5,5,5,5,5,5,5,5
1v0nC15GpcAkOvN0VZOFwR3QlkEXLh0BPbzE57FI5fR4,"RPMS PI e I 012026 - (AISPPMSCVPI_02_2026, AISPPMSCVI_02_2026)",5,5,5,5,5,5,5,5,5,5,5,5,5
1v0nC15GpcAkOvN0VZOFwR3QlkEXLh0BPbzE57FI5fR4,"RPMS PI e I 012026 - (AISPPMSCVPI_02_2026, AISPPMSCVI_02_2026)",5,5,5,4,5,5,5,5,5,3,5,5,4
1v0nC15GpcAkOvN0VZOFwR3QlkEXLh0BPbzE57FI5fR4,"RPMS PI e I 012026 - (AISPPMSCVPI_02_2026, AISPPMSCVI_02_2026)",5,5,5,5,5,5,5,5,5,5,5,5,5
1v0nC15GpcAkOvN0VZOFwR3QlkEXLh0BPbzE57FI5fR4,"RPMS PI e I 012026 - (AISPPMSCVPI_02_2026, AISPPMSCVI_02_2026)",5,5,5,5,5,5,5,5,5,5,5,5,5
1v0nC15GpcAkOvN0VZOFwR3QlkEXLh0BPbzE57FI5fR4,"RPMS PI e I 012026 - (AISPPMSCVPI_02_2026, AISPPMSCVI_02_2026)",5,5,5,5,5,5,5,5,5,5,5,5,5
1v0nC15GpcAkOvN0VZOFwR3QlkEXLh0BPbzE57FI5fR4,"RPMS PI e I 012026 - (AISPPMSCVPI_02_2026, AISPPMSCVI_02_2026)",5,5,5,5,5,5,5,5,5,5,5,5,5
1v0nC15GpcAkOvN0VZOFwR3QlkEXLh0BPbzE57FI5fR4,"RPMS PI e I 012026 - (AISPPMSCVPI_02_2026, AISPPMSCVI_02_2026)",5,5,5,5,5,5,5,5,5,5,5,5,5
1v0nC15GpcAkOvN0VZOFwR3QlkEXLh0BPbzE57FI5fR4,"RPMS PI e I 012026 - (AISPPMSCVPI_02_2026, AISPPMSCVI_02_2026)",5,5,5,5,5,5,5,5,5,5,5,5,5
1v0nC15GpcAkOvN0VZOFwR3QlkEXLh0BPbzE57FI5fR4,"RPMS PI e I 012026 - (AISPPMSCVPI_02_2026, AISPPMSCVI_02_2026)",5,5,5,5,5,5,5,5,5,5,5,5,5
1v0nC15GpcAkOvN0VZOFwR3QlkEXLh0BPbzE57FI5fR4,"RPMS PI e I 012026 - (AISPPMSCVPI_02_2026, AISPPMSCVI_02_2026)",5,4,4,4,5,4,5,5,5,4,5,5,5
1v0nC15GpcAkOvN0VZOFwR3QlkEXLh0BPbzE57FI5fR4,"RPMS PI e I 012026 - (AISPPMSCVPI_02_2026, AISPPMSCVI_02_2026)",5,4,5,5,5,4,4,5,3,3,4,4,4
1v0nC15GpcAkOvN0VZOFwR3QlkEXLh0BPbzE57FI5fR4,"RPMS PI e I 012026 - (AISPPMSCVPI_02_2026, AISPPMSCVI_02_2026)",5,5,5,5,4,5,4,4,5,5,5,4,5
1v0nC15GpcAkOvN0VZOFwR3QlkEXLh0BPbzE57FI5fR4,"RPMS PI e I 012026 - (AISPPMSCVPI_02_2026, AISPPMSCVI_02_2026)",5,5,5,5,5,5,5,5,5,5,5,5,5
1v0nC15GpcAkOvN0VZOFwR3QlkEXLh0BPbzE57FI5fR4,"RPMS PI e I 012026 - (AISPPMSCVPI_02_2026, AISPPMSCVI_02_2026)",5,5,5,5,5,5,5,5,5,5,5,5,5
1v0nC15GpcAkOvN0VZOFwR3QlkEXLh0BPbzE57FI5fR4,"RPMS PI e I 012026 - (AISPPMSCVPI_02_2026, AISPPMSCVI_02_2026)",5,5,5,5,5,5,5,5,5,5,5,5,5
1v0nC15GpcAkOvN0VZOFwR3QlkEXLh0BPbzE57FI5fR4,"RPMS PI e I 012026 - (AISPPMSCVPI_02_2026, AISPPMSCVI_02_2026)",5,5,5,5,5,5,5,5,5,5,5,5,5
1v0nC15GpcAkOvN0VZOFwR3QlkEXLh0BPbzE57FI5fR4,"RPMS PI e I 012026 - (AISPPMSCVPI_02_2026, AISPPMSCVI_02_2026)",4,4,4,4,4,4,4,4,4,4,4,4,4
1v0nC15GpcAkOvN0VZOFwR3QlkEXLh0BPbzE57FI5fR4,"RPMS PI e I 012026 - (AISPPMSCVPI_02_2026, AISPPMSCVI_02_2026)",4,4,4,4,4,4,4,4,4,4,4,4,4
1v0nC15GpcAkOvN0VZOFwR3QlkEXLh0BPbzE57FI5fR4,"RPMS PI e I 012026 - (AISPPMSCVPI_02_2026, AISPPMSCVI_02_2026)",4,4,4,3,4,4,3,3,3,2,3,4,3
1v0nC15GpcAkOvN0VZOFwR3QlkEXLh0BPbzE57FI5fR4,"RPMS PI e I 012026 - (AISPPMSCVPI_02_2026, AISPPMSCVI_02_2026)",5,5,5,5,5,5,5,5,5,5,5,5,5
1v0nC15GpcAkOvN0VZOFwR3QlkEXLh0BPbzE57FI5fR4,"RPMS PI e I 012026 - (AISPPMSCVPI_02_2026, AISPPMSCVI_02_2026)",5,5,5,5,5,5,5,5,5,5,5,5,5
1v0nC15GpcAkOvN0VZOFwR3QlkEXLh0BPbzE57FI5fR4,"RPMS PI e I 012026 - (AISPPMSCVPI_02_2026, AISPPMSCVI_02_2026)",5,5,5,5,5,5,5,5,5,5,5,5,5
1v0nC15GpcAkOvN0VZOFwR3QlkEXLh0BPbzE57FI5fR4,"RPMS PI e I 012026 - (AISPPMSCVPI_02_2026, AISPPMSCVI_02_2026)",5,5,5,5,5,5,5,5,5,5,5,5,5
1v0nC15GpcAkOvN0VZOFwR3QlkEXLh0BPbzE57FI5fR4,"RPMS PI e I 012026 - (AISPPMSCVPI_02_2026, AISPPMSCVI_02_2026)",5,5,5,5,5,5,5,5,5,5,5,5,5
1v0nC15GpcAkOvN0VZOFwR3QlkEXLh0BPbzE57FI5fR4,"RPMS PI e I 012026 - (AISPPMSCVPI_02_2026, AISPPMSCVI_02_2026)",5,5,5,5,5,5,5,5,5,5,5,5,5
1v0nC15GpcAkOvN0VZOFwR3QlkEXLh0BPbzE57FI5fR4,"RPMS PI e I 012026 - (AISPPMSCVPI_02_2026, AISPPMSCVI_02_2026)",5,5,5,5,5,5,5,5,5,5,5,5,5
1v0nC15GpcAkOvN0VZOFwR3QlkEXLh0BPbzE57FI5fR4,"RPMS PI e I 012026 - (AISPPMSCVPI_02_2026, AISPPMSCVI_02_2026)",5,5,5,5,5,5,5,5,5,5,5,5,5
1v0nC15GpcAkOvN0VZOFwR3QlkEXLh0BPbzE57FI5fR4,"RPMS PI e I 012026 - (AISPPMSCVPI_02_2026, AISPPMSCVI_02_2026)",5,5,5,5,5,5,5,5,5,5,5,5,5
1v0nC15GpcAkOvN0VZOFwR3QlkEXLh0BPbzE57FI5fR4,"RPMS PI e I 012026 - (AISPPMSCVPI_02_2026, AISPPMSCVI_02_2026)",5,5,5,5,5,5,5,5,5,5,5,5,5
1v0nC15GpcAkOvN0VZOFwR3QlkEXLh0BPbzE57FI5fR4,"RPMS PI e I 012026 - (AISPPMSCVPI_02_2026, AISPPMSCVI_02_2026)",4,4,4,4,4,4,4,4,4,4,4,4,4
1v0nC15GpcAkOvN0VZOFwR3QlkEXLh0BPbzE57FI5fR4,"RPMS PI e I 012026 - (AISPPMSCVPI_02_2026, AISPPMSCVI_02_2026)",4,4,5,5,5,4,4,4,5,5,3,4,4
1v0nC15GpcAkOvN0VZOFwR3QlkEXLh0BPbzE57FI5fR4,"RPMS PI e I 012026 - (AISPPMSCVPI_02_2026, AISPPMSCVI_02_2026)",5,5,5,4,5,5,4,5,3,4,4,4,4
1v0nC15GpcAkOvN0VZOFwR3QlkEXLh0BPbzE57FI5fR4,"RPMS PI e I 012026 - (AISPPMSCVPI_02_2026, AISPPMSCVI_02_2026)",5,5,5,5,5,5,5,5,5,5,5,5,5
1v0nC15GpcAkOvN0VZOFwR3QlkEXLh0BPbzE57FI5fR4,"RPMS PI e I 012026 - (AISPPMSCVPI_02_2026, AISPPMSCVI_02_2026)",4,4,4,4,4,4,4,4,4,4,4,4,4
1v0nC15GpcAkOvN0VZOFwR3QlkEXLh0BPbzE57FI5fR4,"RPMS PI e I 012026 - (AISPPMSCVPI_02_2026, AISPPMSCVI_02_2026)",5,5,5,5,5,5,5,5,5,5,5,5,5
1v0nC15GpcAkOvN0VZOFwR3QlkEXLh0BPbzE57FI5fR4,"RPMS PI e I 012026 - (AISPPMSCVPI_02_2026, AISPPMSCVI_02_2026)",5,5,5,5,5,5,5,5,5,5,5,5,5
1v0nC15GpcAkOvN0VZOFwR3QlkEXLh0BPbzE57FI5fR4,"RPMS PI e I 012026 - (AISPPMSCVPI_02_2026, AISPPMSCVI_02_2026)",5,5,5,5,5,5,5,5,5,5,5,5,5
1v0nC15GpcAkOvN0VZOFwR3QlkEXLh0BPbzE57FI5fR4,"RPMS PI e I 012026 - (AISPPMSCVPI_02_2026, AISPPMSCVI_02_2026)",4,4,4,4,4,4,4,4,4,4,4,4,4
1v0nC15GpcAkOvN0VZOFwR3QlkEXLh0BPbzE57FI5fR4,"RPMS PI e I 012026 - (AISPPMSCVPI_02_2026, AISPPMSCVI_02_2026)",5,5,5,5,5,5,5,5,5,5,5,5,5
1v0nC15GpcAkOvN0VZOFwR3QlkEXLh0BPbzE57FI5fR4,"RPMS PI e I 012026 - (AISPPMSCVPI_02_2026, AISPPMSCVI_02_2026)",5,5,5,5,5,5,5,5,4,4,5,5,5
1v0nC15GpcAkOvN0VZOFwR3QlkEXLh0BPbzE57FI5fR4,"RPMS PI e I 012026 - (AISPPMSCVPI_02_2026, AISPPMSCVI_02_2026)",4,4,4,4,4,4,4,4,4,4,4,4,4
1v0nC15GpcAkOvN0VZOFwR3QlkEXLh0BPbzE57FI5fR4,"RPMS PI e I 012026 - (AISPPMSCVPI_02_2026, AISPPMSCVI_02_2026)",3,5,5,5,5,5,5,5,5,3,5,5,5
1v0nC15GpcAkOvN0VZOFwR3QlkEXLh0BPbzE57FI5fR4,"RPMS PI e I 012026 - (AISPPMSCVPI_02_2026, AISPPMSCVI_02_2026)",5,5,5,5,4,5,5,5,3,3,5,5,5
1v0nC15GpcAkOvN0VZOFwR3QlkEXLh0BPbzE57FI5fR4,"RPMS PI e I 012026 - (AISPPMSCVPI_02_2026, AISPPMSCVI_02_2026)",5,5,5,5,5,5,5,5,4,4,4,5,5
1v0nC15GpcAkOvN0VZOFwR3QlkEXLh0BPbzE57FI5fR4,"RPMS PI e I 012026 - (AISPPMSCVPI_02_2026, AISPPMSCVI_02_2026)",5,5,5,5,5,5,5,5,5,5,5,5,5
1v0nC15GpcAkOvN0VZOFwR3QlkEXLh0BPbzE57FI5fR4,"RPMS PI e I 012026 - (AISPPMSCVPI_02_2026, AISPPMSCVI_02_2026)",5,5,5,5,5,5,5,5,5,5,5,5,5
1v0nC15GpcAkOvN0VZOFwR3QlkEXLh0BPbzE57FI5fR4,"RPMS PI e I 012026 - (AISPPMSCVPI_02_2026, AISPPMSCVI_02_2026)",5,5,5,5,5,5,5,5,5,5,5,5,5
1v0nC15GpcAkOvN0VZOFwR3QlkEXLh0BPbzE57FI5fR4,"RPMS PI e I 012026 - (AISPPMSCVPI_02_2026, AISPPMSCVI_02_2026)",5,5,5,5,5,5,5,5,5,5,5,5,5
1v0nC15GpcAkOvN0VZOFwR3QlkEXLh0BPbzE57FI5fR4,"RPMS PI e I 012026 - (AISPPMSCVPI_02_2026, AISPPMSCVI_02_2026)",5,4,4,5,5,4,5,5,5,4,5,4,4
1v0nC15GpcAkOvN0VZOFwR3QlkEXLh0BPbzE57FI5fR4,"RPMS PI e I 012026 - (AISPPMSCVPI_02_2026, AISPPMSCVI_02_2026)",4,4,4,4,4,1,4,4,1,1,4,4,3
1v0nC15GpcAkOvN0VZOFwR3QlkEXLh0BPbzE57FI5fR4,"RPMS PI e I 012026 - (AISPPMSCVPI_02_2026, AISPPMSCVI_02_2026)",4,5,5,5,4,5,5,4,4,5,5,5,5
1v0nC15GpcAkOvN0VZOFwR3QlkEXLh0BPbzE57FI5fR4,"RPMS PI e I 012026 - (AISPPMSCVPI_02_2026, AISPPMSCVI_02_2026)",5,5,5,5,5,5,5,5,5,5,5,5,5
1v0nC15GpcAkOvN0VZOFwR3QlkEXLh0BPbzE57FI5fR4,"RPMS PI e I 012026 - (AISPPMSCVPI_02_2026, AISPPMSCVI_02_2026)",5,5,5,5,5,5,5,5,5,5,5,5,5
1v0nC15GpcAkOvN0VZOFwR3QlkEXLh0BPbzE57FI5fR4,"RPMS PI e I 012026 - (AISPPMSCVPI_02_2026, AISPPMSCVI_02_2026)",5,5,5,5,5,4,5,5,4,5,5,5,5
1v0nC15GpcAkOvN0VZOFwR3QlkEXLh0BPbzE57FI5fR4,"RPMS PI e I 012026 - (AISPPMSCVPI_02_2026, AISPPMSCVI_02_2026)",4,4,5,4,4,4,4,4,4,3,4,4,5
1v0nC15GpcAkOvN0VZOFwR3QlkEXLh0BPbzE57FI5fR4,"RPMS PI e I 012026 - (AISPPMSCVPI_02_2026, AISPPMSCVI_02_2026)",5,5,5,5,5,5,5,5,5,5,5,5,5
1v0nC15GpcAkOvN0VZOFwR3QlkEXLh0BPbzE57FI5fR4,"RPMS PI e I 012026 - (AISPPMSCVPI_02_2026, AISPPMSCVI_02_2026)",5,5,5,5,5,5,5,5,5,5,5,5,5
1v0nC15GpcAkOvN0VZOFwR3QlkEXLh0BPbzE57FI5fR4,"RPMS PI e I 012026 - (AISPPMSCVPI_02_2026, AISPPMSCVI_02_2026)",5,5,5,5,5,5,5,4,1,1,5,5,5
1v0nC15GpcAkOvN0VZOFwR3QlkEXLh0BPbzE57FI5fR4,"RPMS PI e I 012026 - (AISPPMSCVPI_02_2026, AISPPMSCVI_02_2026)",5,5,5,5,5,5,5,5,5,5,5,5,5
1v0nC15GpcAkOvN0VZOFwR3QlkEXLh0BPbzE57FI5fR4,"RPMS PI e I 012026 - (AISPPMSCVPI_02_2026, AISPPMSCVI_02_2026)",4,4,4,4,4,4,4,4,4,4,4,4,4
1v0nC15GpcAkOvN0VZOFwR3QlkEXLh0BPbzE57FI5fR4,"RPMS PI e I 012026 - (AISPPMSCVPI_02_2026, AISPPMSCVI_02_2026)",5,5,5,5,5,5,5,5,5,5,5,5,5
1v0nC15GpcAkOvN0VZOFwR3QlkEXLh0BPbzE57FI5fR4,"RPMS PI e I 012026 - (AISPPMSCVPI_02_2026, AISPPMSCVI_02_2026)",5,5,5,5,5,5,5,5,5,5,5,5,5
1v0nC15GpcAkOvN0VZOFwR3QlkEXLh0BPbzE57FI5fR4,"RPMS PI e I 012026 - (AISPPMSCVPI_02_2026, AISPPMSCVI_02_2026)",5,5,5,5,5,5,5,5,5,5,5,5,5
1v0nC15GpcAkOvN0VZOFwR3QlkEXLh0BPbzE57FI5fR4,"RPMS PI e I 012026 - (AISPPMSCVPI_02_2026, AISPPMSCVI_02_2026)",4,4,4,4,4,4,4,4,4,4,4,4,4
1v0nC15GpcAkOvN0VZOFwR3QlkEXLh0BPbzE57FI5fR4,"RPMS PI e I 012026 - (AISPPMSCVPI_02_2026, AISPPMSCVI_02_2026)",5,5,5,5,5,5,5,5,5,5,5,5,5
1v0nC15GpcAkOvN0VZOFwR3QlkEXLh0BPbzE57FI5fR4,"RPMS PI e I 012026 - (AISPPMSCVPI_02_2026, AISPPMSCVI_02_2026)",5,5,5,5,5,5,5,5,5,5,5,5,5
1v0nC15GpcAkOvN0VZOFwR3QlkEXLh0BPbzE57FI5fR4,"RPMS PI e I 012026 - (AISPPMSCVPI_02_2026, AISPPMSCVI_02_2026)",5,5,5,5,5,5,4,5,4,3,4,5,5
1v0nC15GpcAkOvN0VZOFwR3QlkEXLh0BPbzE57FI5fR4,"RPMS PI e I 012026 - (AISPPMSCVPI_02_2026, AISPPMSCVI_02_2026)",5,5,5,5,5,5,5,5,5,5,5,5,5
1v0nC15GpcAkOvN0VZOFwR3QlkEXLh0BPbzE57FI5fR4,"RPMS PI e I 012026 - (AISPPMSCVPI_02_2026, AISPPMSCVI_02_2026)",5,5,5,5,5,5,5,5,3,3,5,5,5
1v0nC15GpcAkOvN0VZOFwR3QlkEXLh0BPbzE57FI5fR4,"RPMS PI e I 012026 - (AISPPMSCVPI_02_2026, AISPPMSCVI_02_2026)",5,5,5,5,5,5,5,5,5,5,5,5,5
1v0nC15GpcAkOvN0VZOFwR3QlkEXLh0BPbzE57FI5fR4,"RPMS PI e I 012026 - (AISPPMSCVPI_02_2026, AISPPMSCVI_02_2026)",5,5,5,5,5,5,5,5,5,5,5,5,5
1v0nC15GpcAkOvN0VZOFwR3QlkEXLh0BPbzE57FI5fR4,"RPMS PI e I 012026 - (AISPPMSCVPI_02_2026, AISPPMSCVI_02_2026)",4,5,4,4,3,5,4,4,3,5,5,5,5
1v0nC15GpcAkOvN0VZOFwR3QlkEXLh0BPbzE57FI5fR4,"RPMS PI e I 012026 - (AISPPMSCVPI_02_2026, AISPPMSCVI_02_2026)",5,5,5,5,5,5,5,5,5,5,5,5,5
1v0nC15GpcAkOvN0VZOFwR3QlkEXLh0BPbzE57FI5fR4,"RPMS PI e I 012026 - (AISPPMSCVPI_02_2026, AISPPMSCVI_02_2026)",5,5,5,5,5,5,5,5,5,5,5,5,5
1v0nC15GpcAkOvN0VZOFwR3QlkEXLh0BPbzE57FI5fR4,"RPMS PI e I 012026 - (AISPPMSCVPI_02_2026, AISPPMSCVI_02_2026)",4,4,4,4,4,4,4,4,4,4,4,4,4
1v0nC15GpcAkOvN0VZOFwR3QlkEXLh0BPbzE57FI5fR4,"RPMS PI e I 012026 - (AISPPMSCVPI_02_2026, AISPPMSCVI_02_2026)",5,5,5,5,5,5,5,5,5,5,5,5,5
1v0nC15GpcAkOvN0VZOFwR3QlkEXLh0BPbzE57FI5fR4,"RPMS PI e I 012026 - (AISPPMSCVPI_02_2026, AISPPMSCVI_02_2026)",4,3,3,3,3,3,2,3,2,2,3,2,3
1v0nC15GpcAkOvN0VZOFwR3QlkEXLh0BPbzE57FI5fR4,"RPMS PI e I 012026 - (AISPPMSCVPI_02_2026, AISPPMSCVI_02_2026)",3,3,3,3,3,3,3,2,3,3,3,3,3
1v0nC15GpcAkOvN0VZOFwR3QlkEXLh0BPbzE57FI5fR4,"RPMS PI e I 012026 - (AISPPMSCVPI_02_2026, AISPPMSCVI_02_2026)",5,5,5,5,5,5,5,5,5,5,5,5,5
1v0nC15GpcAkOvN0VZOFwR3QlkEXLh0BPbzE57FI5fR4,"RPMS PI e I 012026 - (AISPPMSCVPI_02_2026, AISPPMSCVI_02_2026)",5,5,5,5,5,5,5,5,5,4,5,5,5
1v0nC15GpcAkOvN0VZOFwR3QlkEXLh0BPbzE57FI5fR4,"RPMS PI e I 012026 - (AISPPMSCVPI_02_2026, AISPPMSCVI_02_2026)",5,5,5,5,5,5,5,5,5,5,5,5,5
1v0nC15GpcAkOvN0VZOFwR3QlkEXLh0BPbzE57FI5fR4,"RPMS PI e I 012026 - (AISPPMSCVPI_02_2026, AISPPMSCVI_02_2026)",4,4,4,4,4,4,4,4,4,3,4,4,4
1v0nC15GpcAkOvN0VZOFwR3QlkEXLh0BPbzE57FI5fR4,"RPMS PI e I 012026 - (AISPPMSCVPI_02_2026, AISPPMSCVI_02_2026)",5,5,5,5,5,5,5,5,5,5,5,5,5
1v0nC15GpcAkOvN0VZOFwR3QlkEXLh0BPbzE57FI5fR4,"RPMS PI e I 012026 - (AISPPMSCVPI_02_2026, AISPPMSCVI_02_2026)",4,4,4,4,4,4,4,4,4,4,4,4,4
1v0nC15GpcAkOvN0VZOFwR3QlkEXLh0BPbzE57FI5fR4,"RPMS PI e I 012026 - (AISPPMSCVPI_02_2026, AISPPMSCVI_02_2026)",5,5,5,5,5,5,5,5,5,5,5,5,5
1v0nC15GpcAkOvN0VZOFwR3QlkEXLh0BPbzE57FI5fR4,"RPMS PI e I 012026 - (AISPPMSCVPI_02_2026, AISPPMSCVI_02_2026)",5,5,5,5,5,5,5,5,5,5,5,5,5
1v0nC15GpcAkOvN0VZOFwR3QlkEXLh0BPbzE57FI5fR4,"RPMS PI e I 012026 - (AISPPMSCVPI_02_2026, AISPPMSCVI_02_2026)",5,5,5,5,5,5,5,5,5,5,5,5,5
1v0nC15GpcAkOvN0VZOFwR3QlkEXLh0BPbzE57FI5fR4,"RPMS PI e I 012026 - (AISPPMSCVPI_02_2026, AISPPMSCVI_02_2026)",5,5,5,5,5,5,5,5,5,5,5,5,5
1v0nC15GpcAkOvN0VZOFwR3QlkEXLh0BPbzE57FI5fR4,"RPMS PI e I 012026 - (AISPPMSCVPI_02_2026, AISPPMSCVI_02_2026)",5,5,5,5,5,5,5,4,4,4,4,5,5
1v0nC15GpcAkOvN0VZOFwR3QlkEXLh0BPbzE57FI5fR4,"RPMS PI e I 012026 - (AISPPMSCVPI_02_2026, AISPPMSCVI_02_2026)",4,4,4,4,4,4,4,4,4,4,4,4,4
1v0nC15GpcAkOvN0VZOFwR3QlkEXLh0BPbzE57FI5fR4,"RPMS PI e I 012026 - (AISPPMSCVPI_02_2026, AISPPMSCVI_02_2026)",4,4,4,5,4,5,5,5,5,4,4,4,4
1v0nC15GpcAkOvN0VZOFwR3QlkEXLh0BPbzE57FI5fR4,"RPMS PI e I 012026 - (AISPPMSCVPI_02_2026, AISPPMSCVI_02_2026)",5,5,5,5,5,5,5,5,5,5,5,5,5
1v0nC15GpcAkOvN0VZOFwR3QlkEXLh0BPbzE57FI5fR4,"RPMS PI e I 012026 - (AISPPMSCVPI_02_2026, AISPPMSCVI_02_2026)",5,5,5,5,5,5,5,5,5,5,5,5,5
1v0nC15GpcAkOvN0VZOFwR3QlkEXLh0BPbzE57FI5fR4,"RPMS PI e I 012026 - (AISPPMSCVPI_02_2026, AISPPMSCVI_02_2026)",5,5,5,5,5,5,5,5,5,5,5,5,5
1v0nC15GpcAkOvN0VZOFwR3QlkEXLh0BPbzE57FI5fR4,"RPMS PI e I 012026 - (AISPPMSCVPI_02_2026, AISPPMSCVI_02_2026)",5,5,5,5,5,5,5,5,5,5,5,5,5
1v0nC15GpcAkOvN0VZOFwR3QlkEXLh0BPbzE57FI5fR4,"RPMS PI e I 012026 - (AISPPMSCVPI_02_2026, AISPPMSCVI_02_2026)",5,5,5,5,5,5,5,5,5,5,5,5,5
1v0nC15GpcAkOvN0VZOFwR3QlkEXLh0BPbzE57FI5fR4,"RPMS PI e I 012026 - (AISPPMSCVPI_02_2026, AISPPMSCVI_02_2026)",5,5,5,5,5,5,5,5,4,5,5,5,5
1v0nC15GpcAkOvN0VZOFwR3QlkEXLh0BPbzE57FI5fR4,"RPMS PI e I 012026 - (AISPPMSCVPI_02_2026, AISPPMSCVI_02_2026)",5,5,5,5,5,5,5,5,5,5,5,5,5
1v0nC15GpcAkOvN0VZOFwR3QlkEXLh0BPbzE57FI5fR4,"RPMS PI e I 012026 - (AISPPMSCVPI_02_2026, AISPPMSCVI_02_2026)",1,1,1,1,1,1,1,1,1,1,1,1,1
1v0nC15GpcAkOvN0VZOFwR3QlkEXLh0BPbzE57FI5fR4,"RPMS PI e I 012026 - (AISPPMSCVPI_02_2026, AISPPMSCVI_02_2026)",5,5,5,5,5,5,5,5,5,5,5,5,5
1v0nC15GpcAkOvN0VZOFwR3QlkEXLh0BPbzE57FI5fR4,"RPMS PI e I 012026 - (AISPPMSCVPI_02_2026, AISPPMSCVI_02_2026)",5,5,5,5,5,5,5,5,5,5,5,5,5
1v0nC15GpcAkOvN0VZOFwR3QlkEXLh0BPbzE57FI5fR4,"RPMS PI e I 012026 - (AISPPMSCVPI_02_2026, AISPPMSCVI_02_2026)",5,5,5,5,5,5,5,5,5,5,5,5,5
1v0nC15GpcAkOvN0VZOFwR3QlkEXLh0BPbzE57FI5fR4,"RPMS PI e I 012026 - (AISPPMSCVPI_02_2026, AISPPMSCVI_02_2026)",5,5,5,5,5,5,5,5,5,5,5,5,5
1v0nC15GpcAkOvN0VZOFwR3QlkEXLh0BPbzE57FI5fR4,"RPMS PI e I 012026 - (AISPPMSCVPI_02_2026, AISPPMSCVI_02_2026)",5,5,5,5,5,5,5,5,5,5,5,5,5
1v0nC15GpcAkOvN0VZOFwR3QlkEXLh0BPbzE57FI5fR4,"RPMS PI e I 012026 - (AISPPMSCVPI_02_2026, AISPPMSCVI_02_2026)",4,4,4,4,4,4,4,4,4,4,4,4,4
1v0nC15GpcAkOvN0VZOFwR3QlkEXLh0BPbzE57FI5fR4,"RPMS PI e I 012026 - (AISPPMSCVPI_02_2026, AISPPMSCVI_02_2026)",5,5,5,5,5,5,5,5,5,4,4,5,5
1v0nC15GpcAkOvN0VZOFwR3QlkEXLh0BPbzE57FI5fR4,"RPMS PI e I 012026 - (AISPPMSCVPI_02_2026, AISPPMSCVI_02_2026)",5,5,5,5,5,5,5,5,5,5,5,5,5
1v0nC15GpcAkOvN0VZOFwR3QlkEXLh0BPbzE57FI5fR4,"RPMS PI e I 012026 - (AISPPMSCVPI_02_2026, AISPPMSCVI_02_2026)",4,4,4,4,4,5,4,4,4,4,4,4,4
1v0nC15GpcAkOvN0VZOFwR3QlkEXLh0BPbzE57FI5fR4,"RPMS PI e I 012026 - (AISPPMSCVPI_02_2026, AISPPMSCVI_02_2026)",5,5,5,5,5,5,5,5,5,4,5,5,5
1v0nC15GpcAkOvN0VZOFwR3QlkEXLh0BPbzE57FI5fR4,"RPMS PI e I 012026 - (AISPPMSCVPI_02_2026, AISPPMSCVI_02_2026)",5,5,5,5,5,5,5,5,5,5,5,5,5
1v0nC15GpcAkOvN0VZOFwR3QlkEXLh0BPbzE57FI5fR4,"RPMS PI e I 012026 - (AISPPMSCVPI_02_2026, AISPPMSCVI_02_2026)",5,5,5,5,4,4,4,4,4,4,4,4,4
1v0nC15GpcAkOvN0VZOFwR3QlkEXLh0BPbzE57FI5fR4,"RPMS PI e I 012026 - (AISPPMSCVPI_02_2026, AISPPMSCVI_02_2026)",5,5,5,5,5,5,5,5,5,5,5,5,5
1v0nC15GpcAkOvN0VZOFwR3QlkEXLh0BPbzE57FI5fR4,"RPMS PI e I 012026 - (AISPPMSCVPI_02_2026, AISPPMSCVI_02_2026)",5,5,5,5,5,5,5,5,5,5,5,5,5
1v0nC15GpcAkOvN0VZOFwR3QlkEXLh0BPbzE57FI5fR4,"RPMS PI e I 012026 - (AISPPMSCVPI_02_2026, AISPPMSCVI_02_2026)",5,5,5,5,5,5,5,5,5,5,5,5,5
1v0nC15GpcAkOvN0VZOFwR3QlkEXLh0BPbzE57FI5fR4,"RPMS PI e I 012026 - (AISPPMSCVPI_02_2026, AISPPMSCVI_02_2026)",5,5,5,5,5,5,5,5,5,5,5,5,5
1v0nC15GpcAkOvN0VZOFwR3QlkEXLh0BPbzE57FI5fR4,"RPMS PI e I 012026 - (AISPPMSCVPI_02_2026, AISPPMSCVI_02_2026)",4,4,5,5,3,5,4,4,4,4,4,4,4
1v0nC15GpcAkOvN0VZOFwR3QlkEXLh0BPbzE57FI5fR4,"RPMS PI e I 012026 - (AISPPMSCVPI_02_2026, AISPPMSCVI_02_2026)",5,5,5,3,4,5,3,4,3,4,4,4,4
1v0nC15GpcAkOvN0VZOFwR3QlkEXLh0BPbzE57FI5fR4,"RPMS PI e I 012026 - (AISPPMSCVPI_02_2026, AISPPMSCVI_02_2026)",5,5,5,5,5,5,5,5,5,5,5,5,5
1v0nC15GpcAkOvN0VZOFwR3QlkEXLh0BPbzE57FI5fR4,"RPMS PI e I 012026 - (AISPPMSCVPI_02_2026, AISPPMSCVI_02_2026)",5,5,5,5,5,5,5,5,5,5,5,5,5
1v0nC15GpcAkOvN0VZOFwR3QlkEXLh0BPbzE57FI5fR4,"RPMS PI e I 012026 - (AISPPMSCVPI_02_2026, AISPPMSCVI_02_2026)",5,5,5,5,5,5,5,5,5,5,5,5,5
1v0nC15GpcAkOvN0VZOFwR3QlkEXLh0BPbzE57FI5fR4,"RPMS PI e I 012026 - (AISPPMSCVPI_02_2026, AISPPMSCVI_02_2026)",4,4,4,4,4,4,4,4,4,4,4,4,4
1qJvRFder96s1e8UWY1AyyJ6thKeVv8calOLG9lpgK_0,Cáncer de mama 2026 - (ACM_02_2026),5,5,5,5,5,5,5,5,5,5,5,5,5
1qJvRFder96s1e8UWY1AyyJ6thKeVv8calOLG9lpgK_0,Cáncer de mama 2026 - (ACM_02_2026),5,5,5,5,5,5,5,5,5,5,5,5,5
1qJvRFder96s1e8UWY1AyyJ6thKeVv8calOLG9lpgK_0,Cáncer de mama 2026 - (ACM_02_2026),5,5,5,5,5,5,5,5,4,4,5,5,5
1qJvRFder96s1e8UWY1AyyJ6thKeVv8calOLG9lpgK_0,Cáncer de mama 2026 - (ACM_02_2026),5,5,5,5,5,5,5,5,5,5,5,5,5
1qJvRFder96s1e8UWY1AyyJ6thKeVv8calOLG9lpgK_0,Cáncer de mama 2026 - (ACM_02_2026),5,5,5,5,4,5,5,5,5,5,5,5,5
1qJvRFder96s1e8UWY1AyyJ6thKeVv8calOLG9lpgK_0,Cáncer de mama 2026 - (ACM_02_2026),5,5,5,5,5,5,5,5,5,5,5,5,5
1qJvRFder96s1e8UWY1AyyJ6thKeVv8calOLG9lpgK_0,Cáncer de mama 2026 - (ACM_02_2026),5,5,5,5,5,5,5,5,5,5,5,5,5
1qJvRFder96s1e8UWY1AyyJ6thKeVv8calOLG9lpgK_0,Cáncer de mama 2026 - (ACM_02_2026),5,5,5,5,3,5,5,5,3,3,5,5,5
1qJvRFder96s1e8UWY1AyyJ6thKeVv8calOLG9lpgK_0,Cáncer de mama 2026 - (ACM_02_2026),5,5,5,5,5,5,5,5,5,5,5,5,5
1TMb_crQZVhFfjP9hb6MMkkd0cW9xy8oVb6GaDYgmDOY,DESNUTRICIÓN INFANTIL 1°C 2025 - (ADAM5_2025),5,4,4,4,4,4,4,4,4,4,4,4,4
1TMb_crQZVhFfjP9hb6MMkkd0cW9xy8oVb6GaDYgmDOY,DESNUTRICIÓN INFANTIL 1°C 2025 - (ADAM5_2025),4,4,5,5,4,5,4,4,4,2,5,5,5
1TMb_crQZVhFfjP9hb6MMkkd0cW9xy8oVb6GaDYgmDOY,DESNUTRICIÓN INFANTIL 1°C 2025 - (ADAM5_2025),5,5,5,5,5,5,5,5,5,5,5,5,5
1TMb_crQZVhFfjP9hb6MMkkd0cW9xy8oVb6GaDYgmDOY,DESNUTRICIÓN INFANTIL 1°C 2025 - (ADAM5_2025),5,5,5,5,5,5,5,5,5,5,5,5,5
1TMb_crQZVhFfjP9hb6MMkkd0cW9xy8oVb6GaDYgmDOY,DESNUTRICIÓN INFANTIL 1°C 2025 - (ADAM5_2025),5,5,5,5,5,5,5,5,5,5,5,5,5
1TMb_crQZVhFfjP9hb6MMkkd0cW9xy8oVb6GaDYgmDOY,DESNUTRICIÓN INFANTIL 1°C 2025 - (ADAM5_2025),5,5,5,5,5,5,5,5,5,5,5,5,5
1TMb_crQZVhFfjP9hb6MMkkd0cW9xy8oVb6GaDYgmDOY,DESNUTRICIÓN INFANTIL 1°C 2025 - (ADAM5_2025),5,5,4,4,5,5,4,4,2,3,4,4,4
1TMb_crQZVhFfjP9hb6MMkkd0cW9xy8oVb6GaDYgmDOY,DESNUTRICIÓN INFANTIL 1°C 2025 - (ADAM5_2025),5,5,5,5,5,5,5,5,5,5,5,5,5
1TMb_crQZVhFfjP9hb6MMkkd0cW9xy8oVb6GaDYgmDOY,DESNUTRICIÓN INFANTIL 1°C 2025 - (ADAM5_2025),3,3,4,4,1,3,2,3,3,3,3,3,3
1TMb_crQZVhFfjP9hb6MMkkd0cW9xy8oVb6GaDYgmDOY,DESNUTRICIÓN INFANTIL 1°C 2025 - (ADAM5_2025),5,5,5,5,5,5,5,5,5,5,5,5,5
1TMb_crQZVhFfjP9hb6MMkkd0cW9xy8oVb6GaDYgmDOY,DESNUTRICIÓN INFANTIL 1°C 2025 - (ADAM5_2025),5,5,5,5,5,5,5,5,5,5,5,5,5
1TMb_crQZVhFfjP9hb6MMkkd0cW9xy8oVb6GaDYgmDOY,DESNUTRICIÓN INFANTIL 1°C 2025 - (ADAM5_2025),5,5,5,5,5,5,5,5,5,4,5,5,5
1TMb_crQZVhFfjP9hb6MMkkd0cW9xy8oVb6GaDYgmDOY,DESNUTRICIÓN INFANTIL 1°C 2025 - (ADAM5_2025),5,5,5,5,5,5,5,5,5,5,5,5,5
1TMb_crQZVhFfjP9hb6MMkkd0cW9xy8oVb6GaDYgmDOY,DESNUTRICIÓN INFANTIL 1°C 2025 - (ADAM5_2025),5,5,5,5,5,5,5,5,5,5,5,5,5
1TMb_crQZVhFfjP9hb6MMkkd0cW9xy8oVb6GaDYgmDOY,DESNUTRICIÓN INFANTIL 1°C 2025 - (ADAM5_2025),5,5,5,5,5,5,5,5,5,5,5,5,5
1TMb_crQZVhFfjP9hb6MMkkd0cW9xy8oVb6GaDYgmDOY,DESNUTRICIÓN INFANTIL 1°C 2025 - (ADAM5_2025),5,5,5,5,5,5,5,5,5,5,5,5,5
1TMb_crQZVhFfjP9hb6MMkkd0cW9xy8oVb6GaDYgmDOY,DESNUTRICIÓN INFANTIL 1°C 2025 - (ADAM5_2025),4,4,4,4,4,4,4,4,4,4,4,4,4
1TMb_crQZVhFfjP9hb6MMkkd0cW9xy8oVb6GaDYgmDOY,DESNUTRICIÓN INFANTIL 1°C 2025 - (ADAM5_2025),5,5,5,5,5,5,5,5,5,5,5,5,5
1TMb_crQZVhFfjP9hb6MMkkd0cW9xy8oVb6GaDYgmDOY,DESNUTRICIÓN INFANTIL 1°C 2025 - (ADAM5_2025),5,5,5,5,4,5,5,5,4,4,5,5,5
1TMb_crQZVhFfjP9hb6MMkkd0cW9xy8oVb6GaDYgmDOY,DESNUTRICIÓN INFANTIL 1°C 2025 - (ADAM5_2025),5,5,5,5,5,5,5,5,5,5,5,5,5
1TMb_crQZVhFfjP9hb6MMkkd0cW9xy8oVb6GaDYgmDOY,DESNUTRICIÓN INFANTIL 1°C 2025 - (ADAM5_2025),5,5,5,5,5,5,5,5,5,5,5,5,5
1TMb_crQZVhFfjP9hb6MMkkd0cW9xy8oVb6GaDYgmDOY,DESNUTRICIÓN INFANTIL 1°C 2025 - (ADAM5_2025),3,2,2,2,1,1,2,2,1,1,1,2,1
1TMb_crQZVhFfjP9hb6MMkkd0cW9xy8oVb6GaDYgmDOY,DESNUTRICIÓN INFANTIL 1°C 2025 - (ADAM5_2025),5,5,5,5,5,5,5,5,5,5,5,5,5
1TMb_crQZVhFfjP9hb6MMkkd0cW9xy8oVb6GaDYgmDOY,DESNUTRICIÓN INFANTIL 1°C 2025 - (ADAM5_2025),5,5,5,5,5,5,5,5,5,5,5,5,5
1TMb_crQZVhFfjP9hb6MMkkd0cW9xy8oVb6GaDYgmDOY,DESNUTRICIÓN INFANTIL 1°C 2025 - (ADAM5_2025),5,5,5,5,5,5,5,5,5,5,5,5,5
1TMb_crQZVhFfjP9hb6MMkkd0cW9xy8oVb6GaDYgmDOY,DESNUTRICIÓN INFANTIL 1°C 2025 - (ADAM5_2025),5,5,5,5,5,5,5,5,5,5,5,5,5
1TMb_crQZVhFfjP9hb6MMkkd0cW9xy8oVb6GaDYgmDOY,DESNUTRICIÓN INFANTIL 1°C 2025 - (ADAM5_2025),5,5,5,5,5,5,5,5,3,3,5,5,5
1TMb_crQZVhFfjP9hb6MMkkd0cW9xy8oVb6GaDYgmDOY,DESNUTRICIÓN INFANTIL 1°C 2025 - (ADAM5_2025),5,5,5,5,5,5,5,5,5,5,5,5,5
1TMb_crQZVhFfjP9hb6MMkkd0cW9xy8oVb6GaDYgmDOY,DESNUTRICIÓN INFANTIL 1°C 2025 - (ADAM5_2025),5,5,5,5,5,5,5,5,5,5,5,5,5
1TMb_crQZVhFfjP9hb6MMkkd0cW9xy8oVb6GaDYgmDOY,DESNUTRICIÓN INFANTIL 1°C 2025 - (ADAM5_2025),4,4,4,4,4,4,4,4,4,4,4,4,4
1TMb_crQZVhFfjP9hb6MMkkd0cW9xy8oVb6GaDYgmDOY,DESNUTRICIÓN INFANTIL 1°C 2025 - (ADAM5_2025),4,4,4,4,4,4,4,4,4,4,4,4,4
1TMb_crQZVhFfjP9hb6MMkkd0cW9xy8oVb6GaDYgmDOY,DESNUTRICIÓN INFANTIL 1°C 2025 - (ADAM5_2025),4,4,4,4,4,4,4,4,4,4,4,4,4
1TMb_crQZVhFfjP9hb6MMkkd0cW9xy8oVb6GaDYgmDOY,DESNUTRICIÓN INFANTIL 1°C 2025 - (ADAM5_2025),4,4,4,4,4,4,4,4,4,4,4,4,4
1TMb_crQZVhFfjP9hb6MMkkd0cW9xy8oVb6GaDYgmDOY,DESNUTRICIÓN INFANTIL 1°C 2025 - (ADAM5_2025),5,5,5,5,4,5,4,4,3,3,4,4,5
1TMb_crQZVhFfjP9hb6MMkkd0cW9xy8oVb6GaDYgmDOY,DESNUTRICIÓN INFANTIL 1°C 2025 - (ADAM5_2025),4,4,4,4,4,4,4,4,4,4,4,4,4
1TMb_crQZVhFfjP9hb6MMkkd0cW9xy8oVb6GaDYgmDOY,DESNUTRICIÓN INFANTIL 1°C 2025 - (ADAM5_2025),5,5,5,5,5,5,5,5,5,5,5,5,5
1TMb_crQZVhFfjP9hb6MMkkd0cW9xy8oVb6GaDYgmDOY,DESNUTRICIÓN INFANTIL 1°C 2025 - (ADAM5_2025),5,5,5,5,5,5,5,5,5,5,5,5,5
1TMb_crQZVhFfjP9hb6MMkkd0cW9xy8oVb6GaDYgmDOY,DESNUTRICIÓN INFANTIL 1°C 2025 - (ADAM5_2025),5,5,5,5,5,5,5,5,5,5,5,5,5
1TMb_crQZVhFfjP9hb6MMkkd0cW9xy8oVb6GaDYgmDOY,DESNUTRICIÓN INFANTIL 1°C 2025 - (ADAM5_2025),4,4,4,4,4,4,4,4,4,4,4,4,4
1TMb_crQZVhFfjP9hb6MMkkd0cW9xy8oVb6GaDYgmDOY,DESNUTRICIÓN INFANTIL 1°C 2025 - (ADAM5_2025),4,4,4,4,4,4,4,4,4,4,4,4,4
1TMb_crQZVhFfjP9hb6MMkkd0cW9xy8oVb6GaDYgmDOY,DESNUTRICIÓN INFANTIL 1°C 2025 - (ADAM5_2025),5,5,5,5,5,5,5,5,5,5,5,5,5
1TMb_crQZVhFfjP9hb6MMkkd0cW9xy8oVb6GaDYgmDOY,DESNUTRICIÓN INFANTIL 1°C 2025 - (ADAM5_2025),5,5,5,5,5,5,5,5,5,5,5,5,5
1TMb_crQZVhFfjP9hb6MMkkd0cW9xy8oVb6GaDYgmDOY,DESNUTRICIÓN INFANTIL 1°C 2025 - (ADAM5_2025),5,5,5,5,5,5,5,5,5,5,5,5,5
1TMb_crQZVhFfjP9hb6MMkkd0cW9xy8oVb6GaDYgmDOY,DESNUTRICIÓN INFANTIL 1°C 2025 - (ADAM5_2025),5,5,5,5,5,5,5,5,5,4,4,5,5
1TMb_crQZVhFfjP9hb6MMkkd0cW9xy8oVb6GaDYgmDOY,DESNUTRICIÓN INFANTIL 1°C 2025 - (ADAM5_2025),1,1,1,1,1,1,1,1,1,1,1,1,1
1TMb_crQZVhFfjP9hb6MMkkd0cW9xy8oVb6GaDYgmDOY,DESNUTRICIÓN INFANTIL 1°C 2025 - (ADAM5_2025),5,5,5,5,5,5,4,5,5,5,5,5,5
1uprLFF249_cd7iDdYk1kd-PTAfVmw4ijkYCMq-1FiA0,SALUD ORAL RPMS 1°C 2025 - (ASBTPMS_2025),5,5,5,5,5,5,5,5,5,5,5,5,5
1uprLFF249_cd7iDdYk1kd-PTAfVmw4ijkYCMq-1FiA0,SALUD ORAL RPMS 1°C 2025 - (ASBTPMS_2025),5,5,5,5,5,5,5,5,5,3,5,5,5
1uprLFF249_cd7iDdYk1kd-PTAfVmw4ijkYCMq-1FiA0,SALUD ORAL RPMS 1°C 2025 - (ASBTPMS_2025),5,5,5,5,5,5,5,5,5,5,5,5,5
1uprLFF249_cd7iDdYk1kd-PTAfVmw4ijkYCMq-1FiA0,SALUD ORAL RPMS 1°C 2025 - (ASBTPMS_2025),5,5,5,5,5,5,5,5,5,5,5,5,5
1uprLFF249_cd7iDdYk1kd-PTAfVmw4ijkYCMq-1FiA0,SALUD ORAL RPMS 1°C 2025 - (ASBTPMS_2025),5,5,5,5,5,5,5,5,5,5,5,5,5
1uprLFF249_cd7iDdYk1kd-PTAfVmw4ijkYCMq-1FiA0,SALUD ORAL RPMS 1°C 2025 - (ASBTPMS_2025),5,5,5,5,4,5,4,5,4,4,5,5,5
1uprLFF249_cd7iDdYk1kd-PTAfVmw4ijkYCMq-1FiA0,SALUD ORAL RPMS 1°C 2025 - (ASBTPMS_2025),5,5,5,5,5,5,5,5,5,5,5,5,5
1uprLFF249_cd7iDdYk1kd-PTAfVmw4ijkYCMq-1FiA0,SALUD ORAL RPMS 1°C 2025 - (ASBTPMS_2025),5,5,5,5,5,5,5,5,5,5,5,5,5
1uprLFF249_cd7iDdYk1kd-PTAfVmw4ijkYCMq-1FiA0,SALUD ORAL RPMS 1°C 2025 - (ASBTPMS_2025),5,5,5,5,5,5,5,5,5,5,5,5,5
1uprLFF249_cd7iDdYk1kd-PTAfVmw4ijkYCMq-1FiA0,SALUD ORAL RPMS 1°C 2025 - (ASBTPMS_2025),5,5,5,5,5,5,5,5,5,5,5,5,5
1uprLFF249_cd7iDdYk1kd-PTAfVmw4ijkYCMq-1FiA0,SALUD ORAL RPMS 1°C 2025 - (ASBTPMS_2025),5,5,5,5,5,5,5,5,5,5,5,5,5
1uprLFF249_cd7iDdYk1kd-PTAfVmw4ijkYCMq-1FiA0,SALUD ORAL RPMS 1°C 2025 - (ASBTPMS_2025),5,5,5,5,5,5,5,5,5,5,5,5,5
1uprLFF249_cd7iDdYk1kd-PTAfVmw4ijkYCMq-1FiA0,SALUD ORAL RPMS 1°C 2025 - (ASBTPMS_2025),5,5,5,5,5,5,5,5,5,5,5,5,5
1uprLFF249_cd7iDdYk1kd-PTAfVmw4ijkYCMq-1FiA0,SALUD ORAL RPMS 1°C 2025 - (ASBTPMS_2025),4,4,4,4,4,4,4,4,4,4,4,4,4
1uprLFF249_cd7iDdYk1kd-PTAfVmw4ijkYCMq-1FiA0,SALUD ORAL RPMS 1°C 2025 - (ASBTPMS_2025),5,5,5,5,4,5,5,5,4,4,5,5,5
1uprLFF249_cd7iDdYk1kd-PTAfVmw4ijkYCMq-1FiA0,SALUD ORAL RPMS 1°C 2025 - (ASBTPMS_2025),5,5,5,5,5,5,5,5,5,5,5,5,5
1uprLFF249_cd7iDdYk1kd-PTAfVmw4ijkYCMq-1FiA0,SALUD ORAL RPMS 1°C 2025 - (ASBTPMS_2025),5,5,5,5,5,5,5,5,5,5,5,5,5
1uprLFF249_cd7iDdYk1kd-PTAfVmw4ijkYCMq-1FiA0,SALUD ORAL RPMS 1°C 2025 - (ASBTPMS_2025),4,4,4,4,4,4,4,4,4,4,4,4,4
1uprLFF249_cd7iDdYk1kd-PTAfVmw4ijkYCMq-1FiA0,SALUD ORAL RPMS 1°C 2025 - (ASBTPMS_2025),5,5,5,5,5,5,5,5,5,5,5,5,5
1uprLFF249_cd7iDdYk1kd-PTAfVmw4ijkYCMq-1FiA0,SALUD ORAL RPMS 1°C 2025 - (ASBTPMS_2025),4,5,4,5,4,5,4,5,4,5,4,5,5
1uprLFF249_cd7iDdYk1kd-PTAfVmw4ijkYCMq-1FiA0,SALUD ORAL RPMS 1°C 2025 - (ASBTPMS_2025),5,5,5,5,5,5,5,5,5,3,4,5,5
1uprLFF249_cd7iDdYk1kd-PTAfVmw4ijkYCMq-1FiA0,SALUD ORAL RPMS 1°C 2025 - (ASBTPMS_2025),5,5,5,5,5,5,5,4,5,5,5,5,5
1uprLFF249_cd7iDdYk1kd-PTAfVmw4ijkYCMq-1FiA0,SALUD ORAL RPMS 1°C 2025 - (ASBTPMS_2025),5,5,5,5,5,5,5,5,5,5,5,5,5
1uprLFF249_cd7iDdYk1kd-PTAfVmw4ijkYCMq-1FiA0,SALUD ORAL RPMS 1°C 2025 - (ASBTPMS_2025),5,5,5,5,5,5,5,4,4,4,5,5,5
1uprLFF249_cd7iDdYk1kd-PTAfVmw4ijkYCMq-1FiA0,SALUD ORAL RPMS 1°C 2025 - (ASBTPMS_2025),4,4,4,4,4,4,4,4,4,4,4,4,4
1uprLFF249_cd7iDdYk1kd-PTAfVmw4ijkYCMq-1FiA0,SALUD ORAL RPMS 1°C 2025 - (ASBTPMS_2025),5,5,5,5,5,5,5,5,4,5,5,5,5
1uprLFF249_cd7iDdYk1kd-PTAfVmw4ijkYCMq-1FiA0,SALUD ORAL RPMS 1°C 2025 - (ASBTPMS_2025),5,5,5,5,5,5,5,5,5,5,5,5,5
1uprLFF249_cd7iDdYk1kd-PTAfVmw4ijkYCMq-1FiA0,SALUD ORAL RPMS 1°C 2025 - (ASBTPMS_2025),5,5,5,5,5,5,5,5,5,5,5,5,5
1uprLFF249_cd7iDdYk1kd-PTAfVmw4ijkYCMq-1FiA0,SALUD ORAL RPMS 1°C 2025 - (ASBTPMS_2025),5,5,5,5,5,5,5,5,5,5,5,5,5
1uprLFF249_cd7iDdYk1kd-PTAfVmw4ijkYCMq-1FiA0,SALUD ORAL RPMS 1°C 2025 - (ASBTPMS_2025),4,4,4,4,4,4,4,4,4,4,4,4,4
1uprLFF249_cd7iDdYk1kd-PTAfVmw4ijkYCMq-1FiA0,SALUD ORAL RPMS 1°C 2025 - (ASBTPMS_2025),5,5,5,5,5,5,5,5,5,5,5,5,5
1uprLFF249_cd7iDdYk1kd-PTAfVmw4ijkYCMq-1FiA0,SALUD ORAL RPMS 1°C 2025 - (ASBTPMS_2025),5,5,5,5,5,5,5,5,5,5,5,5,5
1uprLFF249_cd7iDdYk1kd-PTAfVmw4ijkYCMq-1FiA0,SALUD ORAL RPMS 1°C 2025 - (ASBTPMS_2025),4,4,4,5,4,4,4,4,4,4,4,4,4
1uprLFF249_cd7iDdYk1kd-PTAfVmw4ijkYCMq-1FiA0,SALUD ORAL RPMS 1°C 2025 - (ASBTPMS_2025),4,4,5,4,4,5,5,4,4,4,4,5,5
1uprLFF249_cd7iDdYk1kd-PTAfVmw4ijkYCMq-1FiA0,SALUD ORAL RPMS 1°C 2025 - (ASBTPMS_2025),5,5,5,5,5,5,5,5,5,5,5,5,5
1uprLFF249_cd7iDdYk1kd-PTAfVmw4ijkYCMq-1FiA0,SALUD ORAL RPMS 1°C 2025 - (ASBTPMS_2025),4,4,4,4,4,4,4,4,4,4,4,4,4
1uprLFF249_cd7iDdYk1kd-PTAfVmw4ijkYCMq-1FiA0,SALUD ORAL RPMS 1°C 2025 - (ASBTPMS_2025),4,4,4,4,4,4,4,4,4,4,4,5,5
1uprLFF249_cd7iDdYk1kd-PTAfVmw4ijkYCMq-1FiA0,SALUD ORAL RPMS 1°C 2025 - (ASBTPMS_2025),5,5,5,5,5,5,5,5,5,5,4,4,4
1uprLFF249_cd7iDdYk1kd-PTAfVmw4ijkYCMq-1FiA0,SALUD ORAL RPMS 1°C 2025 - (ASBTPMS_2025),5,5,5,5,5,5,5,5,1,1,5,5,5
1uprLFF249_cd7iDdYk1kd-PTAfVmw4ijkYCMq-1FiA0,SALUD ORAL RPMS 1°C 2025 - (ASBTPMS_2025),4,5,5,4,3,5,5,5,4,3,5,4,3
1uprLFF249_cd7iDdYk1kd-PTAfVmw4ijkYCMq-1FiA0,SALUD ORAL RPMS 1°C 2025 - (ASBTPMS_2025),5,5,5,5,5,5,5,5,5,5,5,5,5
1uprLFF249_cd7iDdYk1kd-PTAfVmw4ijkYCMq-1FiA0,SALUD ORAL RPMS 1°C 2025 - (ASBTPMS_2025),5,5,5,5,5,5,5,5,5,5,5,5,5
1uprLFF249_cd7iDdYk1kd-PTAfVmw4ijkYCMq-1FiA0,SALUD ORAL RPMS 1°C 2025 - (ASBTPMS_2025),4,4,4,4,4,4,4,4,4,4,4,4,4
1uprLFF249_cd7iDdYk1kd-PTAfVmw4ijkYCMq-1FiA0,SALUD ORAL RPMS 1°C 2025 - (ASBTPMS_2025),5,5,5,5,5,5,5,5,5,5,5,5,5
1uprLFF249_cd7iDdYk1kd-PTAfVmw4ijkYCMq-1FiA0,SALUD ORAL RPMS 1°C 2025 - (ASBTPMS_2025),5,5,5,4,4,5,4,4,4,4,4,4,4
1uprLFF249_cd7iDdYk1kd-PTAfVmw4ijkYCMq-1FiA0,SALUD ORAL RPMS 1°C 2025 - (ASBTPMS_2025),5,5,5,5,5,5,5,5,3,3,4,5,5
1uprLFF249_cd7iDdYk1kd-PTAfVmw4ijkYCMq-1FiA0,SALUD ORAL RPMS 1°C 2025 - (ASBTPMS_2025),5,5,5,5,5,5,5,5,5,5,5,5,5
1uprLFF249_cd7iDdYk1kd-PTAfVmw4ijkYCMq-1FiA0,SALUD ORAL RPMS 1°C 2025 - (ASBTPMS_2025),4,4,3,4,4,4,4,4,5,3,4,4,4
1uprLFF249_cd7iDdYk1kd-PTAfVmw4ijkYCMq-1FiA0,SALUD ORAL RPMS 1°C 2025 - (ASBTPMS_2025),5,5,5,4,5,5,5,5,5,5,5,5,5
1uprLFF249_cd7iDdYk1kd-PTAfVmw4ijkYCMq-1FiA0,SALUD ORAL RPMS 1°C 2025 - (ASBTPMS_2025),4,4,4,4,4,4,4,4,4,4,4,4,4
1uprLFF249_cd7iDdYk1kd-PTAfVmw4ijkYCMq-1FiA0,SALUD ORAL RPMS 1°C 2025 - (ASBTPMS_2025),4,4,3,4,3,4,4,3,2,2,2,3,3
1uprLFF249_cd7iDdYk1kd-PTAfVmw4ijkYCMq-1FiA0,SALUD ORAL RPMS 1°C 2025 - (ASBTPMS_2025),1,1,1,1,1,1,1,1,1,1,1,1,1
1uprLFF249_cd7iDdYk1kd-PTAfVmw4ijkYCMq-1FiA0,SALUD ORAL RPMS 1°C 2025 - (ASBTPMS_2025),4,5,5,4,4,4,5,4,4,4,4,4,4
1uprLFF249_cd7iDdYk1kd-PTAfVmw4ijkYCMq-1FiA0,SALUD ORAL RPMS 1°C 2025 - (ASBTPMS_2025),5,5,5,5,5,5,5,5,5,5,5,5,5
1uprLFF249_cd7iDdYk1kd-PTAfVmw4ijkYCMq-1FiA0,SALUD ORAL RPMS 1°C 2025 - (ASBTPMS_2025),4,5,5,5,5,4,5,5,4,4,4,5,4
1uprLFF249_cd7iDdYk1kd-PTAfVmw4ijkYCMq-1FiA0,SALUD ORAL RPMS 1°C 2025 - (ASBTPMS_2025),5,5,5,5,5,4,4,4,4,4,4,4,4
1uprLFF249_cd7iDdYk1kd-PTAfVmw4ijkYCMq-1FiA0,SALUD ORAL RPMS 1°C 2025 - (ASBTPMS_2025),5,5,5,5,5,5,5,5,5,5,5,5,5
1uprLFF249_cd7iDdYk1kd-PTAfVmw4ijkYCMq-1FiA0,SALUD ORAL RPMS 1°C 2025 - (ASBTPMS_2025),5,5,5,5,5,5,5,5,5,5,5,5,5
1uprLFF249_cd7iDdYk1kd-PTAfVmw4ijkYCMq-1FiA0,SALUD ORAL RPMS 1°C 2025 - (ASBTPMS_2025),5,5,5,5,5,5,5,5,5,5,5,5,5
1uprLFF249_cd7iDdYk1kd-PTAfVmw4ijkYCMq-1FiA0,SALUD ORAL RPMS 1°C 2025 - (ASBTPMS_2025),4,4,4,4,4,4,4,4,4,4,4,4,4
1uprLFF249_cd7iDdYk1kd-PTAfVmw4ijkYCMq-1FiA0,SALUD ORAL RPMS 1°C 2025 - (ASBTPMS_2025),2,2,2,2,1,2,2,1,1,1,1,2,1
1Y9EBk3bZfhryciO21AlqlzLcKIGNSzTzvq0ByY9Ulf0,SALUD ORAL RMP 1°C 2025 - (ASBRMP_2025),5,5,5,5,5,5,5,5,5,4,5,5,5
1Y9EBk3bZfhryciO21AlqlzLcKIGNSzTzvq0ByY9Ulf0,SALUD ORAL RMP 1°C 2025 - (ASBRMP_2025),4,4,4,4,4,4,4,4,4,4,4,4,4
1Y9EBk3bZfhryciO21AlqlzLcKIGNSzTzvq0ByY9Ulf0,SALUD ORAL RMP 1°C 2025 - (ASBRMP_2025),5,5,5,4,5,4,5,5,3,3,5,5,5
1Y9EBk3bZfhryciO21AlqlzLcKIGNSzTzvq0ByY9Ulf0,SALUD ORAL RMP 1°C 2025 - (ASBRMP_2025),4,4,4,4,4,4,4,4,4,4,4,4,4
1Y9EBk3bZfhryciO21AlqlzLcKIGNSzTzvq0ByY9Ulf0,SALUD ORAL RMP 1°C 2025 - (ASBRMP_2025),5,5,5,5,5,5,5,5,5,5,5,5,5
1Y9EBk3bZfhryciO21AlqlzLcKIGNSzTzvq0ByY9Ulf0,SALUD ORAL RMP 1°C 2025 - (ASBRMP_2025),5,5,5,5,5,5,5,5,4,4,4,5,5
1Y9EBk3bZfhryciO21AlqlzLcKIGNSzTzvq0ByY9Ulf0,SALUD ORAL RMP 1°C 2025 - (ASBRMP_2025),5,5,5,5,5,5,5,5,5,5,5,5,5
1Y9EBk3bZfhryciO21AlqlzLcKIGNSzTzvq0ByY9Ulf0,SALUD ORAL RMP 1°C 2025 - (ASBRMP_2025),4,4,4,4,4,4,4,4,4,4,4,4,4
1Y9EBk3bZfhryciO21AlqlzLcKIGNSzTzvq0ByY9Ulf0,SALUD ORAL RMP 1°C 2025 - (ASBRMP_2025),5,5,5,5,5,5,5,5,5,4,5,5,5
1Y9EBk3bZfhryciO21AlqlzLcKIGNSzTzvq0ByY9Ulf0,SALUD ORAL RMP 1°C 2025 - (ASBRMP_2025),4,4,5,4,3,4,4,4,5,4,4,4,4
1Y9EBk3bZfhryciO21AlqlzLcKIGNSzTzvq0ByY9Ulf0,SALUD ORAL RMP 1°C 2025 - (ASBRMP_2025),5,5,5,5,5,5,5,5,5,5,5,5,5
1Y9EBk3bZfhryciO21AlqlzLcKIGNSzTzvq0ByY9Ulf0,SALUD ORAL RMP 1°C 2025 - (ASBRMP_2025),4,4,4,4,4,4,4,4,4,4,4,4,4
1Y9EBk3bZfhryciO21AlqlzLcKIGNSzTzvq0ByY9Ulf0,SALUD ORAL RMP 1°C 2025 - (ASBRMP_2025),4,4,4,4,4,4,4,4,4,4,4,4,4
1Y9EBk3bZfhryciO21AlqlzLcKIGNSzTzvq0ByY9Ulf0,SALUD ORAL RMP 1°C 2025 - (ASBRMP_2025),4,4,4,4,4,5,5,4,4,4,4,4,4
1Y9EBk3bZfhryciO21AlqlzLcKIGNSzTzvq0ByY9Ulf0,SALUD ORAL RMP 1°C 2025 - (ASBRMP_2025),4,4,4,4,4,4,4,4,4,4,4,4,4
1Y9EBk3bZfhryciO21AlqlzLcKIGNSzTzvq0ByY9Ulf0,SALUD ORAL RMP 1°C 2025 - (ASBRMP_2025),5,5,5,5,5,5,5,5,5,5,5,5,5
1Y9EBk3bZfhryciO21AlqlzLcKIGNSzTzvq0ByY9Ulf0,SALUD ORAL RMP 1°C 2025 - (ASBRMP_2025),5,5,5,5,5,5,5,5,5,5,5,5,5
1Y9EBk3bZfhryciO21AlqlzLcKIGNSzTzvq0ByY9Ulf0,SALUD ORAL RMP 1°C 2025 - (ASBRMP_2025),4,4,4,4,4,4,4,4,4,4,4,4,4
1Y9EBk3bZfhryciO21AlqlzLcKIGNSzTzvq0ByY9Ulf0,SALUD ORAL RMP 1°C 2025 - (ASBRMP_2025),5,5,5,5,5,5,5,5,5,5,5,5,5
1Y9EBk3bZfhryciO21AlqlzLcKIGNSzTzvq0ByY9Ulf0,SALUD ORAL RMP 1°C 2025 - (ASBRMP_2025),5,5,5,5,5,5,5,5,5,5,5,5,5
1Y9EBk3bZfhryciO21AlqlzLcKIGNSzTzvq0ByY9Ulf0,SALUD ORAL RMP 1°C 2025 - (ASBRMP_2025),5,5,5,5,5,5,5,5,5,5,5,5,5
1Y9EBk3bZfhryciO21AlqlzLcKIGNSzTzvq0ByY9Ulf0,SALUD ORAL RMP 1°C 2025 - (ASBRMP_2025),5,5,5,5,5,5,5,5,5,5,5,5,5
1Y9EBk3bZfhryciO21AlqlzLcKIGNSzTzvq0ByY9Ulf0,SALUD ORAL RMP 1°C 2025 - (ASBRMP_2025),5,5,5,5,5,5,3,3,1,1,5,5,5
1Y9EBk3bZfhryciO21AlqlzLcKIGNSzTzvq0ByY9Ulf0,SALUD ORAL RMP 1°C 2025 - (ASBRMP_2025),4,4,4,4,4,4,4,4,4,4,4,4,4
1Y9EBk3bZfhryciO21AlqlzLcKIGNSzTzvq0ByY9Ulf0,SALUD ORAL RMP 1°C 2025 - (ASBRMP_2025),5,5,5,5,5,5,5,5,5,5,5,5,5
1Y9EBk3bZfhryciO21AlqlzLcKIGNSzTzvq0ByY9Ulf0,SALUD ORAL RMP 1°C 2025 - (ASBRMP_2025),5,5,5,5,5,5,5,5,5,5,5,5,5
1Y9EBk3bZfhryciO21AlqlzLcKIGNSzTzvq0ByY9Ulf0,SALUD ORAL RMP 1°C 2025 - (ASBRMP_2025),5,5,4,4,4,5,4,4,4,4,4,4,4
1Y9EBk3bZfhryciO21AlqlzLcKIGNSzTzvq0ByY9Ulf0,SALUD ORAL RMP 1°C 2025 - (ASBRMP_2025),5,5,5,5,5,5,5,5,5,5,5,5,5
1Y9EBk3bZfhryciO21AlqlzLcKIGNSzTzvq0ByY9Ulf0,SALUD ORAL RMP 1°C 2025 - (ASBRMP_2025),5,5,5,5,5,5,5,5,5,5,5,5,5
1Y9EBk3bZfhryciO21AlqlzLcKIGNSzTzvq0ByY9Ulf0,SALUD ORAL RMP 1°C 2025 - (ASBRMP_2025),5,5,5,5,5,5,5,5,5,5,5,5,5
1Y9EBk3bZfhryciO21AlqlzLcKIGNSzTzvq0ByY9Ulf0,SALUD ORAL RMP 1°C 2025 - (ASBRMP_2025),5,5,5,5,5,5,5,4,3,4,4,5,5
1Y9EBk3bZfhryciO21AlqlzLcKIGNSzTzvq0ByY9Ulf0,SALUD ORAL RMP 1°C 2025 - (ASBRMP_2025),4,4,4,4,4,4,4,4,4,4,4,4,4
1Y9EBk3bZfhryciO21AlqlzLcKIGNSzTzvq0ByY9Ulf0,SALUD ORAL RMP 1°C 2025 - (ASBRMP_2025),5,5,5,5,5,5,5,5,5,5,5,5,5
1Y9EBk3bZfhryciO21AlqlzLcKIGNSzTzvq0ByY9Ulf0,SALUD ORAL RMP 1°C 2025 - (ASBRMP_2025),5,5,5,5,5,5,5,5,5,5,5,5,5
1Y9EBk3bZfhryciO21AlqlzLcKIGNSzTzvq0ByY9Ulf0,SALUD ORAL RMP 1°C 2025 - (ASBRMP_2025),5,5,5,5,5,5,5,5,5,5,5,5,5
1Y9EBk3bZfhryciO21AlqlzLcKIGNSzTzvq0ByY9Ulf0,SALUD ORAL RMP 1°C 2025 - (ASBRMP_2025),5,5,5,5,5,5,5,5,3,3,4,5,5
1Y9EBk3bZfhryciO21AlqlzLcKIGNSzTzvq0ByY9Ulf0,SALUD ORAL RMP 1°C 2025 - (ASBRMP_2025),5,5,5,5,5,5,5,5,5,5,5,5,5
1Y9EBk3bZfhryciO21AlqlzLcKIGNSzTzvq0ByY9Ulf0,SALUD ORAL RMP 1°C 2025 - (ASBRMP_2025),5,5,5,5,5,5,5,5,5,5,5,5,5
1Y9EBk3bZfhryciO21AlqlzLcKIGNSzTzvq0ByY9Ulf0,SALUD ORAL RMP 1°C 2025 - (ASBRMP_2025),5,5,5,5,5,5,5,5,5,5,5,5,5
1Y9EBk3bZfhryciO21AlqlzLcKIGNSzTzvq0ByY9Ulf0,SALUD ORAL RMP 1°C 2025 - (ASBRMP_2025),5,5,5,5,4,5,5,5,5,5,5,5,5
1Y9EBk3bZfhryciO21AlqlzLcKIGNSzTzvq0ByY9Ulf0,SALUD ORAL RMP 1°C 2025 - (ASBRMP_2025),4,3,4,3,1,5,3,3,3,2,2,3,2
1Y9EBk3bZfhryciO21AlqlzLcKIGNSzTzvq0ByY9Ulf0,SALUD ORAL RMP 1°C 2025 - (ASBRMP_2025),5,5,5,5,5,5,5,5,5,5,5,5,5
1Y9EBk3bZfhryciO21AlqlzLcKIGNSzTzvq0ByY9Ulf0,SALUD ORAL RMP 1°C 2025 - (ASBRMP_2025),5,5,5,5,5,5,5,5,5,5,5,5,5
1Y9EBk3bZfhryciO21AlqlzLcKIGNSzTzvq0ByY9Ulf0,SALUD ORAL RMP 1°C 2025 - (ASBRMP_2025),5,5,5,5,5,5,5,5,5,5,5,5,5
1eTxaJShqeigMeagqMno96jTDvPb8y_w_IQxNvQlLjXY,AIEPI 2025 - (DAC_2025) (DAC_01_2026),4,4,4,4,4,4,4,4,4,4,4,4,5
1eTxaJShqeigMeagqMno96jTDvPb8y_w_IQxNvQlLjXY,AIEPI 2025 - (DAC_2025) (DAC_01_2026),1,1,1,1,1,1,1,1,1,1,1,1,1
1eTxaJShqeigMeagqMno96jTDvPb8y_w_IQxNvQlLjXY,AIEPI 2025 - (DAC_2025) (DAC_01_2026),5,5,5,5,5,5,4,5,5,5,4,4,4
1eTxaJShqeigMeagqMno96jTDvPb8y_w_IQxNvQlLjXY,AIEPI 2025 - (DAC_2025) (DAC_01_2026),5,5,5,5,5,5,5,5,5,5,5,5,5
1eTxaJShqeigMeagqMno96jTDvPb8y_w_IQxNvQlLjXY,AIEPI 2025 - (DAC_2025) (DAC_01_2026),4,4,4,4,4,4,4,4,4,4,4,4,4
1eTxaJShqeigMeagqMno96jTDvPb8y_w_IQxNvQlLjXY,AIEPI 2025 - (DAC_2025) (DAC_01_2026),5,5,5,5,5,5,5,5,5,5,5,5,5
1eTxaJShqeigMeagqMno96jTDvPb8y_w_IQxNvQlLjXY,AIEPI 2025 - (DAC_2025) (DAC_01_2026),4,5,4,5,5,5,4,5,5,5,5,5,5
1eTxaJShqeigMeagqMno96jTDvPb8y_w_IQxNvQlLjXY,AIEPI 2025 - (DAC_2025) (DAC_01_2026),5,5,5,5,5,5,5,5,5,5,5,5,5
1eTxaJShqeigMeagqMno96jTDvPb8y_w_IQxNvQlLjXY,AIEPI 2025 - (DAC_2025) (DAC_01_2026),5,5,5,5,5,5,5,5,5,5,5,5,5
1eTxaJShqeigMeagqMno96jTDvPb8y_w_IQxNvQlLjXY,AIEPI 2025 - (DAC_2025) (DAC_01_2026),3,3,3,3,2,3,1,1,1,3,4,1,3
1eTxaJShqeigMeagqMno96jTDvPb8y_w_IQxNvQlLjXY,AIEPI 2025 - (DAC_2025) (DAC_01_2026),4,5,5,5,4,5,5,5,4,4,5,5,5
1eTxaJShqeigMeagqMno96jTDvPb8y_w_IQxNvQlLjXY,AIEPI 2025 - (DAC_2025) (DAC_01_2026),5,5,5,5,5,5,5,5,5,5,5,5,5
1eTxaJShqeigMeagqMno96jTDvPb8y_w_IQxNvQlLjXY,AIEPI 2025 - (DAC_2025) (DAC_01_2026),5,5,5,5,5,5,5,5,5,5,5,5,5
1eTxaJShqeigMeagqMno96jTDvPb8y_w_IQxNvQlLjXY,AIEPI 2025 - (DAC_2025) (DAC_01_2026),5,5,4,5,5,4,5,5,5,3,5,5,5
1eTxaJShqeigMeagqMno96jTDvPb8y_w_IQxNvQlLjXY,AIEPI 2025 - (DAC_2025) (DAC_01_2026),5,5,5,5,5,5,5,5,5,5,5,5,5
1eTxaJShqeigMeagqMno96jTDvPb8y_w_IQxNvQlLjXY,AIEPI 2025 - (DAC_2025) (DAC_01_2026),5,5,5,5,5,5,5,5,5,5,5,5,5
1eTxaJShqeigMeagqMno96jTDvPb8y_w_IQxNvQlLjXY,AIEPI 2025 - (DAC_2025) (DAC_01_2026),5,5,5,5,4,5,5,5,5,5,5,5,5
1eTxaJShqeigMeagqMno96jTDvPb8y_w_IQxNvQlLjXY,AIEPI 2025 - (DAC_2025) (DAC_01_2026),5,5,5,5,5,5,5,5,5,5,5,5,5
1eTxaJShqeigMeagqMno96jTDvPb8y_w_IQxNvQlLjXY,AIEPI 2025 - (DAC_2025) (DAC_01_2026),5,5,5,5,5,5,5,5,5,5,5,5,5
1eTxaJShqeigMeagqMno96jTDvPb8y_w_IQxNvQlLjXY,AIEPI 2025 - (DAC_2025) (DAC_01_2026),5,5,5,5,5,5,5,5,5,5,5,5,5
1eTxaJShqeigMeagqMno96jTDvPb8y_w_IQxNvQlLjXY,AIEPI 2025 - (DAC_2025) (DAC_01_2026),5,5,5,5,5,5,5,5,5,5,5,5,5
1eTxaJShqeigMeagqMno96jTDvPb8y_w_IQxNvQlLjXY,AIEPI 2025 - (DAC_2025) (DAC_01_2026),5,5,5,5,5,5,5,5,5,5,5,5,5
1eTxaJShqeigMeagqMno96jTDvPb8y_w_IQxNvQlLjXY,AIEPI 2025 - (DAC_2025) (DAC_01_2026),5,5,5,5,5,5,5,5,5,5,5,5,5
1eTxaJShqeigMeagqMno96jTDvPb8y_w_IQxNvQlLjXY,AIEPI 2025 - (DAC_2025) (DAC_01_2026),5,5,5,5,5,5,5,5,5,5,4,5,5
1eTxaJShqeigMeagqMno96jTDvPb8y_w_IQxNvQlLjXY,AIEPI 2025 - (DAC_2025) (DAC_01_2026),5,5,5,5,5,5,5,5,4,5,5,5,5
1eTxaJShqeigMeagqMno96jTDvPb8y_w_IQxNvQlLjXY,AIEPI 2025 - (DAC_2025) (DAC_01_2026),5,5,5,5,5,5,5,5,5,5,5,5,5
1eTxaJShqeigMeagqMno96jTDvPb8y_w_IQxNvQlLjXY,AIEPI 2025 - (DAC_2025) (DAC_01_2026),5,5,5,5,5,5,5,5,5,5,5,5,5
1eTxaJShqeigMeagqMno96jTDvPb8y_w_IQxNvQlLjXY,AIEPI 2025 - (DAC_2025) (DAC_01_2026),5,5,5,5,5,5,5,5,5,5,5,5,5
1eTxaJShqeigMeagqMno96jTDvPb8y_w_IQxNvQlLjXY,AIEPI 2025 - (DAC_2025) (DAC_01_2026),5,5,5,5,5,5,5,5,5,5,5,5,5
1eTxaJShqeigMeagqMno96jTDvPb8y_w_IQxNvQlLjXY,AIEPI 2025 - (DAC_2025) (DAC_01_2026),5,5,5,5,5,5,5,5,5,5,5,5,5
1eTxaJShqeigMeagqMno96jTDvPb8y_w_IQxNvQlLjXY,AIEPI 2025 - (DAC_2025) (DAC_01_2026),5,5,5,5,5,5,5,5,5,5,5,5,5
1eTxaJShqeigMeagqMno96jTDvPb8y_w_IQxNvQlLjXY,AIEPI 2025 - (DAC_2025) (DAC_01_2026),5,5,4,5,5,5,3,5,5,5,5,5,5
1eTxaJShqeigMeagqMno96jTDvPb8y_w_IQxNvQlLjXY,AIEPI 2025 - (DAC_2025) (DAC_01_2026),5,5,5,5,5,5,5,5,5,4,3,5,4
1eTxaJShqeigMeagqMno96jTDvPb8y_w_IQxNvQlLjXY,AIEPI 2025 - (DAC_2025) (DAC_01_2026),5,5,5,5,5,5,5,5,5,5,5,5,5
1eTxaJShqeigMeagqMno96jTDvPb8y_w_IQxNvQlLjXY,AIEPI 2025 - (DAC_2025) (DAC_01_2026),4,4,4,4,4,4,4,4,4,4,4,4,4
1eTxaJShqeigMeagqMno96jTDvPb8y_w_IQxNvQlLjXY,AIEPI 2025 - (DAC_2025) (DAC_01_2026),5,5,5,5,5,5,5,5,5,5,5,5,5
1eTxaJShqeigMeagqMno96jTDvPb8y_w_IQxNvQlLjXY,AIEPI 2025 - (DAC_2025) (DAC_01_2026),4,4,4,4,4,4,4,4,4,4,4,4,4
1eTxaJShqeigMeagqMno96jTDvPb8y_w_IQxNvQlLjXY,AIEPI 2025 - (DAC_2025) (DAC_01_2026),5,5,5,5,5,5,5,5,5,5,5,5,5
1eTxaJShqeigMeagqMno96jTDvPb8y_w_IQxNvQlLjXY,AIEPI 2025 - (DAC_2025) (DAC_01_2026),5,5,5,4,5,5,5,5,5,5,5,5,5
1eTxaJShqeigMeagqMno96jTDvPb8y_w_IQxNvQlLjXY,AIEPI 2025 - (DAC_2025) (DAC_01_2026),5,5,5,5,5,5,5,5,5,5,5,5,5
1eTxaJShqeigMeagqMno96jTDvPb8y_w_IQxNvQlLjXY,AIEPI 2025 - (DAC_2025) (DAC_01_2026),5,4,4,4,5,4,5,4,4,4,4,4,5
1eTxaJShqeigMeagqMno96jTDvPb8y_w_IQxNvQlLjXY,AIEPI 2025 - (DAC_2025) (DAC_01_2026),5,5,5,5,5,5,5,5,5,5,5,5,5
1eTxaJShqeigMeagqMno96jTDvPb8y_w_IQxNvQlLjXY,AIEPI 2025 - (DAC_2025) (DAC_01_2026),4,4,4,4,4,4,4,4,4,4,4,4,4
1eTxaJShqeigMeagqMno96jTDvPb8y_w_IQxNvQlLjXY,AIEPI 2025 - (DAC_2025) (DAC_01_2026),5,5,5,5,5,5,5,5,5,5,5,5,5
1eTxaJShqeigMeagqMno96jTDvPb8y_w_IQxNvQlLjXY,AIEPI 2025 - (DAC_2025) (DAC_01_2026),5,5,5,5,5,5,5,5,5,5,5,5,5
1eTxaJShqeigMeagqMno96jTDvPb8y_w_IQxNvQlLjXY,AIEPI 2025 - (DAC_2025) (DAC_01_2026),4,4,4,4,4,4,4,4,4,4,4,4,4
1eTxaJShqeigMeagqMno96jTDvPb8y_w_IQxNvQlLjXY,AIEPI 2025 - (DAC_2025) (DAC_01_2026),4,4,4,5,5,5,5,5,4,5,4,5,5
1guZiH_PrAn9Om_IpVs4WNydUVL5F1Nznzed7yP4yu-Q,Proceso de inducción y reinducción 2025 - (PIR_SSPM_2025),5,5,5,4,5,4,5,5,5,5,4,4,5
1guZiH_PrAn9Om_IpVs4WNydUVL5F1Nznzed7yP4yu-Q,Proceso de inducción y reinducción 2025 - (PIR_SSPM_2025),5,5,5,5,4,4,5,5,2,2,5,5,5
1guZiH_PrAn9Om_IpVs4WNydUVL5F1Nznzed7yP4yu-Q,Proceso de inducción y reinducción 2025 - (PIR_SSPM_2025),5,5,5,5,5,5,5,5,5,5,5,5,5
1guZiH_PrAn9Om_IpVs4WNydUVL5F1Nznzed7yP4yu-Q,Proceso de inducción y reinducción 2025 - (PIR_SSPM_2025),4,4,4,4,4,4,4,4,4,4,4,4,4
1guZiH_PrAn9Om_IpVs4WNydUVL5F1Nznzed7yP4yu-Q,Proceso de inducción y reinducción 2025 - (PIR_SSPM_2025),5,5,5,5,5,5,5,5,5,5,5,5,5
1guZiH_PrAn9Om_IpVs4WNydUVL5F1Nznzed7yP4yu-Q,Proceso de inducción y reinducción 2025 - (PIR_SSPM_2025),5,5,5,4,5,5,4,4,4,4,5,4,5
1guZiH_PrAn9Om_IpVs4WNydUVL5F1Nznzed7yP4yu-Q,Proceso de inducción y reinducción 2025 - (PIR_SSPM_2025),4,4,4,4,4,4,4,4,4,4,4,4,3
1guZiH_PrAn9Om_IpVs4WNydUVL5F1Nznzed7yP4yu-Q,Proceso de inducción y reinducción 2025 - (PIR_SSPM_2025),5,5,5,5,5,5,5,5,5,5,5,5,5
1guZiH_PrAn9Om_IpVs4WNydUVL5F1Nznzed7yP4yu-Q,Proceso de inducción y reinducción 2025 - (PIR_SSPM_2025),5,5,5,5,5,5,5,5,5,5,5,5,5
1guZiH_PrAn9Om_IpVs4WNydUVL5F1Nznzed7yP4yu-Q,Proceso de inducción y reinducción 2025 - (PIR_SSPM_2025),4,4,4,4,4,5,4,4,5,5,4,4,4
1guZiH_PrAn9Om_IpVs4WNydUVL5F1Nznzed7yP4yu-Q,Proceso de inducción y reinducción 2025 - (PIR_SSPM_2025),5,5,5,5,5,5,5,5,3,3,5,5,5
1guZiH_PrAn9Om_IpVs4WNydUVL5F1Nznzed7yP4yu-Q,Proceso de inducción y reinducción 2025 - (PIR_SSPM_2025),4,4,4,4,4,4,4,4,4,4,4,4,4
1guZiH_PrAn9Om_IpVs4WNydUVL5F1Nznzed7yP4yu-Q,Proceso de inducción y reinducción 2025 - (PIR_SSPM_2025),5,5,4,4,4,4,5,5,4,4,4,4,4
1guZiH_PrAn9Om_IpVs4WNydUVL5F1Nznzed7yP4yu-Q,Proceso de inducción y reinducción 2025 - (PIR_SSPM_2025),5,5,5,5,5,5,5,5,5,5,5,5,5
1guZiH_PrAn9Om_IpVs4WNydUVL5F1Nznzed7yP4yu-Q,Proceso de inducción y reinducción 2025 - (PIR_SSPM_2025),5,5,5,5,5,5,5,5,5,5,5,5,5
1guZiH_PrAn9Om_IpVs4WNydUVL5F1Nznzed7yP4yu-Q,Proceso de inducción y reinducción 2025 - (PIR_SSPM_2025),5,4,4,4,4,5,5,4,4,4,5,4,4
1guZiH_PrAn9Om_IpVs4WNydUVL5F1Nznzed7yP4yu-Q,Proceso de inducción y reinducción 2025 - (PIR_SSPM_2025),5,5,5,5,5,5,5,5,5,5,5,5,5
1guZiH_PrAn9Om_IpVs4WNydUVL5F1Nznzed7yP4yu-Q,Proceso de inducción y reinducción 2025 - (PIR_SSPM_2025),5,5,5,5,5,5,5,5,5,5,5,5,5
1guZiH_PrAn9Om_IpVs4WNydUVL5F1Nznzed7yP4yu-Q,Proceso de inducción y reinducción 2025 - (PIR_SSPM_2025),5,5,5,5,5,5,5,5,5,5,5,5,5
1guZiH_PrAn9Om_IpVs4WNydUVL5F1Nznzed7yP4yu-Q,Proceso de inducción y reinducción 2025 - (PIR_SSPM_2025),5,5,5,5,5,5,5,5,5,5,5,5,5
1guZiH_PrAn9Om_IpVs4WNydUVL5F1Nznzed7yP4yu-Q,Proceso de inducción y reinducción 2025 - (PIR_SSPM_2025),4,4,4,5,4,4,4,4,4,4,4,5,5
1guZiH_PrAn9Om_IpVs4WNydUVL5F1Nznzed7yP4yu-Q,Proceso de inducción y reinducción 2025 - (PIR_SSPM_2025),4,4,4,4,4,4,4,4,4,4,4,4,4
1guZiH_PrAn9Om_IpVs4WNydUVL5F1Nznzed7yP4yu-Q,Proceso de inducción y reinducción 2025 - (PIR_SSPM_2025),5,5,5,5,5,5,5,5,5,5,5,5,5
1guZiH_PrAn9Om_IpVs4WNydUVL5F1Nznzed7yP4yu-Q,Proceso de inducción y reinducción 2025 - (PIR_SSPM_2025),5,3,5,3,4,5,1,5,1,1,5,2,3
1guZiH_PrAn9Om_IpVs4WNydUVL5F1Nznzed7yP4yu-Q,Proceso de inducción y reinducción 2025 - (PIR_SSPM_2025),4,4,4,4,4,4,4,4,4,4,4,4,4
1guZiH_PrAn9Om_IpVs4WNydUVL5F1Nznzed7yP4yu-Q,Proceso de inducción y reinducción 2025 - (PIR_SSPM_2025),4,4,4,4,5,4,3,4,3,3,3,4,4
1guZiH_PrAn9Om_IpVs4WNydUVL5F1Nznzed7yP4yu-Q,Proceso de inducción y reinducción 2025 - (PIR_SSPM_2025),4,4,4,4,4,4,4,4,4,4,4,4,4
1guZiH_PrAn9Om_IpVs4WNydUVL5F1Nznzed7yP4yu-Q,Proceso de inducción y reinducción 2025 - (PIR_SSPM_2025),5,5,5,5,5,5,5,5,5,5,5,5,5
1guZiH_PrAn9Om_IpVs4WNydUVL5F1Nznzed7yP4yu-Q,Proceso de inducción y reinducción 2025 - (PIR_SSPM_2025),5,5,5,5,5,5,5,5,5,5,5,5,5
1guZiH_PrAn9Om_IpVs4WNydUVL5F1Nznzed7yP4yu-Q,Proceso de inducción y reinducción 2025 - (PIR_SSPM_2025),4,4,4,4,4,4,4,4,4,4,4,4,4
1guZiH_PrAn9Om_IpVs4WNydUVL5F1Nznzed7yP4yu-Q,Proceso de inducción y reinducción 2025 - (PIR_SSPM_2025),5,5,5,5,5,5,5,5,5,5,5,5,5
1guZiH_PrAn9Om_IpVs4WNydUVL5F1Nznzed7yP4yu-Q,Proceso de inducción y reinducción 2025 - (PIR_SSPM_2025),5,5,5,5,5,5,5,5,5,5,5,5,5
1guZiH_PrAn9Om_IpVs4WNydUVL5F1Nznzed7yP4yu-Q,Proceso de inducción y reinducción 2025 - (PIR_SSPM_2025),5,5,5,5,5,5,5,5,5,5,5,5,5
1guZiH_PrAn9Om_IpVs4WNydUVL5F1Nznzed7yP4yu-Q,Proceso de inducción y reinducción 2025 - (PIR_SSPM_2025),4,5,5,5,5,5,5,5,5,4,4,5,5
1guZiH_PrAn9Om_IpVs4WNydUVL5F1Nznzed7yP4yu-Q,Proceso de inducción y reinducción 2025 - (PIR_SSPM_2025),5,5,5,3,5,5,3,5,3,2,5,5,3
1guZiH_PrAn9Om_IpVs4WNydUVL5F1Nznzed7yP4yu-Q,Proceso de inducción y reinducción 2025 - (PIR_SSPM_2025),5,5,5,5,5,5,5,5,5,5,5,5,5
1guZiH_PrAn9Om_IpVs4WNydUVL5F1Nznzed7yP4yu-Q,Proceso de inducción y reinducción 2025 - (PIR_SSPM_2025),5,5,5,5,5,5,5,5,5,5,5,5,5
1guZiH_PrAn9Om_IpVs4WNydUVL5F1Nznzed7yP4yu-Q,Proceso de inducción y reinducción 2025 - (PIR_SSPM_2025),5,5,5,5,5,5,5,5,5,5,5,5,5
1guZiH_PrAn9Om_IpVs4WNydUVL5F1Nznzed7yP4yu-Q,Proceso de inducción y reinducción 2025 - (PIR_SSPM_2025),5,5,5,5,5,5,5,5,5,5,5,5,5
1guZiH_PrAn9Om_IpVs4WNydUVL5F1Nznzed7yP4yu-Q,Proceso de inducción y reinducción 2025 - (PIR_SSPM_2025),5,5,5,3,5,5,5,3,3,3,5,5,5
1guZiH_PrAn9Om_IpVs4WNydUVL5F1Nznzed7yP4yu-Q,Proceso de inducción y reinducción 2025 - (PIR_SSPM_2025),5,5,5,5,5,5,5,5,5,5,5,5,5
1guZiH_PrAn9Om_IpVs4WNydUVL5F1Nznzed7yP4yu-Q,Proceso de inducción y reinducción 2025 - (PIR_SSPM_2025),4,4,4,4,4,4,4,5,3,3,5,5,5
1guZiH_PrAn9Om_IpVs4WNydUVL5F1Nznzed7yP4yu-Q,Proceso de inducción y reinducción 2025 - (PIR_SSPM_2025),3,3,3,3,3,3,3,3,3,3,3,3,3
1guZiH_PrAn9Om_IpVs4WNydUVL5F1Nznzed7yP4yu-Q,Proceso de inducción y reinducción 2025 - (PIR_SSPM_2025),5,5,5,5,4,5,5,5,4,3,5,5,5
1guZiH_PrAn9Om_IpVs4WNydUVL5F1Nznzed7yP4yu-Q,Proceso de inducción y reinducción 2025 - (PIR_SSPM_2025),4,5,5,4,5,5,4,4,3,2,5,5,5
1guZiH_PrAn9Om_IpVs4WNydUVL5F1Nznzed7yP4yu-Q,Proceso de inducción y reinducción 2025 - (PIR_SSPM_2025),5,5,5,5,5,5,5,5,5,4,3,5,5
1guZiH_PrAn9Om_IpVs4WNydUVL5F1Nznzed7yP4yu-Q,Proceso de inducción y reinducción 2025 - (PIR_SSPM_2025),5,5,5,5,5,5,5,5,5,5,5,5,5
1guZiH_PrAn9Om_IpVs4WNydUVL5F1Nznzed7yP4yu-Q,Proceso de inducción y reinducción 2025 - (PIR_SSPM_2025),5,5,5,5,5,5,5,5,5,5,5,5,5
1guZiH_PrAn9Om_IpVs4WNydUVL5F1Nznzed7yP4yu-Q,Proceso de inducción y reinducción 2025 - (PIR_SSPM_2025),5,5,5,5,5,5,3,3,3,3,3,5,5
1guZiH_PrAn9Om_IpVs4WNydUVL5F1Nznzed7yP4yu-Q,Proceso de inducción y reinducción 2025 - (PIR_SSPM_2025),5,5,5,5,5,5,5,5,5,5,5,5,5
1guZiH_PrAn9Om_IpVs4WNydUVL5F1Nznzed7yP4yu-Q,Proceso de inducción y reinducción 2025 - (PIR_SSPM_2025),5,5,5,5,5,5,5,5,5,5,5,5,5
1guZiH_PrAn9Om_IpVs4WNydUVL5F1Nznzed7yP4yu-Q,Proceso de inducción y reinducción 2025 - (PIR_SSPM_2025),5,5,5,5,5,5,5,5,5,5,5,5,5
1guZiH_PrAn9Om_IpVs4WNydUVL5F1Nznzed7yP4yu-Q,Proceso de inducción y reinducción 2025 - (PIR_SSPM_2025),5,5,5,5,5,5,5,5,5,5,5,5,5
1guZiH_PrAn9Om_IpVs4WNydUVL5F1Nznzed7yP4yu-Q,Proceso de inducción y reinducción 2025 - (PIR_SSPM_2025),5,4,5,5,4,5,2,5,4,5,5,2,4
1guZiH_PrAn9Om_IpVs4WNydUVL5F1Nznzed7yP4yu-Q,Proceso de inducción y reinducción 2025 - (PIR_SSPM_2025),5,5,5,5,5,5,5,5,4,4,4,4,4
1guZiH_PrAn9Om_IpVs4WNydUVL5F1Nznzed7yP4yu-Q,Proceso de inducción y reinducción 2025 - (PIR_SSPM_2025),4,4,4,4,4,4,5,5,5,4,5,4,4
1guZiH_PrAn9Om_IpVs4WNydUVL5F1Nznzed7yP4yu-Q,Proceso de inducción y reinducción 2025 - (PIR_SSPM_2025),5,5,5,5,5,5,5,5,5,5,5,5,5
1guZiH_PrAn9Om_IpVs4WNydUVL5F1Nznzed7yP4yu-Q,Proceso de inducción y reinducción 2025 - (PIR_SSPM_2025),5,5,5,5,5,5,5,5,5,5,5,5,5
1guZiH_PrAn9Om_IpVs4WNydUVL5F1Nznzed7yP4yu-Q,Proceso de inducción y reinducción 2025 - (PIR_SSPM_2025),5,5,5,5,4,5,5,5,5,3,5,5,5
1guZiH_PrAn9Om_IpVs4WNydUVL5F1Nznzed7yP4yu-Q,Proceso de inducción y reinducción 2025 - (PIR_SSPM_2025),5,5,5,5,5,5,5,5,5,5,5,5,5
1guZiH_PrAn9Om_IpVs4WNydUVL5F1Nznzed7yP4yu-Q,Proceso de inducción y reinducción 2025 - (PIR_SSPM_2025),5,5,5,5,5,5,5,5,5,5,5,5,5
1guZiH_PrAn9Om_IpVs4WNydUVL5F1Nznzed7yP4yu-Q,Proceso de inducción y reinducción 2025 - (PIR_SSPM_2025),5,5,5,5,5,5,5,5,5,5,5,5,5
1guZiH_PrAn9Om_IpVs4WNydUVL5F1Nznzed7yP4yu-Q,Proceso de inducción y reinducción 2025 - (PIR_SSPM_2025),4,3,4,4,4,4,4,4,4,4,4,4,4
1guZiH_PrAn9Om_IpVs4WNydUVL5F1Nznzed7yP4yu-Q,Proceso de inducción y reinducción 2025 - (PIR_SSPM_2025),5,5,5,5,5,5,5,5,5,5,5,5,5
1guZiH_PrAn9Om_IpVs4WNydUVL5F1Nznzed7yP4yu-Q,Proceso de inducción y reinducción 2025 - (PIR_SSPM_2025),5,5,5,5,5,5,5,5,5,5,5,5,5
1guZiH_PrAn9Om_IpVs4WNydUVL5F1Nznzed7yP4yu-Q,Proceso de inducción y reinducción 2025 - (PIR_SSPM_2025),5,5,5,5,5,5,5,5,5,5,5,5,5
1guZiH_PrAn9Om_IpVs4WNydUVL5F1Nznzed7yP4yu-Q,Proceso de inducción y reinducción 2025 - (PIR_SSPM_2025),5,5,5,5,5,5,5,5,5,5,5,5,5
1guZiH_PrAn9Om_IpVs4WNydUVL5F1Nznzed7yP4yu-Q,Proceso de inducción y reinducción 2025 - (PIR_SSPM_2025),4,4,4,4,4,4,4,4,3,2,4,4,4
1guZiH_PrAn9Om_IpVs4WNydUVL5F1Nznzed7yP4yu-Q,Proceso de inducción y reinducción 2025 - (PIR_SSPM_2025),5,5,5,5,5,4,4,5,4,4,5,5,4
1guZiH_PrAn9Om_IpVs4WNydUVL5F1Nznzed7yP4yu-Q,Proceso de inducción y reinducción 2025 - (PIR_SSPM_2025),5,5,5,4,5,5,4,4,4,4,4,5,5
1guZiH_PrAn9Om_IpVs4WNydUVL5F1Nznzed7yP4yu-Q,Proceso de inducción y reinducción 2025 - (PIR_SSPM_2025),5,5,5,5,5,5,5,5,5,5,5,5,5
1guZiH_PrAn9Om_IpVs4WNydUVL5F1Nznzed7yP4yu-Q,Proceso de inducción y reinducción 2025 - (PIR_SSPM_2025),5,5,5,5,5,5,5,5,5,5,5,5,5
1guZiH_PrAn9Om_IpVs4WNydUVL5F1Nznzed7yP4yu-Q,Proceso de inducción y reinducción 2025 - (PIR_SSPM_2025),5,5,5,5,5,5,5,5,5,5,5,5,5
1guZiH_PrAn9Om_IpVs4WNydUVL5F1Nznzed7yP4yu-Q,Proceso de inducción y reinducción 2025 - (PIR_SSPM_2025),5,5,5,5,5,5,5,5,5,5,5,5,5
1guZiH_PrAn9Om_IpVs4WNydUVL5F1Nznzed7yP4yu-Q,Proceso de inducción y reinducción 2025 - (PIR_SSPM_2025),5,5,5,5,5,5,5,5,5,5,5,5,5
1guZiH_PrAn9Om_IpVs4WNydUVL5F1Nznzed7yP4yu-Q,Proceso de inducción y reinducción 2025 - (PIR_SSPM_2025),5,5,5,5,5,5,4,5,4,4,5,5,5
1guZiH_PrAn9Om_IpVs4WNydUVL5F1Nznzed7yP4yu-Q,Proceso de inducción y reinducción 2025 - (PIR_SSPM_2025),4,4,5,5,5,5,5,5,5,5,4,4,5
1guZiH_PrAn9Om_IpVs4WNydUVL5F1Nznzed7yP4yu-Q,Proceso de inducción y reinducción 2025 - (PIR_SSPM_2025),5,5,4,4,4,4,4,4,4,4,4,4,4
1guZiH_PrAn9Om_IpVs4WNydUVL5F1Nznzed7yP4yu-Q,Proceso de inducción y reinducción 2025 - (PIR_SSPM_2025),5,5,5,5,5,5,5,5,5,5,5,5,5
1guZiH_PrAn9Om_IpVs4WNydUVL5F1Nznzed7yP4yu-Q,Proceso de inducción y reinducción 2025 - (PIR_SSPM_2025),5,5,5,5,5,5,5,5,5,5,5,5,5
1guZiH_PrAn9Om_IpVs4WNydUVL5F1Nznzed7yP4yu-Q,Proceso de inducción y reinducción 2025 - (PIR_SSPM_2025),5,5,4,5,5,4,4,4,4,3,4,5,5
1guZiH_PrAn9Om_IpVs4WNydUVL5F1Nznzed7yP4yu-Q,Proceso de inducción y reinducción 2025 - (PIR_SSPM_2025),5,5,5,5,5,5,5,5,5,5,5,5,5
1guZiH_PrAn9Om_IpVs4WNydUVL5F1Nznzed7yP4yu-Q,Proceso de inducción y reinducción 2025 - (PIR_SSPM_2025),5,5,5,5,5,5,5,5,5,5,5,5,5
1guZiH_PrAn9Om_IpVs4WNydUVL5F1Nznzed7yP4yu-Q,Proceso de inducción y reinducción 2025 - (PIR_SSPM_2025),5,4,4,3,4,4,2,4,2,1,4,3,4
1guZiH_PrAn9Om_IpVs4WNydUVL5F1Nznzed7yP4yu-Q,Proceso de inducción y reinducción 2025 - (PIR_SSPM_2025),5,5,5,5,5,5,5,5,5,4,5,5,5
1guZiH_PrAn9Om_IpVs4WNydUVL5F1Nznzed7yP4yu-Q,Proceso de inducción y reinducción 2025 - (PIR_SSPM_2025),5,5,5,5,5,5,5,5,5,5,5,5,5
1guZiH_PrAn9Om_IpVs4WNydUVL5F1Nznzed7yP4yu-Q,Proceso de inducción y reinducción 2025 - (PIR_SSPM_2025),5,5,5,5,5,5,5,5,5,5,5,5,5
1guZiH_PrAn9Om_IpVs4WNydUVL5F1Nznzed7yP4yu-Q,Proceso de inducción y reinducción 2025 - (PIR_SSPM_2025),5,5,5,5,5,5,5,5,5,5,5,5,5
1guZiH_PrAn9Om_IpVs4WNydUVL5F1Nznzed7yP4yu-Q,Proceso de inducción y reinducción 2025 - (PIR_SSPM_2025),5,5,5,5,5,5,5,5,5,5,5,5,5
1guZiH_PrAn9Om_IpVs4WNydUVL5F1Nznzed7yP4yu-Q,Proceso de inducción y reinducción 2025 - (PIR_SSPM_2025),4,3,3,1,1,2,1,3,3,3,3,3,3
1guZiH_PrAn9Om_IpVs4WNydUVL5F1Nznzed7yP4yu-Q,Proceso de inducción y reinducción 2025 - (PIR_SSPM_2025),5,5,5,5,5,3,5,5,2,2,5,5,5
1guZiH_PrAn9Om_IpVs4WNydUVL5F1Nznzed7yP4yu-Q,Proceso de inducción y reinducción 2025 - (PIR_SSPM_2025),5,5,5,5,5,5,5,5,5,5,5,5,5
1guZiH_PrAn9Om_IpVs4WNydUVL5F1Nznzed7yP4yu-Q,Proceso de inducción y reinducción 2025 - (PIR_SSPM_2025),5,5,5,4,5,5,4,4,5,2,4,5,4
1guZiH_PrAn9Om_IpVs4WNydUVL5F1Nznzed7yP4yu-Q,Proceso de inducción y reinducción 2025 - (PIR_SSPM_2025),5,5,5,5,5,5,5,5,5,3,5,4,5
1guZiH_PrAn9Om_IpVs4WNydUVL5F1Nznzed7yP4yu-Q,Proceso de inducción y reinducción 2025 - (PIR_SSPM_2025),5,5,5,5,5,5,5,4,4,3,3,5,5
1guZiH_PrAn9Om_IpVs4WNydUVL5F1Nznzed7yP4yu-Q,Proceso de inducción y reinducción 2025 - (PIR_SSPM_2025),5,5,5,5,3,3,4,4,4,3,3,4,4
1guZiH_PrAn9Om_IpVs4WNydUVL5F1Nznzed7yP4yu-Q,Proceso de inducción y reinducción 2025 - (PIR_SSPM_2025),5,5,5,5,5,3,5,3,3,2,2,5,5
1guZiH_PrAn9Om_IpVs4WNydUVL5F1Nznzed7yP4yu-Q,Proceso de inducción y reinducción 2025 - (PIR_SSPM_2025),5,5,5,5,5,5,5,5,5,5,5,5,5
1guZiH_PrAn9Om_IpVs4WNydUVL5F1Nznzed7yP4yu-Q,Proceso de inducción y reinducción 2025 - (PIR_SSPM_2025),5,5,5,5,5,5,5,5,5,5,5,5,5
1guZiH_PrAn9Om_IpVs4WNydUVL5F1Nznzed7yP4yu-Q,Proceso de inducción y reinducción 2025 - (PIR_SSPM_2025),5,5,5,5,5,5,5,5,5,5,5,5,5
1guZiH_PrAn9Om_IpVs4WNydUVL5F1Nznzed7yP4yu-Q,Proceso de inducción y reinducción 2025 - (PIR_SSPM_2025),5,5,5,5,5,5,5,5,5,5,5,5,5
1guZiH_PrAn9Om_IpVs4WNydUVL5F1Nznzed7yP4yu-Q,Proceso de inducción y reinducción 2025 - (PIR_SSPM_2025),5,5,5,5,5,5,5,5,5,5,5,5,5
1guZiH_PrAn9Om_IpVs4WNydUVL5F1Nznzed7yP4yu-Q,Proceso de inducción y reinducción 2025 - (PIR_SSPM_2025),5,5,5,5,5,5,5,5,5,5,5,5,5
1guZiH_PrAn9Om_IpVs4WNydUVL5F1Nznzed7yP4yu-Q,Proceso de inducción y reinducción 2025 - (PIR_SSPM_2025),5,3,4,3,3,4,3,2,3,3,5,5,5
1guZiH_PrAn9Om_IpVs4WNydUVL5F1Nznzed7yP4yu-Q,Proceso de inducción y reinducción 2025 - (PIR_SSPM_2025),4,4,4,4,4,4,4,4,4,4,4,4,4
1guZiH_PrAn9Om_IpVs4WNydUVL5F1Nznzed7yP4yu-Q,Proceso de inducción y reinducción 2025 - (PIR_SSPM_2025),4,4,4,4,4,4,4,4,4,4,4,4,4
1guZiH_PrAn9Om_IpVs4WNydUVL5F1Nznzed7yP4yu-Q,Proceso de inducción y reinducción 2025 - (PIR_SSPM_2025),5,5,5,5,5,5,5,5,5,5,5,5,5
1guZiH_PrAn9Om_IpVs4WNydUVL5F1Nznzed7yP4yu-Q,Proceso de inducción y reinducción 2025 - (PIR_SSPM_2025),5,5,5,5,5,5,5,5,5,3,5,5,5
1guZiH_PrAn9Om_IpVs4WNydUVL5F1Nznzed7yP4yu-Q,Proceso de inducción y reinducción 2025 - (PIR_SSPM_2025),5,5,5,5,5,5,5,5,5,5,5,5,5
1guZiH_PrAn9Om_IpVs4WNydUVL5F1Nznzed7yP4yu-Q,Proceso de inducción y reinducción 2025 - (PIR_SSPM_2025),3,3,3,3,3,3,3,3,3,3,3,3,3
1guZiH_PrAn9Om_IpVs4WNydUVL5F1Nznzed7yP4yu-Q,Proceso de inducción y reinducción 2025 - (PIR_SSPM_2025),5,5,5,5,5,5,5,5,5,5,5,5,5
1guZiH_PrAn9Om_IpVs4WNydUVL5F1Nznzed7yP4yu-Q,Proceso de inducción y reinducción 2025 - (PIR_SSPM_2025),5,5,4,4,5,4,4,4,4,5,5,5,4
1guZiH_PrAn9Om_IpVs4WNydUVL5F1Nznzed7yP4yu-Q,Proceso de inducción y reinducción 2025 - (PIR_SSPM_2025),5,5,5,5,5,5,5,5,5,5,5,5,5
1guZiH_PrAn9Om_IpVs4WNydUVL5F1Nznzed7yP4yu-Q,Proceso de inducción y reinducción 2025 - (PIR_SSPM_2025),4,5,5,4,5,5,5,5,5,5,5,5,5
1guZiH_PrAn9Om_IpVs4WNydUVL5F1Nznzed7yP4yu-Q,Proceso de inducción y reinducción 2025 - (PIR_SSPM_2025),5,5,5,5,5,5,5,5,5,5,5,5,5
1guZiH_PrAn9Om_IpVs4WNydUVL5F1Nznzed7yP4yu-Q,Proceso de inducción y reinducción 2025 - (PIR_SSPM_2025),5,5,5,5,5,5,5,5,5,5,5,5,5
1guZiH_PrAn9Om_IpVs4WNydUVL5F1Nznzed7yP4yu-Q,Proceso de inducción y reinducción 2025 - (PIR_SSPM_2025),5,5,5,5,5,5,5,5,5,5,5,5,5
1guZiH_PrAn9Om_IpVs4WNydUVL5F1Nznzed7yP4yu-Q,Proceso de inducción y reinducción 2025 - (PIR_SSPM_2025),4,4,4,4,4,4,4,4,5,4,4,4,4
1guZiH_PrAn9Om_IpVs4WNydUVL5F1Nznzed7yP4yu-Q,Proceso de inducción y reinducción 2025 - (PIR_SSPM_2025),5,5,5,5,5,5,5,5,5,5,5,5,5
1guZiH_PrAn9Om_IpVs4WNydUVL5F1Nznzed7yP4yu-Q,Proceso de inducción y reinducción 2025 - (PIR_SSPM_2025),5,5,5,5,4,5,4,4,5,5,5,4,5
1guZiH_PrAn9Om_IpVs4WNydUVL5F1Nznzed7yP4yu-Q,Proceso de inducción y reinducción 2025 - (PIR_SSPM_2025),4,5,5,4,5,5,4,4,3,3,4,5,5
1guZiH_PrAn9Om_IpVs4WNydUVL5F1Nznzed7yP4yu-Q,Proceso de inducción y reinducción 2025 - (PIR_SSPM_2025),5,5,5,5,5,5,5,5,5,5,5,5,5
1guZiH_PrAn9Om_IpVs4WNydUVL5F1Nznzed7yP4yu-Q,Proceso de inducción y reinducción 2025 - (PIR_SSPM_2025),5,5,5,5,5,5,5,5,5,5,5,5,5
1guZiH_PrAn9Om_IpVs4WNydUVL5F1Nznzed7yP4yu-Q,Proceso de inducción y reinducción 2025 - (PIR_SSPM_2025),4,4,4,4,4,4,4,4,4,4,4,4,4
1guZiH_PrAn9Om_IpVs4WNydUVL5F1Nznzed7yP4yu-Q,Proceso de inducción y reinducción 2025 - (PIR_SSPM_2025),5,5,5,4,5,5,5,5,5,4,5,5,5
1guZiH_PrAn9Om_IpVs4WNydUVL5F1Nznzed7yP4yu-Q,Proceso de inducción y reinducción 2025 - (PIR_SSPM_2025),5,5,5,5,5,4,5,4,4,4,4,4,4
1guZiH_PrAn9Om_IpVs4WNydUVL5F1Nznzed7yP4yu-Q,Proceso de inducción y reinducción 2025 - (PIR_SSPM_2025),5,5,5,5,5,5,5,5,5,5,5,5,5
1guZiH_PrAn9Om_IpVs4WNydUVL5F1Nznzed7yP4yu-Q,Proceso de inducción y reinducción 2025 - (PIR_SSPM_2025),5,5,5,5,5,5,5,4,5,4,4,5,5
1guZiH_PrAn9Om_IpVs4WNydUVL5F1Nznzed7yP4yu-Q,Proceso de inducción y reinducción 2025 - (PIR_SSPM_2025),5,5,5,5,5,5,5,5,5,5,5,5,5
1guZiH_PrAn9Om_IpVs4WNydUVL5F1Nznzed7yP4yu-Q,Proceso de inducción y reinducción 2025 - (PIR_SSPM_2025),5,4,4,4,5,5,3,4,2,2,4,4,4
1guZiH_PrAn9Om_IpVs4WNydUVL5F1Nznzed7yP4yu-Q,Proceso de inducción y reinducción 2025 - (PIR_SSPM_2025),5,5,5,4,5,5,4,4,4,4,5,4,4
1guZiH_PrAn9Om_IpVs4WNydUVL5F1Nznzed7yP4yu-Q,Proceso de inducción y reinducción 2025 - (PIR_SSPM_2025),5,5,5,5,5,5,5,5,5,5,5,5,5
1guZiH_PrAn9Om_IpVs4WNydUVL5F1Nznzed7yP4yu-Q,Proceso de inducción y reinducción 2025 - (PIR_SSPM_2025),5,5,5,5,5,5,5,5,5,5,5,5,5
1guZiH_PrAn9Om_IpVs4WNydUVL5F1Nznzed7yP4yu-Q,Proceso de inducción y reinducción 2025 - (PIR_SSPM_2025),5,5,5,5,5,5,5,5,5,5,5,5,5
1guZiH_PrAn9Om_IpVs4WNydUVL5F1Nznzed7yP4yu-Q,Proceso de inducción y reinducción 2025 - (PIR_SSPM_2025),4,5,4,5,4,4,4,5,5,4,4,5,5
1guZiH_PrAn9Om_IpVs4WNydUVL5F1Nznzed7yP4yu-Q,Proceso de inducción y reinducción 2025 - (PIR_SSPM_2025),4,4,4,4,4,4,4,4,4,4,4,4,4
1guZiH_PrAn9Om_IpVs4WNydUVL5F1Nznzed7yP4yu-Q,Proceso de inducción y reinducción 2025 - (PIR_SSPM_2025),5,5,5,5,5,5,5,5,5,5,5,5,5
1guZiH_PrAn9Om_IpVs4WNydUVL5F1Nznzed7yP4yu-Q,Proceso de inducción y reinducción 2025 - (PIR_SSPM_2025),5,5,5,5,5,5,5,3,3,4,3,5,4
1guZiH_PrAn9Om_IpVs4WNydUVL5F1Nznzed7yP4yu-Q,Proceso de inducción y reinducción 2025 - (PIR_SSPM_2025),4,5,4,4,3,4,4,4,1,1,5,5,5
1guZiH_PrAn9Om_IpVs4WNydUVL5F1Nznzed7yP4yu-Q,Proceso de inducción y reinducción 2025 - (PIR_SSPM_2025),5,5,5,5,5,5,5,5,5,5,5,5,5
1guZiH_PrAn9Om_IpVs4WNydUVL5F1Nznzed7yP4yu-Q,Proceso de inducción y reinducción 2025 - (PIR_SSPM_2025),5,5,5,5,5,5,5,5,5,5,5,5,5
1guZiH_PrAn9Om_IpVs4WNydUVL5F1Nznzed7yP4yu-Q,Proceso de inducción y reinducción 2025 - (PIR_SSPM_2025),5,5,5,5,5,5,5,5,5,5,5,5,5
1guZiH_PrAn9Om_IpVs4WNydUVL5F1Nznzed7yP4yu-Q,Proceso de inducción y reinducción 2025 - (PIR_SSPM_2025),5,5,5,5,5,5,5,5,5,5,5,5,5
1guZiH_PrAn9Om_IpVs4WNydUVL5F1Nznzed7yP4yu-Q,Proceso de inducción y reinducción 2025 - (PIR_SSPM_2025),4,4,4,4,5,5,4,4,3,4,4,4,4
1guZiH_PrAn9Om_IpVs4WNydUVL5F1Nznzed7yP4yu-Q,Proceso de inducción y reinducción 2025 - (PIR_SSPM_2025),5,5,5,5,5,5,5,5,5,5,5,5,5
1guZiH_PrAn9Om_IpVs4WNydUVL5F1Nznzed7yP4yu-Q,Proceso de inducción y reinducción 2025 - (PIR_SSPM_2025),5,5,5,5,5,5,5,5,5,5,5,5,5
1guZiH_PrAn9Om_IpVs4WNydUVL5F1Nznzed7yP4yu-Q,Proceso de inducción y reinducción 2025 - (PIR_SSPM_2025),5,5,5,5,5,5,5,5,5,5,5,5,5
1guZiH_PrAn9Om_IpVs4WNydUVL5F1Nznzed7yP4yu-Q,Proceso de inducción y reinducción 2025 - (PIR_SSPM_2025),5,5,5,5,5,5,5,5,5,5,5,5,5
1guZiH_PrAn9Om_IpVs4WNydUVL5F1Nznzed7yP4yu-Q,Proceso de inducción y reinducción 2025 - (PIR_SSPM_2025),5,5,5,5,5,5,4,4,4,3,4,4,4
1guZiH_PrAn9Om_IpVs4WNydUVL5F1Nznzed7yP4yu-Q,Proceso de inducción y reinducción 2025 - (PIR_SSPM_2025),5,5,5,5,5,5,5,5,5,5,5,5,5
1guZiH_PrAn9Om_IpVs4WNydUVL5F1Nznzed7yP4yu-Q,Proceso de inducción y reinducción 2025 - (PIR_SSPM_2025),5,5,5,5,5,5,5,5,4,5,5,5,5
1guZiH_PrAn9Om_IpVs4WNydUVL5F1Nznzed7yP4yu-Q,Proceso de inducción y reinducción 2025 - (PIR_SSPM_2025),5,5,5,5,5,5,5,5,3,2,5,5,5
1guZiH_PrAn9Om_IpVs4WNydUVL5F1Nznzed7yP4yu-Q,Proceso de inducción y reinducción 2025 - (PIR_SSPM_2025),5,5,5,5,5,5,5,5,5,5,5,3,5
1guZiH_PrAn9Om_IpVs4WNydUVL5F1Nznzed7yP4yu-Q,Proceso de inducción y reinducción 2025 - (PIR_SSPM_2025),5,5,5,4,5,5,4,5,5,5,5,5,5
1guZiH_PrAn9Om_IpVs4WNydUVL5F1Nznzed7yP4yu-Q,Proceso de inducción y reinducción 2025 - (PIR_SSPM_2025),5,5,4,5,5,5,5,5,5,5,5,5,5
1guZiH_PrAn9Om_IpVs4WNydUVL5F1Nznzed7yP4yu-Q,Proceso de inducción y reinducción 2025 - (PIR_SSPM_2025),5,5,5,5,5,5,5,5,5,5,5,5,5
1guZiH_PrAn9Om_IpVs4WNydUVL5F1Nznzed7yP4yu-Q,Proceso de inducción y reinducción 2025 - (PIR_SSPM_2025),1,1,1,1,1,1,1,1,1,1,1,1,1
1guZiH_PrAn9Om_IpVs4WNydUVL5F1Nznzed7yP4yu-Q,Proceso de inducción y reinducción 2025 - (PIR_SSPM_2025),5,5,5,5,5,5,5,5,5,5,5,5,5
1guZiH_PrAn9Om_IpVs4WNydUVL5F1Nznzed7yP4yu-Q,Proceso de inducción y reinducción 2025 - (PIR_SSPM_2025),5,5,5,5,5,5,5,5,5,5,5,5,5
1guZiH_PrAn9Om_IpVs4WNydUVL5F1Nznzed7yP4yu-Q,Proceso de inducción y reinducción 2025 - (PIR_SSPM_2025),3,4,4,4,4,5,4,4,2,2,3,3,3
1guZiH_PrAn9Om_IpVs4WNydUVL5F1Nznzed7yP4yu-Q,Proceso de inducción y reinducción 2025 - (PIR_SSPM_2025),5,5,5,5,5,5,5,5,5,5,5,5,5
1guZiH_PrAn9Om_IpVs4WNydUVL5F1Nznzed7yP4yu-Q,Proceso de inducción y reinducción 2025 - (PIR_SSPM_2025),5,5,5,5,5,5,5,5,5,5,5,5,5
1guZiH_PrAn9Om_IpVs4WNydUVL5F1Nznzed7yP4yu-Q,Proceso de inducción y reinducción 2025 - (PIR_SSPM_2025),5,5,5,5,5,5,5,5,5,5,4,5,5
1guZiH_PrAn9Om_IpVs4WNydUVL5F1Nznzed7yP4yu-Q,Proceso de inducción y reinducción 2025 - (PIR_SSPM_2025),1,1,1,1,1,1,1,1,1,1,1,1,1
1guZiH_PrAn9Om_IpVs4WNydUVL5F1Nznzed7yP4yu-Q,Proceso de inducción y reinducción 2025 - (PIR_SSPM_2025),5,5,5,5,5,5,5,5,5,5,5,5,5
1guZiH_PrAn9Om_IpVs4WNydUVL5F1Nznzed7yP4yu-Q,Proceso de inducción y reinducción 2025 - (PIR_SSPM_2025),5,5,5,5,5,5,5,5,5,5,5,5,5
1guZiH_PrAn9Om_IpVs4WNydUVL5F1Nznzed7yP4yu-Q,Proceso de inducción y reinducción 2025 - (PIR_SSPM_2025),5,5,5,5,5,5,5,5,5,5,5,5,5
1guZiH_PrAn9Om_IpVs4WNydUVL5F1Nznzed7yP4yu-Q,Proceso de inducción y reinducción 2025 - (PIR_SSPM_2025),5,5,5,5,5,5,5,5,5,5,5,5,5
1guZiH_PrAn9Om_IpVs4WNydUVL5F1Nznzed7yP4yu-Q,Proceso de inducción y reinducción 2025 - (PIR_SSPM_2025),4,4,4,4,4,4,4,4,4,4,4,4,4
1guZiH_PrAn9Om_IpVs4WNydUVL5F1Nznzed7yP4yu-Q,Proceso de inducción y reinducción 2025 - (PIR_SSPM_2025),5,5,5,5,5,5,5,5,5,5,5,5,5
1guZiH_PrAn9Om_IpVs4WNydUVL5F1Nznzed7yP4yu-Q,Proceso de inducción y reinducción 2025 - (PIR_SSPM_2025),4,4,3,4,4,4,4,4,2,2,4,4,3
1guZiH_PrAn9Om_IpVs4WNydUVL5F1Nznzed7yP4yu-Q,Proceso de inducción y reinducción 2025 - (PIR_SSPM_2025),4,4,4,4,4,4,4,4,3,3,5,4,4
1guZiH_PrAn9Om_IpVs4WNydUVL5F1Nznzed7yP4yu-Q,Proceso de inducción y reinducción 2025 - (PIR_SSPM_2025),5,5,5,5,5,5,5,5,5,5,5,5,5
1guZiH_PrAn9Om_IpVs4WNydUVL5F1Nznzed7yP4yu-Q,Proceso de inducción y reinducción 2025 - (PIR_SSPM_2025),5,5,5,5,5,5,5,5,5,4,5,5,5
1guZiH_PrAn9Om_IpVs4WNydUVL5F1Nznzed7yP4yu-Q,Proceso de inducción y reinducción 2025 - (PIR_SSPM_2025),5,5,5,5,5,5,5,5,5,5,5,5,5
1guZiH_PrAn9Om_IpVs4WNydUVL5F1Nznzed7yP4yu-Q,Proceso de inducción y reinducción 2025 - (PIR_SSPM_2025),5,5,5,5,5,5,5,5,5,5,5,5,5
1guZiH_PrAn9Om_IpVs4WNydUVL5F1Nznzed7yP4yu-Q,Proceso de inducción y reinducción 2025 - (PIR_SSPM_2025),4,4,4,4,4,3,1,1,1,1,3,3,3
1guZiH_PrAn9Om_IpVs4WNydUVL5F1Nznzed7yP4yu-Q,Proceso de inducción y reinducción 2025 - (PIR_SSPM_2025),5,5,5,5,5,5,5,5,5,5,5,5,5
1guZiH_PrAn9Om_IpVs4WNydUVL5F1Nznzed7yP4yu-Q,Proceso de inducción y reinducción 2025 - (PIR_SSPM_2025),4,4,4,4,4,5,5,4,4,4,4,4,4
1guZiH_PrAn9Om_IpVs4WNydUVL5F1Nznzed7yP4yu-Q,Proceso de inducción y reinducción 2025 - (PIR_SSPM_2025),5,4,4,4,5,5,4,4,4,1,4,4,4
1guZiH_PrAn9Om_IpVs4WNydUVL5F1Nznzed7yP4yu-Q,Proceso de inducción y reinducción 2025 - (PIR_SSPM_2025),5,5,5,5,5,5,5,5,5,5,5,5,5
1guZiH_PrAn9Om_IpVs4WNydUVL5F1Nznzed7yP4yu-Q,Proceso de inducción y reinducción 2025 - (PIR_SSPM_2025),5,5,5,5,5,5,5,5,5,5,5,5,5
1guZiH_PrAn9Om_IpVs4WNydUVL5F1Nznzed7yP4yu-Q,Proceso de inducción y reinducción 2025 - (PIR_SSPM_2025),5,5,5,5,5,5,5,5,5,5,5,5,5
1guZiH_PrAn9Om_IpVs4WNydUVL5F1Nznzed7yP4yu-Q,Proceso de inducción y reinducción 2025 - (PIR_SSPM_2025),5,5,5,5,5,5,5,5,5,5,5,5,5
1guZiH_PrAn9Om_IpVs4WNydUVL5F1Nznzed7yP4yu-Q,Proceso de inducción y reinducción 2025 - (PIR_SSPM_2025),5,5,5,5,5,5,5,5,5,5,5,5,5
1guZiH_PrAn9Om_IpVs4WNydUVL5F1Nznzed7yP4yu-Q,Proceso de inducción y reinducción 2025 - (PIR_SSPM_2025),5,5,5,4,5,5,5,5,5,5,5,4,5
1guZiH_PrAn9Om_IpVs4WNydUVL5F1Nznzed7yP4yu-Q,Proceso de inducción y reinducción 2025 - (PIR_SSPM_2025),5,5,5,5,5,5,5,5,5,5,5,5,5
1guZiH_PrAn9Om_IpVs4WNydUVL5F1Nznzed7yP4yu-Q,Proceso de inducción y reinducción 2025 - (PIR_SSPM_2025),4,4,4,4,4,4,4,4,4,4,4,4,4
1guZiH_PrAn9Om_IpVs4WNydUVL5F1Nznzed7yP4yu-Q,Proceso de inducción y reinducción 2025 - (PIR_SSPM_2025),5,5,5,5,5,5,5,5,5,5,5,5,5
1guZiH_PrAn9Om_IpVs4WNydUVL5F1Nznzed7yP4yu-Q,Proceso de inducción y reinducción 2025 - (PIR_SSPM_2025),5,5,5,4,5,4,4,5,3,3,5,4,4
1guZiH_PrAn9Om_IpVs4WNydUVL5F1Nznzed7yP4yu-Q,Proceso de inducción y reinducción 2025 - (PIR_SSPM_2025),5,5,4,4,5,5,5,5,3,4,5,5,4
1guZiH_PrAn9Om_IpVs4WNydUVL5F1Nznzed7yP4yu-Q,Proceso de inducción y reinducción 2025 - (PIR_SSPM_2025),5,5,5,5,5,5,5,5,5,5,5,5,5
1guZiH_PrAn9Om_IpVs4WNydUVL5F1Nznzed7yP4yu-Q,Proceso de inducción y reinducción 2025 - (PIR_SSPM_2025),4,4,4,4,4,4,4,4,4,4,4,4,4
1guZiH_PrAn9Om_IpVs4WNydUVL5F1Nznzed7yP4yu-Q,Proceso de inducción y reinducción 2025 - (PIR_SSPM_2025),5,5,5,5,5,5,5,5,5,5,5,5,5
1guZiH_PrAn9Om_IpVs4WNydUVL5F1Nznzed7yP4yu-Q,Proceso de inducción y reinducción 2025 - (PIR_SSPM_2025),5,5,5,5,5,5,5,5,5,5,5,5,5
1guZiH_PrAn9Om_IpVs4WNydUVL5F1Nznzed7yP4yu-Q,Proceso de inducción y reinducción 2025 - (PIR_SSPM_2025),4,4,4,4,4,4,4,4,4,4,4,4,4
1guZiH_PrAn9Om_IpVs4WNydUVL5F1Nznzed7yP4yu-Q,Proceso de inducción y reinducción 2025 - (PIR_SSPM_2025),3,3,3,3,3,3,3,3,3,3,3,3,3
1guZiH_PrAn9Om_IpVs4WNydUVL5F1Nznzed7yP4yu-Q,Proceso de inducción y reinducción 2025 - (PIR_SSPM_2025),5,5,5,5,5,5,5,5,5,5,5,5,5
1guZiH_PrAn9Om_IpVs4WNydUVL5F1Nznzed7yP4yu-Q,Proceso de inducción y reinducción 2025 - (PIR_SSPM_2025),4,4,4,4,4,4,4,4,4,4,4,4,4
1guZiH_PrAn9Om_IpVs4WNydUVL5F1Nznzed7yP4yu-Q,Proceso de inducción y reinducción 2025 - (PIR_SSPM_2025),5,5,5,5,5,5,5,5,5,5,5,5,5
1guZiH_PrAn9Om_IpVs4WNydUVL5F1Nznzed7yP4yu-Q,Proceso de inducción y reinducción 2025 - (PIR_SSPM_2025),4,4,4,4,4,4,4,4,4,4,4,4,4
1guZiH_PrAn9Om_IpVs4WNydUVL5F1Nznzed7yP4yu-Q,Proceso de inducción y reinducción 2025 - (PIR_SSPM_2025),5,5,5,5,5,5,4,4,5,1,5,5,4
1guZiH_PrAn9Om_IpVs4WNydUVL5F1Nznzed7yP4yu-Q,Proceso de inducción y reinducción 2025 - (PIR_SSPM_2025),5,5,5,5,5,5,5,5,5,5,5,5,5
1guZiH_PrAn9Om_IpVs4WNydUVL5F1Nznzed7yP4yu-Q,Proceso de inducción y reinducción 2025 - (PIR_SSPM_2025),5,5,5,5,5,5,5,5,5,5,5,5,5
1guZiH_PrAn9Om_IpVs4WNydUVL5F1Nznzed7yP4yu-Q,Proceso de inducción y reinducción 2025 - (PIR_SSPM_2025),3,4,4,4,4,4,4,4,4,4,4,4,4
1guZiH_PrAn9Om_IpVs4WNydUVL5F1Nznzed7yP4yu-Q,Proceso de inducción y reinducción 2025 - (PIR_SSPM_2025),5,5,5,4,5,5,4,5,1,1,4,5,4
1guZiH_PrAn9Om_IpVs4WNydUVL5F1Nznzed7yP4yu-Q,Proceso de inducción y reinducción 2025 - (PIR_SSPM_2025),4,4,4,4,5,4,4,5,4,4,4,4,4
1guZiH_PrAn9Om_IpVs4WNydUVL5F1Nznzed7yP4yu-Q,Proceso de inducción y reinducción 2025 - (PIR_SSPM_2025),5,5,5,5,5,5,5,5,5,5,5,5,5
1guZiH_PrAn9Om_IpVs4WNydUVL5F1Nznzed7yP4yu-Q,Proceso de inducción y reinducción 2025 - (PIR_SSPM_2025),5,5,5,5,5,5,5,5,5,5,5,5,5
1guZiH_PrAn9Om_IpVs4WNydUVL5F1Nznzed7yP4yu-Q,Proceso de inducción y reinducción 2025 - (PIR_SSPM_2025),5,5,5,5,5,5,5,5,5,5,5,5,5
1guZiH_PrAn9Om_IpVs4WNydUVL5F1Nznzed7yP4yu-Q,Proceso de inducción y reinducción 2025 - (PIR_SSPM_2025),5,5,5,5,5,5,5,5,5,5,5,5,5
1guZiH_PrAn9Om_IpVs4WNydUVL5F1Nznzed7yP4yu-Q,Proceso de inducción y reinducción 2025 - (PIR_SSPM_2025),5,5,5,5,5,5,5,5,5,5,5,5,5
1guZiH_PrAn9Om_IpVs4WNydUVL5F1Nznzed7yP4yu-Q,Proceso de inducción y reinducción 2025 - (PIR_SSPM_2025),5,5,5,5,5,5,5,5,5,5,5,5,5
1guZiH_PrAn9Om_IpVs4WNydUVL5F1Nznzed7yP4yu-Q,Proceso de inducción y reinducción 2025 - (PIR_SSPM_2025),5,5,5,5,5,5,5,5,5,5,5,5,5
1guZiH_PrAn9Om_IpVs4WNydUVL5F1Nznzed7yP4yu-Q,Proceso de inducción y reinducción 2025 - (PIR_SSPM_2025),4,4,4,5,4,3,4,3,4,4,3,4,4
1guZiH_PrAn9Om_IpVs4WNydUVL5F1Nznzed7yP4yu-Q,Proceso de inducción y reinducción 2025 - (PIR_SSPM_2025),5,5,5,5,5,5,5,5,5,5,5,5,5
1guZiH_PrAn9Om_IpVs4WNydUVL5F1Nznzed7yP4yu-Q,Proceso de inducción y reinducción 2025 - (PIR_SSPM_2025),5,5,5,4,5,5,4,5,4,4,4,4,4
1guZiH_PrAn9Om_IpVs4WNydUVL5F1Nznzed7yP4yu-Q,Proceso de inducción y reinducción 2025 - (PIR_SSPM_2025),5,5,4,5,4,5,5,5,4,5,4,5,4
1guZiH_PrAn9Om_IpVs4WNydUVL5F1Nznzed7yP4yu-Q,Proceso de inducción y reinducción 2025 - (PIR_SSPM_2025),5,5,5,5,5,5,5,5,5,5,5,5,5
1guZiH_PrAn9Om_IpVs4WNydUVL5F1Nznzed7yP4yu-Q,Proceso de inducción y reinducción 2025 - (PIR_SSPM_2025),4,4,4,4,4,4,4,4,4,4,4,4,4
1guZiH_PrAn9Om_IpVs4WNydUVL5F1Nznzed7yP4yu-Q,Proceso de inducción y reinducción 2025 - (PIR_SSPM_2025),5,5,5,5,5,5,5,5,5,5,5,5,5
1guZiH_PrAn9Om_IpVs4WNydUVL5F1Nznzed7yP4yu-Q,Proceso de inducción y reinducción 2025 - (PIR_SSPM_2025),5,5,5,5,5,5,5,5,5,5,5,5,5
1guZiH_PrAn9Om_IpVs4WNydUVL5F1Nznzed7yP4yu-Q,Proceso de inducción y reinducción 2025 - (PIR_SSPM_2025),5,4,4,3,4,4,4,5,4,3,4,5,4
1guZiH_PrAn9Om_IpVs4WNydUVL5F1Nznzed7yP4yu-Q,Proceso de inducción y reinducción 2025 - (PIR_SSPM_2025),5,5,5,5,5,5,5,5,5,5,5,5,5
1guZiH_PrAn9Om_IpVs4WNydUVL5F1Nznzed7yP4yu-Q,Proceso de inducción y reinducción 2025 - (PIR_SSPM_2025),5,4,4,4,5,4,4,4,4,5,5,5,4
1guZiH_PrAn9Om_IpVs4WNydUVL5F1Nznzed7yP4yu-Q,Proceso de inducción y reinducción 2025 - (PIR_SSPM_2025),4,4,4,3,4,4,3,3,1,1,1,3,4
1guZiH_PrAn9Om_IpVs4WNydUVL5F1Nznzed7yP4yu-Q,Proceso de inducción y reinducción 2025 - (PIR_SSPM_2025),1,1,1,1,1,1,1,1,1,1,1,1,1
1guZiH_PrAn9Om_IpVs4WNydUVL5F1Nznzed7yP4yu-Q,Proceso de inducción y reinducción 2025 - (PIR_SSPM_2025),5,5,5,5,5,5,5,5,5,5,5,5,5
1guZiH_PrAn9Om_IpVs4WNydUVL5F1Nznzed7yP4yu-Q,Proceso de inducción y reinducción 2025 - (PIR_SSPM_2025),5,5,5,5,5,5,5,5,5,5,5,5,5
1guZiH_PrAn9Om_IpVs4WNydUVL5F1Nznzed7yP4yu-Q,Proceso de inducción y reinducción 2025 - (PIR_SSPM_2025),4,4,4,4,4,4,3,4,4,4,4,4,4
1guZiH_PrAn9Om_IpVs4WNydUVL5F1Nznzed7yP4yu-Q,Proceso de inducción y reinducción 2025 - (PIR_SSPM_2025),4,4,5,4,4,4,4,4,4,4,4,4,4
1guZiH_PrAn9Om_IpVs4WNydUVL5F1Nznzed7yP4yu-Q,Proceso de inducción y reinducción 2025 - (PIR_SSPM_2025),3,3,3,3,3,3,2,3,3,3,3,2,2
1guZiH_PrAn9Om_IpVs4WNydUVL5F1Nznzed7yP4yu-Q,Proceso de inducción y reinducción 2025 - (PIR_SSPM_2025),5,5,5,4,5,5,5,5,5,5,5,5,5
1guZiH_PrAn9Om_IpVs4WNydUVL5F1Nznzed7yP4yu-Q,Proceso de inducción y reinducción 2025 - (PIR_SSPM_2025),5,5,5,5,5,5,5,5,5,5,5,5,5
1guZiH_PrAn9Om_IpVs4WNydUVL5F1Nznzed7yP4yu-Q,Proceso de inducción y reinducción 2025 - (PIR_SSPM_2025),5,5,5,5,5,5,5,5,5,5,5,5,5
1guZiH_PrAn9Om_IpVs4WNydUVL5F1Nznzed7yP4yu-Q,Proceso de inducción y reinducción 2025 - (PIR_SSPM_2025),5,5,5,5,5,5,5,5,5,5,5,5,5
1guZiH_PrAn9Om_IpVs4WNydUVL5F1Nznzed7yP4yu-Q,Proceso de inducción y reinducción 2025 - (PIR_SSPM_2025),5,5,5,5,5,5,5,5,5,5,5,5,5
1guZiH_PrAn9Om_IpVs4WNydUVL5F1Nznzed7yP4yu-Q,Proceso de inducción y reinducción 2025 - (PIR_SSPM_2025),5,5,5,5,5,5,3,1,1,1,5,5,4
1guZiH_PrAn9Om_IpVs4WNydUVL5F1Nznzed7yP4yu-Q,Proceso de inducción y reinducción 2025 - (PIR_SSPM_2025),4,3,4,3,4,4,4,4,2,4,2,4,3
1guZiH_PrAn9Om_IpVs4WNydUVL5F1Nznzed7yP4yu-Q,Proceso de inducción y reinducción 2025 - (PIR_SSPM_2025),5,5,5,5,5,5,5,5,5,5,5,5,5
1guZiH_PrAn9Om_IpVs4WNydUVL5F1Nznzed7yP4yu-Q,Proceso de inducción y reinducción 2025 - (PIR_SSPM_2025),5,5,5,5,5,5,5,5,5,5,5,5,5
1guZiH_PrAn9Om_IpVs4WNydUVL5F1Nznzed7yP4yu-Q,Proceso de inducción y reinducción 2025 - (PIR_SSPM_2025),4,4,4,4,4,4,4,4,4,4,4,4,4
1guZiH_PrAn9Om_IpVs4WNydUVL5F1Nznzed7yP4yu-Q,Proceso de inducción y reinducción 2025 - (PIR_SSPM_2025),4,4,4,4,4,4,4,4,4,4,4,4,4
1guZiH_PrAn9Om_IpVs4WNydUVL5F1Nznzed7yP4yu-Q,Proceso de inducción y reinducción 2025 - (PIR_SSPM_2025),4,4,4,4,4,4,4,4,4,4,4,4,4
1guZiH_PrAn9Om_IpVs4WNydUVL5F1Nznzed7yP4yu-Q,Proceso de inducción y reinducción 2025 - (PIR_SSPM_2025),5,5,5,5,5,5,5,5,5,5,5,5,5
1guZiH_PrAn9Om_IpVs4WNydUVL5F1Nznzed7yP4yu-Q,Proceso de inducción y reinducción 2025 - (PIR_SSPM_2025),5,5,5,5,5,5,5,5,3,3,5,5,5
1guZiH_PrAn9Om_IpVs4WNydUVL5F1Nznzed7yP4yu-Q,Proceso de inducción y reinducción 2025 - (PIR_SSPM_2025),5,5,5,5,5,5,5,5,5,5,5,5,5
1guZiH_PrAn9Om_IpVs4WNydUVL5F1Nznzed7yP4yu-Q,Proceso de inducción y reinducción 2025 - (PIR_SSPM_2025),4,4,4,3,4,5,3,4,3,4,4,4,3
1guZiH_PrAn9Om_IpVs4WNydUVL5F1Nznzed7yP4yu-Q,Proceso de inducción y reinducción 2025 - (PIR_SSPM_2025),4,4,4,4,4,4,4,4,4,4,4,4,4
1guZiH_PrAn9Om_IpVs4WNydUVL5F1Nznzed7yP4yu-Q,Proceso de inducción y reinducción 2025 - (PIR_SSPM_2025),5,5,5,5,5,5,5,5,5,5,5,5,5
1guZiH_PrAn9Om_IpVs4WNydUVL5F1Nznzed7yP4yu-Q,Proceso de inducción y reinducción 2025 - (PIR_SSPM_2025),5,5,5,5,5,5,5,5,5,5,5,5,5
1guZiH_PrAn9Om_IpVs4WNydUVL5F1Nznzed7yP4yu-Q,Proceso de inducción y reinducción 2025 - (PIR_SSPM_2025),5,5,5,5,5,5,5,5,5,5,5,5,5
1guZiH_PrAn9Om_IpVs4WNydUVL5F1Nznzed7yP4yu-Q,Proceso de inducción y reinducción 2025 - (PIR_SSPM_2025),5,5,5,5,5,4,3,2,3,3,5,5,3
1guZiH_PrAn9Om_IpVs4WNydUVL5F1Nznzed7yP4yu-Q,Proceso de inducción y reinducción 2025 - (PIR_SSPM_2025),5,5,5,5,5,5,5,5,5,5,5,5,5
1guZiH_PrAn9Om_IpVs4WNydUVL5F1Nznzed7yP4yu-Q,Proceso de inducción y reinducción 2025 - (PIR_SSPM_2025),5,5,5,5,5,5,5,5,5,5,5,5,5
1guZiH_PrAn9Om_IpVs4WNydUVL5F1Nznzed7yP4yu-Q,Proceso de inducción y reinducción 2025 - (PIR_SSPM_2025),5,5,5,5,5,5,5,5,5,5,5,5,5
1guZiH_PrAn9Om_IpVs4WNydUVL5F1Nznzed7yP4yu-Q,Proceso de inducción y reinducción 2025 - (PIR_SSPM_2025),5,5,5,5,5,5,5,5,5,5,5,5,5
1guZiH_PrAn9Om_IpVs4WNydUVL5F1Nznzed7yP4yu-Q,Proceso de inducción y reinducción 2025 - (PIR_SSPM_2025),5,5,5,5,5,5,5,5,5,5,5,5,5
1guZiH_PrAn9Om_IpVs4WNydUVL5F1Nznzed7yP4yu-Q,Proceso de inducción y reinducción 2025 - (PIR_SSPM_2025),5,4,4,4,5,4,4,4,1,1,5,4,4
1guZiH_PrAn9Om_IpVs4WNydUVL5F1Nznzed7yP4yu-Q,Proceso de inducción y reinducción 2025 - (PIR_SSPM_2025),4,4,4,4,4,2,4,4,4,4,4,4,4
1guZiH_PrAn9Om_IpVs4WNydUVL5F1Nznzed7yP4yu-Q,Proceso de inducción y reinducción 2025 - (PIR_SSPM_2025),5,5,5,5,5,5,5,5,5,5,5,5,5
1guZiH_PrAn9Om_IpVs4WNydUVL5F1Nznzed7yP4yu-Q,Proceso de inducción y reinducción 2025 - (PIR_SSPM_2025),4,4,4,4,4,5,4,4,4,4,3,5,4
1guZiH_PrAn9Om_IpVs4WNydUVL5F1Nznzed7yP4yu-Q,Proceso de inducción y reinducción 2025 - (PIR_SSPM_2025),5,5,5,5,5,5,5,5,5,5,5,5,5
1guZiH_PrAn9Om_IpVs4WNydUVL5F1Nznzed7yP4yu-Q,Proceso de inducción y reinducción 2025 - (PIR_SSPM_2025),5,5,5,5,5,5,5,5,5,5,5,5,5
1guZiH_PrAn9Om_IpVs4WNydUVL5F1Nznzed7yP4yu-Q,Proceso de inducción y reinducción 2025 - (PIR_SSPM_2025),4,4,4,4,4,4,4,4,4,4,4,4,4
1guZiH_PrAn9Om_IpVs4WNydUVL5F1Nznzed7yP4yu-Q,Proceso de inducción y reinducción 2025 - (PIR_SSPM_2025),5,5,5,5,5,5,5,5,5,5,5,5,5
1guZiH_PrAn9Om_IpVs4WNydUVL5F1Nznzed7yP4yu-Q,Proceso de inducción y reinducción 2025 - (PIR_SSPM_2025),5,5,5,5,5,5,5,5,5,5,5,5,5
1guZiH_PrAn9Om_IpVs4WNydUVL5F1Nznzed7yP4yu-Q,Proceso de inducción y reinducción 2025 - (PIR_SSPM_2025),5,4,4,4,4,4,4,3,1,1,2,4,4
1guZiH_PrAn9Om_IpVs4WNydUVL5F1Nznzed7yP4yu-Q,Proceso de inducción y reinducción 2025 - (PIR_SSPM_2025),1,1,1,1,1,1,1,1,1,1,1,1,1
1guZiH_PrAn9Om_IpVs4WNydUVL5F1Nznzed7yP4yu-Q,Proceso de inducción y reinducción 2025 - (PIR_SSPM_2025),5,5,5,5,5,5,5,5,5,5,5,5,5
1guZiH_PrAn9Om_IpVs4WNydUVL5F1Nznzed7yP4yu-Q,Proceso de inducción y reinducción 2025 - (PIR_SSPM_2025),1,1,3,1,1,1,1,1,1,1,1,1,1
1guZiH_PrAn9Om_IpVs4WNydUVL5F1Nznzed7yP4yu-Q,Proceso de inducción y reinducción 2025 - (PIR_SSPM_2025),5,5,5,5,5,5,5,5,5,5,5,5,5
1guZiH_PrAn9Om_IpVs4WNydUVL5F1Nznzed7yP4yu-Q,Proceso de inducción y reinducción 2025 - (PIR_SSPM_2025),5,5,5,5,5,5,5,5,5,5,5,5,5
1guZiH_PrAn9Om_IpVs4WNydUVL5F1Nznzed7yP4yu-Q,Proceso de inducción y reinducción 2025 - (PIR_SSPM_2025),5,5,5,5,5,5,5,5,5,5,5,5,5
1guZiH_PrAn9Om_IpVs4WNydUVL5F1Nznzed7yP4yu-Q,Proceso de inducción y reinducción 2025 - (PIR_SSPM_2025),5,5,5,5,5,5,5,5,5,5,5,5,5
1guZiH_PrAn9Om_IpVs4WNydUVL5F1Nznzed7yP4yu-Q,Proceso de inducción y reinducción 2025 - (PIR_SSPM_2025),1,1,3,1,1,3,1,3,3,1,3,3,1
1guZiH_PrAn9Om_IpVs4WNydUVL5F1Nznzed7yP4yu-Q,Proceso de inducción y reinducción 2025 - (PIR_SSPM_2025),4,4,4,4,4,4,4,4,4,4,4,4,4
1guZiH_PrAn9Om_IpVs4WNydUVL5F1Nznzed7yP4yu-Q,Proceso de inducción y reinducción 2025 - (PIR_SSPM_2025),5,5,5,5,5,5,5,5,5,5,5,5,5
1guZiH_PrAn9Om_IpVs4WNydUVL5F1Nznzed7yP4yu-Q,Proceso de inducción y reinducción 2025 - (PIR_SSPM_2025),5,5,5,5,5,5,5,5,5,5,4,4,5
1guZiH_PrAn9Om_IpVs4WNydUVL5F1Nznzed7yP4yu-Q,Proceso de inducción y reinducción 2025 - (PIR_SSPM_2025),5,5,5,5,5,5,5,5,5,5,5,5,5
1guZiH_PrAn9Om_IpVs4WNydUVL5F1Nznzed7yP4yu-Q,Proceso de inducción y reinducción 2025 - (PIR_SSPM_2025),5,5,5,5,5,5,5,5,5,5,5,5,5
1guZiH_PrAn9Om_IpVs4WNydUVL5F1Nznzed7yP4yu-Q,Proceso de inducción y reinducción 2025 - (PIR_SSPM_2025),5,5,5,5,5,5,5,5,5,5,5,5,5
1guZiH_PrAn9Om_IpVs4WNydUVL5F1Nznzed7yP4yu-Q,Proceso de inducción y reinducción 2025 - (PIR_SSPM_2025),5,5,5,5,5,5,5,5,4,4,5,5,4
1guZiH_PrAn9Om_IpVs4WNydUVL5F1Nznzed7yP4yu-Q,Proceso de inducción y reinducción 2025 - (PIR_SSPM_2025),4,4,4,4,4,4,4,4,4,4,4,4,4
1guZiH_PrAn9Om_IpVs4WNydUVL5F1Nznzed7yP4yu-Q,Proceso de inducción y reinducción 2025 - (PIR_SSPM_2025),5,5,5,5,5,5,5,5,4,4,5,5,5
1guZiH_PrAn9Om_IpVs4WNydUVL5F1Nznzed7yP4yu-Q,Proceso de inducción y reinducción 2025 - (PIR_SSPM_2025),5,5,5,5,5,5,5,5,5,5,5,5,5
1guZiH_PrAn9Om_IpVs4WNydUVL5F1Nznzed7yP4yu-Q,Proceso de inducción y reinducción 2025 - (PIR_SSPM_2025),4,4,4,4,4,4,4,4,4,4,4,4,4
1guZiH_PrAn9Om_IpVs4WNydUVL5F1Nznzed7yP4yu-Q,Proceso de inducción y reinducción 2025 - (PIR_SSPM_2025),5,5,5,5,4,4,4,4,4,4,4,4,4
1guZiH_PrAn9Om_IpVs4WNydUVL5F1Nznzed7yP4yu-Q,Proceso de inducción y reinducción 2025 - (PIR_SSPM_2025),5,5,5,5,5,5,5,5,5,5,5,5,5
1guZiH_PrAn9Om_IpVs4WNydUVL5F1Nznzed7yP4yu-Q,Proceso de inducción y reinducción 2025 - (PIR_SSPM_2025),5,5,5,5,5,5,5,5,5,5,5,5,5
1guZiH_PrAn9Om_IpVs4WNydUVL5F1Nznzed7yP4yu-Q,Proceso de inducción y reinducción 2025 - (PIR_SSPM_2025),5,5,5,5,5,5,5,5,5,5,5,5,5
1guZiH_PrAn9Om_IpVs4WNydUVL5F1Nznzed7yP4yu-Q,Proceso de inducción y reinducción 2025 - (PIR_SSPM_2025),5,5,5,4,5,5,5,5,5,5,5,5,5
1guZiH_PrAn9Om_IpVs4WNydUVL5F1Nznzed7yP4yu-Q,Proceso de inducción y reinducción 2025 - (PIR_SSPM_2025),5,5,5,5,5,5,5,5,5,5,5,5,5
1guZiH_PrAn9Om_IpVs4WNydUVL5F1Nznzed7yP4yu-Q,Proceso de inducción y reinducción 2025 - (PIR_SSPM_2025),5,5,4,4,5,5,4,4,3,3,5,5,5
1guZiH_PrAn9Om_IpVs4WNydUVL5F1Nznzed7yP4yu-Q,Proceso de inducción y reinducción 2025 - (PIR_SSPM_2025),5,5,5,5,5,5,5,5,5,5,5,5,5
1guZiH_PrAn9Om_IpVs4WNydUVL5F1Nznzed7yP4yu-Q,Proceso de inducción y reinducción 2025 - (PIR_SSPM_2025),5,5,5,5,5,5,5,5,5,5,5,5,5
1guZiH_PrAn9Om_IpVs4WNydUVL5F1Nznzed7yP4yu-Q,Proceso de inducción y reinducción 2025 - (PIR_SSPM_2025),4,4,4,5,4,4,4,4,4,4,4,5,5
1guZiH_PrAn9Om_IpVs4WNydUVL5F1Nznzed7yP4yu-Q,Proceso de inducción y reinducción 2025 - (PIR_SSPM_2025),5,5,5,5,5,5,5,5,5,5,5,5,5
1guZiH_PrAn9Om_IpVs4WNydUVL5F1Nznzed7yP4yu-Q,Proceso de inducción y reinducción 2025 - (PIR_SSPM_2025),4,4,5,5,5,5,4,4,4,4,4,5,5
1guZiH_PrAn9Om_IpVs4WNydUVL5F1Nznzed7yP4yu-Q,Proceso de inducción y reinducción 2025 - (PIR_SSPM_2025),5,5,5,5,5,5,5,5,5,5,5,5,5
1guZiH_PrAn9Om_IpVs4WNydUVL5F1Nznzed7yP4yu-Q,Proceso de inducción y reinducción 2025 - (PIR_SSPM_2025),5,5,5,5,5,5,5,5,5,5,5,5,5
1guZiH_PrAn9Om_IpVs4WNydUVL5F1Nznzed7yP4yu-Q,Proceso de inducción y reinducción 2025 - (PIR_SSPM_2025),5,5,5,5,5,5,5,5,5,5,5,5,5
1guZiH_PrAn9Om_IpVs4WNydUVL5F1Nznzed7yP4yu-Q,Proceso de inducción y reinducción 2025 - (PIR_SSPM_2025),5,5,5,5,5,5,5,5,3,3,3,4,3
1guZiH_PrAn9Om_IpVs4WNydUVL5F1Nznzed7yP4yu-Q,Proceso de inducción y reinducción 2025 - (PIR_SSPM_2025),5,5,5,5,5,5,5,5,5,5,5,5,5
1guZiH_PrAn9Om_IpVs4WNydUVL5F1Nznzed7yP4yu-Q,Proceso de inducción y reinducción 2025 - (PIR_SSPM_2025),4,4,4,4,4,4,4,4,4,4,4,4,4
1guZiH_PrAn9Om_IpVs4WNydUVL5F1Nznzed7yP4yu-Q,Proceso de inducción y reinducción 2025 - (PIR_SSPM_2025),4,4,4,4,4,4,4,4,4,4,4,4,4
1guZiH_PrAn9Om_IpVs4WNydUVL5F1Nznzed7yP4yu-Q,Proceso de inducción y reinducción 2025 - (PIR_SSPM_2025),5,5,5,5,5,5,5,5,5,5,5,5,5
1guZiH_PrAn9Om_IpVs4WNydUVL5F1Nznzed7yP4yu-Q,Proceso de inducción y reinducción 2025 - (PIR_SSPM_2025),5,5,5,5,5,5,5,5,5,5,5,5,5
1guZiH_PrAn9Om_IpVs4WNydUVL5F1Nznzed7yP4yu-Q,Proceso de inducción y reinducción 2025 - (PIR_SSPM_2025),5,5,5,5,5,5,5,5,5,5,5,5,5
1guZiH_PrAn9Om_IpVs4WNydUVL5F1Nznzed7yP4yu-Q,Proceso de inducción y reinducción 2025 - (PIR_SSPM_2025),5,5,5,5,5,5,5,5,5,5,5,5,5
1guZiH_PrAn9Om_IpVs4WNydUVL5F1Nznzed7yP4yu-Q,Proceso de inducción y reinducción 2025 - (PIR_SSPM_2025),4,5,5,4,4,4,4,4,5,4,4,5,5
1guZiH_PrAn9Om_IpVs4WNydUVL5F1Nznzed7yP4yu-Q,Proceso de inducción y reinducción 2025 - (PIR_SSPM_2025),5,5,5,5,5,5,5,5,5,5,5,5,5
1guZiH_PrAn9Om_IpVs4WNydUVL5F1Nznzed7yP4yu-Q,Proceso de inducción y reinducción 2025 - (PIR_SSPM_2025),3,3,5,4,4,4,4,4,4,2,5,3,3
1guZiH_PrAn9Om_IpVs4WNydUVL5F1Nznzed7yP4yu-Q,Proceso de inducción y reinducción 2025 - (PIR_SSPM_2025),5,5,5,4,5,5,5,5,2,2,2,5,4
1guZiH_PrAn9Om_IpVs4WNydUVL5F1Nznzed7yP4yu-Q,Proceso de inducción y reinducción 2025 - (PIR_SSPM_2025),4,4,4,4,4,4,4,4,4,4,4,4,4
1guZiH_PrAn9Om_IpVs4WNydUVL5F1Nznzed7yP4yu-Q,Proceso de inducción y reinducción 2025 - (PIR_SSPM_2025),5,5,5,5,5,5,5,5,5,5,5,5,5
1guZiH_PrAn9Om_IpVs4WNydUVL5F1Nznzed7yP4yu-Q,Proceso de inducción y reinducción 2025 - (PIR_SSPM_2025),4,4,4,4,5,4,4,4,4,4,5,5,4
1guZiH_PrAn9Om_IpVs4WNydUVL5F1Nznzed7yP4yu-Q,Proceso de inducción y reinducción 2025 - (PIR_SSPM_2025),5,5,5,5,5,5,5,5,5,5,5,5,5
1guZiH_PrAn9Om_IpVs4WNydUVL5F1Nznzed7yP4yu-Q,Proceso de inducción y reinducción 2025 - (PIR_SSPM_2025),5,5,5,5,5,5,5,5,5,5,5,5,5
1guZiH_PrAn9Om_IpVs4WNydUVL5F1Nznzed7yP4yu-Q,Proceso de inducción y reinducción 2025 - (PIR_SSPM_2025),5,5,5,5,5,5,5,5,5,5,5,5,5
1guZiH_PrAn9Om_IpVs4WNydUVL5F1Nznzed7yP4yu-Q,Proceso de inducción y reinducción 2025 - (PIR_SSPM_2025),4,4,4,4,4,4,4,4,4,4,4,4,4
1guZiH_PrAn9Om_IpVs4WNydUVL5F1Nznzed7yP4yu-Q,Proceso de inducción y reinducción 2025 - (PIR_SSPM_2025),5,5,5,5,5,5,5,5,5,5,5,5,5
1guZiH_PrAn9Om_IpVs4WNydUVL5F1Nznzed7yP4yu-Q,Proceso de inducción y reinducción 2025 - (PIR_SSPM_2025),5,5,5,5,5,5,5,5,5,3,3,5,5
1guZiH_PrAn9Om_IpVs4WNydUVL5F1Nznzed7yP4yu-Q,Proceso de inducción y reinducción 2025 - (PIR_SSPM_2025),5,5,5,5,5,5,5,5,5,5,5,5,5
1guZiH_PrAn9Om_IpVs4WNydUVL5F1Nznzed7yP4yu-Q,Proceso de inducción y reinducción 2025 - (PIR_SSPM_2025),5,5,5,5,5,5,5,5,5,5,5,5,5
1guZiH_PrAn9Om_IpVs4WNydUVL5F1Nznzed7yP4yu-Q,Proceso de inducción y reinducción 2025 - (PIR_SSPM_2025),4,4,4,4,4,4,4,4,4,4,4,4,4
1guZiH_PrAn9Om_IpVs4WNydUVL5F1Nznzed7yP4yu-Q,Proceso de inducción y reinducción 2025 - (PIR_SSPM_2025),4,4,4,4,4,4,4,4,4,2,4,4,4
1guZiH_PrAn9Om_IpVs4WNydUVL5F1Nznzed7yP4yu-Q,Proceso de inducción y reinducción 2025 - (PIR_SSPM_2025),4,4,4,4,4,4,4,1,2,2,3,3,3
1guZiH_PrAn9Om_IpVs4WNydUVL5F1Nznzed7yP4yu-Q,Proceso de inducción y reinducción 2025 - (PIR_SSPM_2025),4,5,5,4,5,5,4,5,3,3,4,4,3
1guZiH_PrAn9Om_IpVs4WNydUVL5F1Nznzed7yP4yu-Q,Proceso de inducción y reinducción 2025 - (PIR_SSPM_2025),5,5,5,5,5,5,5,5,5,5,5,5,5
1guZiH_PrAn9Om_IpVs4WNydUVL5F1Nznzed7yP4yu-Q,Proceso de inducción y reinducción 2025 - (PIR_SSPM_2025),5,5,5,5,5,5,5,5,5,5,5,5,5
1guZiH_PrAn9Om_IpVs4WNydUVL5F1Nznzed7yP4yu-Q,Proceso de inducción y reinducción 2025 - (PIR_SSPM_2025),4,4,4,4,4,4,4,4,4,4,4,4,4
1guZiH_PrAn9Om_IpVs4WNydUVL5F1Nznzed7yP4yu-Q,Proceso de inducción y reinducción 2025 - (PIR_SSPM_2025),5,5,5,5,5,5,5,5,5,5,5,5,5
1guZiH_PrAn9Om_IpVs4WNydUVL5F1Nznzed7yP4yu-Q,Proceso de inducción y reinducción 2025 - (PIR_SSPM_2025),5,5,5,4,5,5,4,4,5,4,5,4,5
1guZiH_PrAn9Om_IpVs4WNydUVL5F1Nznzed7yP4yu-Q,Proceso de inducción y reinducción 2025 - (PIR_SSPM_2025),5,4,5,5,5,5,5,5,1,1,4,5,5
1guZiH_PrAn9Om_IpVs4WNydUVL5F1Nznzed7yP4yu-Q,Proceso de inducción y reinducción 2025 - (PIR_SSPM_2025),5,5,5,5,5,5,5,5,5,5,5,5,5
1guZiH_PrAn9Om_IpVs4WNydUVL5F1Nznzed7yP4yu-Q,Proceso de inducción y reinducción 2025 - (PIR_SSPM_2025),5,5,4,4,5,5,4,4,4,4,4,4,4
1guZiH_PrAn9Om_IpVs4WNydUVL5F1Nznzed7yP4yu-Q,Proceso de inducción y reinducción 2025 - (PIR_SSPM_2025),5,5,5,5,5,5,5,5,5,5,5,5,5
1guZiH_PrAn9Om_IpVs4WNydUVL5F1Nznzed7yP4yu-Q,Proceso de inducción y reinducción 2025 - (PIR_SSPM_2025),4,4,4,4,4,4,4,4,4,4,4,4,4
1guZiH_PrAn9Om_IpVs4WNydUVL5F1Nznzed7yP4yu-Q,Proceso de inducción y reinducción 2025 - (PIR_SSPM_2025),3,3,5,3,4,4,2,3,1,1,3,4,3
1guZiH_PrAn9Om_IpVs4WNydUVL5F1Nznzed7yP4yu-Q,Proceso de inducción y reinducción 2025 - (PIR_SSPM_2025),5,5,5,5,5,5,5,5,5,5,5,5,5
1guZiH_PrAn9Om_IpVs4WNydUVL5F1Nznzed7yP4yu-Q,Proceso de inducción y reinducción 2025 - (PIR_SSPM_2025),5,5,5,5,5,5,5,5,5,5,5,5,5
1guZiH_PrAn9Om_IpVs4WNydUVL5F1Nznzed7yP4yu-Q,Proceso de inducción y reinducción 2025 - (PIR_SSPM_2025),5,4,5,5,5,5,5,3,5,3,4,4,4
1guZiH_PrAn9Om_IpVs4WNydUVL5F1Nznzed7yP4yu-Q,Proceso de inducción y reinducción 2025 - (PIR_SSPM_2025),5,5,5,5,5,5,5,5,3,3,5,5,5
1guZiH_PrAn9Om_IpVs4WNydUVL5F1Nznzed7yP4yu-Q,Proceso de inducción y reinducción 2025 - (PIR_SSPM_2025),5,5,5,5,4,5,3,5,3,2,4,4,4
1guZiH_PrAn9Om_IpVs4WNydUVL5F1Nznzed7yP4yu-Q,Proceso de inducción y reinducción 2025 - (PIR_SSPM_2025),5,5,5,5,5,5,5,5,5,5,5,5,5
1guZiH_PrAn9Om_IpVs4WNydUVL5F1Nznzed7yP4yu-Q,Proceso de inducción y reinducción 2025 - (PIR_SSPM_2025),5,5,5,5,5,5,5,5,5,5,5,5,5
1guZiH_PrAn9Om_IpVs4WNydUVL5F1Nznzed7yP4yu-Q,Proceso de inducción y reinducción 2025 - (PIR_SSPM_2025),5,5,5,5,5,5,5,5,5,5,5,5,5
1guZiH_PrAn9Om_IpVs4WNydUVL5F1Nznzed7yP4yu-Q,Proceso de inducción y reinducción 2025 - (PIR_SSPM_2025),5,5,5,5,5,5,5,5,5,5,5,5,5
1guZiH_PrAn9Om_IpVs4WNydUVL5F1Nznzed7yP4yu-Q,Proceso de inducción y reinducción 2025 - (PIR_SSPM_2025),4,4,3,3,4,4,4,4,4,3,3,3,3
1guZiH_PrAn9Om_IpVs4WNydUVL5F1Nznzed7yP4yu-Q,Proceso de inducción y reinducción 2025 - (PIR_SSPM_2025),5,5,5,5,5,5,5,5,5,5,5,5,5
1guZiH_PrAn9Om_IpVs4WNydUVL5F1Nznzed7yP4yu-Q,Proceso de inducción y reinducción 2025 - (PIR_SSPM_2025),4,4,4,4,5,4,4,4,4,2,2,4,4
1guZiH_PrAn9Om_IpVs4WNydUVL5F1Nznzed7yP4yu-Q,Proceso de inducción y reinducción 2025 - (PIR_SSPM_2025),4,4,4,4,5,5,5,5,5,5,5,5,5
1guZiH_PrAn9Om_IpVs4WNydUVL5F1Nznzed7yP4yu-Q,Proceso de inducción y reinducción 2025 - (PIR_SSPM_2025),5,5,5,5,5,5,5,5,5,5,5,5,5
1guZiH_PrAn9Om_IpVs4WNydUVL5F1Nznzed7yP4yu-Q,Proceso de inducción y reinducción 2025 - (PIR_SSPM_2025),4,4,4,4,4,4,4,4,4,4,4,4,4
1guZiH_PrAn9Om_IpVs4WNydUVL5F1Nznzed7yP4yu-Q,Proceso de inducción y reinducción 2025 - (PIR_SSPM_2025),5,5,5,5,5,5,5,5,5,5,5,5,5
1guZiH_PrAn9Om_IpVs4WNydUVL5F1Nznzed7yP4yu-Q,Proceso de inducción y reinducción 2025 - (PIR_SSPM_2025),5,5,5,5,5,5,5,5,5,5,5,5,5
1guZiH_PrAn9Om_IpVs4WNydUVL5F1Nznzed7yP4yu-Q,Proceso de inducción y reinducción 2025 - (PIR_SSPM_2025),5,4,5,4,5,5,5,5,4,5,5,5,5
1guZiH_PrAn9Om_IpVs4WNydUVL5F1Nznzed7yP4yu-Q,Proceso de inducción y reinducción 2025 - (PIR_SSPM_2025),4,4,3,3,4,4,3,3,3,3,3,3,4
1guZiH_PrAn9Om_IpVs4WNydUVL5F1Nznzed7yP4yu-Q,Proceso de inducción y reinducción 2025 - (PIR_SSPM_2025),5,5,5,4,3,5,5,3,3,2,4,4,3
1guZiH_PrAn9Om_IpVs4WNydUVL5F1Nznzed7yP4yu-Q,Proceso de inducción y reinducción 2025 - (PIR_SSPM_2025),4,5,5,5,5,4,4,4,4,1,3,5,4
1guZiH_PrAn9Om_IpVs4WNydUVL5F1Nznzed7yP4yu-Q,Proceso de inducción y reinducción 2025 - (PIR_SSPM_2025),5,5,5,4,4,4,3,3,3,3,4,4,4
1guZiH_PrAn9Om_IpVs4WNydUVL5F1Nznzed7yP4yu-Q,Proceso de inducción y reinducción 2025 - (PIR_SSPM_2025),5,5,5,5,5,5,5,5,5,5,5,5,5
1guZiH_PrAn9Om_IpVs4WNydUVL5F1Nznzed7yP4yu-Q,Proceso de inducción y reinducción 2025 - (PIR_SSPM_2025),1,1,1,1,1,2,1,1,1,1,1,1,1
1guZiH_PrAn9Om_IpVs4WNydUVL5F1Nznzed7yP4yu-Q,Proceso de inducción y reinducción 2025 - (PIR_SSPM_2025),5,5,5,5,5,5,5,5,5,5,5,5,5
1guZiH_PrAn9Om_IpVs4WNydUVL5F1Nznzed7yP4yu-Q,Proceso de inducción y reinducción 2025 - (PIR_SSPM_2025),5,5,5,5,5,5,5,5,5,5,5,5,5
1guZiH_PrAn9Om_IpVs4WNydUVL5F1Nznzed7yP4yu-Q,Proceso de inducción y reinducción 2025 - (PIR_SSPM_2025),5,5,5,5,5,5,5,5,5,5,5,5,5
1guZiH_PrAn9Om_IpVs4WNydUVL5F1Nznzed7yP4yu-Q,Proceso de inducción y reinducción 2025 - (PIR_SSPM_2025),5,5,5,5,5,5,5,5,5,5,5,5,5
1guZiH_PrAn9Om_IpVs4WNydUVL5F1Nznzed7yP4yu-Q,Proceso de inducción y reinducción 2025 - (PIR_SSPM_2025),5,5,5,4,5,5,4,4,1,1,1,5,5
1guZiH_PrAn9Om_IpVs4WNydUVL5F1Nznzed7yP4yu-Q,Proceso de inducción y reinducción 2025 - (PIR_SSPM_2025),4,4,4,4,5,4,4,4,4,4,4,4,4
1guZiH_PrAn9Om_IpVs4WNydUVL5F1Nznzed7yP4yu-Q,Proceso de inducción y reinducción 2025 - (PIR_SSPM_2025),5,5,5,5,4,4,4,4,4,3,3,5,5
1guZiH_PrAn9Om_IpVs4WNydUVL5F1Nznzed7yP4yu-Q,Proceso de inducción y reinducción 2025 - (PIR_SSPM_2025),5,5,5,5,5,5,5,5,5,5,5,5,5
1guZiH_PrAn9Om_IpVs4WNydUVL5F1Nznzed7yP4yu-Q,Proceso de inducción y reinducción 2025 - (PIR_SSPM_2025),5,5,5,5,5,5,5,5,5,5,5,5,5
1guZiH_PrAn9Om_IpVs4WNydUVL5F1Nznzed7yP4yu-Q,Proceso de inducción y reinducción 2025 - (PIR_SSPM_2025),5,5,5,5,4,5,5,5,5,4,5,4,4
1guZiH_PrAn9Om_IpVs4WNydUVL5F1Nznzed7yP4yu-Q,Proceso de inducción y reinducción 2025 - (PIR_SSPM_2025),5,5,5,4,5,5,5,5,5,5,5,5,5
1guZiH_PrAn9Om_IpVs4WNydUVL5F1Nznzed7yP4yu-Q,Proceso de inducción y reinducción 2025 - (PIR_SSPM_2025),5,5,5,5,5,5,5,5,5,5,5,5,5
1guZiH_PrAn9Om_IpVs4WNydUVL5F1Nznzed7yP4yu-Q,Proceso de inducción y reinducción 2025 - (PIR_SSPM_2025),5,5,5,5,5,5,4,4,5,3,3,4,4
1guZiH_PrAn9Om_IpVs4WNydUVL5F1Nznzed7yP4yu-Q,Proceso de inducción y reinducción 2025 - (PIR_SSPM_2025),5,5,5,5,5,5,5,5,5,2,5,5,5
1guZiH_PrAn9Om_IpVs4WNydUVL5F1Nznzed7yP4yu-Q,Proceso de inducción y reinducción 2025 - (PIR_SSPM_2025),5,5,5,5,5,5,5,4,4,4,5,5,5
1guZiH_PrAn9Om_IpVs4WNydUVL5F1Nznzed7yP4yu-Q,Proceso de inducción y reinducción 2025 - (PIR_SSPM_2025),5,5,5,5,5,5,5,5,5,5,5,5,5
1guZiH_PrAn9Om_IpVs4WNydUVL5F1Nznzed7yP4yu-Q,Proceso de inducción y reinducción 2025 - (PIR_SSPM_2025),5,5,5,5,5,5,5,5,5,5,5,5,5
1guZiH_PrAn9Om_IpVs4WNydUVL5F1Nznzed7yP4yu-Q,Proceso de inducción y reinducción 2025 - (PIR_SSPM_2025),4,5,5,5,4,5,5,3,5,3,5,5,4
1guZiH_PrAn9Om_IpVs4WNydUVL5F1Nznzed7yP4yu-Q,Proceso de inducción y reinducción 2025 - (PIR_SSPM_2025),5,5,5,5,5,5,5,5,5,5,5,5,5
1guZiH_PrAn9Om_IpVs4WNydUVL5F1Nznzed7yP4yu-Q,Proceso de inducción y reinducción 2025 - (PIR_SSPM_2025),5,5,5,5,5,5,5,5,5,5,5,5,5
1guZiH_PrAn9Om_IpVs4WNydUVL5F1Nznzed7yP4yu-Q,Proceso de inducción y reinducción 2025 - (PIR_SSPM_2025),5,5,5,5,5,5,5,5,5,5,5,5,5
1guZiH_PrAn9Om_IpVs4WNydUVL5F1Nznzed7yP4yu-Q,Proceso de inducción y reinducción 2025 - (PIR_SSPM_2025),3,3,4,4,4,4,4,3,4,3,4,4,4
1guZiH_PrAn9Om_IpVs4WNydUVL5F1Nznzed7yP4yu-Q,Proceso de inducción y reinducción 2025 - (PIR_SSPM_2025),4,4,4,4,4,4,4,4,4,4,4,4,4
1guZiH_PrAn9Om_IpVs4WNydUVL5F1Nznzed7yP4yu-Q,Proceso de inducción y reinducción 2025 - (PIR_SSPM_2025),5,5,5,5,4,4,3,5,4,3,5,5,4
1guZiH_PrAn9Om_IpVs4WNydUVL5F1Nznzed7yP4yu-Q,Proceso de inducción y reinducción 2025 - (PIR_SSPM_2025),5,5,5,4,5,5,5,4,4,5,5,5,5
1guZiH_PrAn9Om_IpVs4WNydUVL5F1Nznzed7yP4yu-Q,Proceso de inducción y reinducción 2025 - (PIR_SSPM_2025),5,5,5,5,5,5,4,3,4,4,4,4,4
1guZiH_PrAn9Om_IpVs4WNydUVL5F1Nznzed7yP4yu-Q,Proceso de inducción y reinducción 2025 - (PIR_SSPM_2025),5,4,4,5,5,4,4,5,4,4,5,4,5
1guZiH_PrAn9Om_IpVs4WNydUVL5F1Nznzed7yP4yu-Q,Proceso de inducción y reinducción 2025 - (PIR_SSPM_2025),4,4,4,4,4,4,4,4,4,3,4,4,4
1guZiH_PrAn9Om_IpVs4WNydUVL5F1Nznzed7yP4yu-Q,Proceso de inducción y reinducción 2025 - (PIR_SSPM_2025),3,4,4,3,4,4,4,4,4,4,4,4,4
1guZiH_PrAn9Om_IpVs4WNydUVL5F1Nznzed7yP4yu-Q,Proceso de inducción y reinducción 2025 - (PIR_SSPM_2025),5,5,4,5,4,5,4,4,3,3,4,5,4
1guZiH_PrAn9Om_IpVs4WNydUVL5F1Nznzed7yP4yu-Q,Proceso de inducción y reinducción 2025 - (PIR_SSPM_2025),5,5,5,5,4,4,5,4,5,5,5,5,5
1guZiH_PrAn9Om_IpVs4WNydUVL5F1Nznzed7yP4yu-Q,Proceso de inducción y reinducción 2025 - (PIR_SSPM_2025),5,5,5,5,5,5,5,5,4,4,5,5,5
1guZiH_PrAn9Om_IpVs4WNydUVL5F1Nznzed7yP4yu-Q,Proceso de inducción y reinducción 2025 - (PIR_SSPM_2025),5,5,4,4,5,5,4,4,5,5,5,4,4
1guZiH_PrAn9Om_IpVs4WNydUVL5F1Nznzed7yP4yu-Q,Proceso de inducción y reinducción 2025 - (PIR_SSPM_2025),5,5,5,3,4,5,5,5,2,2,4,5,4
1guZiH_PrAn9Om_IpVs4WNydUVL5F1Nznzed7yP4yu-Q,Proceso de inducción y reinducción 2025 - (PIR_SSPM_2025),4,4,4,4,5,5,4,3,1,1,3,4,4
1guZiH_PrAn9Om_IpVs4WNydUVL5F1Nznzed7yP4yu-Q,Proceso de inducción y reinducción 2025 - (PIR_SSPM_2025),3,3,5,3,5,5,4,5,3,3,3,5,3
1guZiH_PrAn9Om_IpVs4WNydUVL5F1Nznzed7yP4yu-Q,Proceso de inducción y reinducción 2025 - (PIR_SSPM_2025),4,4,4,4,4,4,4,4,3,4,4,4,4
1guZiH_PrAn9Om_IpVs4WNydUVL5F1Nznzed7yP4yu-Q,Proceso de inducción y reinducción 2025 - (PIR_SSPM_2025),5,5,5,5,5,5,5,5,5,5,5,5,5
1guZiH_PrAn9Om_IpVs4WNydUVL5F1Nznzed7yP4yu-Q,Proceso de inducción y reinducción 2025 - (PIR_SSPM_2025),5,5,5,4,5,5,5,4,1,1,3,5,3
1guZiH_PrAn9Om_IpVs4WNydUVL5F1Nznzed7yP4yu-Q,Proceso de inducción y reinducción 2025 - (PIR_SSPM_2025),5,5,5,5,5,5,5,5,5,5,5,4,4
1guZiH_PrAn9Om_IpVs4WNydUVL5F1Nznzed7yP4yu-Q,Proceso de inducción y reinducción 2025 - (PIR_SSPM_2025),5,5,5,5,5,5,5,5,5,5,5,5,5
1guZiH_PrAn9Om_IpVs4WNydUVL5F1Nznzed7yP4yu-Q,Proceso de inducción y reinducción 2025 - (PIR_SSPM_2025),5,5,5,5,5,5,5,5,5,5,5,5,5
1guZiH_PrAn9Om_IpVs4WNydUVL5F1Nznzed7yP4yu-Q,Proceso de inducción y reinducción 2025 - (PIR_SSPM_2025),5,5,5,4,5,5,5,5,3,3,4,5,5
1guZiH_PrAn9Om_IpVs4WNydUVL5F1Nznzed7yP4yu-Q,Proceso de inducción y reinducción 2025 - (PIR_SSPM_2025),4,4,4,4,4,4,4,4,4,2,4,4,4
1guZiH_PrAn9Om_IpVs4WNydUVL5F1Nznzed7yP4yu-Q,Proceso de inducción y reinducción 2025 - (PIR_SSPM_2025),5,5,5,5,5,5,5,5,5,5,5,5,5
1guZiH_PrAn9Om_IpVs4WNydUVL5F1Nznzed7yP4yu-Q,Proceso de inducción y reinducción 2025 - (PIR_SSPM_2025),4,4,4,4,4,4,4,4,4,4,4,4,4
1guZiH_PrAn9Om_IpVs4WNydUVL5F1Nznzed7yP4yu-Q,Proceso de inducción y reinducción 2025 - (PIR_SSPM_2025),3,4,4,4,5,3,3,5,1,1,4,4,4
1guZiH_PrAn9Om_IpVs4WNydUVL5F1Nznzed7yP4yu-Q,Proceso de inducción y reinducción 2025 - (PIR_SSPM_2025),5,5,5,5,5,5,5,5,5,5,5,5,5
1guZiH_PrAn9Om_IpVs4WNydUVL5F1Nznzed7yP4yu-Q,Proceso de inducción y reinducción 2025 - (PIR_SSPM_2025),5,5,5,5,5,5,5,5,3,3,5,5,5
1guZiH_PrAn9Om_IpVs4WNydUVL5F1Nznzed7yP4yu-Q,Proceso de inducción y reinducción 2025 - (PIR_SSPM_2025),5,5,5,5,5,5,5,5,5,5,5,5,5
1guZiH_PrAn9Om_IpVs4WNydUVL5F1Nznzed7yP4yu-Q,Proceso de inducción y reinducción 2025 - (PIR_SSPM_2025),3,4,4,4,5,5,3,4,1,1,4,3,3
1guZiH_PrAn9Om_IpVs4WNydUVL5F1Nznzed7yP4yu-Q,Proceso de inducción y reinducción 2025 - (PIR_SSPM_2025),5,5,5,4,4,4,4,4,5,4,4,4,3
1guZiH_PrAn9Om_IpVs4WNydUVL5F1Nznzed7yP4yu-Q,Proceso de inducción y reinducción 2025 - (PIR_SSPM_2025),5,5,5,4,5,4,5,5,4,4,5,5,5
1guZiH_PrAn9Om_IpVs4WNydUVL5F1Nznzed7yP4yu-Q,Proceso de inducción y reinducción 2025 - (PIR_SSPM_2025),5,5,5,5,5,5,5,5,5,5,5,5,5
1guZiH_PrAn9Om_IpVs4WNydUVL5F1Nznzed7yP4yu-Q,Proceso de inducción y reinducción 2025 - (PIR_SSPM_2025),5,5,5,5,5,5,5,5,5,5,5,5,5
1guZiH_PrAn9Om_IpVs4WNydUVL5F1Nznzed7yP4yu-Q,Proceso de inducción y reinducción 2025 - (PIR_SSPM_2025),5,5,5,5,5,5,5,5,5,5,5,5,5
1guZiH_PrAn9Om_IpVs4WNydUVL5F1Nznzed7yP4yu-Q,Proceso de inducción y reinducción 2025 - (PIR_SSPM_2025),4,4,4,4,5,4,4,4,3,3,4,4,4
1guZiH_PrAn9Om_IpVs4WNydUVL5F1Nznzed7yP4yu-Q,Proceso de inducción y reinducción 2025 - (PIR_SSPM_2025),5,5,5,5,5,5,4,4,4,3,4,4,4
1guZiH_PrAn9Om_IpVs4WNydUVL5F1Nznzed7yP4yu-Q,Proceso de inducción y reinducción 2025 - (PIR_SSPM_2025),5,5,5,5,5,5,5,5,5,5,5,5,5
1guZiH_PrAn9Om_IpVs4WNydUVL5F1Nznzed7yP4yu-Q,Proceso de inducción y reinducción 2025 - (PIR_SSPM_2025),5,5,5,5,5,5,5,5,5,5,5,5,5
1guZiH_PrAn9Om_IpVs4WNydUVL5F1Nznzed7yP4yu-Q,Proceso de inducción y reinducción 2025 - (PIR_SSPM_2025),5,5,5,5,5,5,5,5,5,4,5,5,5
1guZiH_PrAn9Om_IpVs4WNydUVL5F1Nznzed7yP4yu-Q,Proceso de inducción y reinducción 2025 - (PIR_SSPM_2025),5,5,5,5,5,5,5,5,5,5,5,5,5
1guZiH_PrAn9Om_IpVs4WNydUVL5F1Nznzed7yP4yu-Q,Proceso de inducción y reinducción 2025 - (PIR_SSPM_2025),5,5,5,1,5,5,5,5,5,1,5,5,4
1guZiH_PrAn9Om_IpVs4WNydUVL5F1Nznzed7yP4yu-Q,Proceso de inducción y reinducción 2025 - (PIR_SSPM_2025),5,5,5,5,5,5,5,5,5,3,4,4,5
1guZiH_PrAn9Om_IpVs4WNydUVL5F1Nznzed7yP4yu-Q,Proceso de inducción y reinducción 2025 - (PIR_SSPM_2025),5,5,5,5,5,5,5,5,5,5,5,5,5
1guZiH_PrAn9Om_IpVs4WNydUVL5F1Nznzed7yP4yu-Q,Proceso de inducción y reinducción 2025 - (PIR_SSPM_2025),5,5,5,5,5,5,5,5,5,5,5,5,5
1guZiH_PrAn9Om_IpVs4WNydUVL5F1Nznzed7yP4yu-Q,Proceso de inducción y reinducción 2025 - (PIR_SSPM_2025),5,5,5,5,5,5,5,5,5,5,5,5,5
1guZiH_PrAn9Om_IpVs4WNydUVL5F1Nznzed7yP4yu-Q,Proceso de inducción y reinducción 2025 - (PIR_SSPM_2025),4,4,4,4,4,4,4,4,4,4,4,4,4
1guZiH_PrAn9Om_IpVs4WNydUVL5F1Nznzed7yP4yu-Q,Proceso de inducción y reinducción 2025 - (PIR_SSPM_2025),4,4,4,5,5,5,5,4,4,5,5,5,5
1guZiH_PrAn9Om_IpVs4WNydUVL5F1Nznzed7yP4yu-Q,Proceso de inducción y reinducción 2025 - (PIR_SSPM_2025),4,4,4,4,4,5,3,4,3,4,2,4,4
1guZiH_PrAn9Om_IpVs4WNydUVL5F1Nznzed7yP4yu-Q,Proceso de inducción y reinducción 2025 - (PIR_SSPM_2025),4,4,4,4,4,4,4,4,4,4,4,4,4
1guZiH_PrAn9Om_IpVs4WNydUVL5F1Nznzed7yP4yu-Q,Proceso de inducción y reinducción 2025 - (PIR_SSPM_2025),5,5,5,5,5,5,5,5,5,5,5,5,5
1guZiH_PrAn9Om_IpVs4WNydUVL5F1Nznzed7yP4yu-Q,Proceso de inducción y reinducción 2025 - (PIR_SSPM_2025),5,5,5,5,5,5,5,5,5,5,5,5,5
1guZiH_PrAn9Om_IpVs4WNydUVL5F1Nznzed7yP4yu-Q,Proceso de inducción y reinducción 2025 - (PIR_SSPM_2025),4,4,4,4,5,5,4,3,5,4,5,5,5
1guZiH_PrAn9Om_IpVs4WNydUVL5F1Nznzed7yP4yu-Q,Proceso de inducción y reinducción 2025 - (PIR_SSPM_2025),5,5,5,5,5,5,5,5,5,5,5,5,5
1guZiH_PrAn9Om_IpVs4WNydUVL5F1Nznzed7yP4yu-Q,Proceso de inducción y reinducción 2025 - (PIR_SSPM_2025),5,5,5,5,5,5,5,5,5,5,5,5,5
1guZiH_PrAn9Om_IpVs4WNydUVL5F1Nznzed7yP4yu-Q,Proceso de inducción y reinducción 2025 - (PIR_SSPM_2025),5,5,5,5,5,5,5,5,5,5,5,5,5
1guZiH_PrAn9Om_IpVs4WNydUVL5F1Nznzed7yP4yu-Q,Proceso de inducción y reinducción 2025 - (PIR_SSPM_2025),4,5,4,4,5,5,4,4,4,4,4,4,5
1guZiH_PrAn9Om_IpVs4WNydUVL5F1Nznzed7yP4yu-Q,Proceso de inducción y reinducción 2025 - (PIR_SSPM_2025),5,5,5,5,5,5,5,5,5,5,5,5,5
1guZiH_PrAn9Om_IpVs4WNydUVL5F1Nznzed7yP4yu-Q,Proceso de inducción y reinducción 2025 - (PIR_SSPM_2025),5,5,5,5,5,5,5,5,5,5,5,5,5
1guZiH_PrAn9Om_IpVs4WNydUVL5F1Nznzed7yP4yu-Q,Proceso de inducción y reinducción 2025 - (PIR_SSPM_2025),5,5,5,5,5,5,5,4,4,4,5,5,5
1guZiH_PrAn9Om_IpVs4WNydUVL5F1Nznzed7yP4yu-Q,Proceso de inducción y reinducción 2025 - (PIR_SSPM_2025),5,5,5,5,5,5,5,5,5,5,5,5,5
1guZiH_PrAn9Om_IpVs4WNydUVL5F1Nznzed7yP4yu-Q,Proceso de inducción y reinducción 2025 - (PIR_SSPM_2025),5,5,5,5,5,5,4,5,5,5,5,5,5
1guZiH_PrAn9Om_IpVs4WNydUVL5F1Nznzed7yP4yu-Q,Proceso de inducción y reinducción 2025 - (PIR_SSPM_2025),5,5,5,5,5,5,5,5,5,5,5,5,5
1guZiH_PrAn9Om_IpVs4WNydUVL5F1Nznzed7yP4yu-Q,Proceso de inducción y reinducción 2025 - (PIR_SSPM_2025),5,5,5,5,5,5,5,5,5,5,5,5,5
1guZiH_PrAn9Om_IpVs4WNydUVL5F1Nznzed7yP4yu-Q,Proceso de inducción y reinducción 2025 - (PIR_SSPM_2025),5,4,4,4,5,4,4,5,4,3,3,4,4
1guZiH_PrAn9Om_IpVs4WNydUVL5F1Nznzed7yP4yu-Q,Proceso de inducción y reinducción 2025 - (PIR_SSPM_2025),4,4,4,4,4,4,4,4,4,4,4,4,4
1guZiH_PrAn9Om_IpVs4WNydUVL5F1Nznzed7yP4yu-Q,Proceso de inducción y reinducción 2025 - (PIR_SSPM_2025),5,5,5,5,5,5,5,5,5,5,5,5,5
1guZiH_PrAn9Om_IpVs4WNydUVL5F1Nznzed7yP4yu-Q,Proceso de inducción y reinducción 2025 - (PIR_SSPM_2025),4,4,4,4,4,5,4,4,4,1,3,4,4
1guZiH_PrAn9Om_IpVs4WNydUVL5F1Nznzed7yP4yu-Q,Proceso de inducción y reinducción 2025 - (PIR_SSPM_2025),4,4,4,4,4,4,4,4,3,3,3,3,4
1guZiH_PrAn9Om_IpVs4WNydUVL5F1Nznzed7yP4yu-Q,Proceso de inducción y reinducción 2025 - (PIR_SSPM_2025),5,5,5,5,5,5,5,5,5,5,5,5,5
1guZiH_PrAn9Om_IpVs4WNydUVL5F1Nznzed7yP4yu-Q,Proceso de inducción y reinducción 2025 - (PIR_SSPM_2025),4,4,4,3,5,4,3,5,2,2,4,3,4
1guZiH_PrAn9Om_IpVs4WNydUVL5F1Nznzed7yP4yu-Q,Proceso de inducción y reinducción 2025 - (PIR_SSPM_2025),5,5,5,5,5,5,5,5,5,5,5,5,5
1guZiH_PrAn9Om_IpVs4WNydUVL5F1Nznzed7yP4yu-Q,Proceso de inducción y reinducción 2025 - (PIR_SSPM_2025),4,4,5,5,5,5,5,4,4,5,5,5,4
1guZiH_PrAn9Om_IpVs4WNydUVL5F1Nznzed7yP4yu-Q,Proceso de inducción y reinducción 2025 - (PIR_SSPM_2025),5,5,5,5,5,5,5,5,5,5,5,5,5
1guZiH_PrAn9Om_IpVs4WNydUVL5F1Nznzed7yP4yu-Q,Proceso de inducción y reinducción 2025 - (PIR_SSPM_2025),2,3,3,3,3,3,3,3,3,3,3,3,3
1guZiH_PrAn9Om_IpVs4WNydUVL5F1Nznzed7yP4yu-Q,Proceso de inducción y reinducción 2025 - (PIR_SSPM_2025),5,5,5,5,5,5,5,5,5,5,5,5,5
1guZiH_PrAn9Om_IpVs4WNydUVL5F1Nznzed7yP4yu-Q,Proceso de inducción y reinducción 2025 - (PIR_SSPM_2025),5,5,5,4,5,4,2,5,5,2,5,3,3
1guZiH_PrAn9Om_IpVs4WNydUVL5F1Nznzed7yP4yu-Q,Proceso de inducción y reinducción 2025 - (PIR_SSPM_2025),5,5,5,5,5,5,5,5,5,5,5,5,5
1guZiH_PrAn9Om_IpVs4WNydUVL5F1Nznzed7yP4yu-Q,Proceso de inducción y reinducción 2025 - (PIR_SSPM_2025),5,5,4,5,4,5,5,5,5,5,4,4,5
1guZiH_PrAn9Om_IpVs4WNydUVL5F1Nznzed7yP4yu-Q,Proceso de inducción y reinducción 2025 - (PIR_SSPM_2025),4,4,5,4,4,4,4,4,4,4,4,4,4
1guZiH_PrAn9Om_IpVs4WNydUVL5F1Nznzed7yP4yu-Q,Proceso de inducción y reinducción 2025 - (PIR_SSPM_2025),4,4,4,4,4,5,4,4,3,4,4,4,5
1guZiH_PrAn9Om_IpVs4WNydUVL5F1Nznzed7yP4yu-Q,Proceso de inducción y reinducción 2025 - (PIR_SSPM_2025),5,5,5,5,5,5,5,5,5,5,5,5,5
1guZiH_PrAn9Om_IpVs4WNydUVL5F1Nznzed7yP4yu-Q,Proceso de inducción y reinducción 2025 - (PIR_SSPM_2025),5,5,5,5,5,5,5,5,5,5,5,5,5
1guZiH_PrAn9Om_IpVs4WNydUVL5F1Nznzed7yP4yu-Q,Proceso de inducción y reinducción 2025 - (PIR_SSPM_2025),4,4,4,4,4,4,4,4,4,4,4,4,4
1guZiH_PrAn9Om_IpVs4WNydUVL5F1Nznzed7yP4yu-Q,Proceso de inducción y reinducción 2025 - (PIR_SSPM_2025),5,5,5,5,5,5,5,5,5,5,5,5,5
1guZiH_PrAn9Om_IpVs4WNydUVL5F1Nznzed7yP4yu-Q,Proceso de inducción y reinducción 2025 - (PIR_SSPM_2025),5,5,5,5,4,5,5,5,5,5,5,5,5
1guZiH_PrAn9Om_IpVs4WNydUVL5F1Nznzed7yP4yu-Q,Proceso de inducción y reinducción 2025 - (PIR_SSPM_2025),5,5,5,5,5,5,5,5,5,5,5,5,5
1guZiH_PrAn9Om_IpVs4WNydUVL5F1Nznzed7yP4yu-Q,Proceso de inducción y reinducción 2025 - (PIR_SSPM_2025),5,5,5,5,5,5,5,5,5,5,5,5,5
1guZiH_PrAn9Om_IpVs4WNydUVL5F1Nznzed7yP4yu-Q,Proceso de inducción y reinducción 2025 - (PIR_SSPM_2025),3,3,3,3,4,4,3,3,3,3,5,4,3
1guZiH_PrAn9Om_IpVs4WNydUVL5F1Nznzed7yP4yu-Q,Proceso de inducción y reinducción 2025 - (PIR_SSPM_2025),4,4,4,4,4,4,4,4,4,4,4,4,4
1guZiH_PrAn9Om_IpVs4WNydUVL5F1Nznzed7yP4yu-Q,Proceso de inducción y reinducción 2025 - (PIR_SSPM_2025),5,5,5,5,5,5,5,5,5,5,5,5,5
1guZiH_PrAn9Om_IpVs4WNydUVL5F1Nznzed7yP4yu-Q,Proceso de inducción y reinducción 2025 - (PIR_SSPM_2025),5,5,5,5,5,5,5,5,5,5,5,5,5
1guZiH_PrAn9Om_IpVs4WNydUVL5F1Nznzed7yP4yu-Q,Proceso de inducción y reinducción 2025 - (PIR_SSPM_2025),5,5,5,5,5,4,5,5,5,5,5,5,5
1guZiH_PrAn9Om_IpVs4WNydUVL5F1Nznzed7yP4yu-Q,Proceso de inducción y reinducción 2025 - (PIR_SSPM_2025),4,4,4,4,4,4,4,4,4,4,4,4,4
1guZiH_PrAn9Om_IpVs4WNydUVL5F1Nznzed7yP4yu-Q,Proceso de inducción y reinducción 2025 - (PIR_SSPM_2025),5,5,5,4,5,5,5,5,5,3,3,5,5
1guZiH_PrAn9Om_IpVs4WNydUVL5F1Nznzed7yP4yu-Q,Proceso de inducción y reinducción 2025 - (PIR_SSPM_2025),5,5,5,5,5,5,5,5,5,5,5,5,5
1guZiH_PrAn9Om_IpVs4WNydUVL5F1Nznzed7yP4yu-Q,Proceso de inducción y reinducción 2025 - (PIR_SSPM_2025),5,5,5,4,5,5,5,5,5,5,5,5,5
1guZiH_PrAn9Om_IpVs4WNydUVL5F1Nznzed7yP4yu-Q,Proceso de inducción y reinducción 2025 - (PIR_SSPM_2025),5,5,5,5,1,5,5,3,5,5,3,5,5
1guZiH_PrAn9Om_IpVs4WNydUVL5F1Nznzed7yP4yu-Q,Proceso de inducción y reinducción 2025 - (PIR_SSPM_2025),4,4,4,3,4,4,4,4,4,4,3,4,4
1guZiH_PrAn9Om_IpVs4WNydUVL5F1Nznzed7yP4yu-Q,Proceso de inducción y reinducción 2025 - (PIR_SSPM_2025),5,5,4,4,5,5,5,5,4,4,4,4,4
1guZiH_PrAn9Om_IpVs4WNydUVL5F1Nznzed7yP4yu-Q,Proceso de inducción y reinducción 2025 - (PIR_SSPM_2025),4,4,4,4,4,4,4,4,3,2,3,3,4
1guZiH_PrAn9Om_IpVs4WNydUVL5F1Nznzed7yP4yu-Q,Proceso de inducción y reinducción 2025 - (PIR_SSPM_2025),5,5,5,5,5,5,5,5,5,5,5,5,5
1guZiH_PrAn9Om_IpVs4WNydUVL5F1Nznzed7yP4yu-Q,Proceso de inducción y reinducción 2025 - (PIR_SSPM_2025),5,5,5,5,5,5,5,5,3,2,5,5,5
1guZiH_PrAn9Om_IpVs4WNydUVL5F1Nznzed7yP4yu-Q,Proceso de inducción y reinducción 2025 - (PIR_SSPM_2025),5,5,5,5,5,5,5,5,5,5,5,5,5
1guZiH_PrAn9Om_IpVs4WNydUVL5F1Nznzed7yP4yu-Q,Proceso de inducción y reinducción 2025 - (PIR_SSPM_2025),5,5,5,5,5,5,5,5,5,5,5,5,5
1guZiH_PrAn9Om_IpVs4WNydUVL5F1Nznzed7yP4yu-Q,Proceso de inducción y reinducción 2025 - (PIR_SSPM_2025),5,5,5,5,5,5,5,3,5,3,5,5,5
1guZiH_PrAn9Om_IpVs4WNydUVL5F1Nznzed7yP4yu-Q,Proceso de inducción y reinducción 2025 - (PIR_SSPM_2025),5,5,5,5,5,5,5,5,5,4,5,5,5
1guZiH_PrAn9Om_IpVs4WNydUVL5F1Nznzed7yP4yu-Q,Proceso de inducción y reinducción 2025 - (PIR_SSPM_2025),5,5,3,3,4,4,4,4,3,1,4,3,4
1guZiH_PrAn9Om_IpVs4WNydUVL5F1Nznzed7yP4yu-Q,Proceso de inducción y reinducción 2025 - (PIR_SSPM_2025),5,5,5,5,5,5,5,5,5,5,5,5,5
1guZiH_PrAn9Om_IpVs4WNydUVL5F1Nznzed7yP4yu-Q,Proceso de inducción y reinducción 2025 - (PIR_SSPM_2025),5,5,5,5,5,5,4,5,5,5,5,5,5
1guZiH_PrAn9Om_IpVs4WNydUVL5F1Nznzed7yP4yu-Q,Proceso de inducción y reinducción 2025 - (PIR_SSPM_2025),4,3,3,3,4,4,4,4,3,3,3,3,3
1guZiH_PrAn9Om_IpVs4WNydUVL5F1Nznzed7yP4yu-Q,Proceso de inducción y reinducción 2025 - (PIR_SSPM_2025),5,5,5,5,5,5,5,5,5,5,5,5,5
1guZiH_PrAn9Om_IpVs4WNydUVL5F1Nznzed7yP4yu-Q,Proceso de inducción y reinducción 2025 - (PIR_SSPM_2025),5,5,5,5,5,5,5,5,5,5,5,5,5
1guZiH_PrAn9Om_IpVs4WNydUVL5F1Nznzed7yP4yu-Q,Proceso de inducción y reinducción 2025 - (PIR_SSPM_2025),1,1,1,5,4,5,5,5,5,5,5,5,5
1guZiH_PrAn9Om_IpVs4WNydUVL5F1Nznzed7yP4yu-Q,Proceso de inducción y reinducción 2025 - (PIR_SSPM_2025),5,5,5,5,5,5,5,5,5,5,5,5,5
1guZiH_PrAn9Om_IpVs4WNydUVL5F1Nznzed7yP4yu-Q,Proceso de inducción y reinducción 2025 - (PIR_SSPM_2025),5,5,5,5,5,5,5,5,5,5,5,5,5
1guZiH_PrAn9Om_IpVs4WNydUVL5F1Nznzed7yP4yu-Q,Proceso de inducción y reinducción 2025 - (PIR_SSPM_2025),5,5,5,5,5,5,5,5,5,5,5,5,5
1guZiH_PrAn9Om_IpVs4WNydUVL5F1Nznzed7yP4yu-Q,Proceso de inducción y reinducción 2025 - (PIR_SSPM_2025),5,5,5,5,5,5,5,5,5,5,5,5,5
1guZiH_PrAn9Om_IpVs4WNydUVL5F1Nznzed7yP4yu-Q,Proceso de inducción y reinducción 2025 - (PIR_SSPM_2025),4,4,5,3,5,5,5,4,4,4,5,4,5
1guZiH_PrAn9Om_IpVs4WNydUVL5F1Nznzed7yP4yu-Q,Proceso de inducción y reinducción 2025 - (PIR_SSPM_2025),5,5,4,5,5,5,4,5,3,4,5,5,5
1guZiH_PrAn9Om_IpVs4WNydUVL5F1Nznzed7yP4yu-Q,Proceso de inducción y reinducción 2025 - (PIR_SSPM_2025),5,5,5,5,5,5,5,5,5,3,5,5,5
1guZiH_PrAn9Om_IpVs4WNydUVL5F1Nznzed7yP4yu-Q,Proceso de inducción y reinducción 2025 - (PIR_SSPM_2025),4,4,4,4,4,4,4,4,3,3,3,4,4
1guZiH_PrAn9Om_IpVs4WNydUVL5F1Nznzed7yP4yu-Q,Proceso de inducción y reinducción 2025 - (PIR_SSPM_2025),5,5,5,5,5,5,5,5,5,5,5,5,5
1guZiH_PrAn9Om_IpVs4WNydUVL5F1Nznzed7yP4yu-Q,Proceso de inducción y reinducción 2025 - (PIR_SSPM_2025),5,5,5,5,5,5,5,5,5,5,5,5,5
1guZiH_PrAn9Om_IpVs4WNydUVL5F1Nznzed7yP4yu-Q,Proceso de inducción y reinducción 2025 - (PIR_SSPM_2025),4,4,4,4,4,4,4,4,4,4,4,4,4
1guZiH_PrAn9Om_IpVs4WNydUVL5F1Nznzed7yP4yu-Q,Proceso de inducción y reinducción 2025 - (PIR_SSPM_2025),5,4,4,5,5,5,5,5,5,5,5,5,5
1guZiH_PrAn9Om_IpVs4WNydUVL5F1Nznzed7yP4yu-Q,Proceso de inducción y reinducción 2025 - (PIR_SSPM_2025),5,5,5,5,5,5,5,5,5,5,5,5,5
1guZiH_PrAn9Om_IpVs4WNydUVL5F1Nznzed7yP4yu-Q,Proceso de inducción y reinducción 2025 - (PIR_SSPM_2025),5,5,5,5,5,5,5,5,5,5,5,5,5
1guZiH_PrAn9Om_IpVs4WNydUVL5F1Nznzed7yP4yu-Q,Proceso de inducción y reinducción 2025 - (PIR_SSPM_2025),5,5,5,5,5,5,5,5,5,5,5,5,5
1guZiH_PrAn9Om_IpVs4WNydUVL5F1Nznzed7yP4yu-Q,Proceso de inducción y reinducción 2025 - (PIR_SSPM_2025),5,5,5,5,5,5,5,5,5,5,5,5,5
1guZiH_PrAn9Om_IpVs4WNydUVL5F1Nznzed7yP4yu-Q,Proceso de inducción y reinducción 2025 - (PIR_SSPM_2025),5,5,5,5,5,5,5,5,5,3,5,5,5
1guZiH_PrAn9Om_IpVs4WNydUVL5F1Nznzed7yP4yu-Q,Proceso de inducción y reinducción 2025 - (PIR_SSPM_2025),5,5,5,5,5,5,5,5,5,5,5,5,5
1guZiH_PrAn9Om_IpVs4WNydUVL5F1Nznzed7yP4yu-Q,Proceso de inducción y reinducción 2025 - (PIR_SSPM_2025),4,4,4,4,4,4,4,4,4,4,4,4,4
1guZiH_PrAn9Om_IpVs4WNydUVL5F1Nznzed7yP4yu-Q,Proceso de inducción y reinducción 2025 - (PIR_SSPM_2025),5,5,5,5,5,5,5,5,4,4,5,5,5
1guZiH_PrAn9Om_IpVs4WNydUVL5F1Nznzed7yP4yu-Q,Proceso de inducción y reinducción 2025 - (PIR_SSPM_2025),5,5,5,5,5,5,5,5,5,5,5,5,5
1guZiH_PrAn9Om_IpVs4WNydUVL5F1Nznzed7yP4yu-Q,Proceso de inducción y reinducción 2025 - (PIR_SSPM_2025),4,4,4,4,4,4,4,4,4,4,4,4,4
1guZiH_PrAn9Om_IpVs4WNydUVL5F1Nznzed7yP4yu-Q,Proceso de inducción y reinducción 2025 - (PIR_SSPM_2025),5,5,5,5,5,5,5,5,5,5,5,5,5
1guZiH_PrAn9Om_IpVs4WNydUVL5F1Nznzed7yP4yu-Q,Proceso de inducción y reinducción 2025 - (PIR_SSPM_2025),5,5,5,5,5,5,5,5,5,5,5,5,5
1guZiH_PrAn9Om_IpVs4WNydUVL5F1Nznzed7yP4yu-Q,Proceso de inducción y reinducción 2025 - (PIR_SSPM_2025),4,4,4,4,4,5,4,4,4,4,5,4,5
1guZiH_PrAn9Om_IpVs4WNydUVL5F1Nznzed7yP4yu-Q,Proceso de inducción y reinducción 2025 - (PIR_SSPM_2025),4,4,4,4,4,4,4,4,4,3,4,4,4
1guZiH_PrAn9Om_IpVs4WNydUVL5F1Nznzed7yP4yu-Q,Proceso de inducción y reinducción 2025 - (PIR_SSPM_2025),4,4,4,3,4,4,4,4,4,4,3,4,4
1guZiH_PrAn9Om_IpVs4WNydUVL5F1Nznzed7yP4yu-Q,Proceso de inducción y reinducción 2025 - (PIR_SSPM_2025),5,5,5,5,5,5,5,5,5,5,5,5,5
1guZiH_PrAn9Om_IpVs4WNydUVL5F1Nznzed7yP4yu-Q,Proceso de inducción y reinducción 2025 - (PIR_SSPM_2025),4,4,5,4,4,4,4,4,4,4,4,4,4
1guZiH_PrAn9Om_IpVs4WNydUVL5F1Nznzed7yP4yu-Q,Proceso de inducción y reinducción 2025 - (PIR_SSPM_2025),5,5,5,5,5,5,5,5,5,5,5,5,5
1guZiH_PrAn9Om_IpVs4WNydUVL5F1Nznzed7yP4yu-Q,Proceso de inducción y reinducción 2025 - (PIR_SSPM_2025),4,4,4,4,4,4,4,4,4,4,4,4,4
1guZiH_PrAn9Om_IpVs4WNydUVL5F1Nznzed7yP4yu-Q,Proceso de inducción y reinducción 2025 - (PIR_SSPM_2025),5,5,5,5,5,5,4,5,3,3,4,4,5
1guZiH_PrAn9Om_IpVs4WNydUVL5F1Nznzed7yP4yu-Q,Proceso de inducción y reinducción 2025 - (PIR_SSPM_2025),4,4,4,3,3,3,3,3,3,3,3,3,3
1guZiH_PrAn9Om_IpVs4WNydUVL5F1Nznzed7yP4yu-Q,Proceso de inducción y reinducción 2025 - (PIR_SSPM_2025),5,5,5,5,5,5,5,5,4,4,5,5,5
1guZiH_PrAn9Om_IpVs4WNydUVL5F1Nznzed7yP4yu-Q,Proceso de inducción y reinducción 2025 - (PIR_SSPM_2025),5,5,5,5,5,5,5,5,5,5,5,5,5
1guZiH_PrAn9Om_IpVs4WNydUVL5F1Nznzed7yP4yu-Q,Proceso de inducción y reinducción 2025 - (PIR_SSPM_2025),5,5,5,5,5,5,5,5,5,5,5,5,5
1guZiH_PrAn9Om_IpVs4WNydUVL5F1Nznzed7yP4yu-Q,Proceso de inducción y reinducción 2025 - (PIR_SSPM_2025),4,4,4,4,4,4,4,4,4,4,4,4,4
1guZiH_PrAn9Om_IpVs4WNydUVL5F1Nznzed7yP4yu-Q,Proceso de inducción y reinducción 2025 - (PIR_SSPM_2025),5,5,5,5,5,5,5,5,5,5,5,5,5
1guZiH_PrAn9Om_IpVs4WNydUVL5F1Nznzed7yP4yu-Q,Proceso de inducción y reinducción 2025 - (PIR_SSPM_2025),5,5,5,5,5,5,5,5,5,5,5,5,5
1guZiH_PrAn9Om_IpVs4WNydUVL5F1Nznzed7yP4yu-Q,Proceso de inducción y reinducción 2025 - (PIR_SSPM_2025),5,5,5,5,5,5,5,5,3,5,5,5,5
1guZiH_PrAn9Om_IpVs4WNydUVL5F1Nznzed7yP4yu-Q,Proceso de inducción y reinducción 2025 - (PIR_SSPM_2025),5,5,5,5,5,5,5,5,5,5,5,5,5
1guZiH_PrAn9Om_IpVs4WNydUVL5F1Nznzed7yP4yu-Q,Proceso de inducción y reinducción 2025 - (PIR_SSPM_2025),2,3,3,3,3,3,3,2,2,3,3,3,3
1guZiH_PrAn9Om_IpVs4WNydUVL5F1Nznzed7yP4yu-Q,Proceso de inducción y reinducción 2025 - (PIR_SSPM_2025),5,5,5,5,5,5,5,5,5,5,5,5,5
1guZiH_PrAn9Om_IpVs4WNydUVL5F1Nznzed7yP4yu-Q,Proceso de inducción y reinducción 2025 - (PIR_SSPM_2025),5,5,5,5,5,5,5,5,5,5,5,5,5
1guZiH_PrAn9Om_IpVs4WNydUVL5F1Nznzed7yP4yu-Q,Proceso de inducción y reinducción 2025 - (PIR_SSPM_2025),4,4,4,4,5,4,3,4,2,1,3,4,4
1guZiH_PrAn9Om_IpVs4WNydUVL5F1Nznzed7yP4yu-Q,Proceso de inducción y reinducción 2025 - (PIR_SSPM_2025),5,5,5,5,5,5,5,5,5,5,5,5,5
1guZiH_PrAn9Om_IpVs4WNydUVL5F1Nznzed7yP4yu-Q,Proceso de inducción y reinducción 2025 - (PIR_SSPM_2025),5,5,5,5,5,5,5,5,5,5,5,5,5
1guZiH_PrAn9Om_IpVs4WNydUVL5F1Nznzed7yP4yu-Q,Proceso de inducción y reinducción 2025 - (PIR_SSPM_2025),4,4,4,4,4,5,5,4,3,3,4,4,4
1guZiH_PrAn9Om_IpVs4WNydUVL5F1Nznzed7yP4yu-Q,Proceso de inducción y reinducción 2025 - (PIR_SSPM_2025),5,5,5,5,5,5,5,5,5,5,5,5,5
1guZiH_PrAn9Om_IpVs4WNydUVL5F1Nznzed7yP4yu-Q,Proceso de inducción y reinducción 2025 - (PIR_SSPM_2025),4,4,4,4,4,4,4,4,4,4,4,5,5
1guZiH_PrAn9Om_IpVs4WNydUVL5F1Nznzed7yP4yu-Q,Proceso de inducción y reinducción 2025 - (PIR_SSPM_2025),5,5,5,5,5,5,5,5,5,5,5,5,5
1guZiH_PrAn9Om_IpVs4WNydUVL5F1Nznzed7yP4yu-Q,Proceso de inducción y reinducción 2025 - (PIR_SSPM_2025),5,5,5,5,5,4,5,5,5,5,5,5,5
1guZiH_PrAn9Om_IpVs4WNydUVL5F1Nznzed7yP4yu-Q,Proceso de inducción y reinducción 2025 - (PIR_SSPM_2025),5,5,5,5,5,5,3,3,3,3,5,5,5
1guZiH_PrAn9Om_IpVs4WNydUVL5F1Nznzed7yP4yu-Q,Proceso de inducción y reinducción 2025 - (PIR_SSPM_2025),5,5,5,5,5,5,5,5,5,5,5,5,5
1guZiH_PrAn9Om_IpVs4WNydUVL5F1Nznzed7yP4yu-Q,Proceso de inducción y reinducción 2025 - (PIR_SSPM_2025),5,5,5,5,5,5,5,5,5,5,5,5,5
1guZiH_PrAn9Om_IpVs4WNydUVL5F1Nznzed7yP4yu-Q,Proceso de inducción y reinducción 2025 - (PIR_SSPM_2025),5,5,5,5,5,5,5,5,5,5,5,5,5
1guZiH_PrAn9Om_IpVs4WNydUVL5F1Nznzed7yP4yu-Q,Proceso de inducción y reinducción 2025 - (PIR_SSPM_2025),5,5,5,5,5,5,5,5,5,5,5,5,5
1guZiH_PrAn9Om_IpVs4WNydUVL5F1Nznzed7yP4yu-Q,Proceso de inducción y reinducción 2025 - (PIR_SSPM_2025),4,4,4,4,4,4,4,4,4,4,4,4,4
1guZiH_PrAn9Om_IpVs4WNydUVL5F1Nznzed7yP4yu-Q,Proceso de inducción y reinducción 2025 - (PIR_SSPM_2025),5,5,5,5,5,5,5,5,5,5,5,5,5
1guZiH_PrAn9Om_IpVs4WNydUVL5F1Nznzed7yP4yu-Q,Proceso de inducción y reinducción 2025 - (PIR_SSPM_2025),5,5,5,5,5,5,5,5,5,5,5,5,5
1guZiH_PrAn9Om_IpVs4WNydUVL5F1Nznzed7yP4yu-Q,Proceso de inducción y reinducción 2025 - (PIR_SSPM_2025),5,5,5,4,4,5,5,5,4,5,4,4,4
1guZiH_PrAn9Om_IpVs4WNydUVL5F1Nznzed7yP4yu-Q,Proceso de inducción y reinducción 2025 - (PIR_SSPM_2025),5,5,5,5,5,5,5,5,5,5,5,5,5
1guZiH_PrAn9Om_IpVs4WNydUVL5F1Nznzed7yP4yu-Q,Proceso de inducción y reinducción 2025 - (PIR_SSPM_2025),5,5,5,5,5,5,5,5,5,5,5,5,5
1guZiH_PrAn9Om_IpVs4WNydUVL5F1Nznzed7yP4yu-Q,Proceso de inducción y reinducción 2025 - (PIR_SSPM_2025),5,5,5,4,5,5,5,5,5,5,5,5,5
1guZiH_PrAn9Om_IpVs4WNydUVL5F1Nznzed7yP4yu-Q,Proceso de inducción y reinducción 2025 - (PIR_SSPM_2025),5,5,4,5,5,5,5,4,5,5,5,5,5
1guZiH_PrAn9Om_IpVs4WNydUVL5F1Nznzed7yP4yu-Q,Proceso de inducción y reinducción 2025 - (PIR_SSPM_2025),5,5,5,5,5,5,5,5,5,5,5,5,5
1guZiH_PrAn9Om_IpVs4WNydUVL5F1Nznzed7yP4yu-Q,Proceso de inducción y reinducción 2025 - (PIR_SSPM_2025),5,5,5,5,5,5,5,5,5,5,5,5,5
1guZiH_PrAn9Om_IpVs4WNydUVL5F1Nznzed7yP4yu-Q,Proceso de inducción y reinducción 2025 - (PIR_SSPM_2025),5,5,5,5,5,5,5,5,5,5,5,5,5
1guZiH_PrAn9Om_IpVs4WNydUVL5F1Nznzed7yP4yu-Q,Proceso de inducción y reinducción 2025 - (PIR_SSPM_2025),5,5,5,5,5,5,5,5,5,5,5,5,5
1guZiH_PrAn9Om_IpVs4WNydUVL5F1Nznzed7yP4yu-Q,Proceso de inducción y reinducción 2025 - (PIR_SSPM_2025),5,5,5,5,5,5,5,5,5,5,5,5,5
1guZiH_PrAn9Om_IpVs4WNydUVL5F1Nznzed7yP4yu-Q,Proceso de inducción y reinducción 2025 - (PIR_SSPM_2025),5,5,5,5,5,5,5,5,5,5,5,5,5
1guZiH_PrAn9Om_IpVs4WNydUVL5F1Nznzed7yP4yu-Q,Proceso de inducción y reinducción 2025 - (PIR_SSPM_2025),4,4,4,4,4,4,4,4,1,1,4,4,4
1guZiH_PrAn9Om_IpVs4WNydUVL5F1Nznzed7yP4yu-Q,Proceso de inducción y reinducción 2025 - (PIR_SSPM_2025),5,5,5,5,5,5,5,5,5,5,5,5,5
1guZiH_PrAn9Om_IpVs4WNydUVL5F1Nznzed7yP4yu-Q,Proceso de inducción y reinducción 2025 - (PIR_SSPM_2025),5,5,5,5,5,5,5,5,5,5,5,5,5
1guZiH_PrAn9Om_IpVs4WNydUVL5F1Nznzed7yP4yu-Q,Proceso de inducción y reinducción 2025 - (PIR_SSPM_2025),5,5,5,5,5,5,5,5,5,5,5,5,5
1guZiH_PrAn9Om_IpVs4WNydUVL5F1Nznzed7yP4yu-Q,Proceso de inducción y reinducción 2025 - (PIR_SSPM_2025),5,5,5,5,5,5,5,5,5,5,5,5,5
1guZiH_PrAn9Om_IpVs4WNydUVL5F1Nznzed7yP4yu-Q,Proceso de inducción y reinducción 2025 - (PIR_SSPM_2025),5,5,5,5,4,4,5,4,5,4,4,5,4
1guZiH_PrAn9Om_IpVs4WNydUVL5F1Nznzed7yP4yu-Q,Proceso de inducción y reinducción 2025 - (PIR_SSPM_2025),5,4,5,4,5,5,4,5,4,4,5,5,4
1guZiH_PrAn9Om_IpVs4WNydUVL5F1Nznzed7yP4yu-Q,Proceso de inducción y reinducción 2025 - (PIR_SSPM_2025),5,5,5,5,5,5,5,5,5,5,5,5,5
1guZiH_PrAn9Om_IpVs4WNydUVL5F1Nznzed7yP4yu-Q,Proceso de inducción y reinducción 2025 - (PIR_SSPM_2025),5,5,5,5,5,5,5,5,5,5,5,5,5
1guZiH_PrAn9Om_IpVs4WNydUVL5F1Nznzed7yP4yu-Q,Proceso de inducción y reinducción 2025 - (PIR_SSPM_2025),5,5,5,5,5,5,5,5,5,3,5,4,4
1guZiH_PrAn9Om_IpVs4WNydUVL5F1Nznzed7yP4yu-Q,Proceso de inducción y reinducción 2025 - (PIR_SSPM_2025),5,5,5,5,5,5,5,5,5,5,5,5,5
1guZiH_PrAn9Om_IpVs4WNydUVL5F1Nznzed7yP4yu-Q,Proceso de inducción y reinducción 2025 - (PIR_SSPM_2025),1,1,1,1,1,1,1,1,1,1,1,1,1
1guZiH_PrAn9Om_IpVs4WNydUVL5F1Nznzed7yP4yu-Q,Proceso de inducción y reinducción 2025 - (PIR_SSPM_2025),5,5,5,5,5,4,5,4,5,5,5,4,4
1guZiH_PrAn9Om_IpVs4WNydUVL5F1Nznzed7yP4yu-Q,Proceso de inducción y reinducción 2025 - (PIR_SSPM_2025),3,4,4,3,4,4,1,1,1,1,4,4,4
1guZiH_PrAn9Om_IpVs4WNydUVL5F1Nznzed7yP4yu-Q,Proceso de inducción y reinducción 2025 - (PIR_SSPM_2025),5,5,5,5,5,5,5,5,5,5,5,5,5
1guZiH_PrAn9Om_IpVs4WNydUVL5F1Nznzed7yP4yu-Q,Proceso de inducción y reinducción 2025 - (PIR_SSPM_2025),5,4,5,4,5,4,5,4,5,4,5,4,5
1guZiH_PrAn9Om_IpVs4WNydUVL5F1Nznzed7yP4yu-Q,Proceso de inducción y reinducción 2025 - (PIR_SSPM_2025),4,4,4,4,4,4,4,4,4,4,4,4,4
1guZiH_PrAn9Om_IpVs4WNydUVL5F1Nznzed7yP4yu-Q,Proceso de inducción y reinducción 2025 - (PIR_SSPM_2025),4,4,5,4,5,4,4,4,4,4,4,4,4
1guZiH_PrAn9Om_IpVs4WNydUVL5F1Nznzed7yP4yu-Q,Proceso de inducción y reinducción 2025 - (PIR_SSPM_2025),4,4,5,4,5,5,4,5,4,4,5,5,4
1guZiH_PrAn9Om_IpVs4WNydUVL5F1Nznzed7yP4yu-Q,Proceso de inducción y reinducción 2025 - (PIR_SSPM_2025),4,4,4,4,4,4,4,4,4,4,4,4,4
1guZiH_PrAn9Om_IpVs4WNydUVL5F1Nznzed7yP4yu-Q,Proceso de inducción y reinducción 2025 - (PIR_SSPM_2025),4,4,4,4,4,4,4,4,4,4,4,4,4
1guZiH_PrAn9Om_IpVs4WNydUVL5F1Nznzed7yP4yu-Q,Proceso de inducción y reinducción 2025 - (PIR_SSPM_2025),5,5,5,5,5,5,5,5,5,5,5,5,5
1guZiH_PrAn9Om_IpVs4WNydUVL5F1Nznzed7yP4yu-Q,Proceso de inducción y reinducción 2025 - (PIR_SSPM_2025),5,5,5,5,5,5,5,5,5,5,5,5,5
1guZiH_PrAn9Om_IpVs4WNydUVL5F1Nznzed7yP4yu-Q,Proceso de inducción y reinducción 2025 - (PIR_SSPM_2025),5,4,4,5,4,4,5,4,4,4,4,3,4
1guZiH_PrAn9Om_IpVs4WNydUVL5F1Nznzed7yP4yu-Q,Proceso de inducción y reinducción 2025 - (PIR_SSPM_2025),5,5,5,5,5,5,5,5,5,5,5,5,5
1guZiH_PrAn9Om_IpVs4WNydUVL5F1Nznzed7yP4yu-Q,Proceso de inducción y reinducción 2025 - (PIR_SSPM_2025),5,5,5,4,5,5,5,5,5,5,5,5,5
1guZiH_PrAn9Om_IpVs4WNydUVL5F1Nznzed7yP4yu-Q,Proceso de inducción y reinducción 2025 - (PIR_SSPM_2025),3,4,4,4,5,5,5,5,4,3,3,4,5
1guZiH_PrAn9Om_IpVs4WNydUVL5F1Nznzed7yP4yu-Q,Proceso de inducción y reinducción 2025 - (PIR_SSPM_2025),5,5,5,5,5,5,5,5,5,5,5,5,5
1guZiH_PrAn9Om_IpVs4WNydUVL5F1Nznzed7yP4yu-Q,Proceso de inducción y reinducción 2025 - (PIR_SSPM_2025),5,5,5,5,5,5,5,5,5,5,5,5,5
1guZiH_PrAn9Om_IpVs4WNydUVL5F1Nznzed7yP4yu-Q,Proceso de inducción y reinducción 2025 - (PIR_SSPM_2025),5,5,5,5,5,5,5,5,5,5,5,5,5
1guZiH_PrAn9Om_IpVs4WNydUVL5F1Nznzed7yP4yu-Q,Proceso de inducción y reinducción 2025 - (PIR_SSPM_2025),5,5,4,4,4,4,4,4,4,4,4,4,4
1guZiH_PrAn9Om_IpVs4WNydUVL5F1Nznzed7yP4yu-Q,Proceso de inducción y reinducción 2025 - (PIR_SSPM_2025),5,5,5,5,5,5,5,5,5,5,5,5,5
1guZiH_PrAn9Om_IpVs4WNydUVL5F1Nznzed7yP4yu-Q,Proceso de inducción y reinducción 2025 - (PIR_SSPM_2025),5,5,5,5,5,5,5,5,5,5,5,5,5
1guZiH_PrAn9Om_IpVs4WNydUVL5F1Nznzed7yP4yu-Q,Proceso de inducción y reinducción 2025 - (PIR_SSPM_2025),5,5,5,4,5,5,5,5,5,5,5,5,5
1guZiH_PrAn9Om_IpVs4WNydUVL5F1Nznzed7yP4yu-Q,Proceso de inducción y reinducción 2025 - (PIR_SSPM_2025),5,5,5,5,5,5,5,5,5,5,5,5,5
1guZiH_PrAn9Om_IpVs4WNydUVL5F1Nznzed7yP4yu-Q,Proceso de inducción y reinducción 2025 - (PIR_SSPM_2025),5,5,5,5,5,5,5,5,5,5,5,5,5
1guZiH_PrAn9Om_IpVs4WNydUVL5F1Nznzed7yP4yu-Q,Proceso de inducción y reinducción 2025 - (PIR_SSPM_2025),4,4,4,4,4,4,4,4,4,4,4,4,4
1guZiH_PrAn9Om_IpVs4WNydUVL5F1Nznzed7yP4yu-Q,Proceso de inducción y reinducción 2025 - (PIR_SSPM_2025),4,4,4,4,4,4,4,4,4,4,4,4,4
1guZiH_PrAn9Om_IpVs4WNydUVL5F1Nznzed7yP4yu-Q,Proceso de inducción y reinducción 2025 - (PIR_SSPM_2025),4,4,4,4,5,4,4,5,4,1,4,4,4
1guZiH_PrAn9Om_IpVs4WNydUVL5F1Nznzed7yP4yu-Q,Proceso de inducción y reinducción 2025 - (PIR_SSPM_2025),5,5,5,5,5,5,5,5,5,5,5,5,5
1guZiH_PrAn9Om_IpVs4WNydUVL5F1Nznzed7yP4yu-Q,Proceso de inducción y reinducción 2025 - (PIR_SSPM_2025),4,4,4,4,4,4,4,4,4,4,4,4,4
1guZiH_PrAn9Om_IpVs4WNydUVL5F1Nznzed7yP4yu-Q,Proceso de inducción y reinducción 2025 - (PIR_SSPM_2025),5,5,5,4,5,5,4,5,5,5,5,5,5
1guZiH_PrAn9Om_IpVs4WNydUVL5F1Nznzed7yP4yu-Q,Proceso de inducción y reinducción 2025 - (PIR_SSPM_2025),5,5,4,4,4,4,4,4,4,5,5,5,5
1guZiH_PrAn9Om_IpVs4WNydUVL5F1Nznzed7yP4yu-Q,Proceso de inducción y reinducción 2025 - (PIR_SSPM_2025),4,4,5,4,4,4,4,4,4,4,4,4,4
1guZiH_PrAn9Om_IpVs4WNydUVL5F1Nznzed7yP4yu-Q,Proceso de inducción y reinducción 2025 - (PIR_SSPM_2025),5,5,5,5,5,5,5,5,5,5,5,5,5
1guZiH_PrAn9Om_IpVs4WNydUVL5F1Nznzed7yP4yu-Q,Proceso de inducción y reinducción 2025 - (PIR_SSPM_2025),5,5,5,5,5,5,5,5,5,5,5,5,5
1guZiH_PrAn9Om_IpVs4WNydUVL5F1Nznzed7yP4yu-Q,Proceso de inducción y reinducción 2025 - (PIR_SSPM_2025),5,5,5,5,5,5,5,5,5,5,5,5,5
1guZiH_PrAn9Om_IpVs4WNydUVL5F1Nznzed7yP4yu-Q,Proceso de inducción y reinducción 2025 - (PIR_SSPM_2025),5,5,5,5,5,5,5,5,5,5,5,5,5
1guZiH_PrAn9Om_IpVs4WNydUVL5F1Nznzed7yP4yu-Q,Proceso de inducción y reinducción 2025 - (PIR_SSPM_2025),5,5,5,5,5,5,5,5,5,5,5,5,5
1guZiH_PrAn9Om_IpVs4WNydUVL5F1Nznzed7yP4yu-Q,Proceso de inducción y reinducción 2025 - (PIR_SSPM_2025),5,5,4,4,5,5,5,5,1,1,4,5,5
1guZiH_PrAn9Om_IpVs4WNydUVL5F1Nznzed7yP4yu-Q,Proceso de inducción y reinducción 2025 - (PIR_SSPM_2025),5,5,5,5,5,5,5,5,5,5,5,4,4
1giJ0jyUWAfQhn2UBxpL8XpCoNtE72sfctKCggDFQ-LI,PF DERECHOS SEXUALES Y REPRODUCTIVOS 2025 - (PFSAG_2026) (PFSAG_2025),4,5,5,5,3,4,5,3,4,3,4,5,5
1giJ0jyUWAfQhn2UBxpL8XpCoNtE72sfctKCggDFQ-LI,PF DERECHOS SEXUALES Y REPRODUCTIVOS 2025 - (PFSAG_2026) (PFSAG_2025),5,4,5,5,4,4,5,5,5,4,4,5,4
1giJ0jyUWAfQhn2UBxpL8XpCoNtE72sfctKCggDFQ-LI,PF DERECHOS SEXUALES Y REPRODUCTIVOS 2025 - (PFSAG_2026) (PFSAG_2025),5,5,5,5,5,5,5,5,5,5,5,5,5
1giJ0jyUWAfQhn2UBxpL8XpCoNtE72sfctKCggDFQ-LI,PF DERECHOS SEXUALES Y REPRODUCTIVOS 2025 - (PFSAG_2026) (PFSAG_2025),5,5,5,5,5,5,5,5,5,5,5,5,5
1giJ0jyUWAfQhn2UBxpL8XpCoNtE72sfctKCggDFQ-LI,PF DERECHOS SEXUALES Y REPRODUCTIVOS 2025 - (PFSAG_2026) (PFSAG_2025),4,5,4,4,4,5,4,4,4,5,3,4,3
1giJ0jyUWAfQhn2UBxpL8XpCoNtE72sfctKCggDFQ-LI,PF DERECHOS SEXUALES Y REPRODUCTIVOS 2025 - (PFSAG_2026) (PFSAG_2025),5,5,5,5,5,5,5,5,5,5,5,5,5
1giJ0jyUWAfQhn2UBxpL8XpCoNtE72sfctKCggDFQ-LI,PF DERECHOS SEXUALES Y REPRODUCTIVOS 2025 - (PFSAG_2026) (PFSAG_2025),5,5,4,5,5,4,4,4,4,5,5,5,5
1giJ0jyUWAfQhn2UBxpL8XpCoNtE72sfctKCggDFQ-LI,PF DERECHOS SEXUALES Y REPRODUCTIVOS 2025 - (PFSAG_2026) (PFSAG_2025),4,5,5,5,4,5,3,5,5,5,5,5,4
1giJ0jyUWAfQhn2UBxpL8XpCoNtE72sfctKCggDFQ-LI,PF DERECHOS SEXUALES Y REPRODUCTIVOS 2025 - (PFSAG_2026) (PFSAG_2025),5,5,5,5,5,5,5,5,5,5,5,5,5
1giJ0jyUWAfQhn2UBxpL8XpCoNtE72sfctKCggDFQ-LI,PF DERECHOS SEXUALES Y REPRODUCTIVOS 2025 - (PFSAG_2026) (PFSAG_2025),5,5,5,4,5,4,5,5,5,5,5,5,5
1giJ0jyUWAfQhn2UBxpL8XpCoNtE72sfctKCggDFQ-LI,PF DERECHOS SEXUALES Y REPRODUCTIVOS 2025 - (PFSAG_2026) (PFSAG_2025),5,5,5,5,5,5,5,4,5,5,4,5,5
1giJ0jyUWAfQhn2UBxpL8XpCoNtE72sfctKCggDFQ-LI,PF DERECHOS SEXUALES Y REPRODUCTIVOS 2025 - (PFSAG_2026) (PFSAG_2025),5,5,5,5,4,5,5,5,5,5,5,5,5
1giJ0jyUWAfQhn2UBxpL8XpCoNtE72sfctKCggDFQ-LI,PF DERECHOS SEXUALES Y REPRODUCTIVOS 2025 - (PFSAG_2026) (PFSAG_2025),5,4,5,4,5,5,4,5,4,5,5,4,4
1giJ0jyUWAfQhn2UBxpL8XpCoNtE72sfctKCggDFQ-LI,PF DERECHOS SEXUALES Y REPRODUCTIVOS 2025 - (PFSAG_2026) (PFSAG_2025),5,5,5,5,5,5,5,5,5,5,5,5,5
1giJ0jyUWAfQhn2UBxpL8XpCoNtE72sfctKCggDFQ-LI,PF DERECHOS SEXUALES Y REPRODUCTIVOS 2025 - (PFSAG_2026) (PFSAG_2025),5,4,4,4,4,4,5,5,5,5,5,5,5
1giJ0jyUWAfQhn2UBxpL8XpCoNtE72sfctKCggDFQ-LI,PF DERECHOS SEXUALES Y REPRODUCTIVOS 2025 - (PFSAG_2026) (PFSAG_2025),5,4,5,4,5,5,4,5,5,4,3,5,4
1giJ0jyUWAfQhn2UBxpL8XpCoNtE72sfctKCggDFQ-LI,PF DERECHOS SEXUALES Y REPRODUCTIVOS 2025 - (PFSAG_2026) (PFSAG_2025),5,4,5,4,5,4,4,5,5,5,5,5,5
1giJ0jyUWAfQhn2UBxpL8XpCoNtE72sfctKCggDFQ-LI,PF DERECHOS SEXUALES Y REPRODUCTIVOS 2025 - (PFSAG_2026) (PFSAG_2025),4,4,4,4,4,4,4,4,4,4,4,4,4
1giJ0jyUWAfQhn2UBxpL8XpCoNtE72sfctKCggDFQ-LI,PF DERECHOS SEXUALES Y REPRODUCTIVOS 2025 - (PFSAG_2026) (PFSAG_2025),5,5,5,5,5,5,5,5,5,5,5,5,5
1giJ0jyUWAfQhn2UBxpL8XpCoNtE72sfctKCggDFQ-LI,PF DERECHOS SEXUALES Y REPRODUCTIVOS 2025 - (PFSAG_2026) (PFSAG_2025),5,5,5,5,5,5,5,5,5,5,5,5,5
1giJ0jyUWAfQhn2UBxpL8XpCoNtE72sfctKCggDFQ-LI,PF DERECHOS SEXUALES Y REPRODUCTIVOS 2025 - (PFSAG_2026) (PFSAG_2025),5,5,5,4,5,5,5,5,5,5,5,5,5
1giJ0jyUWAfQhn2UBxpL8XpCoNtE72sfctKCggDFQ-LI,PF DERECHOS SEXUALES Y REPRODUCTIVOS 2025 - (PFSAG_2026) (PFSAG_2025),4,4,4,3,5,3,5,4,3,4,5,4,5
1giJ0jyUWAfQhn2UBxpL8XpCoNtE72sfctKCggDFQ-LI,PF DERECHOS SEXUALES Y REPRODUCTIVOS 2025 - (PFSAG_2026) (PFSAG_2025),5,5,5,5,5,5,5,5,5,5,5,5,5
1giJ0jyUWAfQhn2UBxpL8XpCoNtE72sfctKCggDFQ-LI,PF DERECHOS SEXUALES Y REPRODUCTIVOS 2025 - (PFSAG_2026) (PFSAG_2025),5,5,5,5,5,5,5,5,5,5,5,5,5
1giJ0jyUWAfQhn2UBxpL8XpCoNtE72sfctKCggDFQ-LI,PF DERECHOS SEXUALES Y REPRODUCTIVOS 2025 - (PFSAG_2026) (PFSAG_2025),5,5,5,5,5,5,5,5,5,5,5,5,5
1giJ0jyUWAfQhn2UBxpL8XpCoNtE72sfctKCggDFQ-LI,PF DERECHOS SEXUALES Y REPRODUCTIVOS 2025 - (PFSAG_2026) (PFSAG_2025),5,5,5,4,3,5,5,5,5,5,5,5,5
1giJ0jyUWAfQhn2UBxpL8XpCoNtE72sfctKCggDFQ-LI,PF DERECHOS SEXUALES Y REPRODUCTIVOS 2025 - (PFSAG_2026) (PFSAG_2025),4,4,5,4,5,5,4,5,5,5,5,5,5
1giJ0jyUWAfQhn2UBxpL8XpCoNtE72sfctKCggDFQ-LI,PF DERECHOS SEXUALES Y REPRODUCTIVOS 2025 - (PFSAG_2026) (PFSAG_2025),4,4,5,4,4,4,5,4,4,4,4,4,4
1giJ0jyUWAfQhn2UBxpL8XpCoNtE72sfctKCggDFQ-LI,PF DERECHOS SEXUALES Y REPRODUCTIVOS 2025 - (PFSAG_2026) (PFSAG_2025),5,5,5,5,5,5,5,5,5,5,5,5,5
1giJ0jyUWAfQhn2UBxpL8XpCoNtE72sfctKCggDFQ-LI,PF DERECHOS SEXUALES Y REPRODUCTIVOS 2025 - (PFSAG_2026) (PFSAG_2025),5,5,5,5,5,5,5,5,5,5,5,5,5
1giJ0jyUWAfQhn2UBxpL8XpCoNtE72sfctKCggDFQ-LI,PF DERECHOS SEXUALES Y REPRODUCTIVOS 2025 - (PFSAG_2026) (PFSAG_2025),3,4,4,5,5,4,3,5,3,5,5,5,5
1giJ0jyUWAfQhn2UBxpL8XpCoNtE72sfctKCggDFQ-LI,PF DERECHOS SEXUALES Y REPRODUCTIVOS 2025 - (PFSAG_2026) (PFSAG_2025),5,5,5,5,5,5,4,4,5,4,4,5,5
1giJ0jyUWAfQhn2UBxpL8XpCoNtE72sfctKCggDFQ-LI,PF DERECHOS SEXUALES Y REPRODUCTIVOS 2025 - (PFSAG_2026) (PFSAG_2025),4,4,5,2,4,4,5,5,5,4,5,3,4
1giJ0jyUWAfQhn2UBxpL8XpCoNtE72sfctKCggDFQ-LI,PF DERECHOS SEXUALES Y REPRODUCTIVOS 2025 - (PFSAG_2026) (PFSAG_2025),5,5,5,5,5,5,5,5,5,5,5,5,4
1giJ0jyUWAfQhn2UBxpL8XpCoNtE72sfctKCggDFQ-LI,PF DERECHOS SEXUALES Y REPRODUCTIVOS 2025 - (PFSAG_2026) (PFSAG_2025),5,5,4,5,5,5,5,4,5,5,4,4,5
1giJ0jyUWAfQhn2UBxpL8XpCoNtE72sfctKCggDFQ-LI,PF DERECHOS SEXUALES Y REPRODUCTIVOS 2025 - (PFSAG_2026) (PFSAG_2025),5,5,5,5,5,5,5,5,5,5,5,5,5
1giJ0jyUWAfQhn2UBxpL8XpCoNtE72sfctKCggDFQ-LI,PF DERECHOS SEXUALES Y REPRODUCTIVOS 2025 - (PFSAG_2026) (PFSAG_2025),4,4,4,4,4,5,5,4,4,5,5,5,4
1giJ0jyUWAfQhn2UBxpL8XpCoNtE72sfctKCggDFQ-LI,PF DERECHOS SEXUALES Y REPRODUCTIVOS 2025 - (PFSAG_2026) (PFSAG_2025),5,5,5,5,5,5,5,5,5,5,5,5,5
1giJ0jyUWAfQhn2UBxpL8XpCoNtE72sfctKCggDFQ-LI,PF DERECHOS SEXUALES Y REPRODUCTIVOS 2025 - (PFSAG_2026) (PFSAG_2025),4,5,5,5,5,4,4,5,5,5,5,5,5
1giJ0jyUWAfQhn2UBxpL8XpCoNtE72sfctKCggDFQ-LI,PF DERECHOS SEXUALES Y REPRODUCTIVOS 2025 - (PFSAG_2026) (PFSAG_2025),5,5,5,5,5,5,4,4,5,5,5,4,5
1giJ0jyUWAfQhn2UBxpL8XpCoNtE72sfctKCggDFQ-LI,PF DERECHOS SEXUALES Y REPRODUCTIVOS 2025 - (PFSAG_2026) (PFSAG_2025),4,4,4,4,4,4,4,4,4,4,4,4,4
1giJ0jyUWAfQhn2UBxpL8XpCoNtE72sfctKCggDFQ-LI,PF DERECHOS SEXUALES Y REPRODUCTIVOS 2025 - (PFSAG_2026) (PFSAG_2025),4,4,5,4,4,5,5,5,4,5,4,5,5
1giJ0jyUWAfQhn2UBxpL8XpCoNtE72sfctKCggDFQ-LI,PF DERECHOS SEXUALES Y REPRODUCTIVOS 2025 - (PFSAG_2026) (PFSAG_2025),4,5,5,5,5,5,5,5,4,5,5,5,5
1giJ0jyUWAfQhn2UBxpL8XpCoNtE72sfctKCggDFQ-LI,PF DERECHOS SEXUALES Y REPRODUCTIVOS 2025 - (PFSAG_2026) (PFSAG_2025),5,5,5,5,5,5,5,5,4,5,4,5,5
1giJ0jyUWAfQhn2UBxpL8XpCoNtE72sfctKCggDFQ-LI,PF DERECHOS SEXUALES Y REPRODUCTIVOS 2025 - (PFSAG_2026) (PFSAG_2025),4,4,3,3,2,3,5,5,4,5,4,5,4
1giJ0jyUWAfQhn2UBxpL8XpCoNtE72sfctKCggDFQ-LI,PF DERECHOS SEXUALES Y REPRODUCTIVOS 2025 - (PFSAG_2026) (PFSAG_2025),5,5,5,5,5,4,5,5,5,5,5,5,5
1giJ0jyUWAfQhn2UBxpL8XpCoNtE72sfctKCggDFQ-LI,PF DERECHOS SEXUALES Y REPRODUCTIVOS 2025 - (PFSAG_2026) (PFSAG_2025),4,5,5,3,3,4,4,4,5,5,4,5,5
1giJ0jyUWAfQhn2UBxpL8XpCoNtE72sfctKCggDFQ-LI,PF DERECHOS SEXUALES Y REPRODUCTIVOS 2025 - (PFSAG_2026) (PFSAG_2025),4,4,4,4,4,4,4,4,4,4,4,4,4
1giJ0jyUWAfQhn2UBxpL8XpCoNtE72sfctKCggDFQ-LI,PF DERECHOS SEXUALES Y REPRODUCTIVOS 2025 - (PFSAG_2026) (PFSAG_2025),3,4,5,5,3,3,4,4,4,4,4,4,4
1giJ0jyUWAfQhn2UBxpL8XpCoNtE72sfctKCggDFQ-LI,PF DERECHOS SEXUALES Y REPRODUCTIVOS 2025 - (PFSAG_2026) (PFSAG_2025),5,5,5,5,5,5,5,5,5,5,5,5,5
1giJ0jyUWAfQhn2UBxpL8XpCoNtE72sfctKCggDFQ-LI,PF DERECHOS SEXUALES Y REPRODUCTIVOS 2025 - (PFSAG_2026) (PFSAG_2025),5,5,4,4,5,5,5,5,5,5,5,5,5
1giJ0jyUWAfQhn2UBxpL8XpCoNtE72sfctKCggDFQ-LI,PF DERECHOS SEXUALES Y REPRODUCTIVOS 2025 - (PFSAG_2026) (PFSAG_2025),5,5,5,5,5,4,4,4,2,3,3,4,5
1giJ0jyUWAfQhn2UBxpL8XpCoNtE72sfctKCggDFQ-LI,PF DERECHOS SEXUALES Y REPRODUCTIVOS 2025 - (PFSAG_2026) (PFSAG_2025),4,5,4,5,5,5,5,4,4,5,4,3,5
1giJ0jyUWAfQhn2UBxpL8XpCoNtE72sfctKCggDFQ-LI,PF DERECHOS SEXUALES Y REPRODUCTIVOS 2025 - (PFSAG_2026) (PFSAG_2025),4,5,4,3,3,5,4,4,3,5,4,5,5
1giJ0jyUWAfQhn2UBxpL8XpCoNtE72sfctKCggDFQ-LI,PF DERECHOS SEXUALES Y REPRODUCTIVOS 2025 - (PFSAG_2026) (PFSAG_2025),1,1,1,1,2,2,2,2,2,1,1,1,1
1giJ0jyUWAfQhn2UBxpL8XpCoNtE72sfctKCggDFQ-LI,PF DERECHOS SEXUALES Y REPRODUCTIVOS 2025 - (PFSAG_2026) (PFSAG_2025),5,5,5,5,5,5,5,5,5,5,5,5,5
1giJ0jyUWAfQhn2UBxpL8XpCoNtE72sfctKCggDFQ-LI,PF DERECHOS SEXUALES Y REPRODUCTIVOS 2025 - (PFSAG_2026) (PFSAG_2025),5,5,5,4,3,5,5,4,3,3,5,5,5
1giJ0jyUWAfQhn2UBxpL8XpCoNtE72sfctKCggDFQ-LI,PF DERECHOS SEXUALES Y REPRODUCTIVOS 2025 - (PFSAG_2026) (PFSAG_2025),5,5,5,4,5,5,4,3,5,5,5,5,5
1giJ0jyUWAfQhn2UBxpL8XpCoNtE72sfctKCggDFQ-LI,PF DERECHOS SEXUALES Y REPRODUCTIVOS 2025 - (PFSAG_2026) (PFSAG_2025),5,5,5,5,4,5,5,5,4,4,5,5,5
1giJ0jyUWAfQhn2UBxpL8XpCoNtE72sfctKCggDFQ-LI,PF DERECHOS SEXUALES Y REPRODUCTIVOS 2025 - (PFSAG_2026) (PFSAG_2025),1,1,1,1,1,1,1,1,1,1,1,1,1
1giJ0jyUWAfQhn2UBxpL8XpCoNtE72sfctKCggDFQ-LI,PF DERECHOS SEXUALES Y REPRODUCTIVOS 2025 - (PFSAG_2026) (PFSAG_2025),5,5,5,5,5,5,5,5,5,5,5,5,5
1giJ0jyUWAfQhn2UBxpL8XpCoNtE72sfctKCggDFQ-LI,PF DERECHOS SEXUALES Y REPRODUCTIVOS 2025 - (PFSAG_2026) (PFSAG_2025),4,3,4,2,4,3,4,5,4,4,3,4,5
1giJ0jyUWAfQhn2UBxpL8XpCoNtE72sfctKCggDFQ-LI,PF DERECHOS SEXUALES Y REPRODUCTIVOS 2025 - (PFSAG_2026) (PFSAG_2025),3,4,5,1,5,5,4,4,5,5,3,4,5
1giJ0jyUWAfQhn2UBxpL8XpCoNtE72sfctKCggDFQ-LI,PF DERECHOS SEXUALES Y REPRODUCTIVOS 2025 - (PFSAG_2026) (PFSAG_2025),5,4,5,5,5,5,5,5,5,5,5,5,5
1giJ0jyUWAfQhn2UBxpL8XpCoNtE72sfctKCggDFQ-LI,PF DERECHOS SEXUALES Y REPRODUCTIVOS 2025 - (PFSAG_2026) (PFSAG_2025),5,4,5,1,5,4,4,4,5,4,5,4,3
1giJ0jyUWAfQhn2UBxpL8XpCoNtE72sfctKCggDFQ-LI,PF DERECHOS SEXUALES Y REPRODUCTIVOS 2025 - (PFSAG_2026) (PFSAG_2025),3,3,4,3,4,3,4,4,3,3,3,3,3
1giJ0jyUWAfQhn2UBxpL8XpCoNtE72sfctKCggDFQ-LI,PF DERECHOS SEXUALES Y REPRODUCTIVOS 2025 - (PFSAG_2026) (PFSAG_2025),5,5,5,4,4,4,5,5,5,5,5,5,5
1giJ0jyUWAfQhn2UBxpL8XpCoNtE72sfctKCggDFQ-LI,PF DERECHOS SEXUALES Y REPRODUCTIVOS 2025 - (PFSAG_2026) (PFSAG_2025),5,5,4,5,1,4,5,5,5,5,5,5,5
1giJ0jyUWAfQhn2UBxpL8XpCoNtE72sfctKCggDFQ-LI,PF DERECHOS SEXUALES Y REPRODUCTIVOS 2025 - (PFSAG_2026) (PFSAG_2025),5,5,5,5,5,5,5,5,5,5,5,5,5
1giJ0jyUWAfQhn2UBxpL8XpCoNtE72sfctKCggDFQ-LI,PF DERECHOS SEXUALES Y REPRODUCTIVOS 2025 - (PFSAG_2026) (PFSAG_2025),5,5,5,5,5,5,5,5,5,5,5,5,5
1giJ0jyUWAfQhn2UBxpL8XpCoNtE72sfctKCggDFQ-LI,PF DERECHOS SEXUALES Y REPRODUCTIVOS 2025 - (PFSAG_2026) (PFSAG_2025),5,5,5,5,3,5,5,5,5,5,5,5,5
1giJ0jyUWAfQhn2UBxpL8XpCoNtE72sfctKCggDFQ-LI,PF DERECHOS SEXUALES Y REPRODUCTIVOS 2025 - (PFSAG_2026) (PFSAG_2025),4,5,4,3,4,4,4,5,4,5,5,4,4
1giJ0jyUWAfQhn2UBxpL8XpCoNtE72sfctKCggDFQ-LI,PF DERECHOS SEXUALES Y REPRODUCTIVOS 2025 - (PFSAG_2026) (PFSAG_2025),4,4,4,4,4,4,4,4,4,4,4,4,4
1giJ0jyUWAfQhn2UBxpL8XpCoNtE72sfctKCggDFQ-LI,PF DERECHOS SEXUALES Y REPRODUCTIVOS 2025 - (PFSAG_2026) (PFSAG_2025),5,5,5,4,5,5,5,5,5,5,5,5,5
1giJ0jyUWAfQhn2UBxpL8XpCoNtE72sfctKCggDFQ-LI,PF DERECHOS SEXUALES Y REPRODUCTIVOS 2025 - (PFSAG_2026) (PFSAG_2025),3,4,4,4,4,4,4,4,4,4,4,4,4
1giJ0jyUWAfQhn2UBxpL8XpCoNtE72sfctKCggDFQ-LI,PF DERECHOS SEXUALES Y REPRODUCTIVOS 2025 - (PFSAG_2026) (PFSAG_2025),4,4,3,3,4,5,5,3,4,3,2,5,5
1giJ0jyUWAfQhn2UBxpL8XpCoNtE72sfctKCggDFQ-LI,PF DERECHOS SEXUALES Y REPRODUCTIVOS 2025 - (PFSAG_2026) (PFSAG_2025),4,5,5,3,5,4,5,5,5,4,3,5,5
1giJ0jyUWAfQhn2UBxpL8XpCoNtE72sfctKCggDFQ-LI,PF DERECHOS SEXUALES Y REPRODUCTIVOS 2025 - (PFSAG_2026) (PFSAG_2025),4,4,5,4,5,4,5,4,5,5,4,4,4
1giJ0jyUWAfQhn2UBxpL8XpCoNtE72sfctKCggDFQ-LI,PF DERECHOS SEXUALES Y REPRODUCTIVOS 2025 - (PFSAG_2026) (PFSAG_2025),5,5,4,4,1,3,3,3,5,4,3,5,5
1giJ0jyUWAfQhn2UBxpL8XpCoNtE72sfctKCggDFQ-LI,PF DERECHOS SEXUALES Y REPRODUCTIVOS 2025 - (PFSAG_2026) (PFSAG_2025),5,5,5,4,5,5,5,5,5,5,5,5,5
1giJ0jyUWAfQhn2UBxpL8XpCoNtE72sfctKCggDFQ-LI,PF DERECHOS SEXUALES Y REPRODUCTIVOS 2025 - (PFSAG_2026) (PFSAG_2025),4,5,4,5,5,4,4,5,4,5,3,5,5
1giJ0jyUWAfQhn2UBxpL8XpCoNtE72sfctKCggDFQ-LI,PF DERECHOS SEXUALES Y REPRODUCTIVOS 2025 - (PFSAG_2026) (PFSAG_2025),4,5,4,5,5,5,4,5,3,5,4,4,4
1giJ0jyUWAfQhn2UBxpL8XpCoNtE72sfctKCggDFQ-LI,PF DERECHOS SEXUALES Y REPRODUCTIVOS 2025 - (PFSAG_2026) (PFSAG_2025),5,5,5,5,5,5,5,5,5,5,5,5,5
1giJ0jyUWAfQhn2UBxpL8XpCoNtE72sfctKCggDFQ-LI,PF DERECHOS SEXUALES Y REPRODUCTIVOS 2025 - (PFSAG_2026) (PFSAG_2025),5,5,5,4,5,5,5,5,5,5,4,5,4
1giJ0jyUWAfQhn2UBxpL8XpCoNtE72sfctKCggDFQ-LI,PF DERECHOS SEXUALES Y REPRODUCTIVOS 2025 - (PFSAG_2026) (PFSAG_2025),4,5,5,5,5,5,5,4,5,5,5,5,5
1giJ0jyUWAfQhn2UBxpL8XpCoNtE72sfctKCggDFQ-LI,PF DERECHOS SEXUALES Y REPRODUCTIVOS 2025 - (PFSAG_2026) (PFSAG_2025),5,5,5,5,5,5,5,5,4,5,5,5,5
1giJ0jyUWAfQhn2UBxpL8XpCoNtE72sfctKCggDFQ-LI,PF DERECHOS SEXUALES Y REPRODUCTIVOS 2025 - (PFSAG_2026) (PFSAG_2025),5,5,5,5,5,5,5,5,5,5,5,5,5
1giJ0jyUWAfQhn2UBxpL8XpCoNtE72sfctKCggDFQ-LI,PF DERECHOS SEXUALES Y REPRODUCTIVOS 2025 - (PFSAG_2026) (PFSAG_2025),5,5,5,5,5,5,5,5,5,5,5,5,5
1giJ0jyUWAfQhn2UBxpL8XpCoNtE72sfctKCggDFQ-LI,PF DERECHOS SEXUALES Y REPRODUCTIVOS 2025 - (PFSAG_2026) (PFSAG_2025),4,5,5,3,5,5,5,5,5,5,5,5,5
1giJ0jyUWAfQhn2UBxpL8XpCoNtE72sfctKCggDFQ-LI,PF DERECHOS SEXUALES Y REPRODUCTIVOS 2025 - (PFSAG_2026) (PFSAG_2025),4,4,4,4,4,4,5,4,4,4,4,5,5
1giJ0jyUWAfQhn2UBxpL8XpCoNtE72sfctKCggDFQ-LI,PF DERECHOS SEXUALES Y REPRODUCTIVOS 2025 - (PFSAG_2026) (PFSAG_2025),5,5,5,5,5,5,5,5,5,5,5,5,5
1giJ0jyUWAfQhn2UBxpL8XpCoNtE72sfctKCggDFQ-LI,PF DERECHOS SEXUALES Y REPRODUCTIVOS 2025 - (PFSAG_2026) (PFSAG_2025),4,4,3,3,2,2,3,5,4,2,3,3,3
1giJ0jyUWAfQhn2UBxpL8XpCoNtE72sfctKCggDFQ-LI,PF DERECHOS SEXUALES Y REPRODUCTIVOS 2025 - (PFSAG_2026) (PFSAG_2025),5,5,5,5,5,5,5,5,5,5,5,5,5
1giJ0jyUWAfQhn2UBxpL8XpCoNtE72sfctKCggDFQ-LI,PF DERECHOS SEXUALES Y REPRODUCTIVOS 2025 - (PFSAG_2026) (PFSAG_2025),3,4,4,5,3,4,3,4,4,3,4,3,4
1giJ0jyUWAfQhn2UBxpL8XpCoNtE72sfctKCggDFQ-LI,PF DERECHOS SEXUALES Y REPRODUCTIVOS 2025 - (PFSAG_2026) (PFSAG_2025),5,5,5,5,4,5,5,5,5,5,5,5,5
1giJ0jyUWAfQhn2UBxpL8XpCoNtE72sfctKCggDFQ-LI,PF DERECHOS SEXUALES Y REPRODUCTIVOS 2025 - (PFSAG_2026) (PFSAG_2025),5,5,5,5,5,4,4,4,4,5,4,4,5
1giJ0jyUWAfQhn2UBxpL8XpCoNtE72sfctKCggDFQ-LI,PF DERECHOS SEXUALES Y REPRODUCTIVOS 2025 - (PFSAG_2026) (PFSAG_2025),5,5,5,5,5,5,5,5,5,5,5,5,5
1giJ0jyUWAfQhn2UBxpL8XpCoNtE72sfctKCggDFQ-LI,PF DERECHOS SEXUALES Y REPRODUCTIVOS 2025 - (PFSAG_2026) (PFSAG_2025),5,5,5,4,3,4,5,5,4,5,5,4,5
1giJ0jyUWAfQhn2UBxpL8XpCoNtE72sfctKCggDFQ-LI,PF DERECHOS SEXUALES Y REPRODUCTIVOS 2025 - (PFSAG_2026) (PFSAG_2025),5,5,5,5,5,5,5,5,5,5,5,5,5
1giJ0jyUWAfQhn2UBxpL8XpCoNtE72sfctKCggDFQ-LI,PF DERECHOS SEXUALES Y REPRODUCTIVOS 2025 - (PFSAG_2026) (PFSAG_2025),5,5,4,3,4,4,3,4,4,4,3,4,4
1giJ0jyUWAfQhn2UBxpL8XpCoNtE72sfctKCggDFQ-LI,PF DERECHOS SEXUALES Y REPRODUCTIVOS 2025 - (PFSAG_2026) (PFSAG_2025),5,5,4,4,5,5,5,5,4,5,4,5,5
1giJ0jyUWAfQhn2UBxpL8XpCoNtE72sfctKCggDFQ-LI,PF DERECHOS SEXUALES Y REPRODUCTIVOS 2025 - (PFSAG_2026) (PFSAG_2025),4,5,5,5,5,3,5,5,5,5,5,5,5
1giJ0jyUWAfQhn2UBxpL8XpCoNtE72sfctKCggDFQ-LI,PF DERECHOS SEXUALES Y REPRODUCTIVOS 2025 - (PFSAG_2026) (PFSAG_2025),4,4,4,4,4,4,4,4,4,4,4,4,4
1giJ0jyUWAfQhn2UBxpL8XpCoNtE72sfctKCggDFQ-LI,PF DERECHOS SEXUALES Y REPRODUCTIVOS 2025 - (PFSAG_2026) (PFSAG_2025),4,5,5,4,5,5,4,5,5,5,5,5,5
1giJ0jyUWAfQhn2UBxpL8XpCoNtE72sfctKCggDFQ-LI,PF DERECHOS SEXUALES Y REPRODUCTIVOS 2025 - (PFSAG_2026) (PFSAG_2025),5,5,5,4,5,3,5,5,5,5,5,5,5
1giJ0jyUWAfQhn2UBxpL8XpCoNtE72sfctKCggDFQ-LI,PF DERECHOS SEXUALES Y REPRODUCTIVOS 2025 - (PFSAG_2026) (PFSAG_2025),5,5,5,5,5,5,5,5,5,5,5,5,5
1giJ0jyUWAfQhn2UBxpL8XpCoNtE72sfctKCggDFQ-LI,PF DERECHOS SEXUALES Y REPRODUCTIVOS 2025 - (PFSAG_2026) (PFSAG_2025),5,5,5,4,5,5,5,4,3,5,5,4,5
1giJ0jyUWAfQhn2UBxpL8XpCoNtE72sfctKCggDFQ-LI,PF DERECHOS SEXUALES Y REPRODUCTIVOS 2025 - (PFSAG_2026) (PFSAG_2025),5,5,3,4,5,3,5,4,5,4,5,5,5
1giJ0jyUWAfQhn2UBxpL8XpCoNtE72sfctKCggDFQ-LI,PF DERECHOS SEXUALES Y REPRODUCTIVOS 2025 - (PFSAG_2026) (PFSAG_2025),4,4,4,4,5,3,4,4,4,3,3,4,5
1giJ0jyUWAfQhn2UBxpL8XpCoNtE72sfctKCggDFQ-LI,PF DERECHOS SEXUALES Y REPRODUCTIVOS 2025 - (PFSAG_2026) (PFSAG_2025),4,4,5,5,5,5,4,4,5,5,5,5,5
1giJ0jyUWAfQhn2UBxpL8XpCoNtE72sfctKCggDFQ-LI,PF DERECHOS SEXUALES Y REPRODUCTIVOS 2025 - (PFSAG_2026) (PFSAG_2025),4,4,5,5,5,5,4,3,4,4,5,5,5
1giJ0jyUWAfQhn2UBxpL8XpCoNtE72sfctKCggDFQ-LI,PF DERECHOS SEXUALES Y REPRODUCTIVOS 2025 - (PFSAG_2026) (PFSAG_2025),5,5,5,5,5,5,5,5,5,5,5,5,5
1giJ0jyUWAfQhn2UBxpL8XpCoNtE72sfctKCggDFQ-LI,PF DERECHOS SEXUALES Y REPRODUCTIVOS 2025 - (PFSAG_2026) (PFSAG_2025),5,5,5,5,5,5,5,5,5,5,5,5,5
1giJ0jyUWAfQhn2UBxpL8XpCoNtE72sfctKCggDFQ-LI,PF DERECHOS SEXUALES Y REPRODUCTIVOS 2025 - (PFSAG_2026) (PFSAG_2025),1,2,2,2,1,1,1,1,2,1,1,2,1
1giJ0jyUWAfQhn2UBxpL8XpCoNtE72sfctKCggDFQ-LI,PF DERECHOS SEXUALES Y REPRODUCTIVOS 2025 - (PFSAG_2026) (PFSAG_2025),5,5,5,5,5,5,5,5,5,5,5,5,5
1giJ0jyUWAfQhn2UBxpL8XpCoNtE72sfctKCggDFQ-LI,PF DERECHOS SEXUALES Y REPRODUCTIVOS 2025 - (PFSAG_2026) (PFSAG_2025),4,5,5,4,4,4,4,4,5,5,5,5,5
1giJ0jyUWAfQhn2UBxpL8XpCoNtE72sfctKCggDFQ-LI,PF DERECHOS SEXUALES Y REPRODUCTIVOS 2025 - (PFSAG_2026) (PFSAG_2025),5,5,5,4,4,5,4,5,5,5,5,5,5
1giJ0jyUWAfQhn2UBxpL8XpCoNtE72sfctKCggDFQ-LI,PF DERECHOS SEXUALES Y REPRODUCTIVOS 2025 - (PFSAG_2026) (PFSAG_2025),5,5,5,5,5,5,5,5,5,5,5,5,5
1giJ0jyUWAfQhn2UBxpL8XpCoNtE72sfctKCggDFQ-LI,PF DERECHOS SEXUALES Y REPRODUCTIVOS 2025 - (PFSAG_2026) (PFSAG_2025),5,5,5,5,5,5,5,5,5,5,5,5,5
1giJ0jyUWAfQhn2UBxpL8XpCoNtE72sfctKCggDFQ-LI,PF DERECHOS SEXUALES Y REPRODUCTIVOS 2025 - (PFSAG_2026) (PFSAG_2025),5,5,5,5,5,5,5,5,5,5,5,5,5
1giJ0jyUWAfQhn2UBxpL8XpCoNtE72sfctKCggDFQ-LI,PF DERECHOS SEXUALES Y REPRODUCTIVOS 2025 - (PFSAG_2026) (PFSAG_2025),4,4,5,3,4,5,4,4,4,5,3,5,5
1giJ0jyUWAfQhn2UBxpL8XpCoNtE72sfctKCggDFQ-LI,PF DERECHOS SEXUALES Y REPRODUCTIVOS 2025 - (PFSAG_2026) (PFSAG_2025),5,5,4,4,4,4,4,4,4,4,4,4,4
1giJ0jyUWAfQhn2UBxpL8XpCoNtE72sfctKCggDFQ-LI,PF DERECHOS SEXUALES Y REPRODUCTIVOS 2025 - (PFSAG_2026) (PFSAG_2025),4,5,5,4,5,5,4,5,5,5,5,5,5
1giJ0jyUWAfQhn2UBxpL8XpCoNtE72sfctKCggDFQ-LI,PF DERECHOS SEXUALES Y REPRODUCTIVOS 2025 - (PFSAG_2026) (PFSAG_2025),4,3,4,4,4,4,4,4,4,1,2,2,3
1giJ0jyUWAfQhn2UBxpL8XpCoNtE72sfctKCggDFQ-LI,PF DERECHOS SEXUALES Y REPRODUCTIVOS 2025 - (PFSAG_2026) (PFSAG_2025),1,1,1,1,1,1,1,1,1,1,1,1,1
1giJ0jyUWAfQhn2UBxpL8XpCoNtE72sfctKCggDFQ-LI,PF DERECHOS SEXUALES Y REPRODUCTIVOS 2025 - (PFSAG_2026) (PFSAG_2025),5,5,5,5,5,5,5,5,5,5,5,5,5
1giJ0jyUWAfQhn2UBxpL8XpCoNtE72sfctKCggDFQ-LI,PF DERECHOS SEXUALES Y REPRODUCTIVOS 2025 - (PFSAG_2026) (PFSAG_2025),4,5,5,4,5,5,5,5,4,5,5,5,5
1giJ0jyUWAfQhn2UBxpL8XpCoNtE72sfctKCggDFQ-LI,PF DERECHOS SEXUALES Y REPRODUCTIVOS 2025 - (PFSAG_2026) (PFSAG_2025),5,5,5,4,5,5,5,5,5,5,4,5,5
1giJ0jyUWAfQhn2UBxpL8XpCoNtE72sfctKCggDFQ-LI,PF DERECHOS SEXUALES Y REPRODUCTIVOS 2025 - (PFSAG_2026) (PFSAG_2025),4,4,5,4,5,5,4,5,4,5,5,5,4
1giJ0jyUWAfQhn2UBxpL8XpCoNtE72sfctKCggDFQ-LI,PF DERECHOS SEXUALES Y REPRODUCTIVOS 2025 - (PFSAG_2026) (PFSAG_2025),5,4,5,5,5,5,5,5,5,5,5,4,5
1giJ0jyUWAfQhn2UBxpL8XpCoNtE72sfctKCggDFQ-LI,PF DERECHOS SEXUALES Y REPRODUCTIVOS 2025 - (PFSAG_2026) (PFSAG_2025),5,5,5,5,5,5,5,5,5,5,5,5,5
1giJ0jyUWAfQhn2UBxpL8XpCoNtE72sfctKCggDFQ-LI,PF DERECHOS SEXUALES Y REPRODUCTIVOS 2025 - (PFSAG_2026) (PFSAG_2025),3,4,3,3,4,3,3,3,3,4,4,4,4
1giJ0jyUWAfQhn2UBxpL8XpCoNtE72sfctKCggDFQ-LI,PF DERECHOS SEXUALES Y REPRODUCTIVOS 2025 - (PFSAG_2026) (PFSAG_2025),5,5,5,5,5,5,5,5,5,5,5,5,5
1giJ0jyUWAfQhn2UBxpL8XpCoNtE72sfctKCggDFQ-LI,PF DERECHOS SEXUALES Y REPRODUCTIVOS 2025 - (PFSAG_2026) (PFSAG_2025),5,5,2,5,3,5,5,5,5,5,3,5,5
1giJ0jyUWAfQhn2UBxpL8XpCoNtE72sfctKCggDFQ-LI,PF DERECHOS SEXUALES Y REPRODUCTIVOS 2025 - (PFSAG_2026) (PFSAG_2025),5,5,5,5,5,5,5,5,5,5,5,4,5
1giJ0jyUWAfQhn2UBxpL8XpCoNtE72sfctKCggDFQ-LI,PF DERECHOS SEXUALES Y REPRODUCTIVOS 2025 - (PFSAG_2026) (PFSAG_2025),5,5,5,5,5,4,5,5,4,5,5,5,5
1giJ0jyUWAfQhn2UBxpL8XpCoNtE72sfctKCggDFQ-LI,PF DERECHOS SEXUALES Y REPRODUCTIVOS 2025 - (PFSAG_2026) (PFSAG_2025),5,5,4,5,5,5,5,5,5,5,4,4,5
1giJ0jyUWAfQhn2UBxpL8XpCoNtE72sfctKCggDFQ-LI,PF DERECHOS SEXUALES Y REPRODUCTIVOS 2025 - (PFSAG_2026) (PFSAG_2025),5,5,5,5,5,5,5,5,5,5,5,5,5
1giJ0jyUWAfQhn2UBxpL8XpCoNtE72sfctKCggDFQ-LI,PF DERECHOS SEXUALES Y REPRODUCTIVOS 2025 - (PFSAG_2026) (PFSAG_2025),4,2,2,3,4,2,1,3,2,4,2,1,1
1giJ0jyUWAfQhn2UBxpL8XpCoNtE72sfctKCggDFQ-LI,PF DERECHOS SEXUALES Y REPRODUCTIVOS 2025 - (PFSAG_2026) (PFSAG_2025),4,4,4,4,4,4,4,4,4,4,4,4,4
1giJ0jyUWAfQhn2UBxpL8XpCoNtE72sfctKCggDFQ-LI,PF DERECHOS SEXUALES Y REPRODUCTIVOS 2025 - (PFSAG_2026) (PFSAG_2025),5,5,4,4,3,5,5,4,4,4,5,5,5
1giJ0jyUWAfQhn2UBxpL8XpCoNtE72sfctKCggDFQ-LI,PF DERECHOS SEXUALES Y REPRODUCTIVOS 2025 - (PFSAG_2026) (PFSAG_2025),5,5,5,5,5,5,5,5,5,5,5,5,5
1giJ0jyUWAfQhn2UBxpL8XpCoNtE72sfctKCggDFQ-LI,PF DERECHOS SEXUALES Y REPRODUCTIVOS 2025 - (PFSAG_2026) (PFSAG_2025),5,5,5,5,5,5,5,5,5,5,5,5,5
1giJ0jyUWAfQhn2UBxpL8XpCoNtE72sfctKCggDFQ-LI,PF DERECHOS SEXUALES Y REPRODUCTIVOS 2025 - (PFSAG_2026) (PFSAG_2025),4,4,4,4,4,4,4,4,4,4,4,4,4
1giJ0jyUWAfQhn2UBxpL8XpCoNtE72sfctKCggDFQ-LI,PF DERECHOS SEXUALES Y REPRODUCTIVOS 2025 - (PFSAG_2026) (PFSAG_2025),5,5,5,5,5,5,5,5,5,5,5,5,5
1giJ0jyUWAfQhn2UBxpL8XpCoNtE72sfctKCggDFQ-LI,PF DERECHOS SEXUALES Y REPRODUCTIVOS 2025 - (PFSAG_2026) (PFSAG_2025),5,5,5,4,5,5,5,5,5,5,5,5,5
1giJ0jyUWAfQhn2UBxpL8XpCoNtE72sfctKCggDFQ-LI,PF DERECHOS SEXUALES Y REPRODUCTIVOS 2025 - (PFSAG_2026) (PFSAG_2025),5,5,5,5,5,5,5,5,5,5,5,5,5
1giJ0jyUWAfQhn2UBxpL8XpCoNtE72sfctKCggDFQ-LI,PF DERECHOS SEXUALES Y REPRODUCTIVOS 2025 - (PFSAG_2026) (PFSAG_2025),5,5,5,5,5,5,5,5,4,5,5,5,5
1giJ0jyUWAfQhn2UBxpL8XpCoNtE72sfctKCggDFQ-LI,PF DERECHOS SEXUALES Y REPRODUCTIVOS 2025 - (PFSAG_2026) (PFSAG_2025),3,4,5,3,4,4,4,4,5,4,5,4,5
1giJ0jyUWAfQhn2UBxpL8XpCoNtE72sfctKCggDFQ-LI,PF DERECHOS SEXUALES Y REPRODUCTIVOS 2025 - (PFSAG_2026) (PFSAG_2025),5,5,5,5,5,5,5,5,5,5,5,5,5
1giJ0jyUWAfQhn2UBxpL8XpCoNtE72sfctKCggDFQ-LI,PF DERECHOS SEXUALES Y REPRODUCTIVOS 2025 - (PFSAG_2026) (PFSAG_2025),5,5,5,5,5,5,5,5,5,5,5,5,5
1giJ0jyUWAfQhn2UBxpL8XpCoNtE72sfctKCggDFQ-LI,PF DERECHOS SEXUALES Y REPRODUCTIVOS 2025 - (PFSAG_2026) (PFSAG_2025),4,5,5,5,5,4,4,4,5,5,5,5,5
1giJ0jyUWAfQhn2UBxpL8XpCoNtE72sfctKCggDFQ-LI,PF DERECHOS SEXUALES Y REPRODUCTIVOS 2025 - (PFSAG_2026) (PFSAG_2025),1,1,1,1,1,1,1,1,1,1,1,1,1
1giJ0jyUWAfQhn2UBxpL8XpCoNtE72sfctKCggDFQ-LI,PF DERECHOS SEXUALES Y REPRODUCTIVOS 2025 - (PFSAG_2026) (PFSAG_2025),5,5,5,5,5,5,5,5,5,4,5,5,5
1giJ0jyUWAfQhn2UBxpL8XpCoNtE72sfctKCggDFQ-LI,PF DERECHOS SEXUALES Y REPRODUCTIVOS 2025 - (PFSAG_2026) (PFSAG_2025),4,4,4,4,4,4,4,4,4,4,4,4,4
1giJ0jyUWAfQhn2UBxpL8XpCoNtE72sfctKCggDFQ-LI,PF DERECHOS SEXUALES Y REPRODUCTIVOS 2025 - (PFSAG_2026) (PFSAG_2025),3,5,1,1,1,1,1,1,1,1,1,1,1
1giJ0jyUWAfQhn2UBxpL8XpCoNtE72sfctKCggDFQ-LI,PF DERECHOS SEXUALES Y REPRODUCTIVOS 2025 - (PFSAG_2026) (PFSAG_2025),1,1,2,1,1,2,2,2,2,2,2,1,1
1giJ0jyUWAfQhn2UBxpL8XpCoNtE72sfctKCggDFQ-LI,PF DERECHOS SEXUALES Y REPRODUCTIVOS 2025 - (PFSAG_2026) (PFSAG_2025),2,3,4,1,1,5,3,4,1,1,4,2,5
1giJ0jyUWAfQhn2UBxpL8XpCoNtE72sfctKCggDFQ-LI,PF DERECHOS SEXUALES Y REPRODUCTIVOS 2025 - (PFSAG_2026) (PFSAG_2025),5,5,5,5,5,5,5,5,5,5,5,5,5
1giJ0jyUWAfQhn2UBxpL8XpCoNtE72sfctKCggDFQ-LI,PF DERECHOS SEXUALES Y REPRODUCTIVOS 2025 - (PFSAG_2026) (PFSAG_2025),5,5,5,5,5,5,5,5,5,5,5,5,5
1giJ0jyUWAfQhn2UBxpL8XpCoNtE72sfctKCggDFQ-LI,PF DERECHOS SEXUALES Y REPRODUCTIVOS 2025 - (PFSAG_2026) (PFSAG_2025),4,5,5,4,5,5,5,5,5,5,5,5,5
1giJ0jyUWAfQhn2UBxpL8XpCoNtE72sfctKCggDFQ-LI,PF DERECHOS SEXUALES Y REPRODUCTIVOS 2025 - (PFSAG_2026) (PFSAG_2025),4,5,5,3,4,5,5,4,5,5,5,5,5
1giJ0jyUWAfQhn2UBxpL8XpCoNtE72sfctKCggDFQ-LI,PF DERECHOS SEXUALES Y REPRODUCTIVOS 2025 - (PFSAG_2026) (PFSAG_2025),5,5,5,5,5,2,5,4,4,5,4,4,4
1giJ0jyUWAfQhn2UBxpL8XpCoNtE72sfctKCggDFQ-LI,PF DERECHOS SEXUALES Y REPRODUCTIVOS 2025 - (PFSAG_2026) (PFSAG_2025),5,5,5,5,5,5,5,5,5,5,5,5,5
1giJ0jyUWAfQhn2UBxpL8XpCoNtE72sfctKCggDFQ-LI,PF DERECHOS SEXUALES Y REPRODUCTIVOS 2025 - (PFSAG_2026) (PFSAG_2025),4,5,5,5,5,5,5,5,5,5,5,5,5
1giJ0jyUWAfQhn2UBxpL8XpCoNtE72sfctKCggDFQ-LI,PF DERECHOS SEXUALES Y REPRODUCTIVOS 2025 - (PFSAG_2026) (PFSAG_2025),5,4,4,4,4,4,4,4,4,4,4,4,4
1giJ0jyUWAfQhn2UBxpL8XpCoNtE72sfctKCggDFQ-LI,PF DERECHOS SEXUALES Y REPRODUCTIVOS 2025 - (PFSAG_2026) (PFSAG_2025),5,5,5,5,5,5,5,5,5,5,5,5,5
1giJ0jyUWAfQhn2UBxpL8XpCoNtE72sfctKCggDFQ-LI,PF DERECHOS SEXUALES Y REPRODUCTIVOS 2025 - (PFSAG_2026) (PFSAG_2025),5,5,5,4,5,5,5,5,5,5,5,5,5
1giJ0jyUWAfQhn2UBxpL8XpCoNtE72sfctKCggDFQ-LI,PF DERECHOS SEXUALES Y REPRODUCTIVOS 2025 - (PFSAG_2026) (PFSAG_2025),4,4,4,4,4,4,4,4,4,4,4,4,4
1giJ0jyUWAfQhn2UBxpL8XpCoNtE72sfctKCggDFQ-LI,PF DERECHOS SEXUALES Y REPRODUCTIVOS 2025 - (PFSAG_2026) (PFSAG_2025),5,5,5,5,5,5,5,5,5,5,5,5,5
1giJ0jyUWAfQhn2UBxpL8XpCoNtE72sfctKCggDFQ-LI,PF DERECHOS SEXUALES Y REPRODUCTIVOS 2025 - (PFSAG_2026) (PFSAG_2025),5,5,5,4,5,2,4,5,4,4,4,4,5
1giJ0jyUWAfQhn2UBxpL8XpCoNtE72sfctKCggDFQ-LI,PF DERECHOS SEXUALES Y REPRODUCTIVOS 2025 - (PFSAG_2026) (PFSAG_2025),5,5,5,5,5,5,5,4,4,5,5,5,5
1giJ0jyUWAfQhn2UBxpL8XpCoNtE72sfctKCggDFQ-LI,PF DERECHOS SEXUALES Y REPRODUCTIVOS 2025 - (PFSAG_2026) (PFSAG_2025),5,5,5,5,3,5,4,5,5,5,5,5,5
1giJ0jyUWAfQhn2UBxpL8XpCoNtE72sfctKCggDFQ-LI,PF DERECHOS SEXUALES Y REPRODUCTIVOS 2025 - (PFSAG_2026) (PFSAG_2025),5,4,4,5,4,5,3,5,5,5,3,4,5
1giJ0jyUWAfQhn2UBxpL8XpCoNtE72sfctKCggDFQ-LI,PF DERECHOS SEXUALES Y REPRODUCTIVOS 2025 - (PFSAG_2026) (PFSAG_2025),5,5,5,5,5,5,5,5,5,5,5,5,5
1giJ0jyUWAfQhn2UBxpL8XpCoNtE72sfctKCggDFQ-LI,PF DERECHOS SEXUALES Y REPRODUCTIVOS 2025 - (PFSAG_2026) (PFSAG_2025),4,4,4,3,4,4,4,3,4,4,3,3,4
1giJ0jyUWAfQhn2UBxpL8XpCoNtE72sfctKCggDFQ-LI,PF DERECHOS SEXUALES Y REPRODUCTIVOS 2025 - (PFSAG_2026) (PFSAG_2025),4,1,1,1,1,1,1,1,5,4,4,4,4
1giJ0jyUWAfQhn2UBxpL8XpCoNtE72sfctKCggDFQ-LI,PF DERECHOS SEXUALES Y REPRODUCTIVOS 2025 - (PFSAG_2026) (PFSAG_2025),5,5,5,5,4,4,5,5,5,5,5,5,5
1giJ0jyUWAfQhn2UBxpL8XpCoNtE72sfctKCggDFQ-LI,PF DERECHOS SEXUALES Y REPRODUCTIVOS 2025 - (PFSAG_2026) (PFSAG_2025),4,4,4,4,5,5,5,5,5,5,4,4,5
1giJ0jyUWAfQhn2UBxpL8XpCoNtE72sfctKCggDFQ-LI,PF DERECHOS SEXUALES Y REPRODUCTIVOS 2025 - (PFSAG_2026) (PFSAG_2025),1,3,1,1,1,1,1,1,1,3,3,3,3
1giJ0jyUWAfQhn2UBxpL8XpCoNtE72sfctKCggDFQ-LI,PF DERECHOS SEXUALES Y REPRODUCTIVOS 2025 - (PFSAG_2026) (PFSAG_2025),5,5,5,5,5,5,5,5,5,5,5,5,5
1giJ0jyUWAfQhn2UBxpL8XpCoNtE72sfctKCggDFQ-LI,PF DERECHOS SEXUALES Y REPRODUCTIVOS 2025 - (PFSAG_2026) (PFSAG_2025),5,5,5,5,5,5,5,5,5,5,5,5,5
1giJ0jyUWAfQhn2UBxpL8XpCoNtE72sfctKCggDFQ-LI,PF DERECHOS SEXUALES Y REPRODUCTIVOS 2025 - (PFSAG_2026) (PFSAG_2025),5,5,5,4,5,5,4,5,5,5,5,5,5
1giJ0jyUWAfQhn2UBxpL8XpCoNtE72sfctKCggDFQ-LI,PF DERECHOS SEXUALES Y REPRODUCTIVOS 2025 - (PFSAG_2026) (PFSAG_2025),5,5,5,5,4,4,5,5,4,4,4,5,4
1giJ0jyUWAfQhn2UBxpL8XpCoNtE72sfctKCggDFQ-LI,PF DERECHOS SEXUALES Y REPRODUCTIVOS 2025 - (PFSAG_2026) (PFSAG_2025),3,2,4,4,5,4,4,3,5,5,5,5,5
1giJ0jyUWAfQhn2UBxpL8XpCoNtE72sfctKCggDFQ-LI,PF DERECHOS SEXUALES Y REPRODUCTIVOS 2025 - (PFSAG_2026) (PFSAG_2025),5,4,5,4,5,5,4,5,5,5,4,5,5
1giJ0jyUWAfQhn2UBxpL8XpCoNtE72sfctKCggDFQ-LI,PF DERECHOS SEXUALES Y REPRODUCTIVOS 2025 - (PFSAG_2026) (PFSAG_2025),4,4,4,5,4,5,4,4,4,5,4,3,3
1giJ0jyUWAfQhn2UBxpL8XpCoNtE72sfctKCggDFQ-LI,PF DERECHOS SEXUALES Y REPRODUCTIVOS 2025 - (PFSAG_2026) (PFSAG_2025),5,5,5,5,5,5,5,5,5,5,5,5,5
1giJ0jyUWAfQhn2UBxpL8XpCoNtE72sfctKCggDFQ-LI,PF DERECHOS SEXUALES Y REPRODUCTIVOS 2025 - (PFSAG_2026) (PFSAG_2025),5,5,5,5,5,5,5,5,5,5,5,5,5
1giJ0jyUWAfQhn2UBxpL8XpCoNtE72sfctKCggDFQ-LI,PF DERECHOS SEXUALES Y REPRODUCTIVOS 2025 - (PFSAG_2026) (PFSAG_2025),4,4,4,4,4,4,4,4,4,4,4,4,4
1giJ0jyUWAfQhn2UBxpL8XpCoNtE72sfctKCggDFQ-LI,PF DERECHOS SEXUALES Y REPRODUCTIVOS 2025 - (PFSAG_2026) (PFSAG_2025),5,5,5,5,5,5,5,5,5,5,5,5,5
1giJ0jyUWAfQhn2UBxpL8XpCoNtE72sfctKCggDFQ-LI,PF DERECHOS SEXUALES Y REPRODUCTIVOS 2025 - (PFSAG_2026) (PFSAG_2025),5,5,5,5,5,5,5,5,5,5,5,5,5
1giJ0jyUWAfQhn2UBxpL8XpCoNtE72sfctKCggDFQ-LI,PF DERECHOS SEXUALES Y REPRODUCTIVOS 2025 - (PFSAG_2026) (PFSAG_2025),5,5,5,4,5,5,5,5,5,5,5,5,4
1giJ0jyUWAfQhn2UBxpL8XpCoNtE72sfctKCggDFQ-LI,PF DERECHOS SEXUALES Y REPRODUCTIVOS 2025 - (PFSAG_2026) (PFSAG_2025),5,5,5,5,5,5,5,5,5,5,5,5,5
1giJ0jyUWAfQhn2UBxpL8XpCoNtE72sfctKCggDFQ-LI,PF DERECHOS SEXUALES Y REPRODUCTIVOS 2025 - (PFSAG_2026) (PFSAG_2025),4,4,4,4,4,4,4,4,4,4,4,4,4
1giJ0jyUWAfQhn2UBxpL8XpCoNtE72sfctKCggDFQ-LI,PF DERECHOS SEXUALES Y REPRODUCTIVOS 2025 - (PFSAG_2026) (PFSAG_2025),5,5,5,4,5,4,4,5,5,5,5,5,5
1giJ0jyUWAfQhn2UBxpL8XpCoNtE72sfctKCggDFQ-LI,PF DERECHOS SEXUALES Y REPRODUCTIVOS 2025 - (PFSAG_2026) (PFSAG_2025),4,5,3,2,5,3,4,3,3,3,3,4,3
1giJ0jyUWAfQhn2UBxpL8XpCoNtE72sfctKCggDFQ-LI,PF DERECHOS SEXUALES Y REPRODUCTIVOS 2025 - (PFSAG_2026) (PFSAG_2025),5,5,5,5,5,5,5,5,5,5,5,5,5
1giJ0jyUWAfQhn2UBxpL8XpCoNtE72sfctKCggDFQ-LI,PF DERECHOS SEXUALES Y REPRODUCTIVOS 2025 - (PFSAG_2026) (PFSAG_2025),4,5,5,5,5,4,5,5,5,5,5,5,4
1giJ0jyUWAfQhn2UBxpL8XpCoNtE72sfctKCggDFQ-LI,PF DERECHOS SEXUALES Y REPRODUCTIVOS 2025 - (PFSAG_2026) (PFSAG_2025),5,5,5,5,5,5,5,5,5,5,4,5,5
1giJ0jyUWAfQhn2UBxpL8XpCoNtE72sfctKCggDFQ-LI,PF DERECHOS SEXUALES Y REPRODUCTIVOS 2025 - (PFSAG_2026) (PFSAG_2025),3,5,5,5,5,3,3,4,3,5,5,4,3
1giJ0jyUWAfQhn2UBxpL8XpCoNtE72sfctKCggDFQ-LI,PF DERECHOS SEXUALES Y REPRODUCTIVOS 2025 - (PFSAG_2026) (PFSAG_2025),5,5,5,5,5,5,5,5,5,5,5,5,5
1giJ0jyUWAfQhn2UBxpL8XpCoNtE72sfctKCggDFQ-LI,PF DERECHOS SEXUALES Y REPRODUCTIVOS 2025 - (PFSAG_2026) (PFSAG_2025),5,5,5,5,5,5,5,5,5,5,5,5,5
1giJ0jyUWAfQhn2UBxpL8XpCoNtE72sfctKCggDFQ-LI,PF DERECHOS SEXUALES Y REPRODUCTIVOS 2025 - (PFSAG_2026) (PFSAG_2025),5,5,5,5,5,5,5,5,5,5,5,5,5
1giJ0jyUWAfQhn2UBxpL8XpCoNtE72sfctKCggDFQ-LI,PF DERECHOS SEXUALES Y REPRODUCTIVOS 2025 - (PFSAG_2026) (PFSAG_2025),5,5,5,5,4,5,5,5,5,5,5,4,5
1giJ0jyUWAfQhn2UBxpL8XpCoNtE72sfctKCggDFQ-LI,PF DERECHOS SEXUALES Y REPRODUCTIVOS 2025 - (PFSAG_2026) (PFSAG_2025),5,5,5,5,5,5,5,5,5,5,5,5,5
1giJ0jyUWAfQhn2UBxpL8XpCoNtE72sfctKCggDFQ-LI,PF DERECHOS SEXUALES Y REPRODUCTIVOS 2025 - (PFSAG_2026) (PFSAG_2025),5,5,5,5,5,5,5,5,5,5,4,5,5
1giJ0jyUWAfQhn2UBxpL8XpCoNtE72sfctKCggDFQ-LI,PF DERECHOS SEXUALES Y REPRODUCTIVOS 2025 - (PFSAG_2026) (PFSAG_2025),4,4,4,4,4,4,4,4,4,4,4,4,4
1giJ0jyUWAfQhn2UBxpL8XpCoNtE72sfctKCggDFQ-LI,PF DERECHOS SEXUALES Y REPRODUCTIVOS 2025 - (PFSAG_2026) (PFSAG_2025),5,5,5,5,5,5,5,5,5,5,5,5,5
1giJ0jyUWAfQhn2UBxpL8XpCoNtE72sfctKCggDFQ-LI,PF DERECHOS SEXUALES Y REPRODUCTIVOS 2025 - (PFSAG_2026) (PFSAG_2025),5,5,5,5,5,5,5,5,5,4,2,4,5
1giJ0jyUWAfQhn2UBxpL8XpCoNtE72sfctKCggDFQ-LI,PF DERECHOS SEXUALES Y REPRODUCTIVOS 2025 - (PFSAG_2026) (PFSAG_2025),5,5,5,5,5,5,5,5,5,5,5,5,5
1giJ0jyUWAfQhn2UBxpL8XpCoNtE72sfctKCggDFQ-LI,PF DERECHOS SEXUALES Y REPRODUCTIVOS 2025 - (PFSAG_2026) (PFSAG_2025),5,5,5,5,5,5,5,5,5,5,5,5,5
1giJ0jyUWAfQhn2UBxpL8XpCoNtE72sfctKCggDFQ-LI,PF DERECHOS SEXUALES Y REPRODUCTIVOS 2025 - (PFSAG_2026) (PFSAG_2025),4,4,4,4,4,5,4,5,3,5,5,5,5
1giJ0jyUWAfQhn2UBxpL8XpCoNtE72sfctKCggDFQ-LI,PF DERECHOS SEXUALES Y REPRODUCTIVOS 2025 - (PFSAG_2026) (PFSAG_2025),5,5,5,5,5,5,5,5,5,5,5,5,5
1giJ0jyUWAfQhn2UBxpL8XpCoNtE72sfctKCggDFQ-LI,PF DERECHOS SEXUALES Y REPRODUCTIVOS 2025 - (PFSAG_2026) (PFSAG_2025),5,5,4,5,5,5,5,5,5,5,5,5,5
1giJ0jyUWAfQhn2UBxpL8XpCoNtE72sfctKCggDFQ-LI,PF DERECHOS SEXUALES Y REPRODUCTIVOS 2025 - (PFSAG_2026) (PFSAG_2025),5,5,4,5,5,5,5,5,5,5,5,5,5
1giJ0jyUWAfQhn2UBxpL8XpCoNtE72sfctKCggDFQ-LI,PF DERECHOS SEXUALES Y REPRODUCTIVOS 2025 - (PFSAG_2026) (PFSAG_2025),5,5,4,5,5,5,4,4,4,3,3,3,3
1giJ0jyUWAfQhn2UBxpL8XpCoNtE72sfctKCggDFQ-LI,PF DERECHOS SEXUALES Y REPRODUCTIVOS 2025 - (PFSAG_2026) (PFSAG_2025),5,5,5,5,5,5,5,5,4,5,3,5,5
1giJ0jyUWAfQhn2UBxpL8XpCoNtE72sfctKCggDFQ-LI,PF DERECHOS SEXUALES Y REPRODUCTIVOS 2025 - (PFSAG_2026) (PFSAG_2025),4,5,5,5,5,3,4,4,5,5,5,5,5
1giJ0jyUWAfQhn2UBxpL8XpCoNtE72sfctKCggDFQ-LI,PF DERECHOS SEXUALES Y REPRODUCTIVOS 2025 - (PFSAG_2026) (PFSAG_2025),1,1,1,4,3,3,1,1,3,1,3,1,1
1giJ0jyUWAfQhn2UBxpL8XpCoNtE72sfctKCggDFQ-LI,PF DERECHOS SEXUALES Y REPRODUCTIVOS 2025 - (PFSAG_2026) (PFSAG_2025),5,5,5,5,5,5,5,5,5,5,5,5,5
1giJ0jyUWAfQhn2UBxpL8XpCoNtE72sfctKCggDFQ-LI,PF DERECHOS SEXUALES Y REPRODUCTIVOS 2025 - (PFSAG_2026) (PFSAG_2025),4,4,4,3,2,3,5,5,4,5,4,5,4
1giJ0jyUWAfQhn2UBxpL8XpCoNtE72sfctKCggDFQ-LI,PF DERECHOS SEXUALES Y REPRODUCTIVOS 2025 - (PFSAG_2026) (PFSAG_2025),4,5,5,3,5,4,4,5,5,5,5,5,5
1giJ0jyUWAfQhn2UBxpL8XpCoNtE72sfctKCggDFQ-LI,PF DERECHOS SEXUALES Y REPRODUCTIVOS 2025 - (PFSAG_2026) (PFSAG_2025),5,3,2,4,5,4,5,4,3,5,5,5,3
1giJ0jyUWAfQhn2UBxpL8XpCoNtE72sfctKCggDFQ-LI,PF DERECHOS SEXUALES Y REPRODUCTIVOS 2025 - (PFSAG_2026) (PFSAG_2025),4,4,4,4,4,4,4,4,4,4,4,4,4
1giJ0jyUWAfQhn2UBxpL8XpCoNtE72sfctKCggDFQ-LI,PF DERECHOS SEXUALES Y REPRODUCTIVOS 2025 - (PFSAG_2026) (PFSAG_2025),5,5,5,5,5,5,5,4,5,5,5,5,5
1giJ0jyUWAfQhn2UBxpL8XpCoNtE72sfctKCggDFQ-LI,PF DERECHOS SEXUALES Y REPRODUCTIVOS 2025 - (PFSAG_2026) (PFSAG_2025),3,5,5,5,5,5,3,3,5,5,5,5,5
1giJ0jyUWAfQhn2UBxpL8XpCoNtE72sfctKCggDFQ-LI,PF DERECHOS SEXUALES Y REPRODUCTIVOS 2025 - (PFSAG_2026) (PFSAG_2025),5,5,5,5,4,5,5,5,5,5,4,5,5
1giJ0jyUWAfQhn2UBxpL8XpCoNtE72sfctKCggDFQ-LI,PF DERECHOS SEXUALES Y REPRODUCTIVOS 2025 - (PFSAG_2026) (PFSAG_2025),5,5,5,5,5,5,5,5,5,5,5,5,5
1giJ0jyUWAfQhn2UBxpL8XpCoNtE72sfctKCggDFQ-LI,PF DERECHOS SEXUALES Y REPRODUCTIVOS 2025 - (PFSAG_2026) (PFSAG_2025),4,4,4,4,4,4,4,4,4,4,4,4,4
1giJ0jyUWAfQhn2UBxpL8XpCoNtE72sfctKCggDFQ-LI,PF DERECHOS SEXUALES Y REPRODUCTIVOS 2025 - (PFSAG_2026) (PFSAG_2025),5,5,5,5,5,5,5,5,5,5,5,5,5
1giJ0jyUWAfQhn2UBxpL8XpCoNtE72sfctKCggDFQ-LI,PF DERECHOS SEXUALES Y REPRODUCTIVOS 2025 - (PFSAG_2026) (PFSAG_2025),5,5,5,4,5,5,5,5,5,5,5,5,5
1giJ0jyUWAfQhn2UBxpL8XpCoNtE72sfctKCggDFQ-LI,PF DERECHOS SEXUALES Y REPRODUCTIVOS 2025 - (PFSAG_2026) (PFSAG_2025),5,5,4,3,1,3,5,5,2,4,5,5,4
1giJ0jyUWAfQhn2UBxpL8XpCoNtE72sfctKCggDFQ-LI,PF DERECHOS SEXUALES Y REPRODUCTIVOS 2025 - (PFSAG_2026) (PFSAG_2025),5,5,5,4,5,5,5,5,5,5,5,5,5
1giJ0jyUWAfQhn2UBxpL8XpCoNtE72sfctKCggDFQ-LI,PF DERECHOS SEXUALES Y REPRODUCTIVOS 2025 - (PFSAG_2026) (PFSAG_2025),4,4,3,4,4,4,4,4,4,4,4,4,4
1giJ0jyUWAfQhn2UBxpL8XpCoNtE72sfctKCggDFQ-LI,PF DERECHOS SEXUALES Y REPRODUCTIVOS 2025 - (PFSAG_2026) (PFSAG_2025),5,5,5,5,5,5,5,5,5,5,5,5,5
1giJ0jyUWAfQhn2UBxpL8XpCoNtE72sfctKCggDFQ-LI,PF DERECHOS SEXUALES Y REPRODUCTIVOS 2025 - (PFSAG_2026) (PFSAG_2025),5,5,5,5,5,5,5,5,5,5,5,5,5
1giJ0jyUWAfQhn2UBxpL8XpCoNtE72sfctKCggDFQ-LI,PF DERECHOS SEXUALES Y REPRODUCTIVOS 2025 - (PFSAG_2026) (PFSAG_2025),5,4,5,5,5,5,5,4,4,5,5,5,5
1giJ0jyUWAfQhn2UBxpL8XpCoNtE72sfctKCggDFQ-LI,PF DERECHOS SEXUALES Y REPRODUCTIVOS 2025 - (PFSAG_2026) (PFSAG_2025),5,5,5,5,5,5,5,5,5,5,5,5,5
1giJ0jyUWAfQhn2UBxpL8XpCoNtE72sfctKCggDFQ-LI,PF DERECHOS SEXUALES Y REPRODUCTIVOS 2025 - (PFSAG_2026) (PFSAG_2025),5,5,5,4,5,5,4,4,5,5,4,5,5
1giJ0jyUWAfQhn2UBxpL8XpCoNtE72sfctKCggDFQ-LI,PF DERECHOS SEXUALES Y REPRODUCTIVOS 2025 - (PFSAG_2026) (PFSAG_2025),5,5,5,5,5,5,5,5,5,4,4,4,5
1giJ0jyUWAfQhn2UBxpL8XpCoNtE72sfctKCggDFQ-LI,PF DERECHOS SEXUALES Y REPRODUCTIVOS 2025 - (PFSAG_2026) (PFSAG_2025),1,3,5,2,4,2,4,2,1,3,3,1,4
1giJ0jyUWAfQhn2UBxpL8XpCoNtE72sfctKCggDFQ-LI,PF DERECHOS SEXUALES Y REPRODUCTIVOS 2025 - (PFSAG_2026) (PFSAG_2025),4,4,4,3,4,3,5,5,5,5,3,4,4
1giJ0jyUWAfQhn2UBxpL8XpCoNtE72sfctKCggDFQ-LI,PF DERECHOS SEXUALES Y REPRODUCTIVOS 2025 - (PFSAG_2026) (PFSAG_2025),5,5,5,5,5,5,5,5,5,5,4,5,5
1giJ0jyUWAfQhn2UBxpL8XpCoNtE72sfctKCggDFQ-LI,PF DERECHOS SEXUALES Y REPRODUCTIVOS 2025 - (PFSAG_2026) (PFSAG_2025),5,5,5,5,5,5,5,5,5,5,5,5,5
1giJ0jyUWAfQhn2UBxpL8XpCoNtE72sfctKCggDFQ-LI,PF DERECHOS SEXUALES Y REPRODUCTIVOS 2025 - (PFSAG_2026) (PFSAG_2025),5,5,5,5,5,5,5,5,5,5,5,5,5
1giJ0jyUWAfQhn2UBxpL8XpCoNtE72sfctKCggDFQ-LI,PF DERECHOS SEXUALES Y REPRODUCTIVOS 2025 - (PFSAG_2026) (PFSAG_2025),4,4,5,5,5,5,5,5,5,5,5,5,5
1giJ0jyUWAfQhn2UBxpL8XpCoNtE72sfctKCggDFQ-LI,PF DERECHOS SEXUALES Y REPRODUCTIVOS 2025 - (PFSAG_2026) (PFSAG_2025),5,5,5,5,5,5,5,5,5,5,5,5,5
1giJ0jyUWAfQhn2UBxpL8XpCoNtE72sfctKCggDFQ-LI,PF DERECHOS SEXUALES Y REPRODUCTIVOS 2025 - (PFSAG_2026) (PFSAG_2025),4,5,4,5,5,4,5,5,5,5,5,5,5
1giJ0jyUWAfQhn2UBxpL8XpCoNtE72sfctKCggDFQ-LI,PF DERECHOS SEXUALES Y REPRODUCTIVOS 2025 - (PFSAG_2026) (PFSAG_2025),3,4,4,3,3,4,2,4,3,4,4,5,4
1giJ0jyUWAfQhn2UBxpL8XpCoNtE72sfctKCggDFQ-LI,PF DERECHOS SEXUALES Y REPRODUCTIVOS 2025 - (PFSAG_2026) (PFSAG_2025),5,5,4,5,4,5,5,5,5,5,5,5,5
1giJ0jyUWAfQhn2UBxpL8XpCoNtE72sfctKCggDFQ-LI,PF DERECHOS SEXUALES Y REPRODUCTIVOS 2025 - (PFSAG_2026) (PFSAG_2025),5,5,5,5,4,5,5,4,5,5,4,5,5
1giJ0jyUWAfQhn2UBxpL8XpCoNtE72sfctKCggDFQ-LI,PF DERECHOS SEXUALES Y REPRODUCTIVOS 2025 - (PFSAG_2026) (PFSAG_2025),5,5,5,5,5,5,5,5,5,5,5,5,5
1giJ0jyUWAfQhn2UBxpL8XpCoNtE72sfctKCggDFQ-LI,PF DERECHOS SEXUALES Y REPRODUCTIVOS 2025 - (PFSAG_2026) (PFSAG_2025),5,5,5,5,5,5,5,5,5,5,4,5,5
1giJ0jyUWAfQhn2UBxpL8XpCoNtE72sfctKCggDFQ-LI,PF DERECHOS SEXUALES Y REPRODUCTIVOS 2025 - (PFSAG_2026) (PFSAG_2025),5,5,5,5,5,5,5,5,5,5,5,5,5
1giJ0jyUWAfQhn2UBxpL8XpCoNtE72sfctKCggDFQ-LI,PF DERECHOS SEXUALES Y REPRODUCTIVOS 2025 - (PFSAG_2026) (PFSAG_2025),5,5,5,5,5,5,5,5,5,4,5,5,5
1giJ0jyUWAfQhn2UBxpL8XpCoNtE72sfctKCggDFQ-LI,PF DERECHOS SEXUALES Y REPRODUCTIVOS 2025 - (PFSAG_2026) (PFSAG_2025),5,5,5,5,5,5,5,5,5,5,5,5,5
1giJ0jyUWAfQhn2UBxpL8XpCoNtE72sfctKCggDFQ-LI,PF DERECHOS SEXUALES Y REPRODUCTIVOS 2025 - (PFSAG_2026) (PFSAG_2025),5,4,5,4,3,5,5,4,4,5,5,5,5
1giJ0jyUWAfQhn2UBxpL8XpCoNtE72sfctKCggDFQ-LI,PF DERECHOS SEXUALES Y REPRODUCTIVOS 2025 - (PFSAG_2026) (PFSAG_2025),5,5,4,4,4,5,4,5,4,4,4,4,5
1giJ0jyUWAfQhn2UBxpL8XpCoNtE72sfctKCggDFQ-LI,PF DERECHOS SEXUALES Y REPRODUCTIVOS 2025 - (PFSAG_2026) (PFSAG_2025),5,5,5,5,5,5,5,5,5,5,5,5,5
1giJ0jyUWAfQhn2UBxpL8XpCoNtE72sfctKCggDFQ-LI,PF DERECHOS SEXUALES Y REPRODUCTIVOS 2025 - (PFSAG_2026) (PFSAG_2025),5,5,5,5,5,5,5,5,5,5,5,5,5
1giJ0jyUWAfQhn2UBxpL8XpCoNtE72sfctKCggDFQ-LI,PF DERECHOS SEXUALES Y REPRODUCTIVOS 2025 - (PFSAG_2026) (PFSAG_2025),5,5,4,4,5,5,5,5,5,5,5,5,5
1giJ0jyUWAfQhn2UBxpL8XpCoNtE72sfctKCggDFQ-LI,PF DERECHOS SEXUALES Y REPRODUCTIVOS 2025 - (PFSAG_2026) (PFSAG_2025),5,5,5,5,5,5,5,5,5,5,5,5,5
1giJ0jyUWAfQhn2UBxpL8XpCoNtE72sfctKCggDFQ-LI,PF DERECHOS SEXUALES Y REPRODUCTIVOS 2025 - (PFSAG_2026) (PFSAG_2025),5,5,4,4,5,4,5,4,3,4,4,5,4
1giJ0jyUWAfQhn2UBxpL8XpCoNtE72sfctKCggDFQ-LI,PF DERECHOS SEXUALES Y REPRODUCTIVOS 2025 - (PFSAG_2026) (PFSAG_2025),5,5,5,3,4,5,5,5,5,5,5,5,5
1giJ0jyUWAfQhn2UBxpL8XpCoNtE72sfctKCggDFQ-LI,PF DERECHOS SEXUALES Y REPRODUCTIVOS 2025 - (PFSAG_2026) (PFSAG_2025),5,5,5,5,5,5,5,5,5,5,5,5,5
1giJ0jyUWAfQhn2UBxpL8XpCoNtE72sfctKCggDFQ-LI,PF DERECHOS SEXUALES Y REPRODUCTIVOS 2025 - (PFSAG_2026) (PFSAG_2025),4,5,5,5,5,4,4,5,5,4,4,3,5
1giJ0jyUWAfQhn2UBxpL8XpCoNtE72sfctKCggDFQ-LI,PF DERECHOS SEXUALES Y REPRODUCTIVOS 2025 - (PFSAG_2026) (PFSAG_2025),5,5,5,5,5,5,5,5,5,5,5,5,5
1giJ0jyUWAfQhn2UBxpL8XpCoNtE72sfctKCggDFQ-LI,PF DERECHOS SEXUALES Y REPRODUCTIVOS 2025 - (PFSAG_2026) (PFSAG_2025),4,4,4,5,5,4,4,4,4,5,5,5,5
1giJ0jyUWAfQhn2UBxpL8XpCoNtE72sfctKCggDFQ-LI,PF DERECHOS SEXUALES Y REPRODUCTIVOS 2025 - (PFSAG_2026) (PFSAG_2025),5,5,5,5,5,5,5,5,5,5,5,5,5
1giJ0jyUWAfQhn2UBxpL8XpCoNtE72sfctKCggDFQ-LI,PF DERECHOS SEXUALES Y REPRODUCTIVOS 2025 - (PFSAG_2026) (PFSAG_2025),5,5,5,5,5,5,5,5,5,5,5,5,5
1giJ0jyUWAfQhn2UBxpL8XpCoNtE72sfctKCggDFQ-LI,PF DERECHOS SEXUALES Y REPRODUCTIVOS 2025 - (PFSAG_2026) (PFSAG_2025),5,5,5,5,5,3,4,5,5,5,4,5,5
1giJ0jyUWAfQhn2UBxpL8XpCoNtE72sfctKCggDFQ-LI,PF DERECHOS SEXUALES Y REPRODUCTIVOS 2025 - (PFSAG_2026) (PFSAG_2025),3,4,5,4,5,5,5,5,5,5,5,5,5
1giJ0jyUWAfQhn2UBxpL8XpCoNtE72sfctKCggDFQ-LI,PF DERECHOS SEXUALES Y REPRODUCTIVOS 2025 - (PFSAG_2026) (PFSAG_2025),5,5,5,5,5,5,5,5,5,5,5,5,5
1giJ0jyUWAfQhn2UBxpL8XpCoNtE72sfctKCggDFQ-LI,PF DERECHOS SEXUALES Y REPRODUCTIVOS 2025 - (PFSAG_2026) (PFSAG_2025),5,5,5,5,5,5,5,5,5,5,5,5,5
1giJ0jyUWAfQhn2UBxpL8XpCoNtE72sfctKCggDFQ-LI,PF DERECHOS SEXUALES Y REPRODUCTIVOS 2025 - (PFSAG_2026) (PFSAG_2025),5,5,5,5,5,5,5,5,5,5,5,5,5
1giJ0jyUWAfQhn2UBxpL8XpCoNtE72sfctKCggDFQ-LI,PF DERECHOS SEXUALES Y REPRODUCTIVOS 2025 - (PFSAG_2026) (PFSAG_2025),2,1,1,1,1,1,1,1,1,1,1,1,1
1giJ0jyUWAfQhn2UBxpL8XpCoNtE72sfctKCggDFQ-LI,PF DERECHOS SEXUALES Y REPRODUCTIVOS 2025 - (PFSAG_2026) (PFSAG_2025),3,3,3,3,3,4,3,4,4,3,4,3,4
1giJ0jyUWAfQhn2UBxpL8XpCoNtE72sfctKCggDFQ-LI,PF DERECHOS SEXUALES Y REPRODUCTIVOS 2025 - (PFSAG_2026) (PFSAG_2025),5,5,5,5,5,5,5,5,4,4,5,5,4
1giJ0jyUWAfQhn2UBxpL8XpCoNtE72sfctKCggDFQ-LI,PF DERECHOS SEXUALES Y REPRODUCTIVOS 2025 - (PFSAG_2026) (PFSAG_2025),5,5,5,5,5,4,5,5,5,5,5,5,5
1giJ0jyUWAfQhn2UBxpL8XpCoNtE72sfctKCggDFQ-LI,PF DERECHOS SEXUALES Y REPRODUCTIVOS 2025 - (PFSAG_2026) (PFSAG_2025),4,4,4,4,4,4,4,4,4,4,4,4,4
1giJ0jyUWAfQhn2UBxpL8XpCoNtE72sfctKCggDFQ-LI,PF DERECHOS SEXUALES Y REPRODUCTIVOS 2025 - (PFSAG_2026) (PFSAG_2025),3,4,5,5,4,5,4,5,4,5,4,5,4
1giJ0jyUWAfQhn2UBxpL8XpCoNtE72sfctKCggDFQ-LI,PF DERECHOS SEXUALES Y REPRODUCTIVOS 2025 - (PFSAG_2026) (PFSAG_2025),5,5,5,5,5,5,5,5,5,5,4,4,4
1giJ0jyUWAfQhn2UBxpL8XpCoNtE72sfctKCggDFQ-LI,PF DERECHOS SEXUALES Y REPRODUCTIVOS 2025 - (PFSAG_2026) (PFSAG_2025),4,4,4,3,4,5,4,5,3,5,4,4,4
1giJ0jyUWAfQhn2UBxpL8XpCoNtE72sfctKCggDFQ-LI,PF DERECHOS SEXUALES Y REPRODUCTIVOS 2025 - (PFSAG_2026) (PFSAG_2025),5,5,5,5,5,5,5,5,5,5,5,5,5
1giJ0jyUWAfQhn2UBxpL8XpCoNtE72sfctKCggDFQ-LI,PF DERECHOS SEXUALES Y REPRODUCTIVOS 2025 - (PFSAG_2026) (PFSAG_2025),5,5,5,5,5,5,5,5,5,5,5,5,5
1giJ0jyUWAfQhn2UBxpL8XpCoNtE72sfctKCggDFQ-LI,PF DERECHOS SEXUALES Y REPRODUCTIVOS 2025 - (PFSAG_2026) (PFSAG_2025),4,5,5,5,5,5,5,5,4,5,5,5,4
1giJ0jyUWAfQhn2UBxpL8XpCoNtE72sfctKCggDFQ-LI,PF DERECHOS SEXUALES Y REPRODUCTIVOS 2025 - (PFSAG_2026) (PFSAG_2025),4,4,4,4,4,4,4,4,3,3,4,3,3
1giJ0jyUWAfQhn2UBxpL8XpCoNtE72sfctKCggDFQ-LI,PF DERECHOS SEXUALES Y REPRODUCTIVOS 2025 - (PFSAG_2026) (PFSAG_2025),4,5,4,4,4,5,5,5,5,5,5,4,4
1giJ0jyUWAfQhn2UBxpL8XpCoNtE72sfctKCggDFQ-LI,PF DERECHOS SEXUALES Y REPRODUCTIVOS 2025 - (PFSAG_2026) (PFSAG_2025),5,4,5,5,5,4,4,4,4,5,4,5,5
1giJ0jyUWAfQhn2UBxpL8XpCoNtE72sfctKCggDFQ-LI,PF DERECHOS SEXUALES Y REPRODUCTIVOS 2025 - (PFSAG_2026) (PFSAG_2025),3,4,4,3,4,3,4,5,2,4,4,4,4
1giJ0jyUWAfQhn2UBxpL8XpCoNtE72sfctKCggDFQ-LI,PF DERECHOS SEXUALES Y REPRODUCTIVOS 2025 - (PFSAG_2026) (PFSAG_2025),4,4,5,4,5,5,5,5,5,4,5,5,5
1giJ0jyUWAfQhn2UBxpL8XpCoNtE72sfctKCggDFQ-LI,PF DERECHOS SEXUALES Y REPRODUCTIVOS 2025 - (PFSAG_2026) (PFSAG_2025),4,4,4,4,4,4,4,5,4,5,5,5,5
1giJ0jyUWAfQhn2UBxpL8XpCoNtE72sfctKCggDFQ-LI,PF DERECHOS SEXUALES Y REPRODUCTIVOS 2025 - (PFSAG_2026) (PFSAG_2025),4,4,4,4,4,4,4,4,4,4,4,4,4
1giJ0jyUWAfQhn2UBxpL8XpCoNtE72sfctKCggDFQ-LI,PF DERECHOS SEXUALES Y REPRODUCTIVOS 2025 - (PFSAG_2026) (PFSAG_2025),4,4,5,4,3,5,3,5,4,5,3,5,5
1giJ0jyUWAfQhn2UBxpL8XpCoNtE72sfctKCggDFQ-LI,PF DERECHOS SEXUALES Y REPRODUCTIVOS 2025 - (PFSAG_2026) (PFSAG_2025),4,5,4,4,5,5,4,4,5,4,5,4,4
1giJ0jyUWAfQhn2UBxpL8XpCoNtE72sfctKCggDFQ-LI,PF DERECHOS SEXUALES Y REPRODUCTIVOS 2025 - (PFSAG_2026) (PFSAG_2025),4,5,5,4,5,5,4,4,5,5,4,4,4
1giJ0jyUWAfQhn2UBxpL8XpCoNtE72sfctKCggDFQ-LI,PF DERECHOS SEXUALES Y REPRODUCTIVOS 2025 - (PFSAG_2026) (PFSAG_2025),5,5,4,5,5,5,4,4,5,5,4,4,5
1giJ0jyUWAfQhn2UBxpL8XpCoNtE72sfctKCggDFQ-LI,PF DERECHOS SEXUALES Y REPRODUCTIVOS 2025 - (PFSAG_2026) (PFSAG_2025),5,5,5,3,5,5,5,5,5,5,5,5,5
1giJ0jyUWAfQhn2UBxpL8XpCoNtE72sfctKCggDFQ-LI,PF DERECHOS SEXUALES Y REPRODUCTIVOS 2025 - (PFSAG_2026) (PFSAG_2025),5,4,4,5,5,5,4,5,5,5,5,5,5
1giJ0jyUWAfQhn2UBxpL8XpCoNtE72sfctKCggDFQ-LI,PF DERECHOS SEXUALES Y REPRODUCTIVOS 2025 - (PFSAG_2026) (PFSAG_2025),5,5,5,5,5,5,5,5,5,5,5,5,5
1giJ0jyUWAfQhn2UBxpL8XpCoNtE72sfctKCggDFQ-LI,PF DERECHOS SEXUALES Y REPRODUCTIVOS 2025 - (PFSAG_2026) (PFSAG_2025),5,5,5,5,5,5,5,5,5,5,5,5,5
1giJ0jyUWAfQhn2UBxpL8XpCoNtE72sfctKCggDFQ-LI,PF DERECHOS SEXUALES Y REPRODUCTIVOS 2025 - (PFSAG_2026) (PFSAG_2025),4,4,4,4,4,5,4,5,5,4,4,5,5
1giJ0jyUWAfQhn2UBxpL8XpCoNtE72sfctKCggDFQ-LI,PF DERECHOS SEXUALES Y REPRODUCTIVOS 2025 - (PFSAG_2026) (PFSAG_2025),4,4,5,4,3,4,4,4,5,4,4,4,4
1giJ0jyUWAfQhn2UBxpL8XpCoNtE72sfctKCggDFQ-LI,PF DERECHOS SEXUALES Y REPRODUCTIVOS 2025 - (PFSAG_2026) (PFSAG_2025),5,5,5,4,5,5,4,5,4,4,5,5,5
1giJ0jyUWAfQhn2UBxpL8XpCoNtE72sfctKCggDFQ-LI,PF DERECHOS SEXUALES Y REPRODUCTIVOS 2025 - (PFSAG_2026) (PFSAG_2025),4,4,5,5,5,4,4,5,5,5,5,5,4
1giJ0jyUWAfQhn2UBxpL8XpCoNtE72sfctKCggDFQ-LI,PF DERECHOS SEXUALES Y REPRODUCTIVOS 2025 - (PFSAG_2026) (PFSAG_2025),5,5,5,5,5,5,5,5,5,5,5,5,5
1giJ0jyUWAfQhn2UBxpL8XpCoNtE72sfctKCggDFQ-LI,PF DERECHOS SEXUALES Y REPRODUCTIVOS 2025 - (PFSAG_2026) (PFSAG_2025),4,5,5,5,5,5,5,5,5,5,5,5,5
1giJ0jyUWAfQhn2UBxpL8XpCoNtE72sfctKCggDFQ-LI,PF DERECHOS SEXUALES Y REPRODUCTIVOS 2025 - (PFSAG_2026) (PFSAG_2025),4,4,4,4,5,5,5,5,3,5,5,5,5
1giJ0jyUWAfQhn2UBxpL8XpCoNtE72sfctKCggDFQ-LI,PF DERECHOS SEXUALES Y REPRODUCTIVOS 2025 - (PFSAG_2026) (PFSAG_2025),4,4,4,4,5,5,5,4,4,4,5,5,5
1giJ0jyUWAfQhn2UBxpL8XpCoNtE72sfctKCggDFQ-LI,PF DERECHOS SEXUALES Y REPRODUCTIVOS 2025 - (PFSAG_2026) (PFSAG_2025),5,5,5,3,5,5,4,5,5,5,3,4,5
1giJ0jyUWAfQhn2UBxpL8XpCoNtE72sfctKCggDFQ-LI,PF DERECHOS SEXUALES Y REPRODUCTIVOS 2025 - (PFSAG_2026) (PFSAG_2025),4,4,4,4,4,4,4,4,4,4,4,4,4
1giJ0jyUWAfQhn2UBxpL8XpCoNtE72sfctKCggDFQ-LI,PF DERECHOS SEXUALES Y REPRODUCTIVOS 2025 - (PFSAG_2026) (PFSAG_2025),3,3,5,2,5,2,2,2,3,3,5,4,4
1giJ0jyUWAfQhn2UBxpL8XpCoNtE72sfctKCggDFQ-LI,PF DERECHOS SEXUALES Y REPRODUCTIVOS 2025 - (PFSAG_2026) (PFSAG_2025),4,4,4,3,4,4,3,4,5,5,4,3,4
1giJ0jyUWAfQhn2UBxpL8XpCoNtE72sfctKCggDFQ-LI,PF DERECHOS SEXUALES Y REPRODUCTIVOS 2025 - (PFSAG_2026) (PFSAG_2025),5,5,4,4,5,3,4,5,4,5,4,4,5
1giJ0jyUWAfQhn2UBxpL8XpCoNtE72sfctKCggDFQ-LI,PF DERECHOS SEXUALES Y REPRODUCTIVOS 2025 - (PFSAG_2026) (PFSAG_2025),5,5,5,5,5,5,5,5,5,5,5,5,5
1giJ0jyUWAfQhn2UBxpL8XpCoNtE72sfctKCggDFQ-LI,PF DERECHOS SEXUALES Y REPRODUCTIVOS 2025 - (PFSAG_2026) (PFSAG_2025),5,5,5,5,5,5,5,5,5,5,5,5,5
1giJ0jyUWAfQhn2UBxpL8XpCoNtE72sfctKCggDFQ-LI,PF DERECHOS SEXUALES Y REPRODUCTIVOS 2025 - (PFSAG_2026) (PFSAG_2025),5,5,5,5,5,5,5,5,5,4,5,4,5
1giJ0jyUWAfQhn2UBxpL8XpCoNtE72sfctKCggDFQ-LI,PF DERECHOS SEXUALES Y REPRODUCTIVOS 2025 - (PFSAG_2026) (PFSAG_2025),5,5,5,5,5,4,5,5,5,5,5,5,5
1giJ0jyUWAfQhn2UBxpL8XpCoNtE72sfctKCggDFQ-LI,PF DERECHOS SEXUALES Y REPRODUCTIVOS 2025 - (PFSAG_2026) (PFSAG_2025),4,4,4,5,5,5,4,4,4,4,4,4,4
11XjArl7gChPvlxKeA_0APY5pJLeRv53_mZqZUCjAcE8,SELLO DE NO DISCRIMINACIÓN 1°C 2025 - (SELLO_012025),4,4,4,4,2,2,4,1,1,1,4,4,3
11XjArl7gChPvlxKeA_0APY5pJLeRv53_mZqZUCjAcE8,SELLO DE NO DISCRIMINACIÓN 1°C 2025 - (SELLO_012025),5,5,5,5,5,5,5,5,5,5,5,5,5
11XjArl7gChPvlxKeA_0APY5pJLeRv53_mZqZUCjAcE8,SELLO DE NO DISCRIMINACIÓN 1°C 2025 - (SELLO_012025),5,5,5,5,5,5,5,5,5,5,5,5,5
11XjArl7gChPvlxKeA_0APY5pJLeRv53_mZqZUCjAcE8,SELLO DE NO DISCRIMINACIÓN 1°C 2025 - (SELLO_012025),5,5,5,5,5,5,4,4,5,4,5,5,5
11XjArl7gChPvlxKeA_0APY5pJLeRv53_mZqZUCjAcE8,SELLO DE NO DISCRIMINACIÓN 1°C 2025 - (SELLO_012025),5,5,5,5,5,5,5,5,5,5,5,5,5
11XjArl7gChPvlxKeA_0APY5pJLeRv53_mZqZUCjAcE8,SELLO DE NO DISCRIMINACIÓN 1°C 2025 - (SELLO_012025),5,5,5,5,5,5,5,5,5,5,5,5,5
11XjArl7gChPvlxKeA_0APY5pJLeRv53_mZqZUCjAcE8,SELLO DE NO DISCRIMINACIÓN 1°C 2025 - (SELLO_012025),5,5,5,5,5,5,5,5,5,5,5,4,5
11XjArl7gChPvlxKeA_0APY5pJLeRv53_mZqZUCjAcE8,SELLO DE NO DISCRIMINACIÓN 1°C 2025 - (SELLO_012025),5,5,5,5,5,5,5,5,5,5,5,5,5
11XjArl7gChPvlxKeA_0APY5pJLeRv53_mZqZUCjAcE8,SELLO DE NO DISCRIMINACIÓN 1°C 2025 - (SELLO_012025),5,5,5,5,5,5,5,5,5,5,5,5,5
11XjArl7gChPvlxKeA_0APY5pJLeRv53_mZqZUCjAcE8,SELLO DE NO DISCRIMINACIÓN 1°C 2025 - (SELLO_012025),5,5,5,5,5,5,5,5,5,5,5,5,5
11XjArl7gChPvlxKeA_0APY5pJLeRv53_mZqZUCjAcE8,SELLO DE NO DISCRIMINACIÓN 1°C 2025 - (SELLO_012025),5,5,5,5,5,5,5,5,5,5,5,5,5
11XjArl7gChPvlxKeA_0APY5pJLeRv53_mZqZUCjAcE8,SELLO DE NO DISCRIMINACIÓN 1°C 2025 - (SELLO_012025),5,5,5,5,5,5,5,5,5,5,5,5,5
11XjArl7gChPvlxKeA_0APY5pJLeRv53_mZqZUCjAcE8,SELLO DE NO DISCRIMINACIÓN 1°C 2025 - (SELLO_012025),5,5,5,5,5,5,5,5,5,5,5,5,5
11XjArl7gChPvlxKeA_0APY5pJLeRv53_mZqZUCjAcE8,SELLO DE NO DISCRIMINACIÓN 1°C 2025 - (SELLO_012025),5,5,5,5,5,5,5,5,5,5,5,5,5
11XjArl7gChPvlxKeA_0APY5pJLeRv53_mZqZUCjAcE8,SELLO DE NO DISCRIMINACIÓN 1°C 2025 - (SELLO_012025),4,4,4,3,4,3,4,4,4,4,4,5,4
11XjArl7gChPvlxKeA_0APY5pJLeRv53_mZqZUCjAcE8,SELLO DE NO DISCRIMINACIÓN 1°C 2025 - (SELLO_012025),4,4,5,5,4,4,5,4,5,4,4,5,4
11XjArl7gChPvlxKeA_0APY5pJLeRv53_mZqZUCjAcE8,SELLO DE NO DISCRIMINACIÓN 1°C 2025 - (SELLO_012025),4,4,5,5,5,4,4,5,3,3,4,4,4
11XjArl7gChPvlxKeA_0APY5pJLeRv53_mZqZUCjAcE8,SELLO DE NO DISCRIMINACIÓN 1°C 2025 - (SELLO_012025),5,5,5,5,5,3,3,3,3,3,4,4,3
11XjArl7gChPvlxKeA_0APY5pJLeRv53_mZqZUCjAcE8,SELLO DE NO DISCRIMINACIÓN 1°C 2025 - (SELLO_012025),5,5,5,5,5,5,5,5,5,5,5,5,5
11XjArl7gChPvlxKeA_0APY5pJLeRv53_mZqZUCjAcE8,SELLO DE NO DISCRIMINACIÓN 1°C 2025 - (SELLO_012025),5,5,5,5,5,5,4,5,5,5,5,5,5
11XjArl7gChPvlxKeA_0APY5pJLeRv53_mZqZUCjAcE8,SELLO DE NO DISCRIMINACIÓN 1°C 2025 - (SELLO_012025),5,5,5,5,5,5,5,5,5,5,5,5,5
11XjArl7gChPvlxKeA_0APY5pJLeRv53_mZqZUCjAcE8,SELLO DE NO DISCRIMINACIÓN 1°C 2025 - (SELLO_012025),5,5,5,5,5,5,5,5,5,4,5,5,5
11XjArl7gChPvlxKeA_0APY5pJLeRv53_mZqZUCjAcE8,SELLO DE NO DISCRIMINACIÓN 1°C 2025 - (SELLO_012025),5,5,5,5,5,5,5,5,5,5,5,5,5
11XjArl7gChPvlxKeA_0APY5pJLeRv53_mZqZUCjAcE8,SELLO DE NO DISCRIMINACIÓN 1°C 2025 - (SELLO_012025),4,5,5,4,5,5,4,5,5,5,5,5,5
11XjArl7gChPvlxKeA_0APY5pJLeRv53_mZqZUCjAcE8,SELLO DE NO DISCRIMINACIÓN 1°C 2025 - (SELLO_012025),4,4,4,4,4,4,4,4,4,4,4,4,4
11XjArl7gChPvlxKeA_0APY5pJLeRv53_mZqZUCjAcE8,SELLO DE NO DISCRIMINACIÓN 1°C 2025 - (SELLO_012025),5,5,5,5,5,5,5,5,5,5,5,5,5
11XjArl7gChPvlxKeA_0APY5pJLeRv53_mZqZUCjAcE8,SELLO DE NO DISCRIMINACIÓN 1°C 2025 - (SELLO_012025),5,5,5,5,5,5,5,5,5,5,5,5,5
11XjArl7gChPvlxKeA_0APY5pJLeRv53_mZqZUCjAcE8,SELLO DE NO DISCRIMINACIÓN 1°C 2025 - (SELLO_012025),4,4,4,4,4,4,4,4,4,4,4,4,4
11XjArl7gChPvlxKeA_0APY5pJLeRv53_mZqZUCjAcE8,SELLO DE NO DISCRIMINACIÓN 1°C 2025 - (SELLO_012025),5,5,5,5,5,5,5,5,5,5,5,5,5
11XjArl7gChPvlxKeA_0APY5pJLeRv53_mZqZUCjAcE8,SELLO DE NO DISCRIMINACIÓN 1°C 2025 - (SELLO_012025),5,5,5,5,5,5,5,5,5,5,4,5,5
11XjArl7gChPvlxKeA_0APY5pJLeRv53_mZqZUCjAcE8,SELLO DE NO DISCRIMINACIÓN 1°C 2025 - (SELLO_012025),4,4,4,4,4,4,4,4,4,4,4,4,4
11XjArl7gChPvlxKeA_0APY5pJLeRv53_mZqZUCjAcE8,SELLO DE NO DISCRIMINACIÓN 1°C 2025 - (SELLO_012025),4,4,4,4,4,4,4,4,4,4,4,4,4
11XjArl7gChPvlxKeA_0APY5pJLeRv53_mZqZUCjAcE8,SELLO DE NO DISCRIMINACIÓN 1°C 2025 - (SELLO_012025),3,4,2,1,1,1,4,4,4,4,4,4,1
11XjArl7gChPvlxKeA_0APY5pJLeRv53_mZqZUCjAcE8,SELLO DE NO DISCRIMINACIÓN 1°C 2025 - (SELLO_012025),4,5,4,4,4,5,4,4,5,4,4,4,4
11XjArl7gChPvlxKeA_0APY5pJLeRv53_mZqZUCjAcE8,SELLO DE NO DISCRIMINACIÓN 1°C 2025 - (SELLO_012025),5,5,5,5,5,5,5,5,5,5,5,5,5
11XjArl7gChPvlxKeA_0APY5pJLeRv53_mZqZUCjAcE8,SELLO DE NO DISCRIMINACIÓN 1°C 2025 - (SELLO_012025),4,4,4,4,4,4,4,4,4,4,4,4,4
11XjArl7gChPvlxKeA_0APY5pJLeRv53_mZqZUCjAcE8,SELLO DE NO DISCRIMINACIÓN 1°C 2025 - (SELLO_012025),4,4,4,4,5,4,4,4,4,4,4,4,4
11XjArl7gChPvlxKeA_0APY5pJLeRv53_mZqZUCjAcE8,SELLO DE NO DISCRIMINACIÓN 1°C 2025 - (SELLO_012025),4,5,5,5,5,5,5,5,5,5,5,5,5
11XjArl7gChPvlxKeA_0APY5pJLeRv53_mZqZUCjAcE8,SELLO DE NO DISCRIMINACIÓN 1°C 2025 - (SELLO_012025),5,5,5,5,5,5,5,5,5,5,5,5,5
11XjArl7gChPvlxKeA_0APY5pJLeRv53_mZqZUCjAcE8,SELLO DE NO DISCRIMINACIÓN 1°C 2025 - (SELLO_012025),4,4,4,4,4,4,4,4,4,4,4,4,4
11XjArl7gChPvlxKeA_0APY5pJLeRv53_mZqZUCjAcE8,SELLO DE NO DISCRIMINACIÓN 1°C 2025 - (SELLO_012025),4,4,4,4,4,4,4,4,4,4,4,4,4
11XjArl7gChPvlxKeA_0APY5pJLeRv53_mZqZUCjAcE8,SELLO DE NO DISCRIMINACIÓN 1°C 2025 - (SELLO_012025),5,5,5,4,5,5,5,5,5,4,5,5,5
11XjArl7gChPvlxKeA_0APY5pJLeRv53_mZqZUCjAcE8,SELLO DE NO DISCRIMINACIÓN 1°C 2025 - (SELLO_012025),5,5,5,5,5,5,5,5,5,5,5,5,5
11XjArl7gChPvlxKeA_0APY5pJLeRv53_mZqZUCjAcE8,SELLO DE NO DISCRIMINACIÓN 1°C 2025 - (SELLO_012025),5,5,5,5,5,5,5,5,5,5,5,5,5
11XjArl7gChPvlxKeA_0APY5pJLeRv53_mZqZUCjAcE8,SELLO DE NO DISCRIMINACIÓN 1°C 2025 - (SELLO_012025),5,5,5,5,5,5,5,5,5,5,5,5,5
11XjArl7gChPvlxKeA_0APY5pJLeRv53_mZqZUCjAcE8,SELLO DE NO DISCRIMINACIÓN 1°C 2025 - (SELLO_012025),4,4,4,4,5,5,5,5,4,4,4,4,4
11XjArl7gChPvlxKeA_0APY5pJLeRv53_mZqZUCjAcE8,SELLO DE NO DISCRIMINACIÓN 1°C 2025 - (SELLO_012025),5,5,5,5,5,5,5,5,5,5,5,5,5
11XjArl7gChPvlxKeA_0APY5pJLeRv53_mZqZUCjAcE8,SELLO DE NO DISCRIMINACIÓN 1°C 2025 - (SELLO_012025),4,4,4,4,4,4,4,4,4,4,4,4,4
11XjArl7gChPvlxKeA_0APY5pJLeRv53_mZqZUCjAcE8,SELLO DE NO DISCRIMINACIÓN 1°C 2025 - (SELLO_012025),5,5,5,5,5,5,5,5,5,5,5,5,5
11XjArl7gChPvlxKeA_0APY5pJLeRv53_mZqZUCjAcE8,SELLO DE NO DISCRIMINACIÓN 1°C 2025 - (SELLO_012025),5,5,5,5,5,5,5,5,5,5,5,5,5
11XjArl7gChPvlxKeA_0APY5pJLeRv53_mZqZUCjAcE8,SELLO DE NO DISCRIMINACIÓN 1°C 2025 - (SELLO_012025),5,4,4,4,4,4,4,4,4,4,4,4,4
11XjArl7gChPvlxKeA_0APY5pJLeRv53_mZqZUCjAcE8,SELLO DE NO DISCRIMINACIÓN 1°C 2025 - (SELLO_012025),5,5,4,5,5,5,4,5,5,5,5,4,5
11XjArl7gChPvlxKeA_0APY5pJLeRv53_mZqZUCjAcE8,SELLO DE NO DISCRIMINACIÓN 1°C 2025 - (SELLO_012025),1,1,1,1,1,1,1,1,1,1,1,1,1
11XjArl7gChPvlxKeA_0APY5pJLeRv53_mZqZUCjAcE8,SELLO DE NO DISCRIMINACIÓN 1°C 2025 - (SELLO_012025),5,5,5,5,5,5,5,5,5,5,5,5,5
11XjArl7gChPvlxKeA_0APY5pJLeRv53_mZqZUCjAcE8,SELLO DE NO DISCRIMINACIÓN 1°C 2025 - (SELLO_012025),5,5,4,5,5,5,3,3,1,1,5,5,4
11XjArl7gChPvlxKeA_0APY5pJLeRv53_mZqZUCjAcE8,SELLO DE NO DISCRIMINACIÓN 1°C 2025 - (SELLO_012025),4,4,5,5,5,5,5,5,5,5,5,5,5
11XjArl7gChPvlxKeA_0APY5pJLeRv53_mZqZUCjAcE8,SELLO DE NO DISCRIMINACIÓN 1°C 2025 - (SELLO_012025),5,5,5,5,5,5,5,5,5,5,5,5,5
11XjArl7gChPvlxKeA_0APY5pJLeRv53_mZqZUCjAcE8,SELLO DE NO DISCRIMINACIÓN 1°C 2025 - (SELLO_012025),5,5,5,5,5,5,5,5,5,5,5,5,5
11XjArl7gChPvlxKeA_0APY5pJLeRv53_mZqZUCjAcE8,SELLO DE NO DISCRIMINACIÓN 1°C 2025 - (SELLO_012025),5,5,5,5,5,5,5,5,5,5,5,5,5
11XjArl7gChPvlxKeA_0APY5pJLeRv53_mZqZUCjAcE8,SELLO DE NO DISCRIMINACIÓN 1°C 2025 - (SELLO_012025),5,5,5,4,5,5,5,4,5,5,5,5,5
11XjArl7gChPvlxKeA_0APY5pJLeRv53_mZqZUCjAcE8,SELLO DE NO DISCRIMINACIÓN 1°C 2025 - (SELLO_012025),5,5,5,5,5,5,5,5,5,5,5,5,5
11XjArl7gChPvlxKeA_0APY5pJLeRv53_mZqZUCjAcE8,SELLO DE NO DISCRIMINACIÓN 1°C 2025 - (SELLO_012025),5,5,5,5,5,5,5,5,5,5,5,5,5
11XjArl7gChPvlxKeA_0APY5pJLeRv53_mZqZUCjAcE8,SELLO DE NO DISCRIMINACIÓN 1°C 2025 - (SELLO_012025),5,5,5,5,5,5,5,5,5,5,5,5,5
11XjArl7gChPvlxKeA_0APY5pJLeRv53_mZqZUCjAcE8,SELLO DE NO DISCRIMINACIÓN 1°C 2025 - (SELLO_012025),4,5,4,4,4,4,4,4,4,4,4,4,4
11XjArl7gChPvlxKeA_0APY5pJLeRv53_mZqZUCjAcE8,SELLO DE NO DISCRIMINACIÓN 1°C 2025 - (SELLO_012025),5,5,5,5,5,5,5,5,5,5,5,5,5
11XjArl7gChPvlxKeA_0APY5pJLeRv53_mZqZUCjAcE8,SELLO DE NO DISCRIMINACIÓN 1°C 2025 - (SELLO_012025),5,5,5,5,5,5,5,5,5,5,5,5,5
11XjArl7gChPvlxKeA_0APY5pJLeRv53_mZqZUCjAcE8,SELLO DE NO DISCRIMINACIÓN 1°C 2025 - (SELLO_012025),4,5,5,4,4,5,4,5,4,4,4,4,4
11XjArl7gChPvlxKeA_0APY5pJLeRv53_mZqZUCjAcE8,SELLO DE NO DISCRIMINACIÓN 1°C 2025 - (SELLO_012025),5,5,4,5,5,5,5,5,5,5,5,4,4
11XjArl7gChPvlxKeA_0APY5pJLeRv53_mZqZUCjAcE8,SELLO DE NO DISCRIMINACIÓN 1°C 2025 - (SELLO_012025),5,5,5,5,5,5,5,5,5,5,5,5,5
11XjArl7gChPvlxKeA_0APY5pJLeRv53_mZqZUCjAcE8,SELLO DE NO DISCRIMINACIÓN 1°C 2025 - (SELLO_012025),5,5,5,5,5,5,5,5,5,5,5,5,5
11XjArl7gChPvlxKeA_0APY5pJLeRv53_mZqZUCjAcE8,SELLO DE NO DISCRIMINACIÓN 1°C 2025 - (SELLO_012025),4,4,4,4,4,4,4,4,4,4,4,4,4
11XjArl7gChPvlxKeA_0APY5pJLeRv53_mZqZUCjAcE8,SELLO DE NO DISCRIMINACIÓN 1°C 2025 - (SELLO_012025),5,5,5,5,5,5,5,5,5,5,5,5,5
11XjArl7gChPvlxKeA_0APY5pJLeRv53_mZqZUCjAcE8,SELLO DE NO DISCRIMINACIÓN 1°C 2025 - (SELLO_012025),5,5,5,5,5,5,5,5,5,5,5,5,5
11XjArl7gChPvlxKeA_0APY5pJLeRv53_mZqZUCjAcE8,SELLO DE NO DISCRIMINACIÓN 1°C 2025 - (SELLO_012025),5,4,4,4,3,4,4,4,4,3,4,4,4
11XjArl7gChPvlxKeA_0APY5pJLeRv53_mZqZUCjAcE8,SELLO DE NO DISCRIMINACIÓN 1°C 2025 - (SELLO_012025),5,5,5,5,5,5,5,5,5,5,5,5,5
11XjArl7gChPvlxKeA_0APY5pJLeRv53_mZqZUCjAcE8,SELLO DE NO DISCRIMINACIÓN 1°C 2025 - (SELLO_012025),5,5,5,5,5,5,5,5,5,5,5,5,5
11XjArl7gChPvlxKeA_0APY5pJLeRv53_mZqZUCjAcE8,SELLO DE NO DISCRIMINACIÓN 1°C 2025 - (SELLO_012025),4,4,4,4,4,5,4,4,4,4,4,4,4
11XjArl7gChPvlxKeA_0APY5pJLeRv53_mZqZUCjAcE8,SELLO DE NO DISCRIMINACIÓN 1°C 2025 - (SELLO_012025),5,5,5,5,5,5,5,5,5,5,5,5,5
11XjArl7gChPvlxKeA_0APY5pJLeRv53_mZqZUCjAcE8,SELLO DE NO DISCRIMINACIÓN 1°C 2025 - (SELLO_012025),4,4,5,5,5,5,4,4,4,4,4,5,5
11XjArl7gChPvlxKeA_0APY5pJLeRv53_mZqZUCjAcE8,SELLO DE NO DISCRIMINACIÓN 1°C 2025 - (SELLO_012025),5,5,5,5,5,5,5,5,5,5,5,5,5
11XjArl7gChPvlxKeA_0APY5pJLeRv53_mZqZUCjAcE8,SELLO DE NO DISCRIMINACIÓN 1°C 2025 - (SELLO_012025),4,4,4,4,4,4,4,4,4,4,4,4,4
11XjArl7gChPvlxKeA_0APY5pJLeRv53_mZqZUCjAcE8,SELLO DE NO DISCRIMINACIÓN 1°C 2025 - (SELLO_012025),5,5,5,5,5,5,5,5,4,5,5,5,5
11XjArl7gChPvlxKeA_0APY5pJLeRv53_mZqZUCjAcE8,SELLO DE NO DISCRIMINACIÓN 1°C 2025 - (SELLO_012025),5,5,5,5,5,5,5,5,5,5,5,5,5
11XjArl7gChPvlxKeA_0APY5pJLeRv53_mZqZUCjAcE8,SELLO DE NO DISCRIMINACIÓN 1°C 2025 - (SELLO_012025),4,4,4,3,4,4,3,3,4,4,4,4,3
11XjArl7gChPvlxKeA_0APY5pJLeRv53_mZqZUCjAcE8,SELLO DE NO DISCRIMINACIÓN 1°C 2025 - (SELLO_012025),5,5,5,5,5,5,5,5,5,5,5,5,5
11XjArl7gChPvlxKeA_0APY5pJLeRv53_mZqZUCjAcE8,SELLO DE NO DISCRIMINACIÓN 1°C 2025 - (SELLO_012025),5,5,5,5,5,5,5,5,4,1,1,5,5
11XjArl7gChPvlxKeA_0APY5pJLeRv53_mZqZUCjAcE8,SELLO DE NO DISCRIMINACIÓN 1°C 2025 - (SELLO_012025),5,5,5,5,5,4,4,4,4,4,4,4,4
11XjArl7gChPvlxKeA_0APY5pJLeRv53_mZqZUCjAcE8,SELLO DE NO DISCRIMINACIÓN 1°C 2025 - (SELLO_012025),5,5,5,5,5,5,5,5,5,5,5,5,5
11XjArl7gChPvlxKeA_0APY5pJLeRv53_mZqZUCjAcE8,SELLO DE NO DISCRIMINACIÓN 1°C 2025 - (SELLO_012025),5,5,5,5,5,5,5,5,5,5,5,5,5
11XjArl7gChPvlxKeA_0APY5pJLeRv53_mZqZUCjAcE8,SELLO DE NO DISCRIMINACIÓN 1°C 2025 - (SELLO_012025),4,4,5,3,4,5,3,4,4,3,4,4,4
11XjArl7gChPvlxKeA_0APY5pJLeRv53_mZqZUCjAcE8,SELLO DE NO DISCRIMINACIÓN 1°C 2025 - (SELLO_012025),5,5,5,5,5,5,5,5,5,5,5,5,5
11XjArl7gChPvlxKeA_0APY5pJLeRv53_mZqZUCjAcE8,SELLO DE NO DISCRIMINACIÓN 1°C 2025 - (SELLO_012025),5,5,5,5,5,5,5,5,5,4,5,5,5
11XjArl7gChPvlxKeA_0APY5pJLeRv53_mZqZUCjAcE8,SELLO DE NO DISCRIMINACIÓN 1°C 2025 - (SELLO_012025),5,5,5,5,5,5,5,5,5,5,5,5,5
11XjArl7gChPvlxKeA_0APY5pJLeRv53_mZqZUCjAcE8,SELLO DE NO DISCRIMINACIÓN 1°C 2025 - (SELLO_012025),5,4,3,3,3,3,3,3,2,2,2,2,3
11XjArl7gChPvlxKeA_0APY5pJLeRv53_mZqZUCjAcE8,SELLO DE NO DISCRIMINACIÓN 1°C 2025 - (SELLO_012025),5,5,5,5,5,5,5,5,5,5,5,5,5
11XjArl7gChPvlxKeA_0APY5pJLeRv53_mZqZUCjAcE8,SELLO DE NO DISCRIMINACIÓN 1°C 2025 - (SELLO_012025),5,5,5,5,5,5,5,4,4,4,5,5,5
11XjArl7gChPvlxKeA_0APY5pJLeRv53_mZqZUCjAcE8,SELLO DE NO DISCRIMINACIÓN 1°C 2025 - (SELLO_012025),5,5,5,5,5,5,5,5,5,5,5,5,5
11XjArl7gChPvlxKeA_0APY5pJLeRv53_mZqZUCjAcE8,SELLO DE NO DISCRIMINACIÓN 1°C 2025 - (SELLO_012025),5,5,5,5,5,5,5,5,5,5,5,5,5
11XjArl7gChPvlxKeA_0APY5pJLeRv53_mZqZUCjAcE8,SELLO DE NO DISCRIMINACIÓN 1°C 2025 - (SELLO_012025),5,5,5,5,5,5,4,5,1,1,5,5,5
11XjArl7gChPvlxKeA_0APY5pJLeRv53_mZqZUCjAcE8,SELLO DE NO DISCRIMINACIÓN 1°C 2025 - (SELLO_012025),5,5,5,5,5,5,5,5,5,5,5,5,5
11XjArl7gChPvlxKeA_0APY5pJLeRv53_mZqZUCjAcE8,SELLO DE NO DISCRIMINACIÓN 1°C 2025 - (SELLO_012025),4,4,4,4,4,4,4,4,4,4,4,4,4
11XjArl7gChPvlxKeA_0APY5pJLeRv53_mZqZUCjAcE8,SELLO DE NO DISCRIMINACIÓN 1°C 2025 - (SELLO_012025),5,5,5,5,5,5,5,5,4,4,4,5,5
11XjArl7gChPvlxKeA_0APY5pJLeRv53_mZqZUCjAcE8,SELLO DE NO DISCRIMINACIÓN 1°C 2025 - (SELLO_012025),5,5,5,5,5,5,5,5,3,3,5,5,5
11XjArl7gChPvlxKeA_0APY5pJLeRv53_mZqZUCjAcE8,SELLO DE NO DISCRIMINACIÓN 1°C 2025 - (SELLO_012025),5,5,5,5,5,5,5,5,5,3,4,5,5
11XjArl7gChPvlxKeA_0APY5pJLeRv53_mZqZUCjAcE8,SELLO DE NO DISCRIMINACIÓN 1°C 2025 - (SELLO_012025),5,5,5,5,5,5,5,5,5,5,5,5,5
11XjArl7gChPvlxKeA_0APY5pJLeRv53_mZqZUCjAcE8,SELLO DE NO DISCRIMINACIÓN 1°C 2025 - (SELLO_012025),5,5,5,5,5,5,5,5,5,5,4,4,5
11XjArl7gChPvlxKeA_0APY5pJLeRv53_mZqZUCjAcE8,SELLO DE NO DISCRIMINACIÓN 1°C 2025 - (SELLO_012025),5,5,5,5,5,5,5,5,5,5,5,5,5
11XjArl7gChPvlxKeA_0APY5pJLeRv53_mZqZUCjAcE8,SELLO DE NO DISCRIMINACIÓN 1°C 2025 - (SELLO_012025),4,4,4,4,4,4,4,4,4,4,4,4,4
11XjArl7gChPvlxKeA_0APY5pJLeRv53_mZqZUCjAcE8,SELLO DE NO DISCRIMINACIÓN 1°C 2025 - (SELLO_012025),5,5,5,5,5,5,5,5,4,3,5,4,4
11XjArl7gChPvlxKeA_0APY5pJLeRv53_mZqZUCjAcE8,SELLO DE NO DISCRIMINACIÓN 1°C 2025 - (SELLO_012025),3,3,3,3,3,3,1,2,2,1,2,2,2
11XjArl7gChPvlxKeA_0APY5pJLeRv53_mZqZUCjAcE8,SELLO DE NO DISCRIMINACIÓN 1°C 2025 - (SELLO_012025),5,5,5,5,5,5,5,5,5,5,5,5,5
11XjArl7gChPvlxKeA_0APY5pJLeRv53_mZqZUCjAcE8,SELLO DE NO DISCRIMINACIÓN 1°C 2025 - (SELLO_012025),5,5,5,5,5,5,5,5,4,5,5,5,5
11XjArl7gChPvlxKeA_0APY5pJLeRv53_mZqZUCjAcE8,SELLO DE NO DISCRIMINACIÓN 1°C 2025 - (SELLO_012025),5,5,5,5,5,5,5,5,1,1,5,5,5
11XjArl7gChPvlxKeA_0APY5pJLeRv53_mZqZUCjAcE8,SELLO DE NO DISCRIMINACIÓN 1°C 2025 - (SELLO_012025),5,5,5,5,5,5,5,5,5,5,5,5,5
11XjArl7gChPvlxKeA_0APY5pJLeRv53_mZqZUCjAcE8,SELLO DE NO DISCRIMINACIÓN 1°C 2025 - (SELLO_012025),5,5,5,5,5,5,5,5,5,5,5,5,5
11XjArl7gChPvlxKeA_0APY5pJLeRv53_mZqZUCjAcE8,SELLO DE NO DISCRIMINACIÓN 1°C 2025 - (SELLO_012025),5,5,5,5,5,5,5,5,5,5,5,5,5
11XjArl7gChPvlxKeA_0APY5pJLeRv53_mZqZUCjAcE8,SELLO DE NO DISCRIMINACIÓN 1°C 2025 - (SELLO_012025),4,4,4,4,4,4,4,4,2,1,4,4,4
11XjArl7gChPvlxKeA_0APY5pJLeRv53_mZqZUCjAcE8,SELLO DE NO DISCRIMINACIÓN 1°C 2025 - (SELLO_012025),5,5,5,5,5,5,5,5,5,5,5,5,5
11XjArl7gChPvlxKeA_0APY5pJLeRv53_mZqZUCjAcE8,SELLO DE NO DISCRIMINACIÓN 1°C 2025 - (SELLO_012025),5,5,5,5,5,5,5,5,5,5,5,5,5
11XjArl7gChPvlxKeA_0APY5pJLeRv53_mZqZUCjAcE8,SELLO DE NO DISCRIMINACIÓN 1°C 2025 - (SELLO_012025),5,5,5,5,5,5,5,5,5,5,5,5,5
11XjArl7gChPvlxKeA_0APY5pJLeRv53_mZqZUCjAcE8,SELLO DE NO DISCRIMINACIÓN 1°C 2025 - (SELLO_012025),5,5,5,5,5,5,5,5,5,5,5,5,5
11XjArl7gChPvlxKeA_0APY5pJLeRv53_mZqZUCjAcE8,SELLO DE NO DISCRIMINACIÓN 1°C 2025 - (SELLO_012025),5,5,5,5,5,5,5,5,5,5,5,5,5
11XjArl7gChPvlxKeA_0APY5pJLeRv53_mZqZUCjAcE8,SELLO DE NO DISCRIMINACIÓN 1°C 2025 - (SELLO_012025),5,5,5,5,5,5,5,5,5,5,5,5,5
11XjArl7gChPvlxKeA_0APY5pJLeRv53_mZqZUCjAcE8,SELLO DE NO DISCRIMINACIÓN 1°C 2025 - (SELLO_012025),5,5,5,5,5,5,5,4,3,4,5,5,5
11XjArl7gChPvlxKeA_0APY5pJLeRv53_mZqZUCjAcE8,SELLO DE NO DISCRIMINACIÓN 1°C 2025 - (SELLO_012025),5,5,5,5,5,5,5,5,5,5,5,5,5
11XjArl7gChPvlxKeA_0APY5pJLeRv53_mZqZUCjAcE8,SELLO DE NO DISCRIMINACIÓN 1°C 2025 - (SELLO_012025),5,5,5,5,5,5,5,5,5,5,5,5,5
11XjArl7gChPvlxKeA_0APY5pJLeRv53_mZqZUCjAcE8,SELLO DE NO DISCRIMINACIÓN 1°C 2025 - (SELLO_012025),4,5,5,5,5,5,5,5,4,4,4,4,5
11XjArl7gChPvlxKeA_0APY5pJLeRv53_mZqZUCjAcE8,SELLO DE NO DISCRIMINACIÓN 1°C 2025 - (SELLO_012025),5,5,5,5,5,5,5,5,5,5,5,5,5
11XjArl7gChPvlxKeA_0APY5pJLeRv53_mZqZUCjAcE8,SELLO DE NO DISCRIMINACIÓN 1°C 2025 - (SELLO_012025),5,5,5,5,5,5,5,5,3,3,3,3,4
11XjArl7gChPvlxKeA_0APY5pJLeRv53_mZqZUCjAcE8,SELLO DE NO DISCRIMINACIÓN 1°C 2025 - (SELLO_012025),5,5,4,5,4,4,4,4,4,4,4,4,4
11XjArl7gChPvlxKeA_0APY5pJLeRv53_mZqZUCjAcE8,SELLO DE NO DISCRIMINACIÓN 1°C 2025 - (SELLO_012025),5,5,5,5,5,5,5,5,5,5,5,5,5
11XjArl7gChPvlxKeA_0APY5pJLeRv53_mZqZUCjAcE8,SELLO DE NO DISCRIMINACIÓN 1°C 2025 - (SELLO_012025),5,5,5,5,5,5,5,5,5,5,5,5,5
11XjArl7gChPvlxKeA_0APY5pJLeRv53_mZqZUCjAcE8,SELLO DE NO DISCRIMINACIÓN 1°C 2025 - (SELLO_012025),5,5,5,5,5,5,5,5,5,5,5,5,5
11XjArl7gChPvlxKeA_0APY5pJLeRv53_mZqZUCjAcE8,SELLO DE NO DISCRIMINACIÓN 1°C 2025 - (SELLO_012025),5,5,5,5,5,5,5,5,4,3,4,5,5
11XjArl7gChPvlxKeA_0APY5pJLeRv53_mZqZUCjAcE8,SELLO DE NO DISCRIMINACIÓN 1°C 2025 - (SELLO_012025),5,5,5,5,4,4,4,4,4,4,4,4,4
11XjArl7gChPvlxKeA_0APY5pJLeRv53_mZqZUCjAcE8,SELLO DE NO DISCRIMINACIÓN 1°C 2025 - (SELLO_012025),5,5,4,5,4,3,5,5,3,5,5,5,3
11XjArl7gChPvlxKeA_0APY5pJLeRv53_mZqZUCjAcE8,SELLO DE NO DISCRIMINACIÓN 1°C 2025 - (SELLO_012025),4,4,4,4,4,4,3,3,2,4,2,2,2
11XjArl7gChPvlxKeA_0APY5pJLeRv53_mZqZUCjAcE8,SELLO DE NO DISCRIMINACIÓN 1°C 2025 - (SELLO_012025),5,5,5,5,5,5,5,5,4,5,5,5,5
11XjArl7gChPvlxKeA_0APY5pJLeRv53_mZqZUCjAcE8,SELLO DE NO DISCRIMINACIÓN 1°C 2025 - (SELLO_012025),5,5,5,4,4,5,5,4,1,1,1,3,3
11XjArl7gChPvlxKeA_0APY5pJLeRv53_mZqZUCjAcE8,SELLO DE NO DISCRIMINACIÓN 1°C 2025 - (SELLO_012025),5,5,5,5,5,5,5,5,5,5,5,5,5
11XjArl7gChPvlxKeA_0APY5pJLeRv53_mZqZUCjAcE8,SELLO DE NO DISCRIMINACIÓN 1°C 2025 - (SELLO_012025),5,5,5,5,5,5,5,5,4,4,4,4,4
11XjArl7gChPvlxKeA_0APY5pJLeRv53_mZqZUCjAcE8,SELLO DE NO DISCRIMINACIÓN 1°C 2025 - (SELLO_012025),5,5,5,5,5,5,5,5,5,5,5,5,5
11XjArl7gChPvlxKeA_0APY5pJLeRv53_mZqZUCjAcE8,SELLO DE NO DISCRIMINACIÓN 1°C 2025 - (SELLO_012025),5,5,4,5,5,5,5,5,5,5,5,5,5
11XjArl7gChPvlxKeA_0APY5pJLeRv53_mZqZUCjAcE8,SELLO DE NO DISCRIMINACIÓN 1°C 2025 - (SELLO_012025),5,5,5,5,5,5,5,5,5,5,5,5,5
11XjArl7gChPvlxKeA_0APY5pJLeRv53_mZqZUCjAcE8,SELLO DE NO DISCRIMINACIÓN 1°C 2025 - (SELLO_012025),5,5,5,5,5,5,5,5,5,5,5,5,5
11XjArl7gChPvlxKeA_0APY5pJLeRv53_mZqZUCjAcE8,SELLO DE NO DISCRIMINACIÓN 1°C 2025 - (SELLO_012025),5,5,5,4,5,4,5,5,4,4,5,5,5
11XjArl7gChPvlxKeA_0APY5pJLeRv53_mZqZUCjAcE8,SELLO DE NO DISCRIMINACIÓN 1°C 2025 - (SELLO_012025),4,4,3,4,4,4,4,3,3,3,3,4,4
11XjArl7gChPvlxKeA_0APY5pJLeRv53_mZqZUCjAcE8,SELLO DE NO DISCRIMINACIÓN 1°C 2025 - (SELLO_012025),4,4,4,4,4,5,4,4,1,4,3,4,4
11XjArl7gChPvlxKeA_0APY5pJLeRv53_mZqZUCjAcE8,SELLO DE NO DISCRIMINACIÓN 1°C 2025 - (SELLO_012025),5,5,5,5,5,5,5,5,5,5,5,5,5
11XjArl7gChPvlxKeA_0APY5pJLeRv53_mZqZUCjAcE8,SELLO DE NO DISCRIMINACIÓN 1°C 2025 - (SELLO_012025),4,4,4,4,4,4,4,4,4,4,4,4,4
11XjArl7gChPvlxKeA_0APY5pJLeRv53_mZqZUCjAcE8,SELLO DE NO DISCRIMINACIÓN 1°C 2025 - (SELLO_012025),5,5,5,5,5,5,5,5,5,5,5,5,5
11XjArl7gChPvlxKeA_0APY5pJLeRv53_mZqZUCjAcE8,SELLO DE NO DISCRIMINACIÓN 1°C 2025 - (SELLO_012025),5,5,5,5,5,5,5,5,5,5,5,5,5
11XjArl7gChPvlxKeA_0APY5pJLeRv53_mZqZUCjAcE8,SELLO DE NO DISCRIMINACIÓN 1°C 2025 - (SELLO_012025),5,5,5,5,5,5,5,5,5,5,5,5,5
11XjArl7gChPvlxKeA_0APY5pJLeRv53_mZqZUCjAcE8,SELLO DE NO DISCRIMINACIÓN 1°C 2025 - (SELLO_012025),3,4,4,4,4,4,4,4,4,4,4,4,4
11XjArl7gChPvlxKeA_0APY5pJLeRv53_mZqZUCjAcE8,SELLO DE NO DISCRIMINACIÓN 1°C 2025 - (SELLO_012025),4,4,4,4,4,4,4,4,4,2,4,4,4
11XjArl7gChPvlxKeA_0APY5pJLeRv53_mZqZUCjAcE8,SELLO DE NO DISCRIMINACIÓN 1°C 2025 - (SELLO_012025),5,5,5,5,5,5,5,5,5,5,5,5,5
11XjArl7gChPvlxKeA_0APY5pJLeRv53_mZqZUCjAcE8,SELLO DE NO DISCRIMINACIÓN 1°C 2025 - (SELLO_012025),5,5,5,5,5,5,5,5,5,5,5,5,5
11XjArl7gChPvlxKeA_0APY5pJLeRv53_mZqZUCjAcE8,SELLO DE NO DISCRIMINACIÓN 1°C 2025 - (SELLO_012025),4,4,4,4,4,4,4,4,4,4,4,4,4
11XjArl7gChPvlxKeA_0APY5pJLeRv53_mZqZUCjAcE8,SELLO DE NO DISCRIMINACIÓN 1°C 2025 - (SELLO_012025),5,5,5,5,5,5,5,5,5,5,5,5,5
11XjArl7gChPvlxKeA_0APY5pJLeRv53_mZqZUCjAcE8,SELLO DE NO DISCRIMINACIÓN 1°C 2025 - (SELLO_012025),5,5,5,5,5,5,5,5,5,5,5,5,5
11XjArl7gChPvlxKeA_0APY5pJLeRv53_mZqZUCjAcE8,SELLO DE NO DISCRIMINACIÓN 1°C 2025 - (SELLO_012025),5,5,5,5,5,5,5,5,5,5,5,5,5
11XjArl7gChPvlxKeA_0APY5pJLeRv53_mZqZUCjAcE8,SELLO DE NO DISCRIMINACIÓN 1°C 2025 - (SELLO_012025),2,3,2,2,3,2,3,3,3,3,4,3,3
11XjArl7gChPvlxKeA_0APY5pJLeRv53_mZqZUCjAcE8,SELLO DE NO DISCRIMINACIÓN 1°C 2025 - (SELLO_012025),4,4,4,4,4,4,4,4,4,4,4,4,4
11XjArl7gChPvlxKeA_0APY5pJLeRv53_mZqZUCjAcE8,SELLO DE NO DISCRIMINACIÓN 1°C 2025 - (SELLO_012025),5,5,5,4,5,5,5,5,5,5,5,5,5
11XjArl7gChPvlxKeA_0APY5pJLeRv53_mZqZUCjAcE8,SELLO DE NO DISCRIMINACIÓN 1°C 2025 - (SELLO_012025),5,5,5,5,5,5,5,5,5,3,4,4,4
11XjArl7gChPvlxKeA_0APY5pJLeRv53_mZqZUCjAcE8,SELLO DE NO DISCRIMINACIÓN 1°C 2025 - (SELLO_012025),4,4,4,4,4,4,4,4,4,4,4,4,4
11XjArl7gChPvlxKeA_0APY5pJLeRv53_mZqZUCjAcE8,SELLO DE NO DISCRIMINACIÓN 1°C 2025 - (SELLO_012025),4,4,4,4,4,4,4,4,4,4,4,4,4
11XjArl7gChPvlxKeA_0APY5pJLeRv53_mZqZUCjAcE8,SELLO DE NO DISCRIMINACIÓN 1°C 2025 - (SELLO_012025),1,3,3,3,3,3,1,3,1,2,1,1,1
11XjArl7gChPvlxKeA_0APY5pJLeRv53_mZqZUCjAcE8,SELLO DE NO DISCRIMINACIÓN 1°C 2025 - (SELLO_012025),5,5,5,5,5,5,5,5,5,5,5,5,5
11XjArl7gChPvlxKeA_0APY5pJLeRv53_mZqZUCjAcE8,SELLO DE NO DISCRIMINACIÓN 1°C 2025 - (SELLO_012025),5,5,5,5,5,5,5,5,5,5,5,5,5
11XjArl7gChPvlxKeA_0APY5pJLeRv53_mZqZUCjAcE8,SELLO DE NO DISCRIMINACIÓN 1°C 2025 - (SELLO_012025),5,5,5,5,5,5,5,5,5,5,5,5,5
11XjArl7gChPvlxKeA_0APY5pJLeRv53_mZqZUCjAcE8,SELLO DE NO DISCRIMINACIÓN 1°C 2025 - (SELLO_012025),5,5,4,4,5,5,4,4,5,4,5,5,5
11XjArl7gChPvlxKeA_0APY5pJLeRv53_mZqZUCjAcE8,SELLO DE NO DISCRIMINACIÓN 1°C 2025 - (SELLO_012025),5,5,5,5,5,5,5,5,5,5,5,5,5
11XjArl7gChPvlxKeA_0APY5pJLeRv53_mZqZUCjAcE8,SELLO DE NO DISCRIMINACIÓN 1°C 2025 - (SELLO_012025),4,4,4,4,4,4,4,4,4,4,4,4,4
11XjArl7gChPvlxKeA_0APY5pJLeRv53_mZqZUCjAcE8,SELLO DE NO DISCRIMINACIÓN 1°C 2025 - (SELLO_012025),5,5,5,5,4,4,5,5,5,5,5,5,5
11XjArl7gChPvlxKeA_0APY5pJLeRv53_mZqZUCjAcE8,SELLO DE NO DISCRIMINACIÓN 1°C 2025 - (SELLO_012025),5,5,5,5,5,5,5,5,5,5,5,5,5
11XjArl7gChPvlxKeA_0APY5pJLeRv53_mZqZUCjAcE8,SELLO DE NO DISCRIMINACIÓN 1°C 2025 - (SELLO_012025),5,5,5,5,5,5,5,5,5,5,5,5,5
11XjArl7gChPvlxKeA_0APY5pJLeRv53_mZqZUCjAcE8,SELLO DE NO DISCRIMINACIÓN 1°C 2025 - (SELLO_012025),5,5,5,5,5,5,5,5,5,5,5,5,5
11XjArl7gChPvlxKeA_0APY5pJLeRv53_mZqZUCjAcE8,SELLO DE NO DISCRIMINACIÓN 1°C 2025 - (SELLO_012025),4,4,4,4,4,4,4,4,4,4,4,4,4
11XjArl7gChPvlxKeA_0APY5pJLeRv53_mZqZUCjAcE8,SELLO DE NO DISCRIMINACIÓN 1°C 2025 - (SELLO_012025),5,5,5,5,5,5,1,1,1,1,5,5,5
11XjArl7gChPvlxKeA_0APY5pJLeRv53_mZqZUCjAcE8,SELLO DE NO DISCRIMINACIÓN 1°C 2025 - (SELLO_012025),4,5,5,5,4,5,5,5,4,4,4,4,5
11XjArl7gChPvlxKeA_0APY5pJLeRv53_mZqZUCjAcE8,SELLO DE NO DISCRIMINACIÓN 1°C 2025 - (SELLO_012025),5,5,5,5,5,5,5,5,5,5,5,5,5
11XjArl7gChPvlxKeA_0APY5pJLeRv53_mZqZUCjAcE8,SELLO DE NO DISCRIMINACIÓN 1°C 2025 - (SELLO_012025),5,5,5,5,4,4,5,4,3,3,4,5,4
11XjArl7gChPvlxKeA_0APY5pJLeRv53_mZqZUCjAcE8,SELLO DE NO DISCRIMINACIÓN 1°C 2025 - (SELLO_012025),5,5,5,5,5,5,5,5,5,5,5,5,5
11XjArl7gChPvlxKeA_0APY5pJLeRv53_mZqZUCjAcE8,SELLO DE NO DISCRIMINACIÓN 1°C 2025 - (SELLO_012025),4,4,4,4,4,4,4,4,4,4,4,4,4
11XjArl7gChPvlxKeA_0APY5pJLeRv53_mZqZUCjAcE8,SELLO DE NO DISCRIMINACIÓN 1°C 2025 - (SELLO_012025),4,4,4,4,4,4,4,3,4,4,4,4,4
11XjArl7gChPvlxKeA_0APY5pJLeRv53_mZqZUCjAcE8,SELLO DE NO DISCRIMINACIÓN 1°C 2025 - (SELLO_012025),5,5,5,5,5,5,5,5,5,5,5,5,5
11XjArl7gChPvlxKeA_0APY5pJLeRv53_mZqZUCjAcE8,SELLO DE NO DISCRIMINACIÓN 1°C 2025 - (SELLO_012025),4,4,4,4,4,4,4,5,5,5,5,5,5
11XjArl7gChPvlxKeA_0APY5pJLeRv53_mZqZUCjAcE8,SELLO DE NO DISCRIMINACIÓN 1°C 2025 - (SELLO_012025),5,5,5,5,4,5,4,5,5,4,5,4,5
11XjArl7gChPvlxKeA_0APY5pJLeRv53_mZqZUCjAcE8,SELLO DE NO DISCRIMINACIÓN 1°C 2025 - (SELLO_012025),4,4,4,4,4,4,4,4,4,4,4,4,4
11XjArl7gChPvlxKeA_0APY5pJLeRv53_mZqZUCjAcE8,SELLO DE NO DISCRIMINACIÓN 1°C 2025 - (SELLO_012025),5,5,5,5,4,5,5,5,5,3,5,5,5
11XjArl7gChPvlxKeA_0APY5pJLeRv53_mZqZUCjAcE8,SELLO DE NO DISCRIMINACIÓN 1°C 2025 - (SELLO_012025),5,5,5,5,5,5,5,5,5,5,5,5,5
11XjArl7gChPvlxKeA_0APY5pJLeRv53_mZqZUCjAcE8,SELLO DE NO DISCRIMINACIÓN 1°C 2025 - (SELLO_012025),5,5,5,5,5,5,5,5,5,5,5,5,5
11XjArl7gChPvlxKeA_0APY5pJLeRv53_mZqZUCjAcE8,SELLO DE NO DISCRIMINACIÓN 1°C 2025 - (SELLO_012025),5,5,5,5,5,5,5,5,5,5,5,5,5
11XjArl7gChPvlxKeA_0APY5pJLeRv53_mZqZUCjAcE8,SELLO DE NO DISCRIMINACIÓN 1°C 2025 - (SELLO_012025),4,4,2,3,4,5,5,5,5,5,5,5,5
11XjArl7gChPvlxKeA_0APY5pJLeRv53_mZqZUCjAcE8,SELLO DE NO DISCRIMINACIÓN 1°C 2025 - (SELLO_012025),4,4,4,4,4,4,4,4,4,4,4,4,4
11XjArl7gChPvlxKeA_0APY5pJLeRv53_mZqZUCjAcE8,SELLO DE NO DISCRIMINACIÓN 1°C 2025 - (SELLO_012025),4,4,4,4,4,4,4,4,4,4,4,4,4
11XjArl7gChPvlxKeA_0APY5pJLeRv53_mZqZUCjAcE8,SELLO DE NO DISCRIMINACIÓN 1°C 2025 - (SELLO_012025),5,5,5,5,5,5,5,5,5,5,5,5,5
11XjArl7gChPvlxKeA_0APY5pJLeRv53_mZqZUCjAcE8,SELLO DE NO DISCRIMINACIÓN 1°C 2025 - (SELLO_012025),4,4,4,4,4,4,2,1,4,5,4,2,3
11XjArl7gChPvlxKeA_0APY5pJLeRv53_mZqZUCjAcE8,SELLO DE NO DISCRIMINACIÓN 1°C 2025 - (SELLO_012025),5,5,4,4,5,5,4,4,5,4,5,5,5
11XjArl7gChPvlxKeA_0APY5pJLeRv53_mZqZUCjAcE8,SELLO DE NO DISCRIMINACIÓN 1°C 2025 - (SELLO_012025),5,5,5,4,5,5,5,5,5,5,5,5,5
11XjArl7gChPvlxKeA_0APY5pJLeRv53_mZqZUCjAcE8,SELLO DE NO DISCRIMINACIÓN 1°C 2025 - (SELLO_012025),5,5,5,5,5,5,5,5,5,5,5,5,5
11XjArl7gChPvlxKeA_0APY5pJLeRv53_mZqZUCjAcE8,SELLO DE NO DISCRIMINACIÓN 1°C 2025 - (SELLO_012025),1,1,1,1,1,1,1,1,1,1,1,1,1
11XjArl7gChPvlxKeA_0APY5pJLeRv53_mZqZUCjAcE8,SELLO DE NO DISCRIMINACIÓN 1°C 2025 - (SELLO_012025),5,5,5,5,5,5,5,5,5,5,5,5,5
11XjArl7gChPvlxKeA_0APY5pJLeRv53_mZqZUCjAcE8,SELLO DE NO DISCRIMINACIÓN 1°C 2025 - (SELLO_012025),5,5,5,4,5,5,4,5,5,5,5,5,5
11XjArl7gChPvlxKeA_0APY5pJLeRv53_mZqZUCjAcE8,SELLO DE NO DISCRIMINACIÓN 1°C 2025 - (SELLO_012025),5,5,5,5,5,5,5,5,5,5,5,5,5
11XjArl7gChPvlxKeA_0APY5pJLeRv53_mZqZUCjAcE8,SELLO DE NO DISCRIMINACIÓN 1°C 2025 - (SELLO_012025),5,5,5,5,5,5,5,5,5,5,5,5,5
11XjArl7gChPvlxKeA_0APY5pJLeRv53_mZqZUCjAcE8,SELLO DE NO DISCRIMINACIÓN 1°C 2025 - (SELLO_012025),5,5,5,5,5,5,5,5,5,5,5,5,5
11XjArl7gChPvlxKeA_0APY5pJLeRv53_mZqZUCjAcE8,SELLO DE NO DISCRIMINACIÓN 1°C 2025 - (SELLO_012025),5,5,5,5,5,5,5,5,5,5,5,5,5
11XjArl7gChPvlxKeA_0APY5pJLeRv53_mZqZUCjAcE8,SELLO DE NO DISCRIMINACIÓN 1°C 2025 - (SELLO_012025),5,5,5,5,5,5,5,5,5,5,5,5,5
11XjArl7gChPvlxKeA_0APY5pJLeRv53_mZqZUCjAcE8,SELLO DE NO DISCRIMINACIÓN 1°C 2025 - (SELLO_012025),5,5,5,5,5,5,5,5,5,5,5,5,5
11XjArl7gChPvlxKeA_0APY5pJLeRv53_mZqZUCjAcE8,SELLO DE NO DISCRIMINACIÓN 1°C 2025 - (SELLO_012025),5,5,5,5,5,5,5,5,5,5,5,5,5
11XjArl7gChPvlxKeA_0APY5pJLeRv53_mZqZUCjAcE8,SELLO DE NO DISCRIMINACIÓN 1°C 2025 - (SELLO_012025),4,4,4,4,4,4,4,4,4,4,4,4,4
11XjArl7gChPvlxKeA_0APY5pJLeRv53_mZqZUCjAcE8,SELLO DE NO DISCRIMINACIÓN 1°C 2025 - (SELLO_012025),3,3,3,4,3,3,4,4,4,4,4,4,3
11XjArl7gChPvlxKeA_0APY5pJLeRv53_mZqZUCjAcE8,SELLO DE NO DISCRIMINACIÓN 1°C 2025 - (SELLO_012025),5,5,5,5,5,5,5,5,5,4,5,5,5
11XjArl7gChPvlxKeA_0APY5pJLeRv53_mZqZUCjAcE8,SELLO DE NO DISCRIMINACIÓN 1°C 2025 - (SELLO_012025),5,5,5,5,5,5,5,5,5,5,5,5,5
11XjArl7gChPvlxKeA_0APY5pJLeRv53_mZqZUCjAcE8,SELLO DE NO DISCRIMINACIÓN 1°C 2025 - (SELLO_012025),5,5,5,5,5,5,5,5,5,5,5,5,5
11XjArl7gChPvlxKeA_0APY5pJLeRv53_mZqZUCjAcE8,SELLO DE NO DISCRIMINACIÓN 1°C 2025 - (SELLO_012025),5,5,5,5,5,5,5,5,5,5,5,5,5
11XjArl7gChPvlxKeA_0APY5pJLeRv53_mZqZUCjAcE8,SELLO DE NO DISCRIMINACIÓN 1°C 2025 - (SELLO_012025),4,4,4,4,4,4,5,4,4,3,4,4,4
11XjArl7gChPvlxKeA_0APY5pJLeRv53_mZqZUCjAcE8,SELLO DE NO DISCRIMINACIÓN 1°C 2025 - (SELLO_012025),5,5,5,5,5,5,5,5,5,5,5,5,5
11XjArl7gChPvlxKeA_0APY5pJLeRv53_mZqZUCjAcE8,SELLO DE NO DISCRIMINACIÓN 1°C 2025 - (SELLO_012025),4,4,5,4,5,5,4,5,5,4,5,4,5
11XjArl7gChPvlxKeA_0APY5pJLeRv53_mZqZUCjAcE8,SELLO DE NO DISCRIMINACIÓN 1°C 2025 - (SELLO_012025),4,4,5,4,5,4,5,5,5,4,4,4,4
11XjArl7gChPvlxKeA_0APY5pJLeRv53_mZqZUCjAcE8,SELLO DE NO DISCRIMINACIÓN 1°C 2025 - (SELLO_012025),4,4,4,4,4,4,4,4,4,4,4,4,4
11XjArl7gChPvlxKeA_0APY5pJLeRv53_mZqZUCjAcE8,SELLO DE NO DISCRIMINACIÓN 1°C 2025 - (SELLO_012025),5,5,5,5,5,5,5,5,5,5,5,5,5
11XjArl7gChPvlxKeA_0APY5pJLeRv53_mZqZUCjAcE8,SELLO DE NO DISCRIMINACIÓN 1°C 2025 - (SELLO_012025),5,5,5,5,5,5,5,5,5,5,5,5,5
11XjArl7gChPvlxKeA_0APY5pJLeRv53_mZqZUCjAcE8,SELLO DE NO DISCRIMINACIÓN 1°C 2025 - (SELLO_012025),5,5,5,5,5,5,4,4,1,1,4,4,4
11XjArl7gChPvlxKeA_0APY5pJLeRv53_mZqZUCjAcE8,SELLO DE NO DISCRIMINACIÓN 1°C 2025 - (SELLO_012025),5,5,5,5,5,5,5,5,5,5,5,5,5
11XjArl7gChPvlxKeA_0APY5pJLeRv53_mZqZUCjAcE8,SELLO DE NO DISCRIMINACIÓN 1°C 2025 - (SELLO_012025),5,5,5,5,5,5,5,5,5,5,5,5,5
11XjArl7gChPvlxKeA_0APY5pJLeRv53_mZqZUCjAcE8,SELLO DE NO DISCRIMINACIÓN 1°C 2025 - (SELLO_012025),5,5,5,5,5,5,5,5,5,5,5,5,5
11XjArl7gChPvlxKeA_0APY5pJLeRv53_mZqZUCjAcE8,SELLO DE NO DISCRIMINACIÓN 1°C 2025 - (SELLO_012025),5,5,5,5,5,5,5,5,5,5,5,5,5
11XjArl7gChPvlxKeA_0APY5pJLeRv53_mZqZUCjAcE8,SELLO DE NO DISCRIMINACIÓN 1°C 2025 - (SELLO_012025),5,5,5,5,5,5,5,5,5,5,5,5,5
11XjArl7gChPvlxKeA_0APY5pJLeRv53_mZqZUCjAcE8,SELLO DE NO DISCRIMINACIÓN 1°C 2025 - (SELLO_012025),5,5,5,5,5,5,5,5,5,5,5,5,5
11XjArl7gChPvlxKeA_0APY5pJLeRv53_mZqZUCjAcE8,SELLO DE NO DISCRIMINACIÓN 1°C 2025 - (SELLO_012025),4,4,3,4,4,3,4,4,4,3,5,5,4
11XjArl7gChPvlxKeA_0APY5pJLeRv53_mZqZUCjAcE8,SELLO DE NO DISCRIMINACIÓN 1°C 2025 - (SELLO_012025),5,5,5,5,5,5,4,4,5,3,5,5,5
11XjArl7gChPvlxKeA_0APY5pJLeRv53_mZqZUCjAcE8,SELLO DE NO DISCRIMINACIÓN 1°C 2025 - (SELLO_012025),5,5,5,5,5,5,5,5,5,5,5,5,5
11XjArl7gChPvlxKeA_0APY5pJLeRv53_mZqZUCjAcE8,SELLO DE NO DISCRIMINACIÓN 1°C 2025 - (SELLO_012025),5,5,5,5,5,5,5,5,5,5,5,5,5
11XjArl7gChPvlxKeA_0APY5pJLeRv53_mZqZUCjAcE8,SELLO DE NO DISCRIMINACIÓN 1°C 2025 - (SELLO_012025),5,5,5,5,5,5,5,5,5,5,5,5,5
11XjArl7gChPvlxKeA_0APY5pJLeRv53_mZqZUCjAcE8,SELLO DE NO DISCRIMINACIÓN 1°C 2025 - (SELLO_012025),5,5,5,5,5,5,5,5,5,5,5,5,5
11XjArl7gChPvlxKeA_0APY5pJLeRv53_mZqZUCjAcE8,SELLO DE NO DISCRIMINACIÓN 1°C 2025 - (SELLO_012025),4,4,5,4,5,4,5,4,4,4,4,4,4
11XjArl7gChPvlxKeA_0APY5pJLeRv53_mZqZUCjAcE8,SELLO DE NO DISCRIMINACIÓN 1°C 2025 - (SELLO_012025),4,4,4,4,4,4,4,4,4,4,4,3,4
11XjArl7gChPvlxKeA_0APY5pJLeRv53_mZqZUCjAcE8,SELLO DE NO DISCRIMINACIÓN 1°C 2025 - (SELLO_012025),5,5,5,5,5,4,5,4,4,4,5,5,5
11XjArl7gChPvlxKeA_0APY5pJLeRv53_mZqZUCjAcE8,SELLO DE NO DISCRIMINACIÓN 1°C 2025 - (SELLO_012025),5,5,5,5,5,5,5,5,5,5,5,5,5
11XjArl7gChPvlxKeA_0APY5pJLeRv53_mZqZUCjAcE8,SELLO DE NO DISCRIMINACIÓN 1°C 2025 - (SELLO_012025),5,5,5,5,5,5,5,5,5,5,5,5,5
11XjArl7gChPvlxKeA_0APY5pJLeRv53_mZqZUCjAcE8,SELLO DE NO DISCRIMINACIÓN 1°C 2025 - (SELLO_012025),5,5,5,5,5,5,5,5,5,5,5,5,5
11XjArl7gChPvlxKeA_0APY5pJLeRv53_mZqZUCjAcE8,SELLO DE NO DISCRIMINACIÓN 1°C 2025 - (SELLO_012025),5,5,5,5,5,5,5,5,5,5,5,5,5
11XjArl7gChPvlxKeA_0APY5pJLeRv53_mZqZUCjAcE8,SELLO DE NO DISCRIMINACIÓN 1°C 2025 - (SELLO_012025),4,5,5,5,5,5,5,5,5,5,4,5,5
11XjArl7gChPvlxKeA_0APY5pJLeRv53_mZqZUCjAcE8,SELLO DE NO DISCRIMINACIÓN 1°C 2025 - (SELLO_012025),5,5,5,5,5,5,5,5,5,5,5,5,5
11XjArl7gChPvlxKeA_0APY5pJLeRv53_mZqZUCjAcE8,SELLO DE NO DISCRIMINACIÓN 1°C 2025 - (SELLO_012025),4,4,4,4,4,4,4,4,5,4,5,4,4
11XjArl7gChPvlxKeA_0APY5pJLeRv53_mZqZUCjAcE8,SELLO DE NO DISCRIMINACIÓN 1°C 2025 - (SELLO_012025),4,5,5,4,5,4,4,4,4,4,4,4,4
11XjArl7gChPvlxKeA_0APY5pJLeRv53_mZqZUCjAcE8,SELLO DE NO DISCRIMINACIÓN 1°C 2025 - (SELLO_012025),5,5,5,5,5,5,5,5,5,5,5,5,5
11XjArl7gChPvlxKeA_0APY5pJLeRv53_mZqZUCjAcE8,SELLO DE NO DISCRIMINACIÓN 1°C 2025 - (SELLO_012025),5,5,5,5,5,5,5,5,5,5,5,5,5
11XjArl7gChPvlxKeA_0APY5pJLeRv53_mZqZUCjAcE8,SELLO DE NO DISCRIMINACIÓN 1°C 2025 - (SELLO_012025),5,5,5,5,5,5,5,5,5,5,5,5,5
11XjArl7gChPvlxKeA_0APY5pJLeRv53_mZqZUCjAcE8,SELLO DE NO DISCRIMINACIÓN 1°C 2025 - (SELLO_012025),5,5,5,5,5,5,5,5,5,5,5,5,5
11XjArl7gChPvlxKeA_0APY5pJLeRv53_mZqZUCjAcE8,SELLO DE NO DISCRIMINACIÓN 1°C 2025 - (SELLO_012025),4,4,4,5,4,4,4,4,4,4,4,4,4
11XjArl7gChPvlxKeA_0APY5pJLeRv53_mZqZUCjAcE8,SELLO DE NO DISCRIMINACIÓN 1°C 2025 - (SELLO_012025),5,5,5,5,5,5,5,5,5,5,5,5,5
11XjArl7gChPvlxKeA_0APY5pJLeRv53_mZqZUCjAcE8,SELLO DE NO DISCRIMINACIÓN 1°C 2025 - (SELLO_012025),4,3,4,3,4,4,3,4,3,3,3,3,3
11XjArl7gChPvlxKeA_0APY5pJLeRv53_mZqZUCjAcE8,SELLO DE NO DISCRIMINACIÓN 1°C 2025 - (SELLO_012025),4,4,5,4,5,5,4,4,5,5,5,4,4
11XjArl7gChPvlxKeA_0APY5pJLeRv53_mZqZUCjAcE8,SELLO DE NO DISCRIMINACIÓN 1°C 2025 - (SELLO_012025),5,5,5,5,5,5,5,5,5,5,5,5,5
11XjArl7gChPvlxKeA_0APY5pJLeRv53_mZqZUCjAcE8,SELLO DE NO DISCRIMINACIÓN 1°C 2025 - (SELLO_012025),5,5,5,5,5,5,5,5,5,5,5,5,5
11XjArl7gChPvlxKeA_0APY5pJLeRv53_mZqZUCjAcE8,SELLO DE NO DISCRIMINACIÓN 1°C 2025 - (SELLO_012025),4,4,4,4,5,5,4,4,4,4,4,4,5
11XjArl7gChPvlxKeA_0APY5pJLeRv53_mZqZUCjAcE8,SELLO DE NO DISCRIMINACIÓN 1°C 2025 - (SELLO_012025),4,4,5,5,5,4,5,5,5,4,4,4,5
11XjArl7gChPvlxKeA_0APY5pJLeRv53_mZqZUCjAcE8,SELLO DE NO DISCRIMINACIÓN 1°C 2025 - (SELLO_012025),5,5,5,5,5,5,5,5,5,5,5,5,5
11XjArl7gChPvlxKeA_0APY5pJLeRv53_mZqZUCjAcE8,SELLO DE NO DISCRIMINACIÓN 1°C 2025 - (SELLO_012025),5,5,5,5,5,5,5,5,5,5,5,5,5
11XjArl7gChPvlxKeA_0APY5pJLeRv53_mZqZUCjAcE8,SELLO DE NO DISCRIMINACIÓN 1°C 2025 - (SELLO_012025),5,5,5,5,5,5,5,5,5,5,5,5,5
11XjArl7gChPvlxKeA_0APY5pJLeRv53_mZqZUCjAcE8,SELLO DE NO DISCRIMINACIÓN 1°C 2025 - (SELLO_012025),4,4,4,4,4,4,4,4,4,3,3,3,3
11XjArl7gChPvlxKeA_0APY5pJLeRv53_mZqZUCjAcE8,SELLO DE NO DISCRIMINACIÓN 1°C 2025 - (SELLO_012025),4,4,3,5,5,4,4,4,4,1,4,4,4
11XjArl7gChPvlxKeA_0APY5pJLeRv53_mZqZUCjAcE8,SELLO DE NO DISCRIMINACIÓN 1°C 2025 - (SELLO_012025),5,5,5,5,5,5,5,5,5,5,5,5,5
11XjArl7gChPvlxKeA_0APY5pJLeRv53_mZqZUCjAcE8,SELLO DE NO DISCRIMINACIÓN 1°C 2025 - (SELLO_012025),5,5,5,5,5,5,5,5,4,4,5,5,4
11XjArl7gChPvlxKeA_0APY5pJLeRv53_mZqZUCjAcE8,SELLO DE NO DISCRIMINACIÓN 1°C 2025 - (SELLO_012025),5,5,5,5,5,5,5,5,5,5,5,5,5
11XjArl7gChPvlxKeA_0APY5pJLeRv53_mZqZUCjAcE8,SELLO DE NO DISCRIMINACIÓN 1°C 2025 - (SELLO_012025),4,4,2,4,4,4,3,3,3,3,3,4,3
11XjArl7gChPvlxKeA_0APY5pJLeRv53_mZqZUCjAcE8,SELLO DE NO DISCRIMINACIÓN 1°C 2025 - (SELLO_012025),5,5,5,5,5,5,5,5,5,5,5,5,5
11XjArl7gChPvlxKeA_0APY5pJLeRv53_mZqZUCjAcE8,SELLO DE NO DISCRIMINACIÓN 1°C 2025 - (SELLO_012025),5,5,5,5,5,5,5,5,5,5,5,5,5
11XjArl7gChPvlxKeA_0APY5pJLeRv53_mZqZUCjAcE8,SELLO DE NO DISCRIMINACIÓN 1°C 2025 - (SELLO_012025),3,3,3,3,3,3,3,3,3,3,3,3,3
11XjArl7gChPvlxKeA_0APY5pJLeRv53_mZqZUCjAcE8,SELLO DE NO DISCRIMINACIÓN 1°C 2025 - (SELLO_012025),5,5,5,5,5,5,5,5,5,5,5,5,5
11XjArl7gChPvlxKeA_0APY5pJLeRv53_mZqZUCjAcE8,SELLO DE NO DISCRIMINACIÓN 1°C 2025 - (SELLO_012025),5,5,5,5,5,5,5,5,5,5,5,5,5
11XjArl7gChPvlxKeA_0APY5pJLeRv53_mZqZUCjAcE8,SELLO DE NO DISCRIMINACIÓN 1°C 2025 - (SELLO_012025),5,5,5,5,5,5,5,5,3,2,4,5,4
11XjArl7gChPvlxKeA_0APY5pJLeRv53_mZqZUCjAcE8,SELLO DE NO DISCRIMINACIÓN 1°C 2025 - (SELLO_012025),5,5,5,5,5,5,5,5,4,4,5,4,5
11XjArl7gChPvlxKeA_0APY5pJLeRv53_mZqZUCjAcE8,SELLO DE NO DISCRIMINACIÓN 1°C 2025 - (SELLO_012025),5,5,5,5,5,5,5,5,5,5,5,5,5
11XjArl7gChPvlxKeA_0APY5pJLeRv53_mZqZUCjAcE8,SELLO DE NO DISCRIMINACIÓN 1°C 2025 - (SELLO_012025),5,5,5,5,5,5,5,4,5,4,5,5,5
11XjArl7gChPvlxKeA_0APY5pJLeRv53_mZqZUCjAcE8,SELLO DE NO DISCRIMINACIÓN 1°C 2025 - (SELLO_012025),5,5,5,5,5,5,5,5,5,5,5,5,5
11XjArl7gChPvlxKeA_0APY5pJLeRv53_mZqZUCjAcE8,SELLO DE NO DISCRIMINACIÓN 1°C 2025 - (SELLO_012025),5,5,5,5,5,5,5,5,5,5,5,5,5
11XjArl7gChPvlxKeA_0APY5pJLeRv53_mZqZUCjAcE8,SELLO DE NO DISCRIMINACIÓN 1°C 2025 - (SELLO_012025),4,4,4,4,4,4,4,4,4,4,4,4,4
11XjArl7gChPvlxKeA_0APY5pJLeRv53_mZqZUCjAcE8,SELLO DE NO DISCRIMINACIÓN 1°C 2025 - (SELLO_012025),5,5,5,5,5,5,5,5,5,5,5,5,5
11XjArl7gChPvlxKeA_0APY5pJLeRv53_mZqZUCjAcE8,SELLO DE NO DISCRIMINACIÓN 1°C 2025 - (SELLO_012025),4,4,4,4,4,4,4,4,4,4,4,4,4
11XjArl7gChPvlxKeA_0APY5pJLeRv53_mZqZUCjAcE8,SELLO DE NO DISCRIMINACIÓN 1°C 2025 - (SELLO_012025),5,3,1,5,5,5,5,5,5,5,5,5,5
11XjArl7gChPvlxKeA_0APY5pJLeRv53_mZqZUCjAcE8,SELLO DE NO DISCRIMINACIÓN 1°C 2025 - (SELLO_012025),4,3,3,4,5,4,4,4,3,3,3,3,3
11XjArl7gChPvlxKeA_0APY5pJLeRv53_mZqZUCjAcE8,SELLO DE NO DISCRIMINACIÓN 1°C 2025 - (SELLO_012025),3,3,3,3,3,3,3,3,3,3,3,3,3
11XjArl7gChPvlxKeA_0APY5pJLeRv53_mZqZUCjAcE8,SELLO DE NO DISCRIMINACIÓN 1°C 2025 - (SELLO_012025),4,4,4,4,4,4,4,4,4,4,4,4,4
11XjArl7gChPvlxKeA_0APY5pJLeRv53_mZqZUCjAcE8,SELLO DE NO DISCRIMINACIÓN 1°C 2025 - (SELLO_012025),4,4,4,4,5,4,5,4,4,5,4,5,5
11XjArl7gChPvlxKeA_0APY5pJLeRv53_mZqZUCjAcE8,SELLO DE NO DISCRIMINACIÓN 1°C 2025 - (SELLO_012025),4,4,4,2,4,4,4,4,4,4,4,4,4
11XjArl7gChPvlxKeA_0APY5pJLeRv53_mZqZUCjAcE8,SELLO DE NO DISCRIMINACIÓN 1°C 2025 - (SELLO_012025),5,5,5,5,5,5,5,5,5,5,5,5,5
11XjArl7gChPvlxKeA_0APY5pJLeRv53_mZqZUCjAcE8,SELLO DE NO DISCRIMINACIÓN 1°C 2025 - (SELLO_012025),4,4,4,4,4,4,4,4,4,4,4,4,4
11XjArl7gChPvlxKeA_0APY5pJLeRv53_mZqZUCjAcE8,SELLO DE NO DISCRIMINACIÓN 1°C 2025 - (SELLO_012025),5,4,4,4,5,5,4,4,1,1,5,4,4
11XjArl7gChPvlxKeA_0APY5pJLeRv53_mZqZUCjAcE8,SELLO DE NO DISCRIMINACIÓN 1°C 2025 - (SELLO_012025),5,5,5,5,5,5,5,5,5,5,5,5,5
11XjArl7gChPvlxKeA_0APY5pJLeRv53_mZqZUCjAcE8,SELLO DE NO DISCRIMINACIÓN 1°C 2025 - (SELLO_012025),5,5,5,5,5,5,5,5,5,5,5,5,5
11XjArl7gChPvlxKeA_0APY5pJLeRv53_mZqZUCjAcE8,SELLO DE NO DISCRIMINACIÓN 1°C 2025 - (SELLO_012025),4,4,5,5,5,5,5,5,5,5,5,5,4
11XjArl7gChPvlxKeA_0APY5pJLeRv53_mZqZUCjAcE8,SELLO DE NO DISCRIMINACIÓN 1°C 2025 - (SELLO_012025),5,5,5,5,5,5,5,5,5,5,5,5,5
11XjArl7gChPvlxKeA_0APY5pJLeRv53_mZqZUCjAcE8,SELLO DE NO DISCRIMINACIÓN 1°C 2025 - (SELLO_012025),5,5,4,5,5,4,4,5,5,3,5,5,4
11XjArl7gChPvlxKeA_0APY5pJLeRv53_mZqZUCjAcE8,SELLO DE NO DISCRIMINACIÓN 1°C 2025 - (SELLO_012025),5,5,5,5,5,5,5,5,5,5,5,5,5
11XjArl7gChPvlxKeA_0APY5pJLeRv53_mZqZUCjAcE8,SELLO DE NO DISCRIMINACIÓN 1°C 2025 - (SELLO_012025),5,5,5,5,5,5,5,5,5,5,5,5,5
11XjArl7gChPvlxKeA_0APY5pJLeRv53_mZqZUCjAcE8,SELLO DE NO DISCRIMINACIÓN 1°C 2025 - (SELLO_012025),1,1,2,2,1,3,2,1,1,4,1,1,2
11XjArl7gChPvlxKeA_0APY5pJLeRv53_mZqZUCjAcE8,SELLO DE NO DISCRIMINACIÓN 1°C 2025 - (SELLO_012025),5,5,5,5,5,5,5,5,5,5,5,5,5
11XjArl7gChPvlxKeA_0APY5pJLeRv53_mZqZUCjAcE8,SELLO DE NO DISCRIMINACIÓN 1°C 2025 - (SELLO_012025),5,5,5,5,5,5,5,5,5,5,5,5,5
11XjArl7gChPvlxKeA_0APY5pJLeRv53_mZqZUCjAcE8,SELLO DE NO DISCRIMINACIÓN 1°C 2025 - (SELLO_012025),5,5,5,5,4,5,3,3,3,1,5,5,5
11XjArl7gChPvlxKeA_0APY5pJLeRv53_mZqZUCjAcE8,SELLO DE NO DISCRIMINACIÓN 1°C 2025 - (SELLO_012025),5,4,4,3,5,5,4,5,3,4,4,5,5
11XjArl7gChPvlxKeA_0APY5pJLeRv53_mZqZUCjAcE8,SELLO DE NO DISCRIMINACIÓN 1°C 2025 - (SELLO_012025),4,4,4,4,4,4,3,3,3,3,3,3,4
11XjArl7gChPvlxKeA_0APY5pJLeRv53_mZqZUCjAcE8,SELLO DE NO DISCRIMINACIÓN 1°C 2025 - (SELLO_012025),5,5,5,5,5,4,4,4,4,4,4,4,4
11XjArl7gChPvlxKeA_0APY5pJLeRv53_mZqZUCjAcE8,SELLO DE NO DISCRIMINACIÓN 1°C 2025 - (SELLO_012025),4,4,4,4,4,4,4,4,4,4,4,4,3
11XjArl7gChPvlxKeA_0APY5pJLeRv53_mZqZUCjAcE8,SELLO DE NO DISCRIMINACIÓN 1°C 2025 - (SELLO_012025),5,5,5,5,5,5,5,5,5,4,5,5,5
11XjArl7gChPvlxKeA_0APY5pJLeRv53_mZqZUCjAcE8,SELLO DE NO DISCRIMINACIÓN 1°C 2025 - (SELLO_012025),5,5,5,5,5,5,5,5,5,5,5,5,5
11XjArl7gChPvlxKeA_0APY5pJLeRv53_mZqZUCjAcE8,SELLO DE NO DISCRIMINACIÓN 1°C 2025 - (SELLO_012025),5,5,5,5,5,5,5,5,5,5,5,5,5
11XjArl7gChPvlxKeA_0APY5pJLeRv53_mZqZUCjAcE8,SELLO DE NO DISCRIMINACIÓN 1°C 2025 - (SELLO_012025),5,5,5,5,5,5,5,5,5,5,5,5,5
11XjArl7gChPvlxKeA_0APY5pJLeRv53_mZqZUCjAcE8,SELLO DE NO DISCRIMINACIÓN 1°C 2025 - (SELLO_012025),5,5,5,5,5,5,5,5,5,5,5,5,5
11XjArl7gChPvlxKeA_0APY5pJLeRv53_mZqZUCjAcE8,SELLO DE NO DISCRIMINACIÓN 1°C 2025 - (SELLO_012025),4,4,4,4,4,4,4,4,4,4,4,4,4
11XjArl7gChPvlxKeA_0APY5pJLeRv53_mZqZUCjAcE8,SELLO DE NO DISCRIMINACIÓN 1°C 2025 - (SELLO_012025),5,5,5,5,5,5,5,5,5,4,4,4,4
11XjArl7gChPvlxKeA_0APY5pJLeRv53_mZqZUCjAcE8,SELLO DE NO DISCRIMINACIÓN 1°C 2025 - (SELLO_012025),5,5,5,5,5,5,5,5,5,5,5,5,5
11XjArl7gChPvlxKeA_0APY5pJLeRv53_mZqZUCjAcE8,SELLO DE NO DISCRIMINACIÓN 1°C 2025 - (SELLO_012025),5,5,5,5,5,5,5,5,5,5,5,5,5
11XjArl7gChPvlxKeA_0APY5pJLeRv53_mZqZUCjAcE8,SELLO DE NO DISCRIMINACIÓN 1°C 2025 - (SELLO_012025),5,5,5,5,5,5,5,5,5,5,5,5,5
11XjArl7gChPvlxKeA_0APY5pJLeRv53_mZqZUCjAcE8,SELLO DE NO DISCRIMINACIÓN 1°C 2025 - (SELLO_012025),5,5,5,5,5,5,5,5,5,5,5,5,5
11XjArl7gChPvlxKeA_0APY5pJLeRv53_mZqZUCjAcE8,SELLO DE NO DISCRIMINACIÓN 1°C 2025 - (SELLO_012025),5,5,5,5,5,5,5,5,5,5,5,5,5
11XjArl7gChPvlxKeA_0APY5pJLeRv53_mZqZUCjAcE8,SELLO DE NO DISCRIMINACIÓN 1°C 2025 - (SELLO_012025),4,4,4,4,4,4,4,4,4,4,4,4,4
11XjArl7gChPvlxKeA_0APY5pJLeRv53_mZqZUCjAcE8,SELLO DE NO DISCRIMINACIÓN 1°C 2025 - (SELLO_012025),5,5,5,5,5,5,5,5,5,4,5,5,5
11XjArl7gChPvlxKeA_0APY5pJLeRv53_mZqZUCjAcE8,SELLO DE NO DISCRIMINACIÓN 1°C 2025 - (SELLO_012025),4,4,4,4,4,3,4,4,3,3,4,4,4
11XjArl7gChPvlxKeA_0APY5pJLeRv53_mZqZUCjAcE8,SELLO DE NO DISCRIMINACIÓN 1°C 2025 - (SELLO_012025),5,5,5,5,5,5,5,5,5,5,5,5,5
11XjArl7gChPvlxKeA_0APY5pJLeRv53_mZqZUCjAcE8,SELLO DE NO DISCRIMINACIÓN 1°C 2025 - (SELLO_012025),5,5,4,4,5,5,5,4,4,4,5,5,5
11XjArl7gChPvlxKeA_0APY5pJLeRv53_mZqZUCjAcE8,SELLO DE NO DISCRIMINACIÓN 1°C 2025 - (SELLO_012025),5,5,5,5,5,5,5,5,5,5,5,5,5
11XjArl7gChPvlxKeA_0APY5pJLeRv53_mZqZUCjAcE8,SELLO DE NO DISCRIMINACIÓN 1°C 2025 - (SELLO_012025),5,5,4,5,5,5,5,5,5,5,5,5,5
11XjArl7gChPvlxKeA_0APY5pJLeRv53_mZqZUCjAcE8,SELLO DE NO DISCRIMINACIÓN 1°C 2025 - (SELLO_012025),5,4,5,5,5,4,5,5,5,5,5,5,5
11XjArl7gChPvlxKeA_0APY5pJLeRv53_mZqZUCjAcE8,SELLO DE NO DISCRIMINACIÓN 1°C 2025 - (SELLO_012025),3,3,3,3,3,3,3,3,3,3,3,3,3
11XjArl7gChPvlxKeA_0APY5pJLeRv53_mZqZUCjAcE8,SELLO DE NO DISCRIMINACIÓN 1°C 2025 - (SELLO_012025),2,2,2,2,2,2,2,2,2,2,2,2,2
11XjArl7gChPvlxKeA_0APY5pJLeRv53_mZqZUCjAcE8,SELLO DE NO DISCRIMINACIÓN 1°C 2025 - (SELLO_012025),5,5,5,5,5,5,5,5,5,5,5,5,5
11XjArl7gChPvlxKeA_0APY5pJLeRv53_mZqZUCjAcE8,SELLO DE NO DISCRIMINACIÓN 1°C 2025 - (SELLO_012025),4,4,4,4,4,4,4,4,4,4,4,4,4
11XjArl7gChPvlxKeA_0APY5pJLeRv53_mZqZUCjAcE8,SELLO DE NO DISCRIMINACIÓN 1°C 2025 - (SELLO_012025),5,5,5,5,5,5,5,5,5,5,5,5,5
11XjArl7gChPvlxKeA_0APY5pJLeRv53_mZqZUCjAcE8,SELLO DE NO DISCRIMINACIÓN 1°C 2025 - (SELLO_012025),5,5,5,5,5,5,5,5,5,5,5,5,5
11XjArl7gChPvlxKeA_0APY5pJLeRv53_mZqZUCjAcE8,SELLO DE NO DISCRIMINACIÓN 1°C 2025 - (SELLO_012025),5,5,5,5,5,5,5,5,5,5,5,5,5
11XjArl7gChPvlxKeA_0APY5pJLeRv53_mZqZUCjAcE8,SELLO DE NO DISCRIMINACIÓN 1°C 2025 - (SELLO_012025),5,5,5,5,5,5,5,5,5,5,5,5,5
11XjArl7gChPvlxKeA_0APY5pJLeRv53_mZqZUCjAcE8,SELLO DE NO DISCRIMINACIÓN 1°C 2025 - (SELLO_012025),4,4,5,3,4,4,4,3,5,4,4,4,4
11XjArl7gChPvlxKeA_0APY5pJLeRv53_mZqZUCjAcE8,SELLO DE NO DISCRIMINACIÓN 1°C 2025 - (SELLO_012025),5,5,5,5,5,5,5,5,5,5,5,5,5
11XjArl7gChPvlxKeA_0APY5pJLeRv53_mZqZUCjAcE8,SELLO DE NO DISCRIMINACIÓN 1°C 2025 - (SELLO_012025),5,5,5,5,5,5,5,5,5,5,5,5,5
11XjArl7gChPvlxKeA_0APY5pJLeRv53_mZqZUCjAcE8,SELLO DE NO DISCRIMINACIÓN 1°C 2025 - (SELLO_012025),5,5,5,5,5,5,5,5,5,5,5,5,5
11XjArl7gChPvlxKeA_0APY5pJLeRv53_mZqZUCjAcE8,SELLO DE NO DISCRIMINACIÓN 1°C 2025 - (SELLO_012025),5,5,5,5,5,5,5,5,5,5,5,5,5
11XjArl7gChPvlxKeA_0APY5pJLeRv53_mZqZUCjAcE8,SELLO DE NO DISCRIMINACIÓN 1°C 2025 - (SELLO_012025),5,5,5,4,5,5,4,5,2,5,5,5,5
11XjArl7gChPvlxKeA_0APY5pJLeRv53_mZqZUCjAcE8,SELLO DE NO DISCRIMINACIÓN 1°C 2025 - (SELLO_012025),5,5,5,5,5,5,5,5,5,5,5,5,5
11XjArl7gChPvlxKeA_0APY5pJLeRv53_mZqZUCjAcE8,SELLO DE NO DISCRIMINACIÓN 1°C 2025 - (SELLO_012025),5,5,5,5,5,5,5,5,5,5,5,5,5
11XjArl7gChPvlxKeA_0APY5pJLeRv53_mZqZUCjAcE8,SELLO DE NO DISCRIMINACIÓN 1°C 2025 - (SELLO_012025),5,5,5,5,5,5,5,5,5,5,5,5,5
11XjArl7gChPvlxKeA_0APY5pJLeRv53_mZqZUCjAcE8,SELLO DE NO DISCRIMINACIÓN 1°C 2025 - (SELLO_012025),5,5,5,5,5,5,5,5,5,5,5,5,5
11XjArl7gChPvlxKeA_0APY5pJLeRv53_mZqZUCjAcE8,SELLO DE NO DISCRIMINACIÓN 1°C 2025 - (SELLO_012025),5,5,5,5,5,5,5,5,5,5,5,5,5
11XjArl7gChPvlxKeA_0APY5pJLeRv53_mZqZUCjAcE8,SELLO DE NO DISCRIMINACIÓN 1°C 2025 - (SELLO_012025),5,3,5,3,5,5,3,5,5,2,2,3,1
11XjArl7gChPvlxKeA_0APY5pJLeRv53_mZqZUCjAcE8,SELLO DE NO DISCRIMINACIÓN 1°C 2025 - (SELLO_012025),5,5,4,4,5,4,5,4,4,4,4,5,4
11XjArl7gChPvlxKeA_0APY5pJLeRv53_mZqZUCjAcE8,SELLO DE NO DISCRIMINACIÓN 1°C 2025 - (SELLO_012025),1,1,1,1,1,1,1,1,1,1,1,1,1
11XjArl7gChPvlxKeA_0APY5pJLeRv53_mZqZUCjAcE8,SELLO DE NO DISCRIMINACIÓN 1°C 2025 - (SELLO_012025),3,3,3,3,3,4,2,3,3,3,3,3,2
11XjArl7gChPvlxKeA_0APY5pJLeRv53_mZqZUCjAcE8,SELLO DE NO DISCRIMINACIÓN 1°C 2025 - (SELLO_012025),5,5,5,5,5,5,5,5,5,5,5,5,5
11XjArl7gChPvlxKeA_0APY5pJLeRv53_mZqZUCjAcE8,SELLO DE NO DISCRIMINACIÓN 1°C 2025 - (SELLO_012025),5,5,5,5,5,5,5,5,4,4,5,5,5
11XjArl7gChPvlxKeA_0APY5pJLeRv53_mZqZUCjAcE8,SELLO DE NO DISCRIMINACIÓN 1°C 2025 - (SELLO_012025),4,4,4,4,5,5,3,4,3,3,3,4,4
11XjArl7gChPvlxKeA_0APY5pJLeRv53_mZqZUCjAcE8,SELLO DE NO DISCRIMINACIÓN 1°C 2025 - (SELLO_012025),4,4,4,4,4,4,4,4,4,4,4,4,4
11XjArl7gChPvlxKeA_0APY5pJLeRv53_mZqZUCjAcE8,SELLO DE NO DISCRIMINACIÓN 1°C 2025 - (SELLO_012025),4,4,4,4,4,4,4,4,4,4,4,4,4
11XjArl7gChPvlxKeA_0APY5pJLeRv53_mZqZUCjAcE8,SELLO DE NO DISCRIMINACIÓN 1°C 2025 - (SELLO_012025),2,3,3,2,2,3,3,2,4,5,4,3,3
11XjArl7gChPvlxKeA_0APY5pJLeRv53_mZqZUCjAcE8,SELLO DE NO DISCRIMINACIÓN 1°C 2025 - (SELLO_012025),5,5,5,5,5,5,5,5,5,5,5,5,5
11XjArl7gChPvlxKeA_0APY5pJLeRv53_mZqZUCjAcE8,SELLO DE NO DISCRIMINACIÓN 1°C 2025 - (SELLO_012025),5,5,5,5,5,5,5,5,5,5,5,5,5
11XjArl7gChPvlxKeA_0APY5pJLeRv53_mZqZUCjAcE8,SELLO DE NO DISCRIMINACIÓN 1°C 2025 - (SELLO_012025),5,5,5,5,5,5,5,5,5,5,5,5,5
11XjArl7gChPvlxKeA_0APY5pJLeRv53_mZqZUCjAcE8,SELLO DE NO DISCRIMINACIÓN 1°C 2025 - (SELLO_012025),5,5,5,5,5,5,5,5,5,5,3,5,5
11XjArl7gChPvlxKeA_0APY5pJLeRv53_mZqZUCjAcE8,SELLO DE NO DISCRIMINACIÓN 1°C 2025 - (SELLO_012025),4,4,4,4,4,4,4,4,4,4,4,4,4
11XjArl7gChPvlxKeA_0APY5pJLeRv53_mZqZUCjAcE8,SELLO DE NO DISCRIMINACIÓN 1°C 2025 - (SELLO_012025),4,4,4,4,4,3,4,4,4,4,4,4,4
11XjArl7gChPvlxKeA_0APY5pJLeRv53_mZqZUCjAcE8,SELLO DE NO DISCRIMINACIÓN 1°C 2025 - (SELLO_012025),5,5,5,5,5,5,5,5,5,5,5,5,5
11XjArl7gChPvlxKeA_0APY5pJLeRv53_mZqZUCjAcE8,SELLO DE NO DISCRIMINACIÓN 1°C 2025 - (SELLO_012025),5,5,5,5,5,5,5,5,5,5,5,5,5
11XjArl7gChPvlxKeA_0APY5pJLeRv53_mZqZUCjAcE8,SELLO DE NO DISCRIMINACIÓN 1°C 2025 - (SELLO_012025),5,5,5,5,5,5,5,5,5,5,5,4,4
11XjArl7gChPvlxKeA_0APY5pJLeRv53_mZqZUCjAcE8,SELLO DE NO DISCRIMINACIÓN 1°C 2025 - (SELLO_012025),4,4,4,4,4,4,4,4,4,4,4,4,4
11XjArl7gChPvlxKeA_0APY5pJLeRv53_mZqZUCjAcE8,SELLO DE NO DISCRIMINACIÓN 1°C 2025 - (SELLO_012025),5,5,5,5,5,5,5,5,5,5,5,5,5
11XjArl7gChPvlxKeA_0APY5pJLeRv53_mZqZUCjAcE8,SELLO DE NO DISCRIMINACIÓN 1°C 2025 - (SELLO_012025),5,5,5,5,5,5,5,5,5,5,5,5,5
11XjArl7gChPvlxKeA_0APY5pJLeRv53_mZqZUCjAcE8,SELLO DE NO DISCRIMINACIÓN 1°C 2025 - (SELLO_012025),5,5,5,5,5,5,5,5,5,5,5,5,5
11XjArl7gChPvlxKeA_0APY5pJLeRv53_mZqZUCjAcE8,SELLO DE NO DISCRIMINACIÓN 1°C 2025 - (SELLO_012025),5,5,5,5,5,5,5,5,5,5,5,5,5
11XjArl7gChPvlxKeA_0APY5pJLeRv53_mZqZUCjAcE8,SELLO DE NO DISCRIMINACIÓN 1°C 2025 - (SELLO_012025),3,3,3,3,3,3,2,3,3,3,1,1,1
11XjArl7gChPvlxKeA_0APY5pJLeRv53_mZqZUCjAcE8,SELLO DE NO DISCRIMINACIÓN 1°C 2025 - (SELLO_012025),5,5,5,5,5,5,5,5,5,5,5,5,5
11XjArl7gChPvlxKeA_0APY5pJLeRv53_mZqZUCjAcE8,SELLO DE NO DISCRIMINACIÓN 1°C 2025 - (SELLO_012025),5,5,5,5,5,5,5,5,5,5,5,5,5
11XjArl7gChPvlxKeA_0APY5pJLeRv53_mZqZUCjAcE8,SELLO DE NO DISCRIMINACIÓN 1°C 2025 - (SELLO_012025),3,3,3,3,3,3,3,3,3,3,3,3,3
11XjArl7gChPvlxKeA_0APY5pJLeRv53_mZqZUCjAcE8,SELLO DE NO DISCRIMINACIÓN 1°C 2025 - (SELLO_012025),1,1,1,1,3,1,3,3,3,1,3,1,1
11XjArl7gChPvlxKeA_0APY5pJLeRv53_mZqZUCjAcE8,SELLO DE NO DISCRIMINACIÓN 1°C 2025 - (SELLO_012025),5,5,5,5,5,5,5,5,5,5,5,5,5
11XjArl7gChPvlxKeA_0APY5pJLeRv53_mZqZUCjAcE8,SELLO DE NO DISCRIMINACIÓN 1°C 2025 - (SELLO_012025),4,3,4,4,3,3,4,3,3,3,3,3,3
11XjArl7gChPvlxKeA_0APY5pJLeRv53_mZqZUCjAcE8,SELLO DE NO DISCRIMINACIÓN 1°C 2025 - (SELLO_012025),5,5,5,5,5,5,5,5,5,5,5,5,5
11XjArl7gChPvlxKeA_0APY5pJLeRv53_mZqZUCjAcE8,SELLO DE NO DISCRIMINACIÓN 1°C 2025 - (SELLO_012025),5,5,5,5,5,4,2,4,4,4,4,5,4
11XjArl7gChPvlxKeA_0APY5pJLeRv53_mZqZUCjAcE8,SELLO DE NO DISCRIMINACIÓN 1°C 2025 - (SELLO_012025),5,5,5,5,5,5,5,5,5,5,5,5,5
11XjArl7gChPvlxKeA_0APY5pJLeRv53_mZqZUCjAcE8,SELLO DE NO DISCRIMINACIÓN 1°C 2025 - (SELLO_012025),5,5,5,5,5,5,5,5,5,5,5,5,5
11XjArl7gChPvlxKeA_0APY5pJLeRv53_mZqZUCjAcE8,SELLO DE NO DISCRIMINACIÓN 1°C 2025 - (SELLO_012025),5,5,5,5,5,5,5,5,5,5,5,5,5
11XjArl7gChPvlxKeA_0APY5pJLeRv53_mZqZUCjAcE8,SELLO DE NO DISCRIMINACIÓN 1°C 2025 - (SELLO_012025),5,5,4,4,5,5,5,5,5,5,5,5,5
11XjArl7gChPvlxKeA_0APY5pJLeRv53_mZqZUCjAcE8,SELLO DE NO DISCRIMINACIÓN 1°C 2025 - (SELLO_012025),5,5,5,5,5,5,5,5,5,5,5,5,5
11XjArl7gChPvlxKeA_0APY5pJLeRv53_mZqZUCjAcE8,SELLO DE NO DISCRIMINACIÓN 1°C 2025 - (SELLO_012025),5,5,5,5,5,5,5,5,5,5,5,5,5
11XjArl7gChPvlxKeA_0APY5pJLeRv53_mZqZUCjAcE8,SELLO DE NO DISCRIMINACIÓN 1°C 2025 - (SELLO_012025),5,5,5,5,5,5,5,5,5,5,5,5,5
11XjArl7gChPvlxKeA_0APY5pJLeRv53_mZqZUCjAcE8,SELLO DE NO DISCRIMINACIÓN 1°C 2025 - (SELLO_012025),5,5,5,5,5,5,5,5,5,5,5,5,5
11XjArl7gChPvlxKeA_0APY5pJLeRv53_mZqZUCjAcE8,SELLO DE NO DISCRIMINACIÓN 1°C 2025 - (SELLO_012025),5,5,5,5,5,5,5,5,5,5,5,5,5
11XjArl7gChPvlxKeA_0APY5pJLeRv53_mZqZUCjAcE8,SELLO DE NO DISCRIMINACIÓN 1°C 2025 - (SELLO_012025),5,5,5,5,5,5,5,5,5,5,5,5,5
11XjArl7gChPvlxKeA_0APY5pJLeRv53_mZqZUCjAcE8,SELLO DE NO DISCRIMINACIÓN 1°C 2025 - (SELLO_012025),3,3,4,4,4,4,4,4,4,4,4,4,4
11XjArl7gChPvlxKeA_0APY5pJLeRv53_mZqZUCjAcE8,SELLO DE NO DISCRIMINACIÓN 1°C 2025 - (SELLO_012025),5,5,5,4,5,5,4,5,5,4,5,5,5
11XjArl7gChPvlxKeA_0APY5pJLeRv53_mZqZUCjAcE8,SELLO DE NO DISCRIMINACIÓN 1°C 2025 - (SELLO_012025),5,5,5,5,5,5,5,5,5,5,5,5,5
11XjArl7gChPvlxKeA_0APY5pJLeRv53_mZqZUCjAcE8,SELLO DE NO DISCRIMINACIÓN 1°C 2025 - (SELLO_012025),5,5,5,5,5,5,5,5,5,5,5,5,5
11XjArl7gChPvlxKeA_0APY5pJLeRv53_mZqZUCjAcE8,SELLO DE NO DISCRIMINACIÓN 1°C 2025 - (SELLO_012025),5,5,5,5,5,5,5,5,5,5,5,5,5
11XjArl7gChPvlxKeA_0APY5pJLeRv53_mZqZUCjAcE8,SELLO DE NO DISCRIMINACIÓN 1°C 2025 - (SELLO_012025),5,5,5,5,5,5,5,5,5,5,5,5,5
11XjArl7gChPvlxKeA_0APY5pJLeRv53_mZqZUCjAcE8,SELLO DE NO DISCRIMINACIÓN 1°C 2025 - (SELLO_012025),5,4,5,5,5,5,3,5,5,5,5,4,5
11XjArl7gChPvlxKeA_0APY5pJLeRv53_mZqZUCjAcE8,SELLO DE NO DISCRIMINACIÓN 1°C 2025 - (SELLO_012025),5,5,5,5,5,5,4,4,4,1,4,5,4
11XjArl7gChPvlxKeA_0APY5pJLeRv53_mZqZUCjAcE8,SELLO DE NO DISCRIMINACIÓN 1°C 2025 - (SELLO_012025),4,5,4,4,5,5,4,4,5,5,4,4,4
11XjArl7gChPvlxKeA_0APY5pJLeRv53_mZqZUCjAcE8,SELLO DE NO DISCRIMINACIÓN 1°C 2025 - (SELLO_012025),5,5,5,5,5,5,5,5,5,5,5,5,5
11XjArl7gChPvlxKeA_0APY5pJLeRv53_mZqZUCjAcE8,SELLO DE NO DISCRIMINACIÓN 1°C 2025 - (SELLO_012025),4,4,4,4,4,4,4,4,2,2,4,4,4
11XjArl7gChPvlxKeA_0APY5pJLeRv53_mZqZUCjAcE8,SELLO DE NO DISCRIMINACIÓN 1°C 2025 - (SELLO_012025),3,3,3,3,3,3,3,3,3,3,3,3,3
11XjArl7gChPvlxKeA_0APY5pJLeRv53_mZqZUCjAcE8,SELLO DE NO DISCRIMINACIÓN 1°C 2025 - (SELLO_012025),5,5,4,5,4,3,4,4,5,5,5,4,4
11XjArl7gChPvlxKeA_0APY5pJLeRv53_mZqZUCjAcE8,SELLO DE NO DISCRIMINACIÓN 1°C 2025 - (SELLO_012025),5,5,5,5,5,5,5,5,5,5,5,5,5
11XjArl7gChPvlxKeA_0APY5pJLeRv53_mZqZUCjAcE8,SELLO DE NO DISCRIMINACIÓN 1°C 2025 - (SELLO_012025),5,5,5,5,5,5,5,5,5,5,5,5,5
11XjArl7gChPvlxKeA_0APY5pJLeRv53_mZqZUCjAcE8,SELLO DE NO DISCRIMINACIÓN 1°C 2025 - (SELLO_012025),5,5,5,5,5,5,5,5,5,5,5,5,5
11XjArl7gChPvlxKeA_0APY5pJLeRv53_mZqZUCjAcE8,SELLO DE NO DISCRIMINACIÓN 1°C 2025 - (SELLO_012025),5,5,5,5,5,5,5,5,5,5,5,5,5
11XjArl7gChPvlxKeA_0APY5pJLeRv53_mZqZUCjAcE8,SELLO DE NO DISCRIMINACIÓN 1°C 2025 - (SELLO_012025),1,1,1,1,1,1,1,1,1,1,3,3,3
11XjArl7gChPvlxKeA_0APY5pJLeRv53_mZqZUCjAcE8,SELLO DE NO DISCRIMINACIÓN 1°C 2025 - (SELLO_012025),1,1,2,3,5,5,1,5,1,5,5,5,3
11XjArl7gChPvlxKeA_0APY5pJLeRv53_mZqZUCjAcE8,SELLO DE NO DISCRIMINACIÓN 1°C 2025 - (SELLO_012025),3,4,4,3,4,4,3,3,3,2,3,3,3
11XjArl7gChPvlxKeA_0APY5pJLeRv53_mZqZUCjAcE8,SELLO DE NO DISCRIMINACIÓN 1°C 2025 - (SELLO_012025),5,5,5,5,5,5,5,5,5,5,5,5,5
11XjArl7gChPvlxKeA_0APY5pJLeRv53_mZqZUCjAcE8,SELLO DE NO DISCRIMINACIÓN 1°C 2025 - (SELLO_012025),5,5,5,5,5,5,5,5,5,5,5,5,5
11XjArl7gChPvlxKeA_0APY5pJLeRv53_mZqZUCjAcE8,SELLO DE NO DISCRIMINACIÓN 1°C 2025 - (SELLO_012025),4,4,5,5,4,5,5,4,5,5,5,4,5
11XjArl7gChPvlxKeA_0APY5pJLeRv53_mZqZUCjAcE8,SELLO DE NO DISCRIMINACIÓN 1°C 2025 - (SELLO_012025),5,5,5,5,5,5,5,5,5,5,5,5,5
11XjArl7gChPvlxKeA_0APY5pJLeRv53_mZqZUCjAcE8,SELLO DE NO DISCRIMINACIÓN 1°C 2025 - (SELLO_012025),5,5,5,5,5,5,5,5,5,5,5,5,5
11XjArl7gChPvlxKeA_0APY5pJLeRv53_mZqZUCjAcE8,SELLO DE NO DISCRIMINACIÓN 1°C 2025 - (SELLO_012025),5,5,5,5,5,5,5,5,5,5,5,5,5
11XjArl7gChPvlxKeA_0APY5pJLeRv53_mZqZUCjAcE8,SELLO DE NO DISCRIMINACIÓN 1°C 2025 - (SELLO_012025),5,5,5,5,5,5,5,5,5,5,5,5,5
11XjArl7gChPvlxKeA_0APY5pJLeRv53_mZqZUCjAcE8,SELLO DE NO DISCRIMINACIÓN 1°C 2025 - (SELLO_012025),1,1,1,2,2,1,1,1,1,1,1,1,1
11XjArl7gChPvlxKeA_0APY5pJLeRv53_mZqZUCjAcE8,SELLO DE NO DISCRIMINACIÓN 1°C 2025 - (SELLO_012025),4,4,4,4,4,4,4,4,4,4,4,4,4
11XjArl7gChPvlxKeA_0APY5pJLeRv53_mZqZUCjAcE8,SELLO DE NO DISCRIMINACIÓN 1°C 2025 - (SELLO_012025),5,5,5,5,5,5,5,5,5,5,5,5,5
11XjArl7gChPvlxKeA_0APY5pJLeRv53_mZqZUCjAcE8,SELLO DE NO DISCRIMINACIÓN 1°C 2025 - (SELLO_012025),4,4,4,4,4,2,4,4,4,4,4,4,2
11XjArl7gChPvlxKeA_0APY5pJLeRv53_mZqZUCjAcE8,SELLO DE NO DISCRIMINACIÓN 1°C 2025 - (SELLO_012025),4,4,4,4,4,4,4,4,4,4,4,4,4
11XjArl7gChPvlxKeA_0APY5pJLeRv53_mZqZUCjAcE8,SELLO DE NO DISCRIMINACIÓN 1°C 2025 - (SELLO_012025),5,5,5,5,5,5,5,3,3,3,5,5,5
11XjArl7gChPvlxKeA_0APY5pJLeRv53_mZqZUCjAcE8,SELLO DE NO DISCRIMINACIÓN 1°C 2025 - (SELLO_012025),4,4,4,4,4,4,4,4,4,4,4,4,4
11XjArl7gChPvlxKeA_0APY5pJLeRv53_mZqZUCjAcE8,SELLO DE NO DISCRIMINACIÓN 1°C 2025 - (SELLO_012025),5,5,5,5,5,5,5,5,5,5,5,5,5
11XjArl7gChPvlxKeA_0APY5pJLeRv53_mZqZUCjAcE8,SELLO DE NO DISCRIMINACIÓN 1°C 2025 - (SELLO_012025),5,5,5,5,5,5,5,5,5,5,5,5,5
11XjArl7gChPvlxKeA_0APY5pJLeRv53_mZqZUCjAcE8,SELLO DE NO DISCRIMINACIÓN 1°C 2025 - (SELLO_012025),1,1,1,1,1,1,1,1,1,1,1,1,1
11XjArl7gChPvlxKeA_0APY5pJLeRv53_mZqZUCjAcE8,SELLO DE NO DISCRIMINACIÓN 1°C 2025 - (SELLO_012025),5,5,5,5,5,5,5,5,5,5,5,5,5
11XjArl7gChPvlxKeA_0APY5pJLeRv53_mZqZUCjAcE8,SELLO DE NO DISCRIMINACIÓN 1°C 2025 - (SELLO_012025),5,5,5,5,5,5,5,5,5,5,5,5,5
11XjArl7gChPvlxKeA_0APY5pJLeRv53_mZqZUCjAcE8,SELLO DE NO DISCRIMINACIÓN 1°C 2025 - (SELLO_012025),5,5,5,5,5,5,5,5,5,5,5,5,5
11XjArl7gChPvlxKeA_0APY5pJLeRv53_mZqZUCjAcE8,SELLO DE NO DISCRIMINACIÓN 1°C 2025 - (SELLO_012025),4,4,4,4,4,4,4,4,4,4,4,4,4
11XjArl7gChPvlxKeA_0APY5pJLeRv53_mZqZUCjAcE8,SELLO DE NO DISCRIMINACIÓN 1°C 2025 - (SELLO_012025),5,5,5,5,5,5,5,5,5,5,5,5,5
11XjArl7gChPvlxKeA_0APY5pJLeRv53_mZqZUCjAcE8,SELLO DE NO DISCRIMINACIÓN 1°C 2025 - (SELLO_012025),4,4,4,3,4,4,4,4,4,4,4,4,4
11XjArl7gChPvlxKeA_0APY5pJLeRv53_mZqZUCjAcE8,SELLO DE NO DISCRIMINACIÓN 1°C 2025 - (SELLO_012025),5,5,5,5,5,5,5,5,5,5,5,5,5
11XjArl7gChPvlxKeA_0APY5pJLeRv53_mZqZUCjAcE8,SELLO DE NO DISCRIMINACIÓN 1°C 2025 - (SELLO_012025),5,5,5,5,5,5,5,5,5,5,5,5,5
11XjArl7gChPvlxKeA_0APY5pJLeRv53_mZqZUCjAcE8,SELLO DE NO DISCRIMINACIÓN 1°C 2025 - (SELLO_012025),4,4,4,3,4,3,4,3,1,3,3,5,4
11XjArl7gChPvlxKeA_0APY5pJLeRv53_mZqZUCjAcE8,SELLO DE NO DISCRIMINACIÓN 1°C 2025 - (SELLO_012025),5,5,5,5,5,5,5,5,5,5,5,5,5
11XjArl7gChPvlxKeA_0APY5pJLeRv53_mZqZUCjAcE8,SELLO DE NO DISCRIMINACIÓN 1°C 2025 - (SELLO_012025),4,4,4,4,4,4,4,4,4,4,4,4,4
11XjArl7gChPvlxKeA_0APY5pJLeRv53_mZqZUCjAcE8,SELLO DE NO DISCRIMINACIÓN 1°C 2025 - (SELLO_012025),5,5,5,5,5,5,5,5,5,5,5,5,5
11XjArl7gChPvlxKeA_0APY5pJLeRv53_mZqZUCjAcE8,SELLO DE NO DISCRIMINACIÓN 1°C 2025 - (SELLO_012025),5,5,5,5,5,5,5,5,5,5,5,5,5
11XjArl7gChPvlxKeA_0APY5pJLeRv53_mZqZUCjAcE8,SELLO DE NO DISCRIMINACIÓN 1°C 2025 - (SELLO_012025),3,3,3,3,3,3,3,3,3,3,3,3,3
11XjArl7gChPvlxKeA_0APY5pJLeRv53_mZqZUCjAcE8,SELLO DE NO DISCRIMINACIÓN 1°C 2025 - (SELLO_012025),4,4,4,4,4,4,4,4,4,4,4,4,4
11XjArl7gChPvlxKeA_0APY5pJLeRv53_mZqZUCjAcE8,SELLO DE NO DISCRIMINACIÓN 1°C 2025 - (SELLO_012025),4,4,4,4,4,5,4,4,4,4,4,4,4
11XjArl7gChPvlxKeA_0APY5pJLeRv53_mZqZUCjAcE8,SELLO DE NO DISCRIMINACIÓN 1°C 2025 - (SELLO_012025),5,5,5,5,5,5,5,5,5,4,4,5,5
11XjArl7gChPvlxKeA_0APY5pJLeRv53_mZqZUCjAcE8,SELLO DE NO DISCRIMINACIÓN 1°C 2025 - (SELLO_012025),5,5,5,5,5,5,5,5,5,5,5,5,5
11XjArl7gChPvlxKeA_0APY5pJLeRv53_mZqZUCjAcE8,SELLO DE NO DISCRIMINACIÓN 1°C 2025 - (SELLO_012025),4,4,4,4,4,4,4,4,4,3,4,4,4
11XjArl7gChPvlxKeA_0APY5pJLeRv53_mZqZUCjAcE8,SELLO DE NO DISCRIMINACIÓN 1°C 2025 - (SELLO_012025),4,4,4,4,4,4,4,4,4,4,4,4,4
11XjArl7gChPvlxKeA_0APY5pJLeRv53_mZqZUCjAcE8,SELLO DE NO DISCRIMINACIÓN 1°C 2025 - (SELLO_012025),4,4,4,3,4,4,4,5,5,5,5,5,5
11XjArl7gChPvlxKeA_0APY5pJLeRv53_mZqZUCjAcE8,SELLO DE NO DISCRIMINACIÓN 1°C 2025 - (SELLO_012025),5,5,5,4,5,5,4,4,4,4,4,4,5
11XjArl7gChPvlxKeA_0APY5pJLeRv53_mZqZUCjAcE8,SELLO DE NO DISCRIMINACIÓN 1°C 2025 - (SELLO_012025),4,4,4,4,4,4,4,4,4,4,4,4,4
11XjArl7gChPvlxKeA_0APY5pJLeRv53_mZqZUCjAcE8,SELLO DE NO DISCRIMINACIÓN 1°C 2025 - (SELLO_012025),4,5,4,4,5,5,5,5,4,4,4,4,4
11XjArl7gChPvlxKeA_0APY5pJLeRv53_mZqZUCjAcE8,SELLO DE NO DISCRIMINACIÓN 1°C 2025 - (SELLO_012025),5,5,5,5,5,5,5,5,5,5,5,5,5
11XjArl7gChPvlxKeA_0APY5pJLeRv53_mZqZUCjAcE8,SELLO DE NO DISCRIMINACIÓN 1°C 2025 - (SELLO_012025),4,4,4,4,4,4,4,4,4,4,4,4,4
11XjArl7gChPvlxKeA_0APY5pJLeRv53_mZqZUCjAcE8,SELLO DE NO DISCRIMINACIÓN 1°C 2025 - (SELLO_012025),5,5,5,5,5,5,5,5,5,5,5,5,5
11XjArl7gChPvlxKeA_0APY5pJLeRv53_mZqZUCjAcE8,SELLO DE NO DISCRIMINACIÓN 1°C 2025 - (SELLO_012025),4,4,4,4,4,4,4,4,4,4,4,4,4
11XjArl7gChPvlxKeA_0APY5pJLeRv53_mZqZUCjAcE8,SELLO DE NO DISCRIMINACIÓN 1°C 2025 - (SELLO_012025),4,4,3,3,4,3,4,3,3,3,4,4,3
11XjArl7gChPvlxKeA_0APY5pJLeRv53_mZqZUCjAcE8,SELLO DE NO DISCRIMINACIÓN 1°C 2025 - (SELLO_012025),4,4,4,5,5,4,4,4,5,5,5,4,4
11XjArl7gChPvlxKeA_0APY5pJLeRv53_mZqZUCjAcE8,SELLO DE NO DISCRIMINACIÓN 1°C 2025 - (SELLO_012025),5,5,5,5,5,5,5,5,5,5,5,5,5
11XjArl7gChPvlxKeA_0APY5pJLeRv53_mZqZUCjAcE8,SELLO DE NO DISCRIMINACIÓN 1°C 2025 - (SELLO_012025),5,5,5,5,5,5,5,5,5,5,5,5,5
11XjArl7gChPvlxKeA_0APY5pJLeRv53_mZqZUCjAcE8,SELLO DE NO DISCRIMINACIÓN 1°C 2025 - (SELLO_012025),4,4,4,4,4,4,4,4,4,4,3,4,3
11XjArl7gChPvlxKeA_0APY5pJLeRv53_mZqZUCjAcE8,SELLO DE NO DISCRIMINACIÓN 1°C 2025 - (SELLO_012025),5,5,5,5,5,5,5,5,5,5,5,5,5
11XjArl7gChPvlxKeA_0APY5pJLeRv53_mZqZUCjAcE8,SELLO DE NO DISCRIMINACIÓN 1°C 2025 - (SELLO_012025),5,5,4,5,5,5,5,5,4,5,5,5,5
11XjArl7gChPvlxKeA_0APY5pJLeRv53_mZqZUCjAcE8,SELLO DE NO DISCRIMINACIÓN 1°C 2025 - (SELLO_012025),4,4,4,4,4,4,4,4,4,4,4,4,4
11XjArl7gChPvlxKeA_0APY5pJLeRv53_mZqZUCjAcE8,SELLO DE NO DISCRIMINACIÓN 1°C 2025 - (SELLO_012025),5,5,5,5,5,5,5,5,5,5,5,5,5
11XjArl7gChPvlxKeA_0APY5pJLeRv53_mZqZUCjAcE8,SELLO DE NO DISCRIMINACIÓN 1°C 2025 - (SELLO_012025),4,4,4,4,4,4,4,4,4,4,4,4,4
11XjArl7gChPvlxKeA_0APY5pJLeRv53_mZqZUCjAcE8,SELLO DE NO DISCRIMINACIÓN 1°C 2025 - (SELLO_012025),5,4,5,3,5,3,4,5,3,3,5,5,4
11XjArl7gChPvlxKeA_0APY5pJLeRv53_mZqZUCjAcE8,SELLO DE NO DISCRIMINACIÓN 1°C 2025 - (SELLO_012025),5,5,5,5,5,5,5,5,5,5,5,5,5
11XjArl7gChPvlxKeA_0APY5pJLeRv53_mZqZUCjAcE8,SELLO DE NO DISCRIMINACIÓN 1°C 2025 - (SELLO_012025),4,4,4,4,4,4,4,4,3,3,3,3,4
11XjArl7gChPvlxKeA_0APY5pJLeRv53_mZqZUCjAcE8,SELLO DE NO DISCRIMINACIÓN 1°C 2025 - (SELLO_012025),4,3,4,4,4,4,4,4,1,1,4,4,3
11XjArl7gChPvlxKeA_0APY5pJLeRv53_mZqZUCjAcE8,SELLO DE NO DISCRIMINACIÓN 1°C 2025 - (SELLO_012025),4,4,4,4,4,4,4,4,4,4,4,4,4
11XjArl7gChPvlxKeA_0APY5pJLeRv53_mZqZUCjAcE8,SELLO DE NO DISCRIMINACIÓN 1°C 2025 - (SELLO_012025),4,4,4,4,4,4,4,4,4,4,4,4,4
11XjArl7gChPvlxKeA_0APY5pJLeRv53_mZqZUCjAcE8,SELLO DE NO DISCRIMINACIÓN 1°C 2025 - (SELLO_012025),5,5,5,5,5,5,5,5,5,5,5,5,5
11XjArl7gChPvlxKeA_0APY5pJLeRv53_mZqZUCjAcE8,SELLO DE NO DISCRIMINACIÓN 1°C 2025 - (SELLO_012025),5,5,5,5,5,5,5,5,5,5,5,5,5
11XjArl7gChPvlxKeA_0APY5pJLeRv53_mZqZUCjAcE8,SELLO DE NO DISCRIMINACIÓN 1°C 2025 - (SELLO_012025),5,5,5,5,5,5,5,5,5,5,5,5,5
11XjArl7gChPvlxKeA_0APY5pJLeRv53_mZqZUCjAcE8,SELLO DE NO DISCRIMINACIÓN 1°C 2025 - (SELLO_012025),3,4,4,4,5,5,3,4,4,1,4,4,3
11XjArl7gChPvlxKeA_0APY5pJLeRv53_mZqZUCjAcE8,SELLO DE NO DISCRIMINACIÓN 1°C 2025 - (SELLO_012025),5,5,5,5,5,5,5,5,4,5,4,4,5
11XjArl7gChPvlxKeA_0APY5pJLeRv53_mZqZUCjAcE8,SELLO DE NO DISCRIMINACIÓN 1°C 2025 - (SELLO_012025),4,4,4,4,4,4,4,4,4,4,4,3,4
11XjArl7gChPvlxKeA_0APY5pJLeRv53_mZqZUCjAcE8,SELLO DE NO DISCRIMINACIÓN 1°C 2025 - (SELLO_012025),5,5,5,5,5,5,5,5,5,5,5,5,5
11XjArl7gChPvlxKeA_0APY5pJLeRv53_mZqZUCjAcE8,SELLO DE NO DISCRIMINACIÓN 1°C 2025 - (SELLO_012025),4,5,5,5,5,5,5,5,5,5,5,5,5
11XjArl7gChPvlxKeA_0APY5pJLeRv53_mZqZUCjAcE8,SELLO DE NO DISCRIMINACIÓN 1°C 2025 - (SELLO_012025),5,5,5,5,5,5,5,5,5,5,5,5,5
11XjArl7gChPvlxKeA_0APY5pJLeRv53_mZqZUCjAcE8,SELLO DE NO DISCRIMINACIÓN 1°C 2025 - (SELLO_012025),5,4,4,5,4,5,5,5,5,3,5,5,5
11XjArl7gChPvlxKeA_0APY5pJLeRv53_mZqZUCjAcE8,SELLO DE NO DISCRIMINACIÓN 1°C 2025 - (SELLO_012025),3,3,4,3,4,3,4,3,3,3,3,4,3
11XjArl7gChPvlxKeA_0APY5pJLeRv53_mZqZUCjAcE8,SELLO DE NO DISCRIMINACIÓN 1°C 2025 - (SELLO_012025),5,5,5,5,5,5,5,5,5,5,5,5,5
11XjArl7gChPvlxKeA_0APY5pJLeRv53_mZqZUCjAcE8,SELLO DE NO DISCRIMINACIÓN 1°C 2025 - (SELLO_012025),5,5,5,5,5,5,5,4,2,3,5,4,5
11XjArl7gChPvlxKeA_0APY5pJLeRv53_mZqZUCjAcE8,SELLO DE NO DISCRIMINACIÓN 1°C 2025 - (SELLO_012025),4,4,4,4,4,4,4,4,4,4,5,5,5
11XjArl7gChPvlxKeA_0APY5pJLeRv53_mZqZUCjAcE8,SELLO DE NO DISCRIMINACIÓN 1°C 2025 - (SELLO_012025),4,4,4,4,5,4,4,4,4,4,4,4,4
11XjArl7gChPvlxKeA_0APY5pJLeRv53_mZqZUCjAcE8,SELLO DE NO DISCRIMINACIÓN 1°C 2025 - (SELLO_012025),4,4,4,4,5,5,3,4,4,4,4,4,4
11XjArl7gChPvlxKeA_0APY5pJLeRv53_mZqZUCjAcE8,SELLO DE NO DISCRIMINACIÓN 1°C 2025 - (SELLO_012025),5,5,5,5,5,5,5,5,5,5,5,5,5
11XjArl7gChPvlxKeA_0APY5pJLeRv53_mZqZUCjAcE8,SELLO DE NO DISCRIMINACIÓN 1°C 2025 - (SELLO_012025),5,5,5,5,5,5,5,5,5,5,5,5,5
11XjArl7gChPvlxKeA_0APY5pJLeRv53_mZqZUCjAcE8,SELLO DE NO DISCRIMINACIÓN 1°C 2025 - (SELLO_012025),5,5,5,4,5,5,5,5,5,5,5,5,5
11XjArl7gChPvlxKeA_0APY5pJLeRv53_mZqZUCjAcE8,SELLO DE NO DISCRIMINACIÓN 1°C 2025 - (SELLO_012025),5,5,5,5,5,5,5,5,5,5,5,5,5
11XjArl7gChPvlxKeA_0APY5pJLeRv53_mZqZUCjAcE8,SELLO DE NO DISCRIMINACIÓN 1°C 2025 - (SELLO_012025),5,5,4,5,4,5,4,4,4,3,4,4,4
11XjArl7gChPvlxKeA_0APY5pJLeRv53_mZqZUCjAcE8,SELLO DE NO DISCRIMINACIÓN 1°C 2025 - (SELLO_012025),5,5,5,5,5,5,5,5,5,5,5,5,5
11XjArl7gChPvlxKeA_0APY5pJLeRv53_mZqZUCjAcE8,SELLO DE NO DISCRIMINACIÓN 1°C 2025 - (SELLO_012025),5,5,5,5,5,5,4,4,4,4,3,4,4
11XjArl7gChPvlxKeA_0APY5pJLeRv53_mZqZUCjAcE8,SELLO DE NO DISCRIMINACIÓN 1°C 2025 - (SELLO_012025),3,4,4,5,4,4,2,4,4,2,5,4,4
11XjArl7gChPvlxKeA_0APY5pJLeRv53_mZqZUCjAcE8,SELLO DE NO DISCRIMINACIÓN 1°C 2025 - (SELLO_012025),5,5,5,5,5,5,5,5,5,5,5,5,5
11XjArl7gChPvlxKeA_0APY5pJLeRv53_mZqZUCjAcE8,SELLO DE NO DISCRIMINACIÓN 1°C 2025 - (SELLO_012025),5,5,5,5,5,5,5,5,5,5,5,5,5
11XjArl7gChPvlxKeA_0APY5pJLeRv53_mZqZUCjAcE8,SELLO DE NO DISCRIMINACIÓN 1°C 2025 - (SELLO_012025),5,5,4,5,5,5,4,5,4,4,4,4,5
11XjArl7gChPvlxKeA_0APY5pJLeRv53_mZqZUCjAcE8,SELLO DE NO DISCRIMINACIÓN 1°C 2025 - (SELLO_012025),5,5,5,4,4,4,5,4,4,4,5,5,5
11XjArl7gChPvlxKeA_0APY5pJLeRv53_mZqZUCjAcE8,SELLO DE NO DISCRIMINACIÓN 1°C 2025 - (SELLO_012025),5,5,5,5,5,5,5,5,5,5,5,5,5
11XjArl7gChPvlxKeA_0APY5pJLeRv53_mZqZUCjAcE8,SELLO DE NO DISCRIMINACIÓN 1°C 2025 - (SELLO_012025),5,5,5,5,5,5,5,5,5,5,5,5,5
11XjArl7gChPvlxKeA_0APY5pJLeRv53_mZqZUCjAcE8,SELLO DE NO DISCRIMINACIÓN 1°C 2025 - (SELLO_012025),5,5,5,5,5,5,5,5,5,5,5,5,5
11XjArl7gChPvlxKeA_0APY5pJLeRv53_mZqZUCjAcE8,SELLO DE NO DISCRIMINACIÓN 1°C 2025 - (SELLO_012025),5,5,5,5,5,5,5,5,5,5,5,5,5
11XjArl7gChPvlxKeA_0APY5pJLeRv53_mZqZUCjAcE8,SELLO DE NO DISCRIMINACIÓN 1°C 2025 - (SELLO_012025),4,4,4,3,4,4,4,4,4,3,3,4,3
11XjArl7gChPvlxKeA_0APY5pJLeRv53_mZqZUCjAcE8,SELLO DE NO DISCRIMINACIÓN 1°C 2025 - (SELLO_012025),4,4,4,4,4,4,4,4,4,4,4,4,4
11XjArl7gChPvlxKeA_0APY5pJLeRv53_mZqZUCjAcE8,SELLO DE NO DISCRIMINACIÓN 1°C 2025 - (SELLO_012025),5,5,5,5,5,5,5,5,5,5,5,5,5
11XjArl7gChPvlxKeA_0APY5pJLeRv53_mZqZUCjAcE8,SELLO DE NO DISCRIMINACIÓN 1°C 2025 - (SELLO_012025),5,5,5,5,5,5,5,5,5,5,5,5,5
11XjArl7gChPvlxKeA_0APY5pJLeRv53_mZqZUCjAcE8,SELLO DE NO DISCRIMINACIÓN 1°C 2025 - (SELLO_012025),5,5,5,5,5,5,4,4,5,5,5,5,5
11XjArl7gChPvlxKeA_0APY5pJLeRv53_mZqZUCjAcE8,SELLO DE NO DISCRIMINACIÓN 1°C 2025 - (SELLO_012025),5,5,5,5,5,5,5,4,5,4,5,5,5
11XjArl7gChPvlxKeA_0APY5pJLeRv53_mZqZUCjAcE8,SELLO DE NO DISCRIMINACIÓN 1°C 2025 - (SELLO_012025),5,5,5,5,5,5,5,5,5,5,5,5,5
11XjArl7gChPvlxKeA_0APY5pJLeRv53_mZqZUCjAcE8,SELLO DE NO DISCRIMINACIÓN 1°C 2025 - (SELLO_012025),3,4,2,2,2,3,3,3,1,1,2,2,1
11XjArl7gChPvlxKeA_0APY5pJLeRv53_mZqZUCjAcE8,SELLO DE NO DISCRIMINACIÓN 1°C 2025 - (SELLO_012025),5,5,5,5,5,4,4,5,4,5,5,5,5
11XjArl7gChPvlxKeA_0APY5pJLeRv53_mZqZUCjAcE8,SELLO DE NO DISCRIMINACIÓN 1°C 2025 - (SELLO_012025),4,4,4,3,4,4,4,4,4,3,4,4,4
11XjArl7gChPvlxKeA_0APY5pJLeRv53_mZqZUCjAcE8,SELLO DE NO DISCRIMINACIÓN 1°C 2025 - (SELLO_012025),5,5,5,5,5,5,5,5,5,5,5,5,5
11XjArl7gChPvlxKeA_0APY5pJLeRv53_mZqZUCjAcE8,SELLO DE NO DISCRIMINACIÓN 1°C 2025 - (SELLO_012025),5,5,5,5,5,5,5,5,5,5,5,5,5
11XjArl7gChPvlxKeA_0APY5pJLeRv53_mZqZUCjAcE8,SELLO DE NO DISCRIMINACIÓN 1°C 2025 - (SELLO_012025),5,5,5,5,5,5,4,5,4,5,5,4,5
11XjArl7gChPvlxKeA_0APY5pJLeRv53_mZqZUCjAcE8,SELLO DE NO DISCRIMINACIÓN 1°C 2025 - (SELLO_012025),5,5,5,5,5,5,5,5,5,5,5,5,5
11XjArl7gChPvlxKeA_0APY5pJLeRv53_mZqZUCjAcE8,SELLO DE NO DISCRIMINACIÓN 1°C 2025 - (SELLO_012025),4,5,4,3,5,5,4,3,1,4,4,5,5
11XjArl7gChPvlxKeA_0APY5pJLeRv53_mZqZUCjAcE8,SELLO DE NO DISCRIMINACIÓN 1°C 2025 - (SELLO_012025),5,5,5,5,5,5,5,5,5,5,5,5,5
11XjArl7gChPvlxKeA_0APY5pJLeRv53_mZqZUCjAcE8,SELLO DE NO DISCRIMINACIÓN 1°C 2025 - (SELLO_012025),5,5,5,5,5,5,5,5,5,5,5,5,5
11XjArl7gChPvlxKeA_0APY5pJLeRv53_mZqZUCjAcE8,SELLO DE NO DISCRIMINACIÓN 1°C 2025 - (SELLO_012025),5,5,5,5,5,5,5,5,5,5,5,5,4
11XjArl7gChPvlxKeA_0APY5pJLeRv53_mZqZUCjAcE8,SELLO DE NO DISCRIMINACIÓN 1°C 2025 - (SELLO_012025),5,5,5,5,5,5,5,5,5,5,5,5,5
11XjArl7gChPvlxKeA_0APY5pJLeRv53_mZqZUCjAcE8,SELLO DE NO DISCRIMINACIÓN 1°C 2025 - (SELLO_012025),5,5,5,5,5,5,5,5,5,5,5,5,5
11XjArl7gChPvlxKeA_0APY5pJLeRv53_mZqZUCjAcE8,SELLO DE NO DISCRIMINACIÓN 1°C 2025 - (SELLO_012025),4,5,4,4,4,5,4,4,4,4,4,5,4
11XjArl7gChPvlxKeA_0APY5pJLeRv53_mZqZUCjAcE8,SELLO DE NO DISCRIMINACIÓN 1°C 2025 - (SELLO_012025),5,5,5,5,5,5,5,5,5,5,5,5,5
11XjArl7gChPvlxKeA_0APY5pJLeRv53_mZqZUCjAcE8,SELLO DE NO DISCRIMINACIÓN 1°C 2025 - (SELLO_012025),5,5,5,5,5,5,5,5,5,5,5,5,5
11XjArl7gChPvlxKeA_0APY5pJLeRv53_mZqZUCjAcE8,SELLO DE NO DISCRIMINACIÓN 1°C 2025 - (SELLO_012025),5,5,5,5,5,5,5,5,5,5,5,5,5
11XjArl7gChPvlxKeA_0APY5pJLeRv53_mZqZUCjAcE8,SELLO DE NO DISCRIMINACIÓN 1°C 2025 - (SELLO_012025),5,5,5,5,5,5,5,5,5,5,5,5,5
11XjArl7gChPvlxKeA_0APY5pJLeRv53_mZqZUCjAcE8,SELLO DE NO DISCRIMINACIÓN 1°C 2025 - (SELLO_012025),5,5,4,4,5,4,5,5,4,4,4,5,5
11XjArl7gChPvlxKeA_0APY5pJLeRv53_mZqZUCjAcE8,SELLO DE NO DISCRIMINACIÓN 1°C 2025 - (SELLO_012025),5,5,5,5,5,5,5,5,5,5,5,5,5
11XjArl7gChPvlxKeA_0APY5pJLeRv53_mZqZUCjAcE8,SELLO DE NO DISCRIMINACIÓN 1°C 2025 - (SELLO_012025),5,4,4,5,4,4,5,4,5,5,5,4,5
11XjArl7gChPvlxKeA_0APY5pJLeRv53_mZqZUCjAcE8,SELLO DE NO DISCRIMINACIÓN 1°C 2025 - (SELLO_012025),5,5,5,5,5,5,5,5,5,5,5,5,5
11XjArl7gChPvlxKeA_0APY5pJLeRv53_mZqZUCjAcE8,SELLO DE NO DISCRIMINACIÓN 1°C 2025 - (SELLO_012025),5,5,5,5,5,5,5,5,5,5,5,5,5
11XjArl7gChPvlxKeA_0APY5pJLeRv53_mZqZUCjAcE8,SELLO DE NO DISCRIMINACIÓN 1°C 2025 - (SELLO_012025),5,5,5,5,5,5,5,5,5,5,5,5,5
11XjArl7gChPvlxKeA_0APY5pJLeRv53_mZqZUCjAcE8,SELLO DE NO DISCRIMINACIÓN 1°C 2025 - (SELLO_012025),5,5,5,5,5,5,5,5,5,5,5,5,5
11XjArl7gChPvlxKeA_0APY5pJLeRv53_mZqZUCjAcE8,SELLO DE NO DISCRIMINACIÓN 1°C 2025 - (SELLO_012025),4,4,5,5,5,5,5,5,3,3,5,5,4
11XjArl7gChPvlxKeA_0APY5pJLeRv53_mZqZUCjAcE8,SELLO DE NO DISCRIMINACIÓN 1°C 2025 - (SELLO_012025),1,1,1,1,1,1,1,1,1,1,1,1,1
11XjArl7gChPvlxKeA_0APY5pJLeRv53_mZqZUCjAcE8,SELLO DE NO DISCRIMINACIÓN 1°C 2025 - (SELLO_012025),5,5,5,5,5,5,5,5,5,5,5,5,5
11XjArl7gChPvlxKeA_0APY5pJLeRv53_mZqZUCjAcE8,SELLO DE NO DISCRIMINACIÓN 1°C 2025 - (SELLO_012025),5,5,5,4,5,5,4,5,5,5,5,4,5
11XjArl7gChPvlxKeA_0APY5pJLeRv53_mZqZUCjAcE8,SELLO DE NO DISCRIMINACIÓN 1°C 2025 - (SELLO_012025),5,5,5,5,4,4,5,4,5,5,5,5,5
11XjArl7gChPvlxKeA_0APY5pJLeRv53_mZqZUCjAcE8,SELLO DE NO DISCRIMINACIÓN 1°C 2025 - (SELLO_012025),5,4,4,4,4,4,4,4,4,4,4,4,4
11XjArl7gChPvlxKeA_0APY5pJLeRv53_mZqZUCjAcE8,SELLO DE NO DISCRIMINACIÓN 1°C 2025 - (SELLO_012025),2,2,3,3,4,5,5,4,4,3,3,4,4
11XjArl7gChPvlxKeA_0APY5pJLeRv53_mZqZUCjAcE8,SELLO DE NO DISCRIMINACIÓN 1°C 2025 - (SELLO_012025),5,5,5,5,5,4,5,5,5,5,5,5,5
11XjArl7gChPvlxKeA_0APY5pJLeRv53_mZqZUCjAcE8,SELLO DE NO DISCRIMINACIÓN 1°C 2025 - (SELLO_012025),5,5,5,5,5,5,5,5,5,5,5,5,5
11XjArl7gChPvlxKeA_0APY5pJLeRv53_mZqZUCjAcE8,SELLO DE NO DISCRIMINACIÓN 1°C 2025 - (SELLO_012025),5,5,5,5,5,5,5,5,5,3,5,5,5
11XjArl7gChPvlxKeA_0APY5pJLeRv53_mZqZUCjAcE8,SELLO DE NO DISCRIMINACIÓN 1°C 2025 - (SELLO_012025),5,5,5,5,5,5,5,5,5,5,5,5,5
11XjArl7gChPvlxKeA_0APY5pJLeRv53_mZqZUCjAcE8,SELLO DE NO DISCRIMINACIÓN 1°C 2025 - (SELLO_012025),5,5,5,5,5,5,5,5,5,5,5,5,5
11XjArl7gChPvlxKeA_0APY5pJLeRv53_mZqZUCjAcE8,SELLO DE NO DISCRIMINACIÓN 1°C 2025 - (SELLO_012025),5,5,5,5,5,5,5,5,5,5,5,5,5
11XjArl7gChPvlxKeA_0APY5pJLeRv53_mZqZUCjAcE8,SELLO DE NO DISCRIMINACIÓN 1°C 2025 - (SELLO_012025),4,3,3,4,4,4,3,3,3,3,3,3,3
11XjArl7gChPvlxKeA_0APY5pJLeRv53_mZqZUCjAcE8,SELLO DE NO DISCRIMINACIÓN 1°C 2025 - (SELLO_012025),5,5,5,5,5,5,4,4,4,4,5,5,5
11XjArl7gChPvlxKeA_0APY5pJLeRv53_mZqZUCjAcE8,SELLO DE NO DISCRIMINACIÓN 1°C 2025 - (SELLO_012025),5,5,5,5,5,5,5,5,5,5,5,5,5
11XjArl7gChPvlxKeA_0APY5pJLeRv53_mZqZUCjAcE8,SELLO DE NO DISCRIMINACIÓN 1°C 2025 - (SELLO_012025),5,5,5,5,5,5,5,5,5,5,5,5,5
11XjArl7gChPvlxKeA_0APY5pJLeRv53_mZqZUCjAcE8,SELLO DE NO DISCRIMINACIÓN 1°C 2025 - (SELLO_012025),5,5,5,5,5,5,5,5,5,5,5,5,5
11XjArl7gChPvlxKeA_0APY5pJLeRv53_mZqZUCjAcE8,SELLO DE NO DISCRIMINACIÓN 1°C 2025 - (SELLO_012025),5,5,5,5,5,5,5,5,5,5,5,5,5
11XjArl7gChPvlxKeA_0APY5pJLeRv53_mZqZUCjAcE8,SELLO DE NO DISCRIMINACIÓN 1°C 2025 - (SELLO_012025),5,5,5,5,5,5,5,5,5,5,5,5,5
11XjArl7gChPvlxKeA_0APY5pJLeRv53_mZqZUCjAcE8,SELLO DE NO DISCRIMINACIÓN 1°C 2025 - (SELLO_012025),4,5,5,5,5,5,5,5,5,5,5,5,5
11XjArl7gChPvlxKeA_0APY5pJLeRv53_mZqZUCjAcE8,SELLO DE NO DISCRIMINACIÓN 1°C 2025 - (SELLO_012025),5,5,5,5,5,4,5,5,3,4,5,5,5
11XjArl7gChPvlxKeA_0APY5pJLeRv53_mZqZUCjAcE8,SELLO DE NO DISCRIMINACIÓN 1°C 2025 - (SELLO_012025),5,5,5,5,5,5,5,5,3,2,5,5,5
11XjArl7gChPvlxKeA_0APY5pJLeRv53_mZqZUCjAcE8,SELLO DE NO DISCRIMINACIÓN 1°C 2025 - (SELLO_012025),5,5,5,5,5,5,5,5,5,5,5,5,5
11XjArl7gChPvlxKeA_0APY5pJLeRv53_mZqZUCjAcE8,SELLO DE NO DISCRIMINACIÓN 1°C 2025 - (SELLO_012025),5,5,5,5,5,5,5,5,5,5,5,5,5
11XjArl7gChPvlxKeA_0APY5pJLeRv53_mZqZUCjAcE8,SELLO DE NO DISCRIMINACIÓN 1°C 2025 - (SELLO_012025),4,4,4,4,4,4,4,4,4,4,5,4,5
11XjArl7gChPvlxKeA_0APY5pJLeRv53_mZqZUCjAcE8,SELLO DE NO DISCRIMINACIÓN 1°C 2025 - (SELLO_012025),3,4,4,3,4,4,4,4,3,3,3,4,4
11XjArl7gChPvlxKeA_0APY5pJLeRv53_mZqZUCjAcE8,SELLO DE NO DISCRIMINACIÓN 1°C 2025 - (SELLO_012025),4,4,4,4,4,4,4,4,4,4,4,4,4
11XjArl7gChPvlxKeA_0APY5pJLeRv53_mZqZUCjAcE8,SELLO DE NO DISCRIMINACIÓN 1°C 2025 - (SELLO_012025),5,5,5,5,5,5,5,5,4,4,5,5,5
11XjArl7gChPvlxKeA_0APY5pJLeRv53_mZqZUCjAcE8,SELLO DE NO DISCRIMINACIÓN 1°C 2025 - (SELLO_012025),5,5,5,5,5,5,5,5,5,5,5,5,5
11XjArl7gChPvlxKeA_0APY5pJLeRv53_mZqZUCjAcE8,SELLO DE NO DISCRIMINACIÓN 1°C 2025 - (SELLO_012025),5,5,5,5,5,5,5,5,5,5,5,5,5
11XjArl7gChPvlxKeA_0APY5pJLeRv53_mZqZUCjAcE8,SELLO DE NO DISCRIMINACIÓN 1°C 2025 - (SELLO_012025),5,5,5,5,5,5,5,5,5,5,5,5,5
11XjArl7gChPvlxKeA_0APY5pJLeRv53_mZqZUCjAcE8,SELLO DE NO DISCRIMINACIÓN 1°C 2025 - (SELLO_012025),4,4,4,4,4,4,4,4,4,4,4,4,4
11XjArl7gChPvlxKeA_0APY5pJLeRv53_mZqZUCjAcE8,SELLO DE NO DISCRIMINACIÓN 1°C 2025 - (SELLO_012025),4,4,4,5,5,5,4,5,4,4,4,4,4
11XjArl7gChPvlxKeA_0APY5pJLeRv53_mZqZUCjAcE8,SELLO DE NO DISCRIMINACIÓN 1°C 2025 - (SELLO_012025),4,4,4,4,4,4,4,4,4,4,4,4,4
11XjArl7gChPvlxKeA_0APY5pJLeRv53_mZqZUCjAcE8,SELLO DE NO DISCRIMINACIÓN 1°C 2025 - (SELLO_012025),5,5,5,5,5,5,5,5,5,5,5,5,5
11XjArl7gChPvlxKeA_0APY5pJLeRv53_mZqZUCjAcE8,SELLO DE NO DISCRIMINACIÓN 1°C 2025 - (SELLO_012025),4,4,4,4,4,4,4,4,4,4,4,4,4
11XjArl7gChPvlxKeA_0APY5pJLeRv53_mZqZUCjAcE8,SELLO DE NO DISCRIMINACIÓN 1°C 2025 - (SELLO_012025),5,5,5,5,5,5,5,5,5,5,5,5,5
11XjArl7gChPvlxKeA_0APY5pJLeRv53_mZqZUCjAcE8,SELLO DE NO DISCRIMINACIÓN 1°C 2025 - (SELLO_012025),5,5,5,5,5,5,5,5,5,5,5,5,5
11XjArl7gChPvlxKeA_0APY5pJLeRv53_mZqZUCjAcE8,SELLO DE NO DISCRIMINACIÓN 1°C 2025 - (SELLO_012025),4,4,5,4,5,5,4,4,4,4,4,4,4
11XjArl7gChPvlxKeA_0APY5pJLeRv53_mZqZUCjAcE8,SELLO DE NO DISCRIMINACIÓN 1°C 2025 - (SELLO_012025),5,5,5,5,5,5,5,5,5,5,5,5,5
11XjArl7gChPvlxKeA_0APY5pJLeRv53_mZqZUCjAcE8,SELLO DE NO DISCRIMINACIÓN 1°C 2025 - (SELLO_012025),5,5,5,5,5,5,5,5,5,5,5,5,5
11XjArl7gChPvlxKeA_0APY5pJLeRv53_mZqZUCjAcE8,SELLO DE NO DISCRIMINACIÓN 1°C 2025 - (SELLO_012025),5,5,4,4,5,5,5,5,5,5,4,4,4
11XjArl7gChPvlxKeA_0APY5pJLeRv53_mZqZUCjAcE8,SELLO DE NO DISCRIMINACIÓN 1°C 2025 - (SELLO_012025),5,5,5,5,5,5,5,5,5,5,5,5,5
11XjArl7gChPvlxKeA_0APY5pJLeRv53_mZqZUCjAcE8,SELLO DE NO DISCRIMINACIÓN 1°C 2025 - (SELLO_012025),5,5,5,4,5,5,4,5,5,5,5,5,4
11XjArl7gChPvlxKeA_0APY5pJLeRv53_mZqZUCjAcE8,SELLO DE NO DISCRIMINACIÓN 1°C 2025 - (SELLO_012025),5,5,5,5,5,5,5,5,5,5,5,5,5
11XjArl7gChPvlxKeA_0APY5pJLeRv53_mZqZUCjAcE8,SELLO DE NO DISCRIMINACIÓN 1°C 2025 - (SELLO_012025),5,5,5,5,5,5,5,5,5,5,5,5,5
11XjArl7gChPvlxKeA_0APY5pJLeRv53_mZqZUCjAcE8,SELLO DE NO DISCRIMINACIÓN 1°C 2025 - (SELLO_012025),5,5,5,5,5,5,5,5,5,5,5,5,5
11XjArl7gChPvlxKeA_0APY5pJLeRv53_mZqZUCjAcE8,SELLO DE NO DISCRIMINACIÓN 1°C 2025 - (SELLO_012025),5,5,5,5,5,5,5,5,5,5,5,5,5
11XjArl7gChPvlxKeA_0APY5pJLeRv53_mZqZUCjAcE8,SELLO DE NO DISCRIMINACIÓN 1°C 2025 - (SELLO_012025),5,5,5,5,5,5,5,5,4,4,5,5,5
11XjArl7gChPvlxKeA_0APY5pJLeRv53_mZqZUCjAcE8,SELLO DE NO DISCRIMINACIÓN 1°C 2025 - (SELLO_012025),5,5,5,5,5,5,5,5,5,5,5,5,5
11XjArl7gChPvlxKeA_0APY5pJLeRv53_mZqZUCjAcE8,SELLO DE NO DISCRIMINACIÓN 1°C 2025 - (SELLO_012025),4,4,4,3,3,3,4,4,4,4,4,4,4
11XjArl7gChPvlxKeA_0APY5pJLeRv53_mZqZUCjAcE8,SELLO DE NO DISCRIMINACIÓN 1°C 2025 - (SELLO_012025),5,5,5,5,5,5,5,5,3,4,5,5,5
11XjArl7gChPvlxKeA_0APY5pJLeRv53_mZqZUCjAcE8,SELLO DE NO DISCRIMINACIÓN 1°C 2025 - (SELLO_012025),5,5,5,5,5,5,5,5,5,5,5,5,5
11XjArl7gChPvlxKeA_0APY5pJLeRv53_mZqZUCjAcE8,SELLO DE NO DISCRIMINACIÓN 1°C 2025 - (SELLO_012025),5,5,5,4,5,5,5,5,5,5,5,5,5
11XjArl7gChPvlxKeA_0APY5pJLeRv53_mZqZUCjAcE8,SELLO DE NO DISCRIMINACIÓN 1°C 2025 - (SELLO_012025),4,4,4,4,4,4,3,4,3,3,5,5,5
11XjArl7gChPvlxKeA_0APY5pJLeRv53_mZqZUCjAcE8,SELLO DE NO DISCRIMINACIÓN 1°C 2025 - (SELLO_012025),4,4,4,4,4,3,4,4,4,3,5,3,4
11XjArl7gChPvlxKeA_0APY5pJLeRv53_mZqZUCjAcE8,SELLO DE NO DISCRIMINACIÓN 1°C 2025 - (SELLO_012025),5,5,5,5,5,5,5,5,5,3,5,5,5
11XjArl7gChPvlxKeA_0APY5pJLeRv53_mZqZUCjAcE8,SELLO DE NO DISCRIMINACIÓN 1°C 2025 - (SELLO_012025),5,4,4,4,4,4,4,4,4,2,4,4,4
11XjArl7gChPvlxKeA_0APY5pJLeRv53_mZqZUCjAcE8,SELLO DE NO DISCRIMINACIÓN 1°C 2025 - (SELLO_012025),5,5,5,5,5,5,5,5,5,5,5,5,5
11XjArl7gChPvlxKeA_0APY5pJLeRv53_mZqZUCjAcE8,SELLO DE NO DISCRIMINACIÓN 1°C 2025 - (SELLO_012025),5,5,5,5,5,5,5,5,5,5,5,5,5
11XjArl7gChPvlxKeA_0APY5pJLeRv53_mZqZUCjAcE8,SELLO DE NO DISCRIMINACIÓN 1°C 2025 - (SELLO_012025),5,5,5,5,5,5,5,5,5,5,5,5,5
11XjArl7gChPvlxKeA_0APY5pJLeRv53_mZqZUCjAcE8,SELLO DE NO DISCRIMINACIÓN 1°C 2025 - (SELLO_012025),5,5,5,5,5,5,5,5,5,5,5,5,5
11XjArl7gChPvlxKeA_0APY5pJLeRv53_mZqZUCjAcE8,SELLO DE NO DISCRIMINACIÓN 1°C 2025 - (SELLO_012025),4,4,4,4,4,4,4,4,4,4,4,4,4
11XjArl7gChPvlxKeA_0APY5pJLeRv53_mZqZUCjAcE8,SELLO DE NO DISCRIMINACIÓN 1°C 2025 - (SELLO_012025),5,5,5,5,5,5,5,5,5,5,5,5,5
11XjArl7gChPvlxKeA_0APY5pJLeRv53_mZqZUCjAcE8,SELLO DE NO DISCRIMINACIÓN 1°C 2025 - (SELLO_012025),5,5,5,5,5,5,5,5,5,5,5,5,5
11XjArl7gChPvlxKeA_0APY5pJLeRv53_mZqZUCjAcE8,SELLO DE NO DISCRIMINACIÓN 1°C 2025 - (SELLO_012025),5,5,5,5,5,5,5,5,5,5,5,5,5
11XjArl7gChPvlxKeA_0APY5pJLeRv53_mZqZUCjAcE8,SELLO DE NO DISCRIMINACIÓN 1°C 2025 - (SELLO_012025),4,4,2,4,4,4,2,2,4,3,4,3,3
11XjArl7gChPvlxKeA_0APY5pJLeRv53_mZqZUCjAcE8,SELLO DE NO DISCRIMINACIÓN 1°C 2025 - (SELLO_012025),5,5,5,5,5,5,5,5,5,5,5,5,5
11XjArl7gChPvlxKeA_0APY5pJLeRv53_mZqZUCjAcE8,SELLO DE NO DISCRIMINACIÓN 1°C 2025 - (SELLO_012025),5,5,5,5,5,5,5,5,2,2,4,4,4
11XjArl7gChPvlxKeA_0APY5pJLeRv53_mZqZUCjAcE8,SELLO DE NO DISCRIMINACIÓN 1°C 2025 - (SELLO_012025),4,4,4,4,4,4,4,4,4,4,4,4,4
11XjArl7gChPvlxKeA_0APY5pJLeRv53_mZqZUCjAcE8,SELLO DE NO DISCRIMINACIÓN 1°C 2025 - (SELLO_012025),5,5,5,5,5,5,5,5,5,5,5,5,5
11XjArl7gChPvlxKeA_0APY5pJLeRv53_mZqZUCjAcE8,SELLO DE NO DISCRIMINACIÓN 1°C 2025 - (SELLO_012025),5,5,5,5,4,5,5,5,4,4,4,4,4
11XjArl7gChPvlxKeA_0APY5pJLeRv53_mZqZUCjAcE8,SELLO DE NO DISCRIMINACIÓN 1°C 2025 - (SELLO_012025),5,5,5,5,5,5,5,5,5,5,5,5,5
11XjArl7gChPvlxKeA_0APY5pJLeRv53_mZqZUCjAcE8,SELLO DE NO DISCRIMINACIÓN 1°C 2025 - (SELLO_012025),5,5,5,5,5,5,5,5,5,5,5,5,5
11XjArl7gChPvlxKeA_0APY5pJLeRv53_mZqZUCjAcE8,SELLO DE NO DISCRIMINACIÓN 1°C 2025 - (SELLO_012025),4,5,5,4,5,5,4,5,5,5,5,5,4
11XjArl7gChPvlxKeA_0APY5pJLeRv53_mZqZUCjAcE8,SELLO DE NO DISCRIMINACIÓN 1°C 2025 - (SELLO_012025),5,5,5,5,5,5,5,5,5,5,5,5,5
11XjArl7gChPvlxKeA_0APY5pJLeRv53_mZqZUCjAcE8,SELLO DE NO DISCRIMINACIÓN 1°C 2025 - (SELLO_012025),4,5,4,4,5,4,4,4,3,4,4,4,4
11XjArl7gChPvlxKeA_0APY5pJLeRv53_mZqZUCjAcE8,SELLO DE NO DISCRIMINACIÓN 1°C 2025 - (SELLO_012025),5,5,5,5,5,5,5,5,5,5,5,5,5
11XjArl7gChPvlxKeA_0APY5pJLeRv53_mZqZUCjAcE8,SELLO DE NO DISCRIMINACIÓN 1°C 2025 - (SELLO_012025),5,5,5,5,5,5,5,5,5,5,5,5,5
11XjArl7gChPvlxKeA_0APY5pJLeRv53_mZqZUCjAcE8,SELLO DE NO DISCRIMINACIÓN 1°C 2025 - (SELLO_012025),4,4,3,4,5,5,4,4,4,4,4,4,4
11XjArl7gChPvlxKeA_0APY5pJLeRv53_mZqZUCjAcE8,SELLO DE NO DISCRIMINACIÓN 1°C 2025 - (SELLO_012025),5,5,5,5,5,5,5,5,5,5,5,5,5
11XjArl7gChPvlxKeA_0APY5pJLeRv53_mZqZUCjAcE8,SELLO DE NO DISCRIMINACIÓN 1°C 2025 - (SELLO_012025),5,5,5,4,5,5,5,5,5,4,4,5,5
11XjArl7gChPvlxKeA_0APY5pJLeRv53_mZqZUCjAcE8,SELLO DE NO DISCRIMINACIÓN 1°C 2025 - (SELLO_012025),5,5,5,5,5,5,5,5,5,5,5,5,5
11XjArl7gChPvlxKeA_0APY5pJLeRv53_mZqZUCjAcE8,SELLO DE NO DISCRIMINACIÓN 1°C 2025 - (SELLO_012025),5,5,5,5,5,5,5,5,4,5,5,5,5
11XjArl7gChPvlxKeA_0APY5pJLeRv53_mZqZUCjAcE8,SELLO DE NO DISCRIMINACIÓN 1°C 2025 - (SELLO_012025),5,5,5,5,4,4,4,4,5,4,4,4,4
11XjArl7gChPvlxKeA_0APY5pJLeRv53_mZqZUCjAcE8,SELLO DE NO DISCRIMINACIÓN 1°C 2025 - (SELLO_012025),5,5,5,5,5,5,5,5,5,5,5,5,5
11XjArl7gChPvlxKeA_0APY5pJLeRv53_mZqZUCjAcE8,SELLO DE NO DISCRIMINACIÓN 1°C 2025 - (SELLO_012025),5,5,5,5,5,5,5,4,5,5,5,5,5
11XjArl7gChPvlxKeA_0APY5pJLeRv53_mZqZUCjAcE8,SELLO DE NO DISCRIMINACIÓN 1°C 2025 - (SELLO_012025),2,1,4,1,3,4,1,3,1,1,1,1,1
11XjArl7gChPvlxKeA_0APY5pJLeRv53_mZqZUCjAcE8,SELLO DE NO DISCRIMINACIÓN 1°C 2025 - (SELLO_012025),5,5,5,5,5,5,5,4,4,4,5,5,5
11XjArl7gChPvlxKeA_0APY5pJLeRv53_mZqZUCjAcE8,SELLO DE NO DISCRIMINACIÓN 1°C 2025 - (SELLO_012025),5,5,5,5,5,5,5,5,3,3,4,5,5
11XjArl7gChPvlxKeA_0APY5pJLeRv53_mZqZUCjAcE8,SELLO DE NO DISCRIMINACIÓN 1°C 2025 - (SELLO_012025),5,5,5,5,5,5,5,5,5,5,5,5,5
11XjArl7gChPvlxKeA_0APY5pJLeRv53_mZqZUCjAcE8,SELLO DE NO DISCRIMINACIÓN 1°C 2025 - (SELLO_012025),4,4,4,4,4,4,4,4,4,3,3,4,4
11XjArl7gChPvlxKeA_0APY5pJLeRv53_mZqZUCjAcE8,SELLO DE NO DISCRIMINACIÓN 1°C 2025 - (SELLO_012025),5,5,5,5,5,5,5,5,5,5,5,5,5
11XjArl7gChPvlxKeA_0APY5pJLeRv53_mZqZUCjAcE8,SELLO DE NO DISCRIMINACIÓN 1°C 2025 - (SELLO_012025),3,3,2,3,2,3,2,1,1,1,1,1,1
11XjArl7gChPvlxKeA_0APY5pJLeRv53_mZqZUCjAcE8,SELLO DE NO DISCRIMINACIÓN 1°C 2025 - (SELLO_012025),5,5,5,5,5,5,5,5,5,5,5,5,5
11XjArl7gChPvlxKeA_0APY5pJLeRv53_mZqZUCjAcE8,SELLO DE NO DISCRIMINACIÓN 1°C 2025 - (SELLO_012025),5,5,5,5,5,5,5,5,5,5,5,5,5
11XjArl7gChPvlxKeA_0APY5pJLeRv53_mZqZUCjAcE8,SELLO DE NO DISCRIMINACIÓN 1°C 2025 - (SELLO_012025),4,4,4,4,4,4,4,4,4,4,4,4,4
11XjArl7gChPvlxKeA_0APY5pJLeRv53_mZqZUCjAcE8,SELLO DE NO DISCRIMINACIÓN 1°C 2025 - (SELLO_012025),5,4,4,4,5,5,5,5,4,4,4,5,5
11XjArl7gChPvlxKeA_0APY5pJLeRv53_mZqZUCjAcE8,SELLO DE NO DISCRIMINACIÓN 1°C 2025 - (SELLO_012025),4,4,4,4,4,4,4,4,4,4,4,4,4
11XjArl7gChPvlxKeA_0APY5pJLeRv53_mZqZUCjAcE8,SELLO DE NO DISCRIMINACIÓN 1°C 2025 - (SELLO_012025),4,5,5,5,5,5,5,5,5,5,5,5,5
11XjArl7gChPvlxKeA_0APY5pJLeRv53_mZqZUCjAcE8,SELLO DE NO DISCRIMINACIÓN 1°C 2025 - (SELLO_012025),4,4,5,4,4,4,4,4,4,4,4,4,4
11XjArl7gChPvlxKeA_0APY5pJLeRv53_mZqZUCjAcE8,SELLO DE NO DISCRIMINACIÓN 1°C 2025 - (SELLO_012025),5,5,5,5,5,5,5,5,5,5,5,5,5
11XjArl7gChPvlxKeA_0APY5pJLeRv53_mZqZUCjAcE8,SELLO DE NO DISCRIMINACIÓN 1°C 2025 - (SELLO_012025),4,4,4,4,4,4,4,4,4,4,4,4,4
11XjArl7gChPvlxKeA_0APY5pJLeRv53_mZqZUCjAcE8,SELLO DE NO DISCRIMINACIÓN 1°C 2025 - (SELLO_012025),4,4,4,4,4,4,4,4,4,4,4,4,4
11XjArl7gChPvlxKeA_0APY5pJLeRv53_mZqZUCjAcE8,SELLO DE NO DISCRIMINACIÓN 1°C 2025 - (SELLO_012025),4,4,4,4,5,5,4,4,4,4,3,4,4
11XjArl7gChPvlxKeA_0APY5pJLeRv53_mZqZUCjAcE8,SELLO DE NO DISCRIMINACIÓN 1°C 2025 - (SELLO_012025),4,5,5,5,5,4,5,5,4,5,5,4,4
11XjArl7gChPvlxKeA_0APY5pJLeRv53_mZqZUCjAcE8,SELLO DE NO DISCRIMINACIÓN 1°C 2025 - (SELLO_012025),5,4,4,4,5,5,4,4,5,3,3,5,5
11XjArl7gChPvlxKeA_0APY5pJLeRv53_mZqZUCjAcE8,SELLO DE NO DISCRIMINACIÓN 1°C 2025 - (SELLO_012025),5,5,5,5,5,5,5,5,5,5,5,5,5
11XjArl7gChPvlxKeA_0APY5pJLeRv53_mZqZUCjAcE8,SELLO DE NO DISCRIMINACIÓN 1°C 2025 - (SELLO_012025),5,5,5,5,5,5,5,5,5,5,5,5,5
11XjArl7gChPvlxKeA_0APY5pJLeRv53_mZqZUCjAcE8,SELLO DE NO DISCRIMINACIÓN 1°C 2025 - (SELLO_012025),5,5,4,4,5,4,4,4,4,4,4,4,4
11XjArl7gChPvlxKeA_0APY5pJLeRv53_mZqZUCjAcE8,SELLO DE NO DISCRIMINACIÓN 1°C 2025 - (SELLO_012025),5,5,5,5,5,5,5,5,5,3,5,5,5
11XjArl7gChPvlxKeA_0APY5pJLeRv53_mZqZUCjAcE8,SELLO DE NO DISCRIMINACIÓN 1°C 2025 - (SELLO_012025),5,5,5,5,5,5,5,5,5,5,5,5,5
11XjArl7gChPvlxKeA_0APY5pJLeRv53_mZqZUCjAcE8,SELLO DE NO DISCRIMINACIÓN 1°C 2025 - (SELLO_012025),5,5,5,5,5,5,5,5,5,5,5,5,5
11XjArl7gChPvlxKeA_0APY5pJLeRv53_mZqZUCjAcE8,SELLO DE NO DISCRIMINACIÓN 1°C 2025 - (SELLO_012025),4,4,4,4,4,4,4,4,4,4,4,4,4
11XjArl7gChPvlxKeA_0APY5pJLeRv53_mZqZUCjAcE8,SELLO DE NO DISCRIMINACIÓN 1°C 2025 - (SELLO_012025),5,5,5,5,5,5,5,5,5,5,5,5,5
11XjArl7gChPvlxKeA_0APY5pJLeRv53_mZqZUCjAcE8,SELLO DE NO DISCRIMINACIÓN 1°C 2025 - (SELLO_012025),5,5,5,4,5,5,4,4,4,4,4,4,4
11XjArl7gChPvlxKeA_0APY5pJLeRv53_mZqZUCjAcE8,SELLO DE NO DISCRIMINACIÓN 1°C 2025 - (SELLO_012025),5,5,5,5,4,5,5,5,5,5,5,5,5
1_NKff3xvAloLzW0WTwoVK-OnWQd0FoAuMJS4-60w1D8,TB Farmacorresistente - (TBFR_012026),4,4,4,4,5,5,4,4,4,4,4,4,4
1_NKff3xvAloLzW0WTwoVK-OnWQd0FoAuMJS4-60w1D8,TB Farmacorresistente - (TBFR_012026),5,5,5,5,5,5,5,5,5,4,5,5,5
1_NKff3xvAloLzW0WTwoVK-OnWQd0FoAuMJS4-60w1D8,TB Farmacorresistente - (TBFR_012026),5,4,4,4,5,5,5,5,5,5,5,5,5
1_NKff3xvAloLzW0WTwoVK-OnWQd0FoAuMJS4-60w1D8,TB Farmacorresistente - (TBFR_012026),5,5,5,5,5,5,5,5,5,5,5,4,5
1_NKff3xvAloLzW0WTwoVK-OnWQd0FoAuMJS4-60w1D8,TB Farmacorresistente - (TBFR_012026),4,4,4,4,4,4,4,4,4,4,4,4,4
1_NKff3xvAloLzW0WTwoVK-OnWQd0FoAuMJS4-60w1D8,TB Farmacorresistente - (TBFR_012026),5,5,5,5,5,5,5,5,5,5,5,5,5
1_NKff3xvAloLzW0WTwoVK-OnWQd0FoAuMJS4-60w1D8,TB Farmacorresistente - (TBFR_012026),5,4,5,5,5,5,5,5,5,5,5,5,5
1_NKff3xvAloLzW0WTwoVK-OnWQd0FoAuMJS4-60w1D8,TB Farmacorresistente - (TBFR_012026),5,5,5,5,5,5,5,5,5,5,5,5,5
1_NKff3xvAloLzW0WTwoVK-OnWQd0FoAuMJS4-60w1D8,TB Farmacorresistente - (TBFR_012026),5,5,5,5,5,5,5,5,5,5,5,5,5
1_NKff3xvAloLzW0WTwoVK-OnWQd0FoAuMJS4-60w1D8,TB Farmacorresistente - (TBFR_012026),4,4,4,5,5,4,4,4,4,4,4,4,4
1_NKff3xvAloLzW0WTwoVK-OnWQd0FoAuMJS4-60w1D8,TB Farmacorresistente - (TBFR_012026),5,5,5,5,5,5,5,5,5,5,5,5,5
1_NKff3xvAloLzW0WTwoVK-OnWQd0FoAuMJS4-60w1D8,TB Farmacorresistente - (TBFR_012026),5,5,5,5,5,5,5,5,5,5,5,5,5
1_NKff3xvAloLzW0WTwoVK-OnWQd0FoAuMJS4-60w1D8,TB Farmacorresistente - (TBFR_012026),5,5,5,5,5,5,5,5,5,5,5,5,5
1_NKff3xvAloLzW0WTwoVK-OnWQd0FoAuMJS4-60w1D8,TB Farmacorresistente - (TBFR_012026),5,5,5,5,5,5,5,5,5,3,5,5,5
1_NKff3xvAloLzW0WTwoVK-OnWQd0FoAuMJS4-60w1D8,TB Farmacorresistente - (TBFR_012026),5,5,5,5,5,5,5,5,5,5,5,5,5
1_NKff3xvAloLzW0WTwoVK-OnWQd0FoAuMJS4-60w1D8,TB Farmacorresistente - (TBFR_012026),5,5,5,5,5,5,5,5,5,5,5,5,5
1_NKff3xvAloLzW0WTwoVK-OnWQd0FoAuMJS4-60w1D8,TB Farmacorresistente - (TBFR_012026),5,5,5,5,5,5,4,5,5,4,5,5,4
1_NKff3xvAloLzW0WTwoVK-OnWQd0FoAuMJS4-60w1D8,TB Farmacorresistente - (TBFR_012026),5,5,5,4,5,5,5,5,4,5,5,5,5
1_NKff3xvAloLzW0WTwoVK-OnWQd0FoAuMJS4-60w1D8,TB Farmacorresistente - (TBFR_012026),5,5,5,5,5,5,5,5,5,5,5,5,5
1_NKff3xvAloLzW0WTwoVK-OnWQd0FoAuMJS4-60w1D8,TB Farmacorresistente - (TBFR_012026),5,5,5,5,5,5,5,5,5,5,5,5,5
1_NKff3xvAloLzW0WTwoVK-OnWQd0FoAuMJS4-60w1D8,TB Farmacorresistente - (TBFR_012026),5,5,5,5,5,5,5,5,5,5,5,5,5
1_NKff3xvAloLzW0WTwoVK-OnWQd0FoAuMJS4-60w1D8,TB Farmacorresistente - (TBFR_012026),5,5,5,5,5,5,5,5,5,5,5,5,5
1_NKff3xvAloLzW0WTwoVK-OnWQd0FoAuMJS4-60w1D8,TB Farmacorresistente - (TBFR_012026),5,5,5,5,5,5,5,5,5,5,5,5,5
1_NKff3xvAloLzW0WTwoVK-OnWQd0FoAuMJS4-60w1D8,TB Farmacorresistente - (TBFR_012026),4,4,4,4,4,4,4,4,4,4,5,5,5
1_NKff3xvAloLzW0WTwoVK-OnWQd0FoAuMJS4-60w1D8,TB Farmacorresistente - (TBFR_012026),4,4,4,4,4,4,4,4,4,4,4,4,4
1_NKff3xvAloLzW0WTwoVK-OnWQd0FoAuMJS4-60w1D8,TB Farmacorresistente - (TBFR_012026),5,5,5,5,5,5,5,5,5,5,5,5,5
1_NKff3xvAloLzW0WTwoVK-OnWQd0FoAuMJS4-60w1D8,TB Farmacorresistente - (TBFR_012026),5,5,5,5,5,5,5,5,5,5,5,5,5
1_NKff3xvAloLzW0WTwoVK-OnWQd0FoAuMJS4-60w1D8,TB Farmacorresistente - (TBFR_012026),4,4,4,4,4,4,4,4,4,4,4,4,4
1_NKff3xvAloLzW0WTwoVK-OnWQd0FoAuMJS4-60w1D8,TB Farmacorresistente - (TBFR_012026),5,5,5,5,5,5,5,5,5,5,5,5,5
1_NKff3xvAloLzW0WTwoVK-OnWQd0FoAuMJS4-60w1D8,TB Farmacorresistente - (TBFR_012026),5,5,5,5,5,5,5,5,5,5,5,5,5
1_NKff3xvAloLzW0WTwoVK-OnWQd0FoAuMJS4-60w1D8,TB Farmacorresistente - (TBFR_012026),5,5,5,5,5,5,5,5,5,5,5,5,5
1_NKff3xvAloLzW0WTwoVK-OnWQd0FoAuMJS4-60w1D8,TB Farmacorresistente - (TBFR_012026),5,5,5,5,5,5,5,5,5,5,5,5,5
1_NKff3xvAloLzW0WTwoVK-OnWQd0FoAuMJS4-60w1D8,TB Farmacorresistente - (TBFR_012026),5,5,5,5,5,5,5,5,5,5,5,5,5
1_NKff3xvAloLzW0WTwoVK-OnWQd0FoAuMJS4-60w1D8,TB Farmacorresistente - (TBFR_012026),5,5,5,5,5,5,5,5,5,5,5,5,5
1_NKff3xvAloLzW0WTwoVK-OnWQd0FoAuMJS4-60w1D8,TB Farmacorresistente - (TBFR_012026),5,5,5,5,5,5,5,5,5,5,5,5,5
1_NKff3xvAloLzW0WTwoVK-OnWQd0FoAuMJS4-60w1D8,TB Farmacorresistente - (TBFR_012026),5,5,5,5,5,5,5,5,5,5,5,5,5
1_NKff3xvAloLzW0WTwoVK-OnWQd0FoAuMJS4-60w1D8,TB Farmacorresistente - (TBFR_012026),5,5,5,5,5,5,5,5,5,5,5,5,5
1_NKff3xvAloLzW0WTwoVK-OnWQd0FoAuMJS4-60w1D8,TB Farmacorresistente - (TBFR_012026),5,5,4,5,5,5,5,5,5,4,5,4,5
1_NKff3xvAloLzW0WTwoVK-OnWQd0FoAuMJS4-60w1D8,TB Farmacorresistente - (TBFR_012026),5,5,5,5,5,5,5,5,5,5,5,5,5
1_NKff3xvAloLzW0WTwoVK-OnWQd0FoAuMJS4-60w1D8,TB Farmacorresistente - (TBFR_012026),5,5,5,5,5,5,5,5,5,5,5,5,5
1_NKff3xvAloLzW0WTwoVK-OnWQd0FoAuMJS4-60w1D8,TB Farmacorresistente - (TBFR_012026),5,5,5,5,5,5,5,5,5,5,5,5,5
1_NKff3xvAloLzW0WTwoVK-OnWQd0FoAuMJS4-60w1D8,TB Farmacorresistente - (TBFR_012026),5,5,5,5,5,5,5,5,5,5,5,5,5
1_NKff3xvAloLzW0WTwoVK-OnWQd0FoAuMJS4-60w1D8,TB Farmacorresistente - (TBFR_012026),5,5,5,5,5,5,5,5,5,5,5,5,5
1_NKff3xvAloLzW0WTwoVK-OnWQd0FoAuMJS4-60w1D8,TB Farmacorresistente - (TBFR_012026),5,5,5,5,5,5,5,5,5,5,5,5,5
1_NKff3xvAloLzW0WTwoVK-OnWQd0FoAuMJS4-60w1D8,TB Farmacorresistente - (TBFR_012026),4,4,4,4,4,4,4,4,4,4,4,4,4
1_NKff3xvAloLzW0WTwoVK-OnWQd0FoAuMJS4-60w1D8,TB Farmacorresistente - (TBFR_012026),5,5,5,5,5,5,5,5,5,5,5,5,5
1_NKff3xvAloLzW0WTwoVK-OnWQd0FoAuMJS4-60w1D8,TB Farmacorresistente - (TBFR_012026),5,5,5,5,5,5,5,5,5,5,5,5,5
1_NKff3xvAloLzW0WTwoVK-OnWQd0FoAuMJS4-60w1D8,TB Farmacorresistente - (TBFR_012026),5,5,5,5,5,5,5,5,5,5,3,5,5
1_NKff3xvAloLzW0WTwoVK-OnWQd0FoAuMJS4-60w1D8,TB Farmacorresistente - (TBFR_012026),5,5,5,5,5,5,5,5,5,5,5,5,5
1_NKff3xvAloLzW0WTwoVK-OnWQd0FoAuMJS4-60w1D8,TB Farmacorresistente - (TBFR_012026),5,5,5,5,5,5,5,5,5,5,5,5,5
1_NKff3xvAloLzW0WTwoVK-OnWQd0FoAuMJS4-60w1D8,TB Farmacorresistente - (TBFR_012026),4,4,4,4,4,5,4,4,4,4,4,4,4
1_NKff3xvAloLzW0WTwoVK-OnWQd0FoAuMJS4-60w1D8,TB Farmacorresistente - (TBFR_012026),5,5,5,5,5,5,5,5,5,5,5,5,5
1_NKff3xvAloLzW0WTwoVK-OnWQd0FoAuMJS4-60w1D8,TB Farmacorresistente - (TBFR_012026),5,5,5,5,5,5,5,5,5,5,5,5,5
1_NKff3xvAloLzW0WTwoVK-OnWQd0FoAuMJS4-60w1D8,TB Farmacorresistente - (TBFR_012026),5,5,5,5,5,5,5,5,5,5,5,5,5
1_NKff3xvAloLzW0WTwoVK-OnWQd0FoAuMJS4-60w1D8,TB Farmacorresistente - (TBFR_012026),5,5,5,5,5,5,5,5,5,5,5,5,5
1_NKff3xvAloLzW0WTwoVK-OnWQd0FoAuMJS4-60w1D8,TB Farmacorresistente - (TBFR_012026),5,5,5,5,5,5,5,5,5,5,5,5,5
1_NKff3xvAloLzW0WTwoVK-OnWQd0FoAuMJS4-60w1D8,TB Farmacorresistente - (TBFR_012026),5,5,5,5,5,5,5,5,5,5,5,5,5
1_NKff3xvAloLzW0WTwoVK-OnWQd0FoAuMJS4-60w1D8,TB Farmacorresistente - (TBFR_012026),5,5,5,5,5,5,5,5,5,5,5,5,5
1_NKff3xvAloLzW0WTwoVK-OnWQd0FoAuMJS4-60w1D8,TB Farmacorresistente - (TBFR_012026),5,5,5,5,5,5,5,5,5,5,5,5,5
1_NKff3xvAloLzW0WTwoVK-OnWQd0FoAuMJS4-60w1D8,TB Farmacorresistente - (TBFR_012026),5,5,5,5,5,5,5,5,5,5,5,5,5
1_NKff3xvAloLzW0WTwoVK-OnWQd0FoAuMJS4-60w1D8,TB Farmacorresistente - (TBFR_012026),5,5,5,5,5,5,5,5,5,5,5,5,5
1_NKff3xvAloLzW0WTwoVK-OnWQd0FoAuMJS4-60w1D8,TB Farmacorresistente - (TBFR_012026),5,5,5,5,5,5,5,5,5,5,5,5,5
1_NKff3xvAloLzW0WTwoVK-OnWQd0FoAuMJS4-60w1D8,TB Farmacorresistente - (TBFR_012026),5,5,5,5,5,5,5,5,5,5,5,5,5
1_NKff3xvAloLzW0WTwoVK-OnWQd0FoAuMJS4-60w1D8,TB Farmacorresistente - (TBFR_012026),5,5,5,5,5,5,5,5,5,5,5,5,5
1_NKff3xvAloLzW0WTwoVK-OnWQd0FoAuMJS4-60w1D8,TB Farmacorresistente - (TBFR_012026),5,5,5,5,5,5,5,5,5,5,5,5,5
1_NKff3xvAloLzW0WTwoVK-OnWQd0FoAuMJS4-60w1D8,TB Farmacorresistente - (TBFR_012026),5,5,5,5,5,5,5,5,5,5,5,5,5
1_NKff3xvAloLzW0WTwoVK-OnWQd0FoAuMJS4-60w1D8,TB Farmacorresistente - (TBFR_012026),5,5,5,5,5,5,5,5,5,5,5,5,5
1_NKff3xvAloLzW0WTwoVK-OnWQd0FoAuMJS4-60w1D8,TB Farmacorresistente - (TBFR_012026),5,5,5,5,5,5,5,5,5,5,5,5,5
1_NKff3xvAloLzW0WTwoVK-OnWQd0FoAuMJS4-60w1D8,TB Farmacorresistente - (TBFR_012026),5,5,5,5,5,5,5,5,5,5,5,5,5
1_NKff3xvAloLzW0WTwoVK-OnWQd0FoAuMJS4-60w1D8,TB Farmacorresistente - (TBFR_012026),5,5,5,5,5,5,5,5,5,5,5,5,5
1_NKff3xvAloLzW0WTwoVK-OnWQd0FoAuMJS4-60w1D8,TB Farmacorresistente - (TBFR_012026),5,5,5,5,5,5,5,5,5,5,5,5,5
1_NKff3xvAloLzW0WTwoVK-OnWQd0FoAuMJS4-60w1D8,TB Farmacorresistente - (TBFR_012026),5,5,5,5,5,5,5,5,5,5,5,5,5
1U5_ujvFwSzpnz6olIFt2Ci8Edxkj9N6wUdipVn-4-EU,CÁNCER DE CÉRVIX 1°C 2025 - (ACC_1_2025),5,5,5,5,5,5,5,5,5,5,5,5,5
1U5_ujvFwSzpnz6olIFt2Ci8Edxkj9N6wUdipVn-4-EU,CÁNCER DE CÉRVIX 1°C 2025 - (ACC_1_2025),5,5,5,5,5,5,5,5,5,5,5,5,5
1U5_ujvFwSzpnz6olIFt2Ci8Edxkj9N6wUdipVn-4-EU,CÁNCER DE CÉRVIX 1°C 2025 - (ACC_1_2025),5,5,5,5,3,5,5,5,5,3,5,5,5
1U5_ujvFwSzpnz6olIFt2Ci8Edxkj9N6wUdipVn-4-EU,CÁNCER DE CÉRVIX 1°C 2025 - (ACC_1_2025),5,5,5,5,5,5,5,5,5,5,5,5,5
1U5_ujvFwSzpnz6olIFt2Ci8Edxkj9N6wUdipVn-4-EU,CÁNCER DE CÉRVIX 1°C 2025 - (ACC_1_2025),5,5,5,5,5,5,5,5,5,5,5,5,5
1U5_ujvFwSzpnz6olIFt2Ci8Edxkj9N6wUdipVn-4-EU,CÁNCER DE CÉRVIX 1°C 2025 - (ACC_1_2025),5,5,5,5,5,5,5,5,5,5,5,5,5
1U5_ujvFwSzpnz6olIFt2Ci8Edxkj9N6wUdipVn-4-EU,CÁNCER DE CÉRVIX 1°C 2025 - (ACC_1_2025),5,5,5,5,5,5,5,5,5,5,5,5,5
1U5_ujvFwSzpnz6olIFt2Ci8Edxkj9N6wUdipVn-4-EU,CÁNCER DE CÉRVIX 1°C 2025 - (ACC_1_2025),5,5,5,5,4,4,5,5,5,5,4,4,4
1U5_ujvFwSzpnz6olIFt2Ci8Edxkj9N6wUdipVn-4-EU,CÁNCER DE CÉRVIX 1°C 2025 - (ACC_1_2025),4,4,4,4,4,4,4,4,4,4,4,4,4
1U5_ujvFwSzpnz6olIFt2Ci8Edxkj9N6wUdipVn-4-EU,CÁNCER DE CÉRVIX 1°C 2025 - (ACC_1_2025),4,4,4,4,5,4,4,4,4,5,5,5,5
1U5_ujvFwSzpnz6olIFt2Ci8Edxkj9N6wUdipVn-4-EU,CÁNCER DE CÉRVIX 1°C 2025 - (ACC_1_2025),5,5,5,5,5,5,5,5,5,5,5,5,5
1U5_ujvFwSzpnz6olIFt2Ci8Edxkj9N6wUdipVn-4-EU,CÁNCER DE CÉRVIX 1°C 2025 - (ACC_1_2025),5,5,5,5,5,5,5,5,5,5,5,5,5
1U5_ujvFwSzpnz6olIFt2Ci8Edxkj9N6wUdipVn-4-EU,CÁNCER DE CÉRVIX 1°C 2025 - (ACC_1_2025),4,4,3,4,3,4,2,2,3,3,2,2,3
1U5_ujvFwSzpnz6olIFt2Ci8Edxkj9N6wUdipVn-4-EU,CÁNCER DE CÉRVIX 1°C 2025 - (ACC_1_2025),5,5,5,5,5,5,5,5,4,3,4,4,4
1U5_ujvFwSzpnz6olIFt2Ci8Edxkj9N6wUdipVn-4-EU,CÁNCER DE CÉRVIX 1°C 2025 - (ACC_1_2025),4,5,4,5,4,5,4,5,4,4,5,5,5
1U5_ujvFwSzpnz6olIFt2Ci8Edxkj9N6wUdipVn-4-EU,CÁNCER DE CÉRVIX 1°C 2025 - (ACC_1_2025),1,1,1,1,1,1,1,1,1,1,1,1,1
1U5_ujvFwSzpnz6olIFt2Ci8Edxkj9N6wUdipVn-4-EU,CÁNCER DE CÉRVIX 1°C 2025 - (ACC_1_2025),5,5,5,5,5,5,5,5,1,1,5,5,5
1U5_ujvFwSzpnz6olIFt2Ci8Edxkj9N6wUdipVn-4-EU,CÁNCER DE CÉRVIX 1°C 2025 - (ACC_1_2025),5,5,5,5,5,5,5,5,5,5,5,5,5
1U5_ujvFwSzpnz6olIFt2Ci8Edxkj9N6wUdipVn-4-EU,CÁNCER DE CÉRVIX 1°C 2025 - (ACC_1_2025),5,5,5,5,5,5,5,5,5,5,5,5,5
1U5_ujvFwSzpnz6olIFt2Ci8Edxkj9N6wUdipVn-4-EU,CÁNCER DE CÉRVIX 1°C 2025 - (ACC_1_2025),5,5,5,5,5,5,5,5,5,5,5,5,5
1U5_ujvFwSzpnz6olIFt2Ci8Edxkj9N6wUdipVn-4-EU,CÁNCER DE CÉRVIX 1°C 2025 - (ACC_1_2025),5,5,5,5,5,5,5,5,5,5,5,5,5
1U5_ujvFwSzpnz6olIFt2Ci8Edxkj9N6wUdipVn-4-EU,CÁNCER DE CÉRVIX 1°C 2025 - (ACC_1_2025),4,4,4,4,4,4,4,4,4,4,4,4,4
1U5_ujvFwSzpnz6olIFt2Ci8Edxkj9N6wUdipVn-4-EU,CÁNCER DE CÉRVIX 1°C 2025 - (ACC_1_2025),5,5,5,4,5,5,4,4,3,3,5,4,4
1U5_ujvFwSzpnz6olIFt2Ci8Edxkj9N6wUdipVn-4-EU,CÁNCER DE CÉRVIX 1°C 2025 - (ACC_1_2025),5,5,5,5,5,5,5,5,5,5,5,5,5
1U5_ujvFwSzpnz6olIFt2Ci8Edxkj9N6wUdipVn-4-EU,CÁNCER DE CÉRVIX 1°C 2025 - (ACC_1_2025),4,4,5,4,4,4,4,4,3,3,4,5,5
1U5_ujvFwSzpnz6olIFt2Ci8Edxkj9N6wUdipVn-4-EU,CÁNCER DE CÉRVIX 1°C 2025 - (ACC_1_2025),4,4,5,4,4,4,3,3,3,3,5,4,4
1U5_ujvFwSzpnz6olIFt2Ci8Edxkj9N6wUdipVn-4-EU,CÁNCER DE CÉRVIX 1°C 2025 - (ACC_1_2025),5,5,5,5,5,5,5,5,5,5,5,5,5
1U5_ujvFwSzpnz6olIFt2Ci8Edxkj9N6wUdipVn-4-EU,CÁNCER DE CÉRVIX 1°C 2025 - (ACC_1_2025),5,5,5,5,5,5,5,5,5,5,5,5,5
1U5_ujvFwSzpnz6olIFt2Ci8Edxkj9N6wUdipVn-4-EU,CÁNCER DE CÉRVIX 1°C 2025 - (ACC_1_2025),5,5,5,5,4,5,5,5,4,2,4,5,5
1U5_ujvFwSzpnz6olIFt2Ci8Edxkj9N6wUdipVn-4-EU,CÁNCER DE CÉRVIX 1°C 2025 - (ACC_1_2025),5,5,5,5,5,5,5,5,5,5,5,5,5
1U5_ujvFwSzpnz6olIFt2Ci8Edxkj9N6wUdipVn-4-EU,CÁNCER DE CÉRVIX 1°C 2025 - (ACC_1_2025),5,5,5,5,5,5,5,5,5,5,5,5,5
1U5_ujvFwSzpnz6olIFt2Ci8Edxkj9N6wUdipVn-4-EU,CÁNCER DE CÉRVIX 1°C 2025 - (ACC_1_2025),5,5,5,5,5,5,5,5,5,5,5,5,5
1U5_ujvFwSzpnz6olIFt2Ci8Edxkj9N6wUdipVn-4-EU,CÁNCER DE CÉRVIX 1°C 2025 - (ACC_1_2025),5,5,5,5,4,5,5,5,4,4,5,5,5
1U5_ujvFwSzpnz6olIFt2Ci8Edxkj9N6wUdipVn-4-EU,CÁNCER DE CÉRVIX 1°C 2025 - (ACC_1_2025),5,5,5,5,5,5,5,5,5,5,5,5,5
1U5_ujvFwSzpnz6olIFt2Ci8Edxkj9N6wUdipVn-4-EU,CÁNCER DE CÉRVIX 1°C 2025 - (ACC_1_2025),5,5,5,5,5,5,5,5,5,5,5,5,5
1U5_ujvFwSzpnz6olIFt2Ci8Edxkj9N6wUdipVn-4-EU,CÁNCER DE CÉRVIX 1°C 2025 - (ACC_1_2025),5,5,5,5,5,5,5,5,5,5,5,5,5
1EZpWR_Tw-68Nrqfc0j0DL5Sg3dgcLdGobM9ks62HuQE,CÁNCER DE MAMA 1°C 2025 - (CM_2025),5,5,5,5,5,5,5,5,5,5,5,5,5
1EZpWR_Tw-68Nrqfc0j0DL5Sg3dgcLdGobM9ks62HuQE,CÁNCER DE MAMA 1°C 2025 - (CM_2025),4,4,5,5,4,5,5,5,4,4,5,5,5
1EZpWR_Tw-68Nrqfc0j0DL5Sg3dgcLdGobM9ks62HuQE,CÁNCER DE MAMA 1°C 2025 - (CM_2025),4,4,4,4,4,4,4,4,4,4,4,4,4
1EZpWR_Tw-68Nrqfc0j0DL5Sg3dgcLdGobM9ks62HuQE,CÁNCER DE MAMA 1°C 2025 - (CM_2025),5,5,5,5,5,5,5,5,5,5,5,5,5
1EZpWR_Tw-68Nrqfc0j0DL5Sg3dgcLdGobM9ks62HuQE,CÁNCER DE MAMA 1°C 2025 - (CM_2025),5,4,5,4,4,4,3,1,1,1,3,5,4
1EZpWR_Tw-68Nrqfc0j0DL5Sg3dgcLdGobM9ks62HuQE,CÁNCER DE MAMA 1°C 2025 - (CM_2025),3,3,3,3,3,3,3,3,3,3,3,3,3
1EZpWR_Tw-68Nrqfc0j0DL5Sg3dgcLdGobM9ks62HuQE,CÁNCER DE MAMA 1°C 2025 - (CM_2025),5,5,5,5,5,5,5,5,5,5,5,5,5
1EZpWR_Tw-68Nrqfc0j0DL5Sg3dgcLdGobM9ks62HuQE,CÁNCER DE MAMA 1°C 2025 - (CM_2025),4,4,4,4,4,4,4,4,4,4,4,4,4
1EZpWR_Tw-68Nrqfc0j0DL5Sg3dgcLdGobM9ks62HuQE,CÁNCER DE MAMA 1°C 2025 - (CM_2025),5,5,5,5,5,5,5,5,5,5,5,5,5
1EZpWR_Tw-68Nrqfc0j0DL5Sg3dgcLdGobM9ks62HuQE,CÁNCER DE MAMA 1°C 2025 - (CM_2025),5,5,5,5,5,5,5,5,5,5,5,5,5
1EZpWR_Tw-68Nrqfc0j0DL5Sg3dgcLdGobM9ks62HuQE,CÁNCER DE MAMA 1°C 2025 - (CM_2025),5,5,5,5,5,5,5,5,4,4,5,5,5
1EZpWR_Tw-68Nrqfc0j0DL5Sg3dgcLdGobM9ks62HuQE,CÁNCER DE MAMA 1°C 2025 - (CM_2025),5,5,5,5,5,5,5,5,5,5,5,5,5
1EZpWR_Tw-68Nrqfc0j0DL5Sg3dgcLdGobM9ks62HuQE,CÁNCER DE MAMA 1°C 2025 - (CM_2025),4,5,5,5,5,5,5,5,5,5,5,5,5
1EZpWR_Tw-68Nrqfc0j0DL5Sg3dgcLdGobM9ks62HuQE,CÁNCER DE MAMA 1°C 2025 - (CM_2025),5,5,5,5,5,5,5,5,5,5,5,5,5
1EZpWR_Tw-68Nrqfc0j0DL5Sg3dgcLdGobM9ks62HuQE,CÁNCER DE MAMA 1°C 2025 - (CM_2025),5,5,5,5,5,5,5,5,5,5,5,5,5
1EZpWR_Tw-68Nrqfc0j0DL5Sg3dgcLdGobM9ks62HuQE,CÁNCER DE MAMA 1°C 2025 - (CM_2025),5,5,5,5,5,5,5,5,5,5,5,5,5
1EZpWR_Tw-68Nrqfc0j0DL5Sg3dgcLdGobM9ks62HuQE,CÁNCER DE MAMA 1°C 2025 - (CM_2025),5,5,5,5,5,5,5,5,5,5,5,5,5
1kVhvpXnfKye9Cdw3hjJgRDBmKH2jSpPWBU9F5QP5Ifs,CÁNCER PRÓSTATA 2°C 2025 - (ACP_2C_2025),5,5,5,5,5,5,5,5,5,5,5,5,5
1kVhvpXnfKye9Cdw3hjJgRDBmKH2jSpPWBU9F5QP5Ifs,CÁNCER PRÓSTATA 2°C 2025 - (ACP_2C_2025),5,5,5,5,5,5,5,5,5,5,5,5,5
1kVhvpXnfKye9Cdw3hjJgRDBmKH2jSpPWBU9F5QP5Ifs,CÁNCER PRÓSTATA 2°C 2025 - (ACP_2C_2025),5,5,5,5,5,5,5,5,5,5,5,5,5
1kVhvpXnfKye9Cdw3hjJgRDBmKH2jSpPWBU9F5QP5Ifs,CÁNCER PRÓSTATA 2°C 2025 - (ACP_2C_2025),4,4,4,4,3,4,4,4,3,3,4,4,4
1kVhvpXnfKye9Cdw3hjJgRDBmKH2jSpPWBU9F5QP5Ifs,CÁNCER PRÓSTATA 2°C 2025 - (ACP_2C_2025),5,5,5,5,5,5,5,5,5,5,5,5,5
1kVhvpXnfKye9Cdw3hjJgRDBmKH2jSpPWBU9F5QP5Ifs,CÁNCER PRÓSTATA 2°C 2025 - (ACP_2C_2025),5,5,5,5,5,5,5,5,4,4,5,5,5
1SvBn1B3iW8J7V2xi9uhdrsw0e9xPpvVvCjSgMOuzl00,CÁNCER INFANTIL 2°C 2025 - (CI_022025) (ACI_01_2026),5,5,5,5,5,5,5,5,5,5,5,5,5
1SvBn1B3iW8J7V2xi9uhdrsw0e9xPpvVvCjSgMOuzl00,CÁNCER INFANTIL 2°C 2025 - (CI_022025) (ACI_01_2026),5,5,5,5,5,5,5,5,5,5,5,5,5
1SvBn1B3iW8J7V2xi9uhdrsw0e9xPpvVvCjSgMOuzl00,CÁNCER INFANTIL 2°C 2025 - (CI_022025) (ACI_01_2026),5,5,5,5,5,5,5,5,5,4,5,5,5
1SvBn1B3iW8J7V2xi9uhdrsw0e9xPpvVvCjSgMOuzl00,CÁNCER INFANTIL 2°C 2025 - (CI_022025) (ACI_01_2026),4,4,4,4,4,4,2,2,2,2,3,3,3
1SvBn1B3iW8J7V2xi9uhdrsw0e9xPpvVvCjSgMOuzl00,CÁNCER INFANTIL 2°C 2025 - (CI_022025) (ACI_01_2026),5,5,5,5,5,5,5,5,5,5,5,5,5
1SvBn1B3iW8J7V2xi9uhdrsw0e9xPpvVvCjSgMOuzl00,CÁNCER INFANTIL 2°C 2025 - (CI_022025) (ACI_01_2026),5,5,5,5,5,5,5,5,5,5,5,5,5
1SvBn1B3iW8J7V2xi9uhdrsw0e9xPpvVvCjSgMOuzl00,CÁNCER INFANTIL 2°C 2025 - (CI_022025) (ACI_01_2026),5,5,5,5,5,5,5,5,5,5,5,5,5
1SvBn1B3iW8J7V2xi9uhdrsw0e9xPpvVvCjSgMOuzl00,CÁNCER INFANTIL 2°C 2025 - (CI_022025) (ACI_01_2026),1,1,5,5,5,5,5,5,5,5,5,5,5
1SvBn1B3iW8J7V2xi9uhdrsw0e9xPpvVvCjSgMOuzl00,CÁNCER INFANTIL 2°C 2025 - (CI_022025) (ACI_01_2026),4,4,4,4,4,5,5,4,3,3,4,4,5
1SvBn1B3iW8J7V2xi9uhdrsw0e9xPpvVvCjSgMOuzl00,CÁNCER INFANTIL 2°C 2025 - (CI_022025) (ACI_01_2026),5,5,5,5,5,5,5,5,5,5,5,5,5
1SvBn1B3iW8J7V2xi9uhdrsw0e9xPpvVvCjSgMOuzl00,CÁNCER INFANTIL 2°C 2025 - (CI_022025) (ACI_01_2026),5,5,4,4,5,5,4,5,4,4,5,4,4
1SvBn1B3iW8J7V2xi9uhdrsw0e9xPpvVvCjSgMOuzl00,CÁNCER INFANTIL 2°C 2025 - (CI_022025) (ACI_01_2026),4,4,4,4,4,4,4,4,4,4,4,4,4
1SvBn1B3iW8J7V2xi9uhdrsw0e9xPpvVvCjSgMOuzl00,CÁNCER INFANTIL 2°C 2025 - (CI_022025) (ACI_01_2026),5,5,5,5,5,5,5,5,5,5,5,5,5
1SvBn1B3iW8J7V2xi9uhdrsw0e9xPpvVvCjSgMOuzl00,CÁNCER INFANTIL 2°C 2025 - (CI_022025) (ACI_01_2026),1,1,1,1,1,1,1,1,1,1,1,1,1
1SvBn1B3iW8J7V2xi9uhdrsw0e9xPpvVvCjSgMOuzl00,CÁNCER INFANTIL 2°C 2025 - (CI_022025) (ACI_01_2026),4,4,4,4,4,4,4,4,4,4,4,4,4
1SvBn1B3iW8J7V2xi9uhdrsw0e9xPpvVvCjSgMOuzl00,CÁNCER INFANTIL 2°C 2025 - (CI_022025) (ACI_01_2026),5,5,5,5,5,5,5,5,5,5,5,5,5
1SvBn1B3iW8J7V2xi9uhdrsw0e9xPpvVvCjSgMOuzl00,CÁNCER INFANTIL 2°C 2025 - (CI_022025) (ACI_01_2026),5,5,5,5,5,5,5,5,5,5,5,5,5
1SvBn1B3iW8J7V2xi9uhdrsw0e9xPpvVvCjSgMOuzl00,CÁNCER INFANTIL 2°C 2025 - (CI_022025) (ACI_01_2026),5,5,5,5,5,5,5,5,5,5,5,5,5
1SvBn1B3iW8J7V2xi9uhdrsw0e9xPpvVvCjSgMOuzl00,CÁNCER INFANTIL 2°C 2025 - (CI_022025) (ACI_01_2026),5,5,5,5,5,5,5,5,5,5,5,5,5
1SvBn1B3iW8J7V2xi9uhdrsw0e9xPpvVvCjSgMOuzl00,CÁNCER INFANTIL 2°C 2025 - (CI_022025) (ACI_01_2026),1,1,1,1,1,1,1,1,1,1,1,1,1
1SvBn1B3iW8J7V2xi9uhdrsw0e9xPpvVvCjSgMOuzl00,CÁNCER INFANTIL 2°C 2025 - (CI_022025) (ACI_01_2026),5,5,5,5,5,5,5,4,4,5,5,5,5
1SvBn1B3iW8J7V2xi9uhdrsw0e9xPpvVvCjSgMOuzl00,CÁNCER INFANTIL 2°C 2025 - (CI_022025) (ACI_01_2026),5,5,5,5,5,5,5,5,5,5,5,5,5
1SvBn1B3iW8J7V2xi9uhdrsw0e9xPpvVvCjSgMOuzl00,CÁNCER INFANTIL 2°C 2025 - (CI_022025) (ACI_01_2026),4,4,5,4,4,4,4,4,4,4,5,4,4
1SvBn1B3iW8J7V2xi9uhdrsw0e9xPpvVvCjSgMOuzl00,CÁNCER INFANTIL 2°C 2025 - (CI_022025) (ACI_01_2026),4,4,4,4,4,4,4,4,4,4,4,4,4
1SvBn1B3iW8J7V2xi9uhdrsw0e9xPpvVvCjSgMOuzl00,CÁNCER INFANTIL 2°C 2025 - (CI_022025) (ACI_01_2026),4,4,4,4,5,4,4,3,4,3,4,4,4
1SvBn1B3iW8J7V2xi9uhdrsw0e9xPpvVvCjSgMOuzl00,CÁNCER INFANTIL 2°C 2025 - (CI_022025) (ACI_01_2026),1,1,1,1,1,1,1,1,1,1,1,1,1
1SvBn1B3iW8J7V2xi9uhdrsw0e9xPpvVvCjSgMOuzl00,CÁNCER INFANTIL 2°C 2025 - (CI_022025) (ACI_01_2026),5,5,5,5,5,5,5,5,5,5,5,5,5
1SvBn1B3iW8J7V2xi9uhdrsw0e9xPpvVvCjSgMOuzl00,CÁNCER INFANTIL 2°C 2025 - (CI_022025) (ACI_01_2026),5,5,5,4,5,5,5,5,4,4,4,5,5
1SvBn1B3iW8J7V2xi9uhdrsw0e9xPpvVvCjSgMOuzl00,CÁNCER INFANTIL 2°C 2025 - (CI_022025) (ACI_01_2026),4,5,4,4,4,4,4,4,4,4,4,4,4
1SvBn1B3iW8J7V2xi9uhdrsw0e9xPpvVvCjSgMOuzl00,CÁNCER INFANTIL 2°C 2025 - (CI_022025) (ACI_01_2026),5,5,5,5,5,5,5,5,5,5,5,5,5
1SvBn1B3iW8J7V2xi9uhdrsw0e9xPpvVvCjSgMOuzl00,CÁNCER INFANTIL 2°C 2025 - (CI_022025) (ACI_01_2026),5,5,5,5,5,5,5,5,5,5,5,5,5
1SvBn1B3iW8J7V2xi9uhdrsw0e9xPpvVvCjSgMOuzl00,CÁNCER INFANTIL 2°C 2025 - (CI_022025) (ACI_01_2026),4,4,4,4,4,4,4,4,4,4,4,4,4
1SvBn1B3iW8J7V2xi9uhdrsw0e9xPpvVvCjSgMOuzl00,CÁNCER INFANTIL 2°C 2025 - (CI_022025) (ACI_01_2026),5,5,5,5,5,4,5,5,3,4,5,5,5
1SvBn1B3iW8J7V2xi9uhdrsw0e9xPpvVvCjSgMOuzl00,CÁNCER INFANTIL 2°C 2025 - (CI_022025) (ACI_01_2026),5,5,5,5,5,5,5,5,4,1,5,5,5
1SvBn1B3iW8J7V2xi9uhdrsw0e9xPpvVvCjSgMOuzl00,CÁNCER INFANTIL 2°C 2025 - (CI_022025) (ACI_01_2026),5,5,5,5,5,5,5,5,5,5,5,5,5
1SvBn1B3iW8J7V2xi9uhdrsw0e9xPpvVvCjSgMOuzl00,CÁNCER INFANTIL 2°C 2025 - (CI_022025) (ACI_01_2026),5,5,5,5,5,5,5,5,5,5,5,5,5
1SvBn1B3iW8J7V2xi9uhdrsw0e9xPpvVvCjSgMOuzl00,CÁNCER INFANTIL 2°C 2025 - (CI_022025) (ACI_01_2026),5,5,5,5,5,5,5,4,5,5,5,5,5
1SvBn1B3iW8J7V2xi9uhdrsw0e9xPpvVvCjSgMOuzl00,CÁNCER INFANTIL 2°C 2025 - (CI_022025) (ACI_01_2026),4,4,4,4,4,4,4,4,4,4,4,4,4
1SvBn1B3iW8J7V2xi9uhdrsw0e9xPpvVvCjSgMOuzl00,CÁNCER INFANTIL 2°C 2025 - (CI_022025) (ACI_01_2026),5,4,4,5,3,4,4,3,4,3,4,4,4
1SvBn1B3iW8J7V2xi9uhdrsw0e9xPpvVvCjSgMOuzl00,CÁNCER INFANTIL 2°C 2025 - (CI_022025) (ACI_01_2026),4,4,4,4,4,4,4,4,4,4,4,4,4
1SvBn1B3iW8J7V2xi9uhdrsw0e9xPpvVvCjSgMOuzl00,CÁNCER INFANTIL 2°C 2025 - (CI_022025) (ACI_01_2026),5,5,5,5,5,5,4,4,4,4,5,5,4
1SvBn1B3iW8J7V2xi9uhdrsw0e9xPpvVvCjSgMOuzl00,CÁNCER INFANTIL 2°C 2025 - (CI_022025) (ACI_01_2026),5,5,5,5,5,5,5,5,5,5,5,5,5
1SvBn1B3iW8J7V2xi9uhdrsw0e9xPpvVvCjSgMOuzl00,CÁNCER INFANTIL 2°C 2025 - (CI_022025) (ACI_01_2026),5,5,5,5,3,5,5,4,5,5,5,5,5
1SvBn1B3iW8J7V2xi9uhdrsw0e9xPpvVvCjSgMOuzl00,CÁNCER INFANTIL 2°C 2025 - (CI_022025) (ACI_01_2026),5,5,5,5,5,5,5,5,5,5,5,5,5
1SvBn1B3iW8J7V2xi9uhdrsw0e9xPpvVvCjSgMOuzl00,CÁNCER INFANTIL 2°C 2025 - (CI_022025) (ACI_01_2026),5,5,5,5,5,5,5,5,5,5,5,5,5
1SvBn1B3iW8J7V2xi9uhdrsw0e9xPpvVvCjSgMOuzl00,CÁNCER INFANTIL 2°C 2025 - (CI_022025) (ACI_01_2026),5,5,5,5,5,5,5,5,5,5,5,5,5
1SvBn1B3iW8J7V2xi9uhdrsw0e9xPpvVvCjSgMOuzl00,CÁNCER INFANTIL 2°C 2025 - (CI_022025) (ACI_01_2026),5,5,5,5,5,5,5,5,5,5,5,5,5
1SvBn1B3iW8J7V2xi9uhdrsw0e9xPpvVvCjSgMOuzl00,CÁNCER INFANTIL 2°C 2025 - (CI_022025) (ACI_01_2026),5,5,5,5,5,5,5,5,5,5,5,5,5
1SvBn1B3iW8J7V2xi9uhdrsw0e9xPpvVvCjSgMOuzl00,CÁNCER INFANTIL 2°C 2025 - (CI_022025) (ACI_01_2026),5,5,5,5,5,5,5,5,5,5,5,5,5
1SvBn1B3iW8J7V2xi9uhdrsw0e9xPpvVvCjSgMOuzl00,CÁNCER INFANTIL 2°C 2025 - (CI_022025) (ACI_01_2026),5,5,5,5,5,5,5,5,5,5,5,5,5
1SvBn1B3iW8J7V2xi9uhdrsw0e9xPpvVvCjSgMOuzl00,CÁNCER INFANTIL 2°C 2025 - (CI_022025) (ACI_01_2026),4,4,4,4,5,5,4,4,4,3,5,5,4
1SvBn1B3iW8J7V2xi9uhdrsw0e9xPpvVvCjSgMOuzl00,CÁNCER INFANTIL 2°C 2025 - (CI_022025) (ACI_01_2026),5,5,5,5,5,5,5,5,5,5,5,5,5
1-_7T9hg-5OCeDQRGg50q65zyOt8aRwAM6sw8z7_e6fM,RPMS ADOLESCENCIA 2°C 2025 - (AISPPMSCVA_2025),4,4,4,4,4,4,4,4,4,4,4,4,4
1-_7T9hg-5OCeDQRGg50q65zyOt8aRwAM6sw8z7_e6fM,RPMS ADOLESCENCIA 2°C 2025 - (AISPPMSCVA_2025),5,5,5,5,5,5,5,5,5,5,5,5,5
1-_7T9hg-5OCeDQRGg50q65zyOt8aRwAM6sw8z7_e6fM,RPMS ADOLESCENCIA 2°C 2025 - (AISPPMSCVA_2025),4,4,4,4,4,4,4,4,4,4,4,4,5
1-_7T9hg-5OCeDQRGg50q65zyOt8aRwAM6sw8z7_e6fM,RPMS ADOLESCENCIA 2°C 2025 - (AISPPMSCVA_2025),1,1,1,1,1,1,1,1,1,4,1,1,1
1-_7T9hg-5OCeDQRGg50q65zyOt8aRwAM6sw8z7_e6fM,RPMS ADOLESCENCIA 2°C 2025 - (AISPPMSCVA_2025),5,5,5,5,5,5,5,5,4,4,5,5,5
1-_7T9hg-5OCeDQRGg50q65zyOt8aRwAM6sw8z7_e6fM,RPMS ADOLESCENCIA 2°C 2025 - (AISPPMSCVA_2025),4,5,5,5,5,5,5,1,1,1,5,5,5
1-_7T9hg-5OCeDQRGg50q65zyOt8aRwAM6sw8z7_e6fM,RPMS ADOLESCENCIA 2°C 2025 - (AISPPMSCVA_2025),4,4,4,4,4,5,4,4,4,4,4,4,4
1-_7T9hg-5OCeDQRGg50q65zyOt8aRwAM6sw8z7_e6fM,RPMS ADOLESCENCIA 2°C 2025 - (AISPPMSCVA_2025),5,5,5,5,5,5,5,5,5,5,5,5,5
1-_7T9hg-5OCeDQRGg50q65zyOt8aRwAM6sw8z7_e6fM,RPMS ADOLESCENCIA 2°C 2025 - (AISPPMSCVA_2025),4,4,4,4,4,4,4,4,4,4,4,4,4
1-_7T9hg-5OCeDQRGg50q65zyOt8aRwAM6sw8z7_e6fM,RPMS ADOLESCENCIA 2°C 2025 - (AISPPMSCVA_2025),5,5,5,5,5,5,5,5,4,4,5,5,5
1-_7T9hg-5OCeDQRGg50q65zyOt8aRwAM6sw8z7_e6fM,RPMS ADOLESCENCIA 2°C 2025 - (AISPPMSCVA_2025),5,4,4,4,4,4,4,4,4,4,4,4,4
16XZtXlYrgm5VckLawtyZKhgM9DmFdcBtdG6ybK5ztQY,RPMS ADULTEZ 2°C 2025 - (AISPPMSCVAZ_2025),5,5,5,5,5,5,5,4,5,4,5,5,5
16XZtXlYrgm5VckLawtyZKhgM9DmFdcBtdG6ybK5ztQY,RPMS ADULTEZ 2°C 2025 - (AISPPMSCVAZ_2025),4,5,4,5,4,5,4,5,4,5,4,5,4
16XZtXlYrgm5VckLawtyZKhgM9DmFdcBtdG6ybK5ztQY,RPMS ADULTEZ 2°C 2025 - (AISPPMSCVAZ_2025),5,5,5,5,4,5,4,5,3,3,5,4,4
16XZtXlYrgm5VckLawtyZKhgM9DmFdcBtdG6ybK5ztQY,RPMS ADULTEZ 2°C 2025 - (AISPPMSCVAZ_2025),5,4,4,4,5,5,5,5,5,5,5,5,5
1bifyq4ASzro3R1glKA2JnM0rQZq0iSwEFLJuHCO3BsU,RPMS INFANCIA 3° 2025 - (AISPPMSCVI_03_2025),4,4,4,4,4,4,4,4,4,4,4,4,4
1bifyq4ASzro3R1glKA2JnM0rQZq0iSwEFLJuHCO3BsU,RPMS INFANCIA 3° 2025 - (AISPPMSCVI_03_2025),5,4,5,4,4,5,4,4,4,4,5,4,4
1bifyq4ASzro3R1glKA2JnM0rQZq0iSwEFLJuHCO3BsU,RPMS INFANCIA 3° 2025 - (AISPPMSCVI_03_2025),5,5,4,4,5,5,5,5,5,5,5,5,5
1bifyq4ASzro3R1glKA2JnM0rQZq0iSwEFLJuHCO3BsU,RPMS INFANCIA 3° 2025 - (AISPPMSCVI_03_2025),4,4,4,4,4,4,4,4,4,4,4,4,4
1bifyq4ASzro3R1glKA2JnM0rQZq0iSwEFLJuHCO3BsU,RPMS INFANCIA 3° 2025 - (AISPPMSCVI_03_2025),5,5,5,5,5,5,5,5,5,5,5,5,5
1bifyq4ASzro3R1glKA2JnM0rQZq0iSwEFLJuHCO3BsU,RPMS INFANCIA 3° 2025 - (AISPPMSCVI_03_2025),1,1,1,1,1,1,1,4,5,5,5,5,5
1bifyq4ASzro3R1glKA2JnM0rQZq0iSwEFLJuHCO3BsU,RPMS INFANCIA 3° 2025 - (AISPPMSCVI_03_2025),5,5,5,5,5,5,5,5,5,5,5,5,5
1bifyq4ASzro3R1glKA2JnM0rQZq0iSwEFLJuHCO3BsU,RPMS INFANCIA 3° 2025 - (AISPPMSCVI_03_2025),5,5,5,5,5,5,5,5,5,5,5,5,5
1bifyq4ASzro3R1glKA2JnM0rQZq0iSwEFLJuHCO3BsU,RPMS INFANCIA 3° 2025 - (AISPPMSCVI_03_2025),4,4,4,4,4,4,4,4,4,4,4,4,4
1bifyq4ASzro3R1glKA2JnM0rQZq0iSwEFLJuHCO3BsU,RPMS INFANCIA 3° 2025 - (AISPPMSCVI_03_2025),4,4,4,4,4,4,3,3,3,3,5,4,4
1bifyq4ASzro3R1glKA2JnM0rQZq0iSwEFLJuHCO3BsU,RPMS INFANCIA 3° 2025 - (AISPPMSCVI_03_2025),5,5,5,5,5,5,5,5,5,5,5,5,5
1bifyq4ASzro3R1glKA2JnM0rQZq0iSwEFLJuHCO3BsU,RPMS INFANCIA 3° 2025 - (AISPPMSCVI_03_2025),5,5,5,5,5,5,5,5,5,5,5,5,5
1bifyq4ASzro3R1glKA2JnM0rQZq0iSwEFLJuHCO3BsU,RPMS INFANCIA 3° 2025 - (AISPPMSCVI_03_2025),4,5,4,5,4,4,4,4,4,4,4,5,5
1bifyq4ASzro3R1glKA2JnM0rQZq0iSwEFLJuHCO3BsU,RPMS INFANCIA 3° 2025 - (AISPPMSCVI_03_2025),5,5,5,5,5,5,5,5,5,5,5,5,5
1bifyq4ASzro3R1glKA2JnM0rQZq0iSwEFLJuHCO3BsU,RPMS INFANCIA 3° 2025 - (AISPPMSCVI_03_2025),5,5,5,5,5,5,5,5,5,5,5,5,5
1bifyq4ASzro3R1glKA2JnM0rQZq0iSwEFLJuHCO3BsU,RPMS INFANCIA 3° 2025 - (AISPPMSCVI_03_2025),5,5,5,5,5,4,5,5,3,1,5,5,5
1bifyq4ASzro3R1glKA2JnM0rQZq0iSwEFLJuHCO3BsU,RPMS INFANCIA 3° 2025 - (AISPPMSCVI_03_2025),5,5,5,5,5,5,5,5,5,5,5,5,5
1bifyq4ASzro3R1glKA2JnM0rQZq0iSwEFLJuHCO3BsU,RPMS INFANCIA 3° 2025 - (AISPPMSCVI_03_2025),4,4,4,4,4,4,4,4,4,4,4,4,4
1bifyq4ASzro3R1glKA2JnM0rQZq0iSwEFLJuHCO3BsU,RPMS INFANCIA 3° 2025 - (AISPPMSCVI_03_2025),4,4,4,4,4,4,4,4,4,4,4,4,4
1bifyq4ASzro3R1glKA2JnM0rQZq0iSwEFLJuHCO3BsU,RPMS INFANCIA 3° 2025 - (AISPPMSCVI_03_2025),5,5,5,5,5,5,5,5,5,5,5,5,5
1bifyq4ASzro3R1glKA2JnM0rQZq0iSwEFLJuHCO3BsU,RPMS INFANCIA 3° 2025 - (AISPPMSCVI_03_2025),4,4,3,3,4,4,4,4,4,4,4,4,4
1bifyq4ASzro3R1glKA2JnM0rQZq0iSwEFLJuHCO3BsU,RPMS INFANCIA 3° 2025 - (AISPPMSCVI_03_2025),5,5,5,5,5,5,5,5,5,5,5,5,5
1bifyq4ASzro3R1glKA2JnM0rQZq0iSwEFLJuHCO3BsU,RPMS INFANCIA 3° 2025 - (AISPPMSCVI_03_2025),5,5,5,5,5,5,5,5,5,5,5,5,5
1bifyq4ASzro3R1glKA2JnM0rQZq0iSwEFLJuHCO3BsU,RPMS INFANCIA 3° 2025 - (AISPPMSCVI_03_2025),5,5,5,5,5,5,5,5,5,2,5,5,5
1bifyq4ASzro3R1glKA2JnM0rQZq0iSwEFLJuHCO3BsU,RPMS INFANCIA 3° 2025 - (AISPPMSCVI_03_2025),5,5,5,5,5,5,5,5,5,5,5,5,5
1bifyq4ASzro3R1glKA2JnM0rQZq0iSwEFLJuHCO3BsU,RPMS INFANCIA 3° 2025 - (AISPPMSCVI_03_2025),4,4,4,4,4,4,4,4,4,4,4,4,4
1bifyq4ASzro3R1glKA2JnM0rQZq0iSwEFLJuHCO3BsU,RPMS INFANCIA 3° 2025 - (AISPPMSCVI_03_2025),5,5,5,5,5,5,5,5,5,5,5,5,5
1bifyq4ASzro3R1glKA2JnM0rQZq0iSwEFLJuHCO3BsU,RPMS INFANCIA 3° 2025 - (AISPPMSCVI_03_2025),5,5,5,5,5,5,5,5,4,5,5,5,5
1bifyq4ASzro3R1glKA2JnM0rQZq0iSwEFLJuHCO3BsU,RPMS INFANCIA 3° 2025 - (AISPPMSCVI_03_2025),5,5,5,5,5,5,5,5,5,5,5,5,5
1bifyq4ASzro3R1glKA2JnM0rQZq0iSwEFLJuHCO3BsU,RPMS INFANCIA 3° 2025 - (AISPPMSCVI_03_2025),5,5,5,5,5,5,4,4,5,3,5,3,4
1bifyq4ASzro3R1glKA2JnM0rQZq0iSwEFLJuHCO3BsU,RPMS INFANCIA 3° 2025 - (AISPPMSCVI_03_2025),4,5,5,5,5,5,5,5,5,5,4,5,5
1bifyq4ASzro3R1glKA2JnM0rQZq0iSwEFLJuHCO3BsU,RPMS INFANCIA 3° 2025 - (AISPPMSCVI_03_2025),5,5,5,5,5,5,5,5,5,5,5,5,5
1bifyq4ASzro3R1glKA2JnM0rQZq0iSwEFLJuHCO3BsU,RPMS INFANCIA 3° 2025 - (AISPPMSCVI_03_2025),5,5,5,5,5,5,4,5,4,5,5,5,4
1bifyq4ASzro3R1glKA2JnM0rQZq0iSwEFLJuHCO3BsU,RPMS INFANCIA 3° 2025 - (AISPPMSCVI_03_2025),5,5,5,5,5,5,5,5,5,5,5,5,5
1bifyq4ASzro3R1glKA2JnM0rQZq0iSwEFLJuHCO3BsU,RPMS INFANCIA 3° 2025 - (AISPPMSCVI_03_2025),4,4,4,4,4,4,4,4,4,4,4,4,4
1bifyq4ASzro3R1glKA2JnM0rQZq0iSwEFLJuHCO3BsU,RPMS INFANCIA 3° 2025 - (AISPPMSCVI_03_2025),5,5,5,5,5,5,5,5,5,5,5,5,5
1bifyq4ASzro3R1glKA2JnM0rQZq0iSwEFLJuHCO3BsU,RPMS INFANCIA 3° 2025 - (AISPPMSCVI_03_2025),4,5,5,5,5,5,5,3,3,3,5,5,5
1bifyq4ASzro3R1glKA2JnM0rQZq0iSwEFLJuHCO3BsU,RPMS INFANCIA 3° 2025 - (AISPPMSCVI_03_2025),4,4,4,4,4,4,4,4,4,4,4,4,4
1bifyq4ASzro3R1glKA2JnM0rQZq0iSwEFLJuHCO3BsU,RPMS INFANCIA 3° 2025 - (AISPPMSCVI_03_2025),4,4,4,3,4,4,3,3,3,3,3,4,3
1bifyq4ASzro3R1glKA2JnM0rQZq0iSwEFLJuHCO3BsU,RPMS INFANCIA 3° 2025 - (AISPPMSCVI_03_2025),5,5,5,5,5,5,5,5,5,5,5,5,5
1vM0maqqYuLdNtTq98TADkleoeglOp3HysW4d-nFg4PQ,RPMS INFANCIA 2°C 2025 - (AISPPMSCVI_2025),5,5,5,5,5,5,5,5,5,5,5,5,5
1vM0maqqYuLdNtTq98TADkleoeglOp3HysW4d-nFg4PQ,RPMS INFANCIA 2°C 2025 - (AISPPMSCVI_2025),5,5,5,5,5,5,5,5,5,5,5,5,5
1vM0maqqYuLdNtTq98TADkleoeglOp3HysW4d-nFg4PQ,RPMS INFANCIA 2°C 2025 - (AISPPMSCVI_2025),5,5,5,5,5,4,4,5,3,3,5,5,5
1vM0maqqYuLdNtTq98TADkleoeglOp3HysW4d-nFg4PQ,RPMS INFANCIA 2°C 2025 - (AISPPMSCVI_2025),5,5,5,5,5,5,5,5,5,5,5,5,5
1vM0maqqYuLdNtTq98TADkleoeglOp3HysW4d-nFg4PQ,RPMS INFANCIA 2°C 2025 - (AISPPMSCVI_2025),5,5,5,5,5,5,5,5,5,5,5,5,5
13PrJGCVgOdGYYKJMO98lfP-XmFYPgq0R3s37oVqVKXQ,RPMS JUVENTUD 2°C 2025 - (AISPPMSCVJA_2025),4,4,4,4,4,4,4,4,4,4,4,4,4
13PrJGCVgOdGYYKJMO98lfP-XmFYPgq0R3s37oVqVKXQ,RPMS JUVENTUD 2°C 2025 - (AISPPMSCVJA_2025),5,5,5,4,5,5,5,5,5,4,5,5,5
13PrJGCVgOdGYYKJMO98lfP-XmFYPgq0R3s37oVqVKXQ,RPMS JUVENTUD 2°C 2025 - (AISPPMSCVJA_2025),4,4,4,4,4,4,4,4,4,4,4,4,4
13PrJGCVgOdGYYKJMO98lfP-XmFYPgq0R3s37oVqVKXQ,RPMS JUVENTUD 2°C 2025 - (AISPPMSCVJA_2025),5,5,5,5,5,5,5,5,5,5,5,5,5
13PrJGCVgOdGYYKJMO98lfP-XmFYPgq0R3s37oVqVKXQ,RPMS JUVENTUD 2°C 2025 - (AISPPMSCVJA_2025),5,5,5,5,5,5,5,5,5,4,5,5,5
13PrJGCVgOdGYYKJMO98lfP-XmFYPgq0R3s37oVqVKXQ,RPMS JUVENTUD 2°C 2025 - (AISPPMSCVJA_2025),5,5,5,5,5,5,5,5,5,5,5,5,5
13PrJGCVgOdGYYKJMO98lfP-XmFYPgq0R3s37oVqVKXQ,RPMS JUVENTUD 2°C 2025 - (AISPPMSCVJA_2025),5,5,5,5,5,5,5,5,5,4,4,4,4
13PrJGCVgOdGYYKJMO98lfP-XmFYPgq0R3s37oVqVKXQ,RPMS JUVENTUD 2°C 2025 - (AISPPMSCVJA_2025),5,5,5,5,5,5,5,5,5,5,5,5,5
13PrJGCVgOdGYYKJMO98lfP-XmFYPgq0R3s37oVqVKXQ,RPMS JUVENTUD 2°C 2025 - (AISPPMSCVJA_2025),4,4,4,4,4,4,4,4,4,4,4,4,4
13PrJGCVgOdGYYKJMO98lfP-XmFYPgq0R3s37oVqVKXQ,RPMS JUVENTUD 2°C 2025 - (AISPPMSCVJA_2025),5,5,5,5,5,5,5,5,5,5,5,5,5
1lbKm4i9cNMFmpGClorrQokVv_7NgdwDQkH0bMGXqFes,RPMS 3° 2025 - (AISPPMSCVPI_03_2025),5,5,5,5,5,5,5,5,5,5,5,5,5
1lbKm4i9cNMFmpGClorrQokVv_7NgdwDQkH0bMGXqFes,RPMS 3° 2025 - (AISPPMSCVPI_03_2025),5,5,5,5,5,5,5,5,5,5,5,5,5
1lbKm4i9cNMFmpGClorrQokVv_7NgdwDQkH0bMGXqFes,RPMS 3° 2025 - (AISPPMSCVPI_03_2025),5,5,5,5,5,5,5,5,5,5,5,5,5
1lbKm4i9cNMFmpGClorrQokVv_7NgdwDQkH0bMGXqFes,RPMS 3° 2025 - (AISPPMSCVPI_03_2025),3,3,3,3,3,3,3,3,3,3,3,3,3
1lbKm4i9cNMFmpGClorrQokVv_7NgdwDQkH0bMGXqFes,RPMS 3° 2025 - (AISPPMSCVPI_03_2025),5,5,5,5,5,5,5,5,5,5,5,5,5
1lbKm4i9cNMFmpGClorrQokVv_7NgdwDQkH0bMGXqFes,RPMS 3° 2025 - (AISPPMSCVPI_03_2025),5,5,5,5,5,5,5,5,5,5,5,5,5
1lbKm4i9cNMFmpGClorrQokVv_7NgdwDQkH0bMGXqFes,RPMS 3° 2025 - (AISPPMSCVPI_03_2025),5,5,5,5,5,5,5,5,5,5,5,5,5
1lbKm4i9cNMFmpGClorrQokVv_7NgdwDQkH0bMGXqFes,RPMS 3° 2025 - (AISPPMSCVPI_03_2025),4,4,4,5,5,5,5,5,4,4,4,4,4
1lbKm4i9cNMFmpGClorrQokVv_7NgdwDQkH0bMGXqFes,RPMS 3° 2025 - (AISPPMSCVPI_03_2025),5,5,5,5,5,5,5,5,5,5,5,5,5
1lbKm4i9cNMFmpGClorrQokVv_7NgdwDQkH0bMGXqFes,RPMS 3° 2025 - (AISPPMSCVPI_03_2025),4,4,4,4,4,4,4,4,4,4,4,4,4
1lbKm4i9cNMFmpGClorrQokVv_7NgdwDQkH0bMGXqFes,RPMS 3° 2025 - (AISPPMSCVPI_03_2025),5,5,5,5,5,5,5,5,5,5,5,5,5
1lbKm4i9cNMFmpGClorrQokVv_7NgdwDQkH0bMGXqFes,RPMS 3° 2025 - (AISPPMSCVPI_03_2025),4,4,4,4,4,4,4,4,4,4,4,4,4
1lbKm4i9cNMFmpGClorrQokVv_7NgdwDQkH0bMGXqFes,RPMS 3° 2025 - (AISPPMSCVPI_03_2025),5,5,5,5,5,5,5,5,5,5,5,5,5
1lbKm4i9cNMFmpGClorrQokVv_7NgdwDQkH0bMGXqFes,RPMS 3° 2025 - (AISPPMSCVPI_03_2025),4,4,4,4,4,4,4,4,4,4,4,4,4
1lbKm4i9cNMFmpGClorrQokVv_7NgdwDQkH0bMGXqFes,RPMS 3° 2025 - (AISPPMSCVPI_03_2025),4,4,4,4,4,4,4,4,4,4,4,4,4
1lbKm4i9cNMFmpGClorrQokVv_7NgdwDQkH0bMGXqFes,RPMS 3° 2025 - (AISPPMSCVPI_03_2025),4,4,4,3,3,4,4,4,3,3,3,4,3
1lbKm4i9cNMFmpGClorrQokVv_7NgdwDQkH0bMGXqFes,RPMS 3° 2025 - (AISPPMSCVPI_03_2025),5,4,4,4,5,4,4,4,4,4,5,4,5
1lbKm4i9cNMFmpGClorrQokVv_7NgdwDQkH0bMGXqFes,RPMS 3° 2025 - (AISPPMSCVPI_03_2025),4,4,4,4,4,4,3,3,3,3,3,3,3
1lbKm4i9cNMFmpGClorrQokVv_7NgdwDQkH0bMGXqFes,RPMS 3° 2025 - (AISPPMSCVPI_03_2025),5,5,5,4,4,4,4,4,4,4,4,4,4
1lbKm4i9cNMFmpGClorrQokVv_7NgdwDQkH0bMGXqFes,RPMS 3° 2025 - (AISPPMSCVPI_03_2025),5,5,5,5,3,4,5,5,4,5,5,5,5
1lbKm4i9cNMFmpGClorrQokVv_7NgdwDQkH0bMGXqFes,RPMS 3° 2025 - (AISPPMSCVPI_03_2025),5,5,5,5,5,5,5,5,4,4,5,5,5
1lbKm4i9cNMFmpGClorrQokVv_7NgdwDQkH0bMGXqFes,RPMS 3° 2025 - (AISPPMSCVPI_03_2025),5,5,5,5,5,5,5,5,5,5,5,5,5
1lbKm4i9cNMFmpGClorrQokVv_7NgdwDQkH0bMGXqFes,RPMS 3° 2025 - (AISPPMSCVPI_03_2025),4,4,4,4,4,4,3,4,4,4,4,4,4
1lbKm4i9cNMFmpGClorrQokVv_7NgdwDQkH0bMGXqFes,RPMS 3° 2025 - (AISPPMSCVPI_03_2025),5,5,5,5,5,5,5,5,5,5,5,5,5
1lbKm4i9cNMFmpGClorrQokVv_7NgdwDQkH0bMGXqFes,RPMS 3° 2025 - (AISPPMSCVPI_03_2025),5,5,5,5,5,5,5,5,5,5,5,5,5
1lbKm4i9cNMFmpGClorrQokVv_7NgdwDQkH0bMGXqFes,RPMS 3° 2025 - (AISPPMSCVPI_03_2025),4,5,4,4,4,4,4,5,4,4,4,4,4
1spgZuD19qFNdQUB1E16r9HJXN0c5YiG5bnA0wIEdqrE,RPMS PRIMERA INFANCIA 2°C 2025 - (AISPPMSCVPI_2025),5,5,5,5,5,5,5,5,5,5,5,5,5
1spgZuD19qFNdQUB1E16r9HJXN0c5YiG5bnA0wIEdqrE,RPMS PRIMERA INFANCIA 2°C 2025 - (AISPPMSCVPI_2025),5,5,4,5,5,5,5,5,4,4,5,5,5
1spgZuD19qFNdQUB1E16r9HJXN0c5YiG5bnA0wIEdqrE,RPMS PRIMERA INFANCIA 2°C 2025 - (AISPPMSCVPI_2025),5,5,5,5,5,5,5,5,5,5,5,5,5
1spgZuD19qFNdQUB1E16r9HJXN0c5YiG5bnA0wIEdqrE,RPMS PRIMERA INFANCIA 2°C 2025 - (AISPPMSCVPI_2025),5,5,5,5,5,5,5,5,5,5,5,5,5
1spgZuD19qFNdQUB1E16r9HJXN0c5YiG5bnA0wIEdqrE,RPMS PRIMERA INFANCIA 2°C 2025 - (AISPPMSCVPI_2025),5,5,5,5,5,5,5,5,5,5,5,5,5
1spgZuD19qFNdQUB1E16r9HJXN0c5YiG5bnA0wIEdqrE,RPMS PRIMERA INFANCIA 2°C 2025 - (AISPPMSCVPI_2025),4,4,4,4,4,4,4,4,4,4,4,4,4
1spgZuD19qFNdQUB1E16r9HJXN0c5YiG5bnA0wIEdqrE,RPMS PRIMERA INFANCIA 2°C 2025 - (AISPPMSCVPI_2025),5,5,5,5,5,5,5,5,5,5,5,5,5
1spgZuD19qFNdQUB1E16r9HJXN0c5YiG5bnA0wIEdqrE,RPMS PRIMERA INFANCIA 2°C 2025 - (AISPPMSCVPI_2025),4,4,4,4,4,4,4,4,4,4,4,4,4
1spgZuD19qFNdQUB1E16r9HJXN0c5YiG5bnA0wIEdqrE,RPMS PRIMERA INFANCIA 2°C 2025 - (AISPPMSCVPI_2025),4,4,4,4,4,4,4,4,4,4,4,4,4
1spgZuD19qFNdQUB1E16r9HJXN0c5YiG5bnA0wIEdqrE,RPMS PRIMERA INFANCIA 2°C 2025 - (AISPPMSCVPI_2025),5,5,5,5,5,5,5,5,5,4,4,4,4
1H7ZeHSgGwlxJbd5ftpfsa-LMtEmmp8QUIYuIylS68zI,RPMS VEJEZ 2°C 2025 - (AISPMSCVV_012025),5,5,5,5,5,5,5,5,5,5,5,5,5
1H7ZeHSgGwlxJbd5ftpfsa-LMtEmmp8QUIYuIylS68zI,RPMS VEJEZ 2°C 2025 - (AISPMSCVV_012025),5,5,5,5,5,5,5,5,4,4,4,5,4
1H7ZeHSgGwlxJbd5ftpfsa-LMtEmmp8QUIYuIylS68zI,RPMS VEJEZ 2°C 2025 - (AISPMSCVV_012025),5,5,5,5,5,5,5,5,4,3,5,5,5
1H7ZeHSgGwlxJbd5ftpfsa-LMtEmmp8QUIYuIylS68zI,RPMS VEJEZ 2°C 2025 - (AISPMSCVV_012025),5,5,5,5,5,5,5,5,5,5,5,5,5
1HC1X02xdWToZwiNjKQxfMYbCtQgiRCrhs_sXwUSh7bI,DISCAPACIDAD DE ENFERMEDAD DE HANSEN 2026 - (DIS_HANSEN),4,4,4,4,4,4,3,3,3,3,4,4,4
1HC1X02xdWToZwiNjKQxfMYbCtQgiRCrhs_sXwUSh7bI,DISCAPACIDAD DE ENFERMEDAD DE HANSEN 2026 - (DIS_HANSEN),5,5,4,5,4,5,4,5,5,5,4,5,4
1HC1X02xdWToZwiNjKQxfMYbCtQgiRCrhs_sXwUSh7bI,DISCAPACIDAD DE ENFERMEDAD DE HANSEN 2026 - (DIS_HANSEN),5,5,5,5,5,5,5,5,4,5,5,5,5
1HC1X02xdWToZwiNjKQxfMYbCtQgiRCrhs_sXwUSh7bI,DISCAPACIDAD DE ENFERMEDAD DE HANSEN 2026 - (DIS_HANSEN),4,4,4,4,4,4,4,4,4,4,4,4,4
1HC1X02xdWToZwiNjKQxfMYbCtQgiRCrhs_sXwUSh7bI,DISCAPACIDAD DE ENFERMEDAD DE HANSEN 2026 - (DIS_HANSEN),5,5,5,5,5,5,5,5,5,5,5,5,5
1HC1X02xdWToZwiNjKQxfMYbCtQgiRCrhs_sXwUSh7bI,DISCAPACIDAD DE ENFERMEDAD DE HANSEN 2026 - (DIS_HANSEN),4,4,4,4,4,4,4,4,4,4,4,4,4
1HC1X02xdWToZwiNjKQxfMYbCtQgiRCrhs_sXwUSh7bI,DISCAPACIDAD DE ENFERMEDAD DE HANSEN 2026 - (DIS_HANSEN),4,4,4,4,4,4,4,4,4,4,4,4,4
1HC1X02xdWToZwiNjKQxfMYbCtQgiRCrhs_sXwUSh7bI,DISCAPACIDAD DE ENFERMEDAD DE HANSEN 2026 - (DIS_HANSEN),5,4,5,4,5,4,5,5,4,5,5,5,4
1HC1X02xdWToZwiNjKQxfMYbCtQgiRCrhs_sXwUSh7bI,DISCAPACIDAD DE ENFERMEDAD DE HANSEN 2026 - (DIS_HANSEN),5,5,5,5,5,5,5,5,5,5,5,5,5
1IjLMuritRaLZsjoJpPpGIxpRwGqq1XiIBhZeZwN5x-M,CÁNCER COLON Y RECTO 1°C 2025 (CCR_2025),5,5,5,5,5,5,5,5,5,5,5,5,5
1IjLMuritRaLZsjoJpPpGIxpRwGqq1XiIBhZeZwN5x-M,CÁNCER COLON Y RECTO 1°C 2025 (CCR_2025),5,5,5,5,5,5,5,5,5,5,5,5,5
1IjLMuritRaLZsjoJpPpGIxpRwGqq1XiIBhZeZwN5x-M,CÁNCER COLON Y RECTO 1°C 2025 (CCR_2025),4,4,5,5,5,5,5,5,5,5,5,5,5
1IjLMuritRaLZsjoJpPpGIxpRwGqq1XiIBhZeZwN5x-M,CÁNCER COLON Y RECTO 1°C 2025 (CCR_2025),5,5,5,5,5,5,5,5,5,5,5,5,5
1IjLMuritRaLZsjoJpPpGIxpRwGqq1XiIBhZeZwN5x-M,CÁNCER COLON Y RECTO 1°C 2025 (CCR_2025),4,4,4,4,4,4,4,4,4,4,4,4,4
1IjLMuritRaLZsjoJpPpGIxpRwGqq1XiIBhZeZwN5x-M,CÁNCER COLON Y RECTO 1°C 2025 (CCR_2025),4,5,5,5,5,5,5,5,5,4,4,4,4
1IjLMuritRaLZsjoJpPpGIxpRwGqq1XiIBhZeZwN5x-M,CÁNCER COLON Y RECTO 1°C 2025 (CCR_2025),5,5,5,5,5,5,5,4,3,1,4,5,5
1IjLMuritRaLZsjoJpPpGIxpRwGqq1XiIBhZeZwN5x-M,CÁNCER COLON Y RECTO 1°C 2025 (CCR_2025),5,5,5,5,5,5,5,5,5,5,5,5,5
1IjLMuritRaLZsjoJpPpGIxpRwGqq1XiIBhZeZwN5x-M,CÁNCER COLON Y RECTO 1°C 2025 (CCR_2025),5,5,5,5,5,5,5,5,5,5,5,5,5
1IjLMuritRaLZsjoJpPpGIxpRwGqq1XiIBhZeZwN5x-M,CÁNCER COLON Y RECTO 1°C 2025 (CCR_2025),4,4,4,4,4,4,4,4,4,4,4,4,4
1IjLMuritRaLZsjoJpPpGIxpRwGqq1XiIBhZeZwN5x-M,CÁNCER COLON Y RECTO 1°C 2025 (CCR_2025),5,5,5,5,5,5,3,3,3,3,5,4,4
1IjLMuritRaLZsjoJpPpGIxpRwGqq1XiIBhZeZwN5x-M,CÁNCER COLON Y RECTO 1°C 2025 (CCR_2025),5,5,5,5,5,5,5,5,4,2,4,5,4
1IjLMuritRaLZsjoJpPpGIxpRwGqq1XiIBhZeZwN5x-M,CÁNCER COLON Y RECTO 1°C 2025 (CCR_2025),5,5,5,5,5,5,5,5,5,5,5,5,5
1IjLMuritRaLZsjoJpPpGIxpRwGqq1XiIBhZeZwN5x-M,CÁNCER COLON Y RECTO 1°C 2025 (CCR_2025),1,1,1,2,1,1,1,1,1,1,1,1,1
1IjLMuritRaLZsjoJpPpGIxpRwGqq1XiIBhZeZwN5x-M,CÁNCER COLON Y RECTO 1°C 2025 (CCR_2025),5,3,4,4,4,4,4,4,3,3,3,4,3
1IjLMuritRaLZsjoJpPpGIxpRwGqq1XiIBhZeZwN5x-M,CÁNCER COLON Y RECTO 1°C 2025 (CCR_2025),5,5,5,5,5,5,5,5,3,3,5,5,5
1IjLMuritRaLZsjoJpPpGIxpRwGqq1XiIBhZeZwN5x-M,CÁNCER COLON Y RECTO 1°C 2025 (CCR_2025),4,4,4,4,4,4,4,4,4,4,4,4,4
1IjLMuritRaLZsjoJpPpGIxpRwGqq1XiIBhZeZwN5x-M,CÁNCER COLON Y RECTO 1°C 2025 (CCR_2025),4,4,4,4,4,4,4,4,4,4,4,4,4
1IjLMuritRaLZsjoJpPpGIxpRwGqq1XiIBhZeZwN5x-M,CÁNCER COLON Y RECTO 1°C 2025 (CCR_2025),4,4,4,4,4,4,4,4,4,4,4,4,4
1IjLMuritRaLZsjoJpPpGIxpRwGqq1XiIBhZeZwN5x-M,CÁNCER COLON Y RECTO 1°C 2025 (CCR_2025),4,4,5,4,4,4,4,4,3,3,5,5,4
1IjLMuritRaLZsjoJpPpGIxpRwGqq1XiIBhZeZwN5x-M,CÁNCER COLON Y RECTO 1°C 2025 (CCR_2025),5,5,5,5,5,5,5,5,5,5,5,5,5
1IjLMuritRaLZsjoJpPpGIxpRwGqq1XiIBhZeZwN5x-M,CÁNCER COLON Y RECTO 1°C 2025 (CCR_2025),5,5,5,5,5,5,5,5,5,5,5,5,5
1IjLMuritRaLZsjoJpPpGIxpRwGqq1XiIBhZeZwN5x-M,CÁNCER COLON Y RECTO 1°C 2025 (CCR_2025),5,5,5,5,5,5,5,5,5,5,5,5,5
1IjLMuritRaLZsjoJpPpGIxpRwGqq1XiIBhZeZwN5x-M,CÁNCER COLON Y RECTO 1°C 2025 (CCR_2025),5,5,5,5,2,5,5,5,4,4,5,5,5
1IjLMuritRaLZsjoJpPpGIxpRwGqq1XiIBhZeZwN5x-M,CÁNCER COLON Y RECTO 1°C 2025 (CCR_2025),4,4,4,4,4,4,4,4,4,4,4,4,4
1IjLMuritRaLZsjoJpPpGIxpRwGqq1XiIBhZeZwN5x-M,CÁNCER COLON Y RECTO 1°C 2025 (CCR_2025),5,5,5,5,5,5,5,5,5,5,5,5,5
1IjLMuritRaLZsjoJpPpGIxpRwGqq1XiIBhZeZwN5x-M,CÁNCER COLON Y RECTO 1°C 2025 (CCR_2025),5,5,4,4,4,4,4,4,4,4,4,4,4
1IjLMuritRaLZsjoJpPpGIxpRwGqq1XiIBhZeZwN5x-M,CÁNCER COLON Y RECTO 1°C 2025 (CCR_2025),5,5,5,5,5,5,5,5,4,4,5,5,5
1IjLMuritRaLZsjoJpPpGIxpRwGqq1XiIBhZeZwN5x-M,CÁNCER COLON Y RECTO 1°C 2025 (CCR_2025),5,5,5,5,5,5,5,5,5,5,5,5,5
1IjLMuritRaLZsjoJpPpGIxpRwGqq1XiIBhZeZwN5x-M,CÁNCER COLON Y RECTO 1°C 2025 (CCR_2025),5,5,5,5,5,5,5,5,5,5,5,5,5
1IjLMuritRaLZsjoJpPpGIxpRwGqq1XiIBhZeZwN5x-M,CÁNCER COLON Y RECTO 1°C 2025 (CCR_2025),4,4,3,5,2,5,5,3,1,1,5,4,3
1IjLMuritRaLZsjoJpPpGIxpRwGqq1XiIBhZeZwN5x-M,CÁNCER COLON Y RECTO 1°C 2025 (CCR_2025),4,4,4,4,4,3,3,3,3,2,4,4,4
1IjLMuritRaLZsjoJpPpGIxpRwGqq1XiIBhZeZwN5x-M,CÁNCER COLON Y RECTO 1°C 2025 (CCR_2025),5,5,5,5,5,5,5,5,5,5,5,5,5
1fhfLmU4YPe0emiQ-cC4BuZpt9sVLQLby5NMFJQ5J2dc,CERO ESTIGMA HANSEN 2026 - (0HANSEN_012026),5,5,5,5,5,5,5,5,5,5,5,5,5
1fhfLmU4YPe0emiQ-cC4BuZpt9sVLQLby5NMFJQ5J2dc,CERO ESTIGMA HANSEN 2026 - (0HANSEN_012026),5,5,5,5,5,5,5,5,5,5,5,5,5
1fhfLmU4YPe0emiQ-cC4BuZpt9sVLQLby5NMFJQ5J2dc,CERO ESTIGMA HANSEN 2026 - (0HANSEN_012026),5,5,5,5,5,5,5,5,4,4,5,5,5
1fhfLmU4YPe0emiQ-cC4BuZpt9sVLQLby5NMFJQ5J2dc,CERO ESTIGMA HANSEN 2026 - (0HANSEN_012026),5,5,5,5,5,5,5,5,5,5,5,5,5
1fhfLmU4YPe0emiQ-cC4BuZpt9sVLQLby5NMFJQ5J2dc,CERO ESTIGMA HANSEN 2026 - (0HANSEN_012026),1,1,1,1,1,1,1,1,2,2,1,1,1
1fhfLmU4YPe0emiQ-cC4BuZpt9sVLQLby5NMFJQ5J2dc,CERO ESTIGMA HANSEN 2026 - (0HANSEN_012026),5,5,5,5,5,5,5,5,5,5,5,5,5
1fhfLmU4YPe0emiQ-cC4BuZpt9sVLQLby5NMFJQ5J2dc,CERO ESTIGMA HANSEN 2026 - (0HANSEN_012026),4,4,4,4,4,4,4,4,4,4,4,4,4
1fhfLmU4YPe0emiQ-cC4BuZpt9sVLQLby5NMFJQ5J2dc,CERO ESTIGMA HANSEN 2026 - (0HANSEN_012026),5,5,5,5,5,5,5,5,5,5,5,5,5
1fhfLmU4YPe0emiQ-cC4BuZpt9sVLQLby5NMFJQ5J2dc,CERO ESTIGMA HANSEN 2026 - (0HANSEN_012026),5,5,5,5,4,5,5,5,5,5,5,5,5
1fhfLmU4YPe0emiQ-cC4BuZpt9sVLQLby5NMFJQ5J2dc,CERO ESTIGMA HANSEN 2026 - (0HANSEN_012026),5,5,5,5,5,5,5,5,5,5,5,5,5
1fhfLmU4YPe0emiQ-cC4BuZpt9sVLQLby5NMFJQ5J2dc,CERO ESTIGMA HANSEN 2026 - (0HANSEN_012026),5,5,5,5,5,5,5,5,5,5,5,5,5
1fhfLmU4YPe0emiQ-cC4BuZpt9sVLQLby5NMFJQ5J2dc,CERO ESTIGMA HANSEN 2026 - (0HANSEN_012026),4,5,5,5,5,5,5,5,5,5,5,5,5
1D2fbQy4adJxKPBqlCwMvYZQNvPKi9l2pjeZikmh1w6I,Dx Hansen 2025 - (DX_HANSEN_012025),5,5,5,4,4,4,5,5,3,5,4,4,4
1D2fbQy4adJxKPBqlCwMvYZQNvPKi9l2pjeZikmh1w6I,Dx Hansen 2025 - (DX_HANSEN_012025),4,4,4,4,4,4,4,4,4,4,4,4,4
1D2fbQy4adJxKPBqlCwMvYZQNvPKi9l2pjeZikmh1w6I,Dx Hansen 2025 - (DX_HANSEN_012025),5,5,5,5,5,5,5,5,4,5,5,5,5
1D2fbQy4adJxKPBqlCwMvYZQNvPKi9l2pjeZikmh1w6I,Dx Hansen 2025 - (DX_HANSEN_012025),5,5,5,5,5,5,5,5,5,5,5,5,5
1D2fbQy4adJxKPBqlCwMvYZQNvPKi9l2pjeZikmh1w6I,Dx Hansen 2025 - (DX_HANSEN_012025),5,5,5,5,5,5,5,5,5,5,5,5,5
1D2fbQy4adJxKPBqlCwMvYZQNvPKi9l2pjeZikmh1w6I,Dx Hansen 2025 - (DX_HANSEN_012025),5,5,5,5,5,5,4,4,5,4,5,5,5
1D2fbQy4adJxKPBqlCwMvYZQNvPKi9l2pjeZikmh1w6I,Dx Hansen 2025 - (DX_HANSEN_012025),5,5,5,5,5,5,5,5,5,5,5,5,5
1D2fbQy4adJxKPBqlCwMvYZQNvPKi9l2pjeZikmh1w6I,Dx Hansen 2025 - (DX_HANSEN_012025),5,5,5,5,5,5,5,5,5,5,5,5,5
1D2fbQy4adJxKPBqlCwMvYZQNvPKi9l2pjeZikmh1w6I,Dx Hansen 2025 - (DX_HANSEN_012025),4,4,5,4,4,5,4,4,4,4,4,5,5
1D2fbQy4adJxKPBqlCwMvYZQNvPKi9l2pjeZikmh1w6I,Dx Hansen 2025 - (DX_HANSEN_012025),5,5,5,5,5,5,5,5,5,5,5,5,5
1D2fbQy4adJxKPBqlCwMvYZQNvPKi9l2pjeZikmh1w6I,Dx Hansen 2025 - (DX_HANSEN_012025),4,4,4,4,5,5,5,5,5,4,5,5,5
1D2fbQy4adJxKPBqlCwMvYZQNvPKi9l2pjeZikmh1w6I,Dx Hansen 2025 - (DX_HANSEN_012025),5,5,5,5,5,5,5,5,5,5,5,5,5
1D2fbQy4adJxKPBqlCwMvYZQNvPKi9l2pjeZikmh1w6I,Dx Hansen 2025 - (DX_HANSEN_012025),4,4,4,4,4,4,4,4,4,4,4,4,4
1D2fbQy4adJxKPBqlCwMvYZQNvPKi9l2pjeZikmh1w6I,Dx Hansen 2025 - (DX_HANSEN_012025),5,5,5,5,5,5,5,5,5,5,5,5,5
1D2fbQy4adJxKPBqlCwMvYZQNvPKi9l2pjeZikmh1w6I,Dx Hansen 2025 - (DX_HANSEN_012025),5,5,5,5,5,5,5,5,5,5,5,5,5
1D2fbQy4adJxKPBqlCwMvYZQNvPKi9l2pjeZikmh1w6I,Dx Hansen 2025 - (DX_HANSEN_012025),4,4,4,4,4,4,4,4,4,4,4,4,4
1D2fbQy4adJxKPBqlCwMvYZQNvPKi9l2pjeZikmh1w6I,Dx Hansen 2025 - (DX_HANSEN_012025),5,5,5,5,5,5,5,4,5,5,5,5,5
1D2fbQy4adJxKPBqlCwMvYZQNvPKi9l2pjeZikmh1w6I,Dx Hansen 2025 - (DX_HANSEN_012025),5,5,5,5,5,5,5,5,5,5,5,5,5
1D2fbQy4adJxKPBqlCwMvYZQNvPKi9l2pjeZikmh1w6I,Dx Hansen 2025 - (DX_HANSEN_012025),5,5,5,5,5,5,5,5,5,5,5,5,5
1D2fbQy4adJxKPBqlCwMvYZQNvPKi9l2pjeZikmh1w6I,Dx Hansen 2025 - (DX_HANSEN_012025),5,5,5,5,5,5,5,5,5,5,5,5,5
17Q5eHyTvVkushOgvSyoX-QwFOTZs_vbrDS3lRydMgT0,INDICADORES PRIORIZADOS DE TUBERCULOSIS - 1°C 2025 - (IPTN_1C_2025),4,4,4,4,4,4,4,4,4,4,4,4,4
17Q5eHyTvVkushOgvSyoX-QwFOTZs_vbrDS3lRydMgT0,INDICADORES PRIORIZADOS DE TUBERCULOSIS - 1°C 2025 - (IPTN_1C_2025),5,5,5,5,5,5,5,5,5,5,5,5,5
17Q5eHyTvVkushOgvSyoX-QwFOTZs_vbrDS3lRydMgT0,INDICADORES PRIORIZADOS DE TUBERCULOSIS - 1°C 2025 - (IPTN_1C_2025),5,5,5,5,5,5,5,5,5,5,5,5,5
17Q5eHyTvVkushOgvSyoX-QwFOTZs_vbrDS3lRydMgT0,INDICADORES PRIORIZADOS DE TUBERCULOSIS - 1°C 2025 - (IPTN_1C_2025),5,5,5,5,5,5,5,5,5,5,5,5,5
17Q5eHyTvVkushOgvSyoX-QwFOTZs_vbrDS3lRydMgT0,INDICADORES PRIORIZADOS DE TUBERCULOSIS - 1°C 2025 - (IPTN_1C_2025),5,5,5,5,5,5,5,5,5,5,5,5,5
1hyf3fS9tqrri-Gg7L_5VA3j7BL2B7pLhof073RHlyjM,PRUEBAS DIAGNÓSTICAS TB 1°C 2025 - (PDRLTB_1C_2025),5,5,5,5,5,5,5,5,5,5,5,5,5
1hyf3fS9tqrri-Gg7L_5VA3j7BL2B7pLhof073RHlyjM,PRUEBAS DIAGNÓSTICAS TB 1°C 2025 - (PDRLTB_1C_2025),5,5,5,5,5,5,5,5,5,5,5,5,5
1hyf3fS9tqrri-Gg7L_5VA3j7BL2B7pLhof073RHlyjM,PRUEBAS DIAGNÓSTICAS TB 1°C 2025 - (PDRLTB_1C_2025),5,5,5,5,5,5,5,5,5,5,5,5,5
1hyf3fS9tqrri-Gg7L_5VA3j7BL2B7pLhof073RHlyjM,PRUEBAS DIAGNÓSTICAS TB 1°C 2025 - (PDRLTB_1C_2025),5,5,5,5,5,5,5,5,5,5,5,5,5
1hyf3fS9tqrri-Gg7L_5VA3j7BL2B7pLhof073RHlyjM,PRUEBAS DIAGNÓSTICAS TB 1°C 2025 - (PDRLTB_1C_2025),5,5,5,5,5,5,5,5,5,5,5,5,5
1hyf3fS9tqrri-Gg7L_5VA3j7BL2B7pLhof073RHlyjM,PRUEBAS DIAGNÓSTICAS TB 1°C 2025 - (PDRLTB_1C_2025),4,4,4,4,4,4,4,4,4,4,4,4,4
1hyf3fS9tqrri-Gg7L_5VA3j7BL2B7pLhof073RHlyjM,PRUEBAS DIAGNÓSTICAS TB 1°C 2025 - (PDRLTB_1C_2025),4,4,4,4,3,3,2,3,3,3,3,2,3
1hyf3fS9tqrri-Gg7L_5VA3j7BL2B7pLhof073RHlyjM,PRUEBAS DIAGNÓSTICAS TB 1°C 2025 - (PDRLTB_1C_2025),5,5,5,5,5,5,5,4,3,3,5,5,5
1hyf3fS9tqrri-Gg7L_5VA3j7BL2B7pLhof073RHlyjM,PRUEBAS DIAGNÓSTICAS TB 1°C 2025 - (PDRLTB_1C_2025),5,5,5,5,5,5,5,5,5,5,5,5,5
1hyf3fS9tqrri-Gg7L_5VA3j7BL2B7pLhof073RHlyjM,PRUEBAS DIAGNÓSTICAS TB 1°C 2025 - (PDRLTB_1C_2025),5,5,5,5,5,5,5,5,5,5,5,5,5
1hyf3fS9tqrri-Gg7L_5VA3j7BL2B7pLhof073RHlyjM,PRUEBAS DIAGNÓSTICAS TB 1°C 2025 - (PDRLTB_1C_2025),4,4,4,4,4,5,4,4,4,3,4,4,5
1hyf3fS9tqrri-Gg7L_5VA3j7BL2B7pLhof073RHlyjM,PRUEBAS DIAGNÓSTICAS TB 1°C 2025 - (PDRLTB_1C_2025),5,5,5,5,5,5,4,4,3,2,3,5,5
1hyf3fS9tqrri-Gg7L_5VA3j7BL2B7pLhof073RHlyjM,PRUEBAS DIAGNÓSTICAS TB 1°C 2025 - (PDRLTB_1C_2025),5,5,5,5,5,5,5,5,5,5,5,5,5
1hyf3fS9tqrri-Gg7L_5VA3j7BL2B7pLhof073RHlyjM,PRUEBAS DIAGNÓSTICAS TB 1°C 2025 - (PDRLTB_1C_2025),5,5,5,5,5,5,5,5,5,5,5,5,5
1hyf3fS9tqrri-Gg7L_5VA3j7BL2B7pLhof073RHlyjM,PRUEBAS DIAGNÓSTICAS TB 1°C 2025 - (PDRLTB_1C_2025),5,5,5,5,5,5,5,5,5,5,5,5,5
1hyf3fS9tqrri-Gg7L_5VA3j7BL2B7pLhof073RHlyjM,PRUEBAS DIAGNÓSTICAS TB 1°C 2025 - (PDRLTB_1C_2025),5,5,5,5,5,5,5,5,5,5,4,5,5
1hyf3fS9tqrri-Gg7L_5VA3j7BL2B7pLhof073RHlyjM,PRUEBAS DIAGNÓSTICAS TB 1°C 2025 - (PDRLTB_1C_2025),4,4,4,4,2,3,3,1,5,2,4,2,3
1hyf3fS9tqrri-Gg7L_5VA3j7BL2B7pLhof073RHlyjM,PRUEBAS DIAGNÓSTICAS TB 1°C 2025 - (PDRLTB_1C_2025),5,5,5,5,5,5,5,5,5,5,5,5,5
1hyf3fS9tqrri-Gg7L_5VA3j7BL2B7pLhof073RHlyjM,PRUEBAS DIAGNÓSTICAS TB 1°C 2025 - (PDRLTB_1C_2025),5,5,5,5,5,5,5,5,5,5,5,5,5
1hyf3fS9tqrri-Gg7L_5VA3j7BL2B7pLhof073RHlyjM,PRUEBAS DIAGNÓSTICAS TB 1°C 2025 - (PDRLTB_1C_2025),5,5,5,5,5,5,5,5,5,5,5,5,5
1Rv766ogFEkOmkAyK8fkeQbZsy28zJPQtziYVLsYAIIY,SENSIBILIZACIÓN HANSEN 1°C 2025 - (HANSEN_012025),5,5,4,5,4,5,5,4,4,4,4,5,5
1Rv766ogFEkOmkAyK8fkeQbZsy28zJPQtziYVLsYAIIY,SENSIBILIZACIÓN HANSEN 1°C 2025 - (HANSEN_012025),5,5,5,5,5,5,5,5,5,5,5,5,5
1Rv766ogFEkOmkAyK8fkeQbZsy28zJPQtziYVLsYAIIY,SENSIBILIZACIÓN HANSEN 1°C 2025 - (HANSEN_012025),5,5,5,5,5,5,4,5,5,5,5,5,5
1Rv766ogFEkOmkAyK8fkeQbZsy28zJPQtziYVLsYAIIY,SENSIBILIZACIÓN HANSEN 1°C 2025 - (HANSEN_012025),5,5,5,5,5,5,5,5,4,4,5,5,5
1Rv766ogFEkOmkAyK8fkeQbZsy28zJPQtziYVLsYAIIY,SENSIBILIZACIÓN HANSEN 1°C 2025 - (HANSEN_012025),5,5,5,5,5,5,5,5,5,5,5,5,5
1Rv766ogFEkOmkAyK8fkeQbZsy28zJPQtziYVLsYAIIY,SENSIBILIZACIÓN HANSEN 1°C 2025 - (HANSEN_012025),4,4,4,4,4,4,4,4,4,4,4,4,4
1Rv766ogFEkOmkAyK8fkeQbZsy28zJPQtziYVLsYAIIY,SENSIBILIZACIÓN HANSEN 1°C 2025 - (HANSEN_012025),5,5,5,5,5,5,5,5,5,5,5,5,5
1Rv766ogFEkOmkAyK8fkeQbZsy28zJPQtziYVLsYAIIY,SENSIBILIZACIÓN HANSEN 1°C 2025 - (HANSEN_012025),5,5,5,5,5,5,5,5,5,5,5,5,5
1Rv766ogFEkOmkAyK8fkeQbZsy28zJPQtziYVLsYAIIY,SENSIBILIZACIÓN HANSEN 1°C 2025 - (HANSEN_012025),5,5,5,5,5,5,5,5,5,5,5,5,5
1Rv766ogFEkOmkAyK8fkeQbZsy28zJPQtziYVLsYAIIY,SENSIBILIZACIÓN HANSEN 1°C 2025 - (HANSEN_012025),5,5,5,5,5,5,5,5,5,5,5,5,5
1Rv766ogFEkOmkAyK8fkeQbZsy28zJPQtziYVLsYAIIY,SENSIBILIZACIÓN HANSEN 1°C 2025 - (HANSEN_012025),4,4,5,5,4,4,4,4,4,4,4,4,4
1Rv766ogFEkOmkAyK8fkeQbZsy28zJPQtziYVLsYAIIY,SENSIBILIZACIÓN HANSEN 1°C 2025 - (HANSEN_012025),5,5,5,5,5,5,5,5,4,5,4,5,5
1Rv766ogFEkOmkAyK8fkeQbZsy28zJPQtziYVLsYAIIY,SENSIBILIZACIÓN HANSEN 1°C 2025 - (HANSEN_012025),4,4,4,4,4,4,4,4,4,4,4,4,4
1Rv766ogFEkOmkAyK8fkeQbZsy28zJPQtziYVLsYAIIY,SENSIBILIZACIÓN HANSEN 1°C 2025 - (HANSEN_012025),5,5,5,5,5,5,5,5,5,5,5,5,5
1Rv766ogFEkOmkAyK8fkeQbZsy28zJPQtziYVLsYAIIY,SENSIBILIZACIÓN HANSEN 1°C 2025 - (HANSEN_012025),5,5,4,5,5,5,5,5,5,5,5,5,5
1Rv766ogFEkOmkAyK8fkeQbZsy28zJPQtziYVLsYAIIY,SENSIBILIZACIÓN HANSEN 1°C 2025 - (HANSEN_012025),4,4,4,4,4,4,4,4,5,5,5,4,4
1Rv766ogFEkOmkAyK8fkeQbZsy28zJPQtziYVLsYAIIY,SENSIBILIZACIÓN HANSEN 1°C 2025 - (HANSEN_012025),5,5,5,5,5,5,5,5,5,5,5,5,5
1Rv766ogFEkOmkAyK8fkeQbZsy28zJPQtziYVLsYAIIY,SENSIBILIZACIÓN HANSEN 1°C 2025 - (HANSEN_012025),5,5,5,5,5,5,5,5,5,5,5,5,5
1Rv766ogFEkOmkAyK8fkeQbZsy28zJPQtziYVLsYAIIY,SENSIBILIZACIÓN HANSEN 1°C 2025 - (HANSEN_012025),5,5,5,5,5,5,5,5,5,5,5,5,5
1Rv766ogFEkOmkAyK8fkeQbZsy28zJPQtziYVLsYAIIY,SENSIBILIZACIÓN HANSEN 1°C 2025 - (HANSEN_012025),5,5,5,5,5,5,5,4,4,4,5,5,5
1Rv766ogFEkOmkAyK8fkeQbZsy28zJPQtziYVLsYAIIY,SENSIBILIZACIÓN HANSEN 1°C 2025 - (HANSEN_012025),4,4,4,4,3,4,5,4,3,2,5,4,4
1Rv766ogFEkOmkAyK8fkeQbZsy28zJPQtziYVLsYAIIY,SENSIBILIZACIÓN HANSEN 1°C 2025 - (HANSEN_012025),5,5,5,5,5,5,5,5,5,4,5,5,5
1Rv766ogFEkOmkAyK8fkeQbZsy28zJPQtziYVLsYAIIY,SENSIBILIZACIÓN HANSEN 1°C 2025 - (HANSEN_012025),5,4,4,4,4,4,4,3,3,3,3,4,4
1Rv766ogFEkOmkAyK8fkeQbZsy28zJPQtziYVLsYAIIY,SENSIBILIZACIÓN HANSEN 1°C 2025 - (HANSEN_012025),5,5,5,5,5,5,5,5,5,5,5,5,5
1Rv766ogFEkOmkAyK8fkeQbZsy28zJPQtziYVLsYAIIY,SENSIBILIZACIÓN HANSEN 1°C 2025 - (HANSEN_012025),5,5,5,5,5,5,5,5,5,5,5,5,5
1Rv766ogFEkOmkAyK8fkeQbZsy28zJPQtziYVLsYAIIY,SENSIBILIZACIÓN HANSEN 1°C 2025 - (HANSEN_012025),5,5,5,5,5,5,5,5,5,5,5,5,5
1Rv766ogFEkOmkAyK8fkeQbZsy28zJPQtziYVLsYAIIY,SENSIBILIZACIÓN HANSEN 1°C 2025 - (HANSEN_012025),5,5,5,5,5,5,5,5,5,5,5,5,5
1Rv766ogFEkOmkAyK8fkeQbZsy28zJPQtziYVLsYAIIY,SENSIBILIZACIÓN HANSEN 1°C 2025 - (HANSEN_012025),4,4,4,4,5,5,4,5,5,5,4,4,4
17MJATFv2N2JrXJFi1CQyLzPnPpMhoJTFdT-K0BUfwHQ,SENSIBILIZACIÓN TB 1°C 2025 - (SPATB_1C_2025),5,4,5,5,4,4,4,5,5,5,5,4,4
17MJATFv2N2JrXJFi1CQyLzPnPpMhoJTFdT-K0BUfwHQ,SENSIBILIZACIÓN TB 1°C 2025 - (SPATB_1C_2025),4,4,4,4,4,4,2,4,4,4,4,3,3
17MJATFv2N2JrXJFi1CQyLzPnPpMhoJTFdT-K0BUfwHQ,SENSIBILIZACIÓN TB 1°C 2025 - (SPATB_1C_2025),4,4,4,4,4,4,4,4,4,4,4,4,4
17MJATFv2N2JrXJFi1CQyLzPnPpMhoJTFdT-K0BUfwHQ,SENSIBILIZACIÓN TB 1°C 2025 - (SPATB_1C_2025),5,5,5,5,5,5,5,5,5,5,5,5,5
17MJATFv2N2JrXJFi1CQyLzPnPpMhoJTFdT-K0BUfwHQ,SENSIBILIZACIÓN TB 1°C 2025 - (SPATB_1C_2025),4,4,4,4,4,4,4,4,4,4,4,4,4
17MJATFv2N2JrXJFi1CQyLzPnPpMhoJTFdT-K0BUfwHQ,SENSIBILIZACIÓN TB 1°C 2025 - (SPATB_1C_2025),5,5,5,5,5,5,5,5,5,5,5,5,5
17MJATFv2N2JrXJFi1CQyLzPnPpMhoJTFdT-K0BUfwHQ,SENSIBILIZACIÓN TB 1°C 2025 - (SPATB_1C_2025),4,4,4,4,4,4,4,4,4,4,4,4,4
17MJATFv2N2JrXJFi1CQyLzPnPpMhoJTFdT-K0BUfwHQ,SENSIBILIZACIÓN TB 1°C 2025 - (SPATB_1C_2025),4,4,4,4,4,4,4,4,4,4,4,4,4
17MJATFv2N2JrXJFi1CQyLzPnPpMhoJTFdT-K0BUfwHQ,SENSIBILIZACIÓN TB 1°C 2025 - (SPATB_1C_2025),4,4,4,4,4,4,4,4,4,4,4,4,4
17MJATFv2N2JrXJFi1CQyLzPnPpMhoJTFdT-K0BUfwHQ,SENSIBILIZACIÓN TB 1°C 2025 - (SPATB_1C_2025),4,4,5,4,4,5,4,4,4,5,4,4,4
17MJATFv2N2JrXJFi1CQyLzPnPpMhoJTFdT-K0BUfwHQ,SENSIBILIZACIÓN TB 1°C 2025 - (SPATB_1C_2025),5,5,5,5,5,5,5,5,5,5,5,5,5
17MJATFv2N2JrXJFi1CQyLzPnPpMhoJTFdT-K0BUfwHQ,SENSIBILIZACIÓN TB 1°C 2025 - (SPATB_1C_2025),5,5,5,5,5,5,4,4,4,4,4,4,4
17MJATFv2N2JrXJFi1CQyLzPnPpMhoJTFdT-K0BUfwHQ,SENSIBILIZACIÓN TB 1°C 2025 - (SPATB_1C_2025),1,5,5,5,5,5,5,5,5,5,5,5,5
17MJATFv2N2JrXJFi1CQyLzPnPpMhoJTFdT-K0BUfwHQ,SENSIBILIZACIÓN TB 1°C 2025 - (SPATB_1C_2025),5,5,5,5,5,5,5,4,5,3,3,5,4
17MJATFv2N2JrXJFi1CQyLzPnPpMhoJTFdT-K0BUfwHQ,SENSIBILIZACIÓN TB 1°C 2025 - (SPATB_1C_2025),5,5,5,5,5,5,5,5,5,5,5,5,5
17MJATFv2N2JrXJFi1CQyLzPnPpMhoJTFdT-K0BUfwHQ,SENSIBILIZACIÓN TB 1°C 2025 - (SPATB_1C_2025),2,2,2,2,2,2,2,2,2,3,2,2,2
17MJATFv2N2JrXJFi1CQyLzPnPpMhoJTFdT-K0BUfwHQ,SENSIBILIZACIÓN TB 1°C 2025 - (SPATB_1C_2025),5,5,5,5,5,5,5,5,5,5,5,5,5
17MJATFv2N2JrXJFi1CQyLzPnPpMhoJTFdT-K0BUfwHQ,SENSIBILIZACIÓN TB 1°C 2025 - (SPATB_1C_2025),5,5,5,5,5,5,5,5,5,5,5,5,5
17MJATFv2N2JrXJFi1CQyLzPnPpMhoJTFdT-K0BUfwHQ,SENSIBILIZACIÓN TB 1°C 2025 - (SPATB_1C_2025),5,5,5,5,5,5,5,5,5,5,5,5,5
17MJATFv2N2JrXJFi1CQyLzPnPpMhoJTFdT-K0BUfwHQ,SENSIBILIZACIÓN TB 1°C 2025 - (SPATB_1C_2025),4,4,4,4,4,4,4,4,4,4,4,4,4
17MJATFv2N2JrXJFi1CQyLzPnPpMhoJTFdT-K0BUfwHQ,SENSIBILIZACIÓN TB 1°C 2025 - (SPATB_1C_2025),5,4,5,4,4,4,4,4,5,5,4,4,4
17MJATFv2N2JrXJFi1CQyLzPnPpMhoJTFdT-K0BUfwHQ,SENSIBILIZACIÓN TB 1°C 2025 - (SPATB_1C_2025),5,5,5,5,5,5,5,5,5,5,5,5,5
17MJATFv2N2JrXJFi1CQyLzPnPpMhoJTFdT-K0BUfwHQ,SENSIBILIZACIÓN TB 1°C 2025 - (SPATB_1C_2025),5,5,5,5,5,5,5,5,5,5,5,5,5
17MJATFv2N2JrXJFi1CQyLzPnPpMhoJTFdT-K0BUfwHQ,SENSIBILIZACIÓN TB 1°C 2025 - (SPATB_1C_2025),5,5,5,5,5,5,5,5,5,5,5,5,5
17MJATFv2N2JrXJFi1CQyLzPnPpMhoJTFdT-K0BUfwHQ,SENSIBILIZACIÓN TB 1°C 2025 - (SPATB_1C_2025),5,5,5,5,5,5,5,5,5,5,5,5,5
17MJATFv2N2JrXJFi1CQyLzPnPpMhoJTFdT-K0BUfwHQ,SENSIBILIZACIÓN TB 1°C 2025 - (SPATB_1C_2025),5,5,5,5,5,5,5,5,5,5,5,5,5
17MJATFv2N2JrXJFi1CQyLzPnPpMhoJTFdT-K0BUfwHQ,SENSIBILIZACIÓN TB 1°C 2025 - (SPATB_1C_2025),5,5,5,5,5,5,5,5,5,5,5,5,5
17MJATFv2N2JrXJFi1CQyLzPnPpMhoJTFdT-K0BUfwHQ,SENSIBILIZACIÓN TB 1°C 2025 - (SPATB_1C_2025),5,5,5,5,5,5,5,5,5,5,5,5,5
17MJATFv2N2JrXJFi1CQyLzPnPpMhoJTFdT-K0BUfwHQ,SENSIBILIZACIÓN TB 1°C 2025 - (SPATB_1C_2025),5,5,5,5,5,5,5,5,5,5,5,5,5
17MJATFv2N2JrXJFi1CQyLzPnPpMhoJTFdT-K0BUfwHQ,SENSIBILIZACIÓN TB 1°C 2025 - (SPATB_1C_2025),4,4,4,4,4,4,4,4,4,3,4,3,4
17MJATFv2N2JrXJFi1CQyLzPnPpMhoJTFdT-K0BUfwHQ,SENSIBILIZACIÓN TB 1°C 2025 - (SPATB_1C_2025),5,5,5,5,5,5,5,5,5,5,5,5,5
17MJATFv2N2JrXJFi1CQyLzPnPpMhoJTFdT-K0BUfwHQ,SENSIBILIZACIÓN TB 1°C 2025 - (SPATB_1C_2025),4,4,4,4,4,4,4,4,4,4,4,4,4
17MJATFv2N2JrXJFi1CQyLzPnPpMhoJTFdT-K0BUfwHQ,SENSIBILIZACIÓN TB 1°C 2025 - (SPATB_1C_2025),5,5,5,5,5,5,5,5,4,4,5,4,5
17MJATFv2N2JrXJFi1CQyLzPnPpMhoJTFdT-K0BUfwHQ,SENSIBILIZACIÓN TB 1°C 2025 - (SPATB_1C_2025),4,4,4,4,4,4,4,4,4,4,4,4,4
17MJATFv2N2JrXJFi1CQyLzPnPpMhoJTFdT-K0BUfwHQ,SENSIBILIZACIÓN TB 1°C 2025 - (SPATB_1C_2025),5,5,5,5,5,5,5,5,5,5,4,5,5
17MJATFv2N2JrXJFi1CQyLzPnPpMhoJTFdT-K0BUfwHQ,SENSIBILIZACIÓN TB 1°C 2025 - (SPATB_1C_2025),5,5,5,5,5,5,5,5,5,5,5,5,5
17MJATFv2N2JrXJFi1CQyLzPnPpMhoJTFdT-K0BUfwHQ,SENSIBILIZACIÓN TB 1°C 2025 - (SPATB_1C_2025),5,5,5,5,5,5,5,5,5,5,5,5,5
17MJATFv2N2JrXJFi1CQyLzPnPpMhoJTFdT-K0BUfwHQ,SENSIBILIZACIÓN TB 1°C 2025 - (SPATB_1C_2025),5,5,5,5,5,5,5,5,5,5,5,5,5
17MJATFv2N2JrXJFi1CQyLzPnPpMhoJTFdT-K0BUfwHQ,SENSIBILIZACIÓN TB 1°C 2025 - (SPATB_1C_2025),5,5,3,3,5,5,5,5,4,5,4,5,4
17MJATFv2N2JrXJFi1CQyLzPnPpMhoJTFdT-K0BUfwHQ,SENSIBILIZACIÓN TB 1°C 2025 - (SPATB_1C_2025),5,5,5,5,5,5,5,5,5,5,5,5,5
17MJATFv2N2JrXJFi1CQyLzPnPpMhoJTFdT-K0BUfwHQ,SENSIBILIZACIÓN TB 1°C 2025 - (SPATB_1C_2025),5,5,5,5,5,5,5,5,5,5,5,5,5
17MJATFv2N2JrXJFi1CQyLzPnPpMhoJTFdT-K0BUfwHQ,SENSIBILIZACIÓN TB 1°C 2025 - (SPATB_1C_2025),5,5,5,5,5,5,5,5,5,5,5,5,5
17MJATFv2N2JrXJFi1CQyLzPnPpMhoJTFdT-K0BUfwHQ,SENSIBILIZACIÓN TB 1°C 2025 - (SPATB_1C_2025),5,5,5,5,5,5,5,5,5,5,5,5,5
17MJATFv2N2JrXJFi1CQyLzPnPpMhoJTFdT-K0BUfwHQ,SENSIBILIZACIÓN TB 1°C 2025 - (SPATB_1C_2025),5,5,5,5,5,5,5,5,5,5,5,5,4
1M1ZtDlRgEmTPLqeNAxOj2CGYoXAQQ-trs_HGd-NG2IU,SISTEMA DE INFORMACIÓN EN TUBERCULOSIS - 1°C 2025 - (SITB_1C_2025),5,5,5,5,5,5,5,5,5,5,5,5,5
1M1ZtDlRgEmTPLqeNAxOj2CGYoXAQQ-trs_HGd-NG2IU,SISTEMA DE INFORMACIÓN EN TUBERCULOSIS - 1°C 2025 - (SITB_1C_2025),5,5,5,5,5,5,5,5,5,5,5,5,5
1M1ZtDlRgEmTPLqeNAxOj2CGYoXAQQ-trs_HGd-NG2IU,SISTEMA DE INFORMACIÓN EN TUBERCULOSIS - 1°C 2025 - (SITB_1C_2025),5,5,5,5,5,5,5,5,5,5,5,5,5
1M1ZtDlRgEmTPLqeNAxOj2CGYoXAQQ-trs_HGd-NG2IU,SISTEMA DE INFORMACIÓN EN TUBERCULOSIS - 1°C 2025 - (SITB_1C_2025),5,5,5,5,5,5,5,5,5,5,5,5,5
1M1ZtDlRgEmTPLqeNAxOj2CGYoXAQQ-trs_HGd-NG2IU,SISTEMA DE INFORMACIÓN EN TUBERCULOSIS - 1°C 2025 - (SITB_1C_2025),4,4,4,4,4,4,4,4,4,4,4,4,4
1M1ZtDlRgEmTPLqeNAxOj2CGYoXAQQ-trs_HGd-NG2IU,SISTEMA DE INFORMACIÓN EN TUBERCULOSIS - 1°C 2025 - (SITB_1C_2025),5,5,5,5,4,4,4,4,4,4,4,4,4
1M1ZtDlRgEmTPLqeNAxOj2CGYoXAQQ-trs_HGd-NG2IU,SISTEMA DE INFORMACIÓN EN TUBERCULOSIS - 1°C 2025 - (SITB_1C_2025),4,4,4,4,4,4,4,4,3,4,4,4,4
1M1ZtDlRgEmTPLqeNAxOj2CGYoXAQQ-trs_HGd-NG2IU,SISTEMA DE INFORMACIÓN EN TUBERCULOSIS - 1°C 2025 - (SITB_1C_2025),5,5,5,5,5,5,5,5,5,5,5,5,5
1M1ZtDlRgEmTPLqeNAxOj2CGYoXAQQ-trs_HGd-NG2IU,SISTEMA DE INFORMACIÓN EN TUBERCULOSIS - 1°C 2025 - (SITB_1C_2025),5,5,5,5,5,5,5,5,5,5,4,5,5
1M1ZtDlRgEmTPLqeNAxOj2CGYoXAQQ-trs_HGd-NG2IU,SISTEMA DE INFORMACIÓN EN TUBERCULOSIS - 1°C 2025 - (SITB_1C_2025),5,5,5,5,5,5,5,5,5,5,5,5,5
14ExM8U0Ne7w4Pqw1N591lTsfPwNegbCtIFqidPCOrgs,SISTEMA DE INFORMACIÓN HANSEN 1°C 2025 - (SIHANSEN_012025),5,5,5,5,5,5,5,5,5,5,5,5,5
14ExM8U0Ne7w4Pqw1N591lTsfPwNegbCtIFqidPCOrgs,SISTEMA DE INFORMACIÓN HANSEN 1°C 2025 - (SIHANSEN_012025),5,5,5,5,5,5,5,5,5,5,5,5,5
14ExM8U0Ne7w4Pqw1N591lTsfPwNegbCtIFqidPCOrgs,SISTEMA DE INFORMACIÓN HANSEN 1°C 2025 - (SIHANSEN_012025),4,4,4,4,4,4,4,4,4,4,4,4,4
14ExM8U0Ne7w4Pqw1N591lTsfPwNegbCtIFqidPCOrgs,SISTEMA DE INFORMACIÓN HANSEN 1°C 2025 - (SIHANSEN_012025),5,5,5,5,5,5,5,5,5,5,5,5,5
14ExM8U0Ne7w4Pqw1N591lTsfPwNegbCtIFqidPCOrgs,SISTEMA DE INFORMACIÓN HANSEN 1°C 2025 - (SIHANSEN_012025),5,5,5,5,5,5,5,5,5,5,5,5,5
14ExM8U0Ne7w4Pqw1N591lTsfPwNegbCtIFqidPCOrgs,SISTEMA DE INFORMACIÓN HANSEN 1°C 2025 - (SIHANSEN_012025),5,5,5,5,5,5,5,5,5,5,5,5,5
14ExM8U0Ne7w4Pqw1N591lTsfPwNegbCtIFqidPCOrgs,SISTEMA DE INFORMACIÓN HANSEN 1°C 2025 - (SIHANSEN_012025),5,5,5,5,5,5,5,5,5,5,5,5,5
14ExM8U0Ne7w4Pqw1N591lTsfPwNegbCtIFqidPCOrgs,SISTEMA DE INFORMACIÓN HANSEN 1°C 2025 - (SIHANSEN_012025),5,5,5,5,5,5,5,5,5,5,5,5,5
14ExM8U0Ne7w4Pqw1N591lTsfPwNegbCtIFqidPCOrgs,SISTEMA DE INFORMACIÓN HANSEN 1°C 2025 - (SIHANSEN_012025),4,4,4,4,4,4,4,4,4,4,4,4,4
14ExM8U0Ne7w4Pqw1N591lTsfPwNegbCtIFqidPCOrgs,SISTEMA DE INFORMACIÓN HANSEN 1°C 2025 - (SIHANSEN_012025),5,5,5,5,5,5,5,5,5,5,5,5,5
14ExM8U0Ne7w4Pqw1N591lTsfPwNegbCtIFqidPCOrgs,SISTEMA DE INFORMACIÓN HANSEN 1°C 2025 - (SIHANSEN_012025),5,5,5,5,5,5,5,5,5,5,5,4,5
14ExM8U0Ne7w4Pqw1N591lTsfPwNegbCtIFqidPCOrgs,SISTEMA DE INFORMACIÓN HANSEN 1°C 2025 - (SIHANSEN_012025),4,4,4,4,4,4,4,4,4,4,4,4,4
14ExM8U0Ne7w4Pqw1N591lTsfPwNegbCtIFqidPCOrgs,SISTEMA DE INFORMACIÓN HANSEN 1°C 2025 - (SIHANSEN_012025),4,4,4,4,5,4,4,4,4,4,4,4,4
1QcQXNc-C_EcdHRQ7eUrKtxC3yaJ5uE4qcDq_QwjRr9E,CAPACITACIÓN PAI 1°C 2025,5,5,5,5,5,5,5,5,5,5,5,5,5
1QcQXNc-C_EcdHRQ7eUrKtxC3yaJ5uE4qcDq_QwjRr9E,CAPACITACIÓN PAI 1°C 2025,4,4,5,5,5,5,5,5,5,5,5,5,5
1QcQXNc-C_EcdHRQ7eUrKtxC3yaJ5uE4qcDq_QwjRr9E,CAPACITACIÓN PAI 1°C 2025,5,5,5,5,5,5,5,5,5,5,5,5,5
1QcQXNc-C_EcdHRQ7eUrKtxC3yaJ5uE4qcDq_QwjRr9E,CAPACITACIÓN PAI 1°C 2025,5,5,5,5,5,5,5,5,5,5,5,5,5
1QcQXNc-C_EcdHRQ7eUrKtxC3yaJ5uE4qcDq_QwjRr9E,CAPACITACIÓN PAI 1°C 2025,5,5,5,5,5,5,5,5,5,5,5,5,5
1QcQXNc-C_EcdHRQ7eUrKtxC3yaJ5uE4qcDq_QwjRr9E,CAPACITACIÓN PAI 1°C 2025,4,4,4,3,4,4,4,4,4,4,4,4,4
1QcQXNc-C_EcdHRQ7eUrKtxC3yaJ5uE4qcDq_QwjRr9E,CAPACITACIÓN PAI 1°C 2025,4,4,4,4,5,5,4,4,4,4,4,4,4
1QcQXNc-C_EcdHRQ7eUrKtxC3yaJ5uE4qcDq_QwjRr9E,CAPACITACIÓN PAI 1°C 2025,5,5,5,5,5,5,5,5,5,5,5,5,5
1QcQXNc-C_EcdHRQ7eUrKtxC3yaJ5uE4qcDq_QwjRr9E,CAPACITACIÓN PAI 1°C 2025,5,5,5,5,5,5,5,5,5,5,4,5,5
1QcQXNc-C_EcdHRQ7eUrKtxC3yaJ5uE4qcDq_QwjRr9E,CAPACITACIÓN PAI 1°C 2025,5,5,5,5,5,5,5,5,5,5,5,5,5
1QcQXNc-C_EcdHRQ7eUrKtxC3yaJ5uE4qcDq_QwjRr9E,CAPACITACIÓN PAI 1°C 2025,5,5,5,5,5,5,5,5,3,5,5,5,5
1QcQXNc-C_EcdHRQ7eUrKtxC3yaJ5uE4qcDq_QwjRr9E,CAPACITACIÓN PAI 1°C 2025,5,5,5,5,5,5,5,5,5,5,5,5,5
1QcQXNc-C_EcdHRQ7eUrKtxC3yaJ5uE4qcDq_QwjRr9E,CAPACITACIÓN PAI 1°C 2025,5,5,5,5,5,5,5,5,5,5,5,5,5
1QcQXNc-C_EcdHRQ7eUrKtxC3yaJ5uE4qcDq_QwjRr9E,CAPACITACIÓN PAI 1°C 2025,5,5,5,5,5,5,5,5,5,5,5,5,5
1QcQXNc-C_EcdHRQ7eUrKtxC3yaJ5uE4qcDq_QwjRr9E,CAPACITACIÓN PAI 1°C 2025,5,5,5,5,5,5,5,5,5,5,4,5,5
1QcQXNc-C_EcdHRQ7eUrKtxC3yaJ5uE4qcDq_QwjRr9E,CAPACITACIÓN PAI 1°C 2025,4,4,4,4,4,4,4,4,4,4,3,4,4
1QcQXNc-C_EcdHRQ7eUrKtxC3yaJ5uE4qcDq_QwjRr9E,CAPACITACIÓN PAI 1°C 2025,4,4,4,4,4,4,4,4,4,4,4,4,4
1QcQXNc-C_EcdHRQ7eUrKtxC3yaJ5uE4qcDq_QwjRr9E,CAPACITACIÓN PAI 1°C 2025,5,5,5,5,5,5,5,5,5,5,5,5,5
1QcQXNc-C_EcdHRQ7eUrKtxC3yaJ5uE4qcDq_QwjRr9E,CAPACITACIÓN PAI 1°C 2025,4,4,4,4,4,5,4,5,4,5,5,5,5
1QcQXNc-C_EcdHRQ7eUrKtxC3yaJ5uE4qcDq_QwjRr9E,CAPACITACIÓN PAI 1°C 2025,5,5,5,5,5,5,5,5,5,5,5,5,5
1QcQXNc-C_EcdHRQ7eUrKtxC3yaJ5uE4qcDq_QwjRr9E,CAPACITACIÓN PAI 1°C 2025,5,5,5,5,5,5,5,5,5,5,5,5,5
1QcQXNc-C_EcdHRQ7eUrKtxC3yaJ5uE4qcDq_QwjRr9E,CAPACITACIÓN PAI 1°C 2025,5,5,5,5,5,5,5,5,5,5,5,5,5
1QcQXNc-C_EcdHRQ7eUrKtxC3yaJ5uE4qcDq_QwjRr9E,CAPACITACIÓN PAI 1°C 2025,5,5,5,5,5,5,5,5,5,5,5,5,5
1QcQXNc-C_EcdHRQ7eUrKtxC3yaJ5uE4qcDq_QwjRr9E,CAPACITACIÓN PAI 1°C 2025,4,5,4,5,4,5,4,5,5,4,4,4,4
1QcQXNc-C_EcdHRQ7eUrKtxC3yaJ5uE4qcDq_QwjRr9E,CAPACITACIÓN PAI 1°C 2025,3,3,3,3,4,4,3,4,3,3,3,3,3
1QcQXNc-C_EcdHRQ7eUrKtxC3yaJ5uE4qcDq_QwjRr9E,CAPACITACIÓN PAI 1°C 2025,5,5,5,5,5,5,5,5,5,5,5,5,5
1QcQXNc-C_EcdHRQ7eUrKtxC3yaJ5uE4qcDq_QwjRr9E,CAPACITACIÓN PAI 1°C 2025,5,5,5,5,5,5,5,5,5,5,5,5,5
1QcQXNc-C_EcdHRQ7eUrKtxC3yaJ5uE4qcDq_QwjRr9E,CAPACITACIÓN PAI 1°C 2025,5,5,5,5,5,5,5,5,5,5,5,5,5
1QcQXNc-C_EcdHRQ7eUrKtxC3yaJ5uE4qcDq_QwjRr9E,CAPACITACIÓN PAI 1°C 2025,5,5,5,4,5,5,5,5,5,5,3,5,5
1QcQXNc-C_EcdHRQ7eUrKtxC3yaJ5uE4qcDq_QwjRr9E,CAPACITACIÓN PAI 1°C 2025,1,1,1,1,1,1,1,1,1,1,1,1,1
1QcQXNc-C_EcdHRQ7eUrKtxC3yaJ5uE4qcDq_QwjRr9E,CAPACITACIÓN PAI 1°C 2025,5,5,5,5,5,5,5,5,5,5,5,5,5
1QcQXNc-C_EcdHRQ7eUrKtxC3yaJ5uE4qcDq_QwjRr9E,CAPACITACIÓN PAI 1°C 2025,4,4,5,5,5,5,5,5,5,5,4,4,4
1QcQXNc-C_EcdHRQ7eUrKtxC3yaJ5uE4qcDq_QwjRr9E,CAPACITACIÓN PAI 1°C 2025,4,4,4,4,4,4,4,4,4,4,4,4,4
1QcQXNc-C_EcdHRQ7eUrKtxC3yaJ5uE4qcDq_QwjRr9E,CAPACITACIÓN PAI 1°C 2025,4,4,4,4,4,4,4,4,4,4,4,4,4
1QcQXNc-C_EcdHRQ7eUrKtxC3yaJ5uE4qcDq_QwjRr9E,CAPACITACIÓN PAI 1°C 2025,4,4,4,4,4,4,4,4,4,4,3,4,4
1QcQXNc-C_EcdHRQ7eUrKtxC3yaJ5uE4qcDq_QwjRr9E,CAPACITACIÓN PAI 1°C 2025,4,4,5,5,4,5,5,5,5,5,4,5,5
1QcQXNc-C_EcdHRQ7eUrKtxC3yaJ5uE4qcDq_QwjRr9E,CAPACITACIÓN PAI 1°C 2025,5,5,5,5,5,5,5,5,5,5,5,5,5
1QcQXNc-C_EcdHRQ7eUrKtxC3yaJ5uE4qcDq_QwjRr9E,CAPACITACIÓN PAI 1°C 2025,4,4,5,5,5,5,5,5,5,5,3,4,5
1QcQXNc-C_EcdHRQ7eUrKtxC3yaJ5uE4qcDq_QwjRr9E,CAPACITACIÓN PAI 1°C 2025,5,5,5,5,5,5,5,5,5,5,5,5,5
1QcQXNc-C_EcdHRQ7eUrKtxC3yaJ5uE4qcDq_QwjRr9E,CAPACITACIÓN PAI 1°C 2025,5,5,5,5,5,5,5,5,5,5,5,5,5
1QcQXNc-C_EcdHRQ7eUrKtxC3yaJ5uE4qcDq_QwjRr9E,CAPACITACIÓN PAI 1°C 2025,4,4,3,4,5,4,3,4,4,4,3,4,4
1QcQXNc-C_EcdHRQ7eUrKtxC3yaJ5uE4qcDq_QwjRr9E,CAPACITACIÓN PAI 1°C 2025,5,5,5,4,5,5,5,5,4,5,4,5,4
1QcQXNc-C_EcdHRQ7eUrKtxC3yaJ5uE4qcDq_QwjRr9E,CAPACITACIÓN PAI 1°C 2025,5,5,5,5,5,5,5,5,5,5,5,5,5
1QcQXNc-C_EcdHRQ7eUrKtxC3yaJ5uE4qcDq_QwjRr9E,CAPACITACIÓN PAI 1°C 2025,5,5,5,5,5,5,5,5,5,5,5,5,5
1QcQXNc-C_EcdHRQ7eUrKtxC3yaJ5uE4qcDq_QwjRr9E,CAPACITACIÓN PAI 1°C 2025,4,5,5,4,5,5,4,5,5,5,5,4,5
1QcQXNc-C_EcdHRQ7eUrKtxC3yaJ5uE4qcDq_QwjRr9E,CAPACITACIÓN PAI 1°C 2025,5,5,5,5,5,3,4,5,4,5,5,5,5
1QcQXNc-C_EcdHRQ7eUrKtxC3yaJ5uE4qcDq_QwjRr9E,CAPACITACIÓN PAI 1°C 2025,4,4,4,4,4,4,4,4,4,4,4,4,4
1QcQXNc-C_EcdHRQ7eUrKtxC3yaJ5uE4qcDq_QwjRr9E,CAPACITACIÓN PAI 1°C 2025,5,5,5,5,5,5,5,5,5,5,5,5,5
1QcQXNc-C_EcdHRQ7eUrKtxC3yaJ5uE4qcDq_QwjRr9E,CAPACITACIÓN PAI 1°C 2025,5,5,5,5,5,5,5,5,5,5,5,5,4
1QcQXNc-C_EcdHRQ7eUrKtxC3yaJ5uE4qcDq_QwjRr9E,CAPACITACIÓN PAI 1°C 2025,4,4,4,4,4,4,4,4,4,4,4,4,4
1QcQXNc-C_EcdHRQ7eUrKtxC3yaJ5uE4qcDq_QwjRr9E,CAPACITACIÓN PAI 1°C 2025,4,4,4,4,4,4,4,4,4,4,4,4,4
1QcQXNc-C_EcdHRQ7eUrKtxC3yaJ5uE4qcDq_QwjRr9E,CAPACITACIÓN PAI 1°C 2025,5,5,4,4,4,5,5,5,5,5,4,5,5
1QcQXNc-C_EcdHRQ7eUrKtxC3yaJ5uE4qcDq_QwjRr9E,CAPACITACIÓN PAI 1°C 2025,5,4,5,3,5,4,3,5,5,5,3,5,4
1QcQXNc-C_EcdHRQ7eUrKtxC3yaJ5uE4qcDq_QwjRr9E,CAPACITACIÓN PAI 1°C 2025,5,4,4,4,4,4,4,4,4,5,5,4,5
1QcQXNc-C_EcdHRQ7eUrKtxC3yaJ5uE4qcDq_QwjRr9E,CAPACITACIÓN PAI 1°C 2025,5,5,5,5,5,5,5,5,5,5,5,5,5
1QcQXNc-C_EcdHRQ7eUrKtxC3yaJ5uE4qcDq_QwjRr9E,CAPACITACIÓN PAI 1°C 2025,1,1,1,1,2,2,2,2,2,2,2,2,2
1QcQXNc-C_EcdHRQ7eUrKtxC3yaJ5uE4qcDq_QwjRr9E,CAPACITACIÓN PAI 1°C 2025,5,5,5,5,5,5,5,5,5,5,5,5,5
1QcQXNc-C_EcdHRQ7eUrKtxC3yaJ5uE4qcDq_QwjRr9E,CAPACITACIÓN PAI 1°C 2025,5,5,5,4,5,5,5,5,4,5,4,5,5
1QcQXNc-C_EcdHRQ7eUrKtxC3yaJ5uE4qcDq_QwjRr9E,CAPACITACIÓN PAI 1°C 2025,5,5,5,5,4,5,5,5,5,5,5,5,5
1QcQXNc-C_EcdHRQ7eUrKtxC3yaJ5uE4qcDq_QwjRr9E,CAPACITACIÓN PAI 1°C 2025,5,5,5,5,5,5,5,5,5,5,5,5,5
1QcQXNc-C_EcdHRQ7eUrKtxC3yaJ5uE4qcDq_QwjRr9E,CAPACITACIÓN PAI 1°C 2025,4,4,4,4,4,4,4,4,4,4,4,4,4
1QcQXNc-C_EcdHRQ7eUrKtxC3yaJ5uE4qcDq_QwjRr9E,CAPACITACIÓN PAI 1°C 2025,5,5,5,5,5,5,5,5,5,5,5,5,5
1QcQXNc-C_EcdHRQ7eUrKtxC3yaJ5uE4qcDq_QwjRr9E,CAPACITACIÓN PAI 1°C 2025,5,5,5,5,5,5,5,5,5,5,4,5,5
1QcQXNc-C_EcdHRQ7eUrKtxC3yaJ5uE4qcDq_QwjRr9E,CAPACITACIÓN PAI 1°C 2025,5,4,5,4,4,4,4,5,5,5,5,5,5
1QcQXNc-C_EcdHRQ7eUrKtxC3yaJ5uE4qcDq_QwjRr9E,CAPACITACIÓN PAI 1°C 2025,4,4,4,4,4,4,4,4,4,4,4,4,4
1QcQXNc-C_EcdHRQ7eUrKtxC3yaJ5uE4qcDq_QwjRr9E,CAPACITACIÓN PAI 1°C 2025,5,5,5,5,4,5,5,5,5,5,5,5,5
1QcQXNc-C_EcdHRQ7eUrKtxC3yaJ5uE4qcDq_QwjRr9E,CAPACITACIÓN PAI 1°C 2025,5,5,5,5,4,5,5,5,5,5,5,5,5
1QcQXNc-C_EcdHRQ7eUrKtxC3yaJ5uE4qcDq_QwjRr9E,CAPACITACIÓN PAI 1°C 2025,5,5,5,5,5,5,5,5,5,5,5,5,5
1QcQXNc-C_EcdHRQ7eUrKtxC3yaJ5uE4qcDq_QwjRr9E,CAPACITACIÓN PAI 1°C 2025,5,5,5,5,5,5,4,5,4,5,4,5,5
1QcQXNc-C_EcdHRQ7eUrKtxC3yaJ5uE4qcDq_QwjRr9E,CAPACITACIÓN PAI 1°C 2025,3,3,3,3,4,4,3,4,3,4,3,4,4
1QcQXNc-C_EcdHRQ7eUrKtxC3yaJ5uE4qcDq_QwjRr9E,CAPACITACIÓN PAI 1°C 2025,4,4,3,3,4,4,4,4,3,4,4,4,4
1QcQXNc-C_EcdHRQ7eUrKtxC3yaJ5uE4qcDq_QwjRr9E,CAPACITACIÓN PAI 1°C 2025,5,5,5,5,5,5,5,5,5,5,5,5,5
1QcQXNc-C_EcdHRQ7eUrKtxC3yaJ5uE4qcDq_QwjRr9E,CAPACITACIÓN PAI 1°C 2025,5,5,5,5,5,5,5,5,5,5,5,5,5
1QcQXNc-C_EcdHRQ7eUrKtxC3yaJ5uE4qcDq_QwjRr9E,CAPACITACIÓN PAI 1°C 2025,5,5,5,5,5,5,5,5,5,5,5,5,5
1QcQXNc-C_EcdHRQ7eUrKtxC3yaJ5uE4qcDq_QwjRr9E,CAPACITACIÓN PAI 1°C 2025,5,5,5,5,5,5,5,5,5,5,5,5,5
1QcQXNc-C_EcdHRQ7eUrKtxC3yaJ5uE4qcDq_QwjRr9E,CAPACITACIÓN PAI 1°C 2025,5,5,5,5,5,5,5,5,5,5,5,5,5
1QcQXNc-C_EcdHRQ7eUrKtxC3yaJ5uE4qcDq_QwjRr9E,CAPACITACIÓN PAI 1°C 2025,5,5,5,5,5,5,3,3,1,1,1,3,4
1Y8ULrHk4WPAE3KIi5sbN46mqoGWLjJJPqV_Hw54-iYQ,SENSIBILIZACIÓN A PERSONAS AFECTADAS POR TB 1°C 2024,4,4,4,4,4,4,4,4,4,4,4,4,4
1Y8ULrHk4WPAE3KIi5sbN46mqoGWLjJJPqV_Hw54-iYQ,SENSIBILIZACIÓN A PERSONAS AFECTADAS POR TB 1°C 2024,5,5,5,5,5,5,5,5,5,5,5,5,5
1Y8ULrHk4WPAE3KIi5sbN46mqoGWLjJJPqV_Hw54-iYQ,SENSIBILIZACIÓN A PERSONAS AFECTADAS POR TB 1°C 2024,5,5,5,4,5,5,5,5,5,5,5,5,5
1Y8ULrHk4WPAE3KIi5sbN46mqoGWLjJJPqV_Hw54-iYQ,SENSIBILIZACIÓN A PERSONAS AFECTADAS POR TB 1°C 2024,5,5,5,5,5,5,5,5,5,5,5,5,5
1Y8ULrHk4WPAE3KIi5sbN46mqoGWLjJJPqV_Hw54-iYQ,SENSIBILIZACIÓN A PERSONAS AFECTADAS POR TB 1°C 2024,5,5,5,5,5,5,5,5,5,5,5,5,5
1Y8ULrHk4WPAE3KIi5sbN46mqoGWLjJJPqV_Hw54-iYQ,SENSIBILIZACIÓN A PERSONAS AFECTADAS POR TB 1°C 2024,5,5,5,5,5,5,5,5,5,5,5,5,5
1Y8ULrHk4WPAE3KIi5sbN46mqoGWLjJJPqV_Hw54-iYQ,SENSIBILIZACIÓN A PERSONAS AFECTADAS POR TB 1°C 2024,1,1,1,2,1,1,2,1,1,1,1,1,1
1Y8ULrHk4WPAE3KIi5sbN46mqoGWLjJJPqV_Hw54-iYQ,SENSIBILIZACIÓN A PERSONAS AFECTADAS POR TB 1°C 2024,5,5,5,5,5,5,5,5,5,5,5,5,5
1Y8ULrHk4WPAE3KIi5sbN46mqoGWLjJJPqV_Hw54-iYQ,SENSIBILIZACIÓN A PERSONAS AFECTADAS POR TB 1°C 2024,5,4,4,5,5,5,4,5,5,3,5,5,5
1Y8ULrHk4WPAE3KIi5sbN46mqoGWLjJJPqV_Hw54-iYQ,SENSIBILIZACIÓN A PERSONAS AFECTADAS POR TB 1°C 2024,5,5,5,5,5,5,5,5,5,5,5,5,5
1Y8ULrHk4WPAE3KIi5sbN46mqoGWLjJJPqV_Hw54-iYQ,SENSIBILIZACIÓN A PERSONAS AFECTADAS POR TB 1°C 2024,5,5,5,5,5,5,5,5,5,5,5,5,5
1Y8ULrHk4WPAE3KIi5sbN46mqoGWLjJJPqV_Hw54-iYQ,SENSIBILIZACIÓN A PERSONAS AFECTADAS POR TB 1°C 2024,5,5,5,5,5,5,5,5,5,5,5,5,5
1Y8ULrHk4WPAE3KIi5sbN46mqoGWLjJJPqV_Hw54-iYQ,SENSIBILIZACIÓN A PERSONAS AFECTADAS POR TB 1°C 2024,5,5,5,5,5,5,5,5,5,5,5,5,5
1Y8ULrHk4WPAE3KIi5sbN46mqoGWLjJJPqV_Hw54-iYQ,SENSIBILIZACIÓN A PERSONAS AFECTADAS POR TB 1°C 2024,4,4,4,4,4,4,4,4,4,4,4,4,4
1WNIa_2tFg0w1q823ocymNQxJytgTs2rHqJ8uKLk5O3M,INDICADORES PRIORIZADOS TB 1°C 2024,4,4,4,4,4,4,4,4,3,3,4,3,4
1WNIa_2tFg0w1q823ocymNQxJytgTs2rHqJ8uKLk5O3M,INDICADORES PRIORIZADOS TB 1°C 2024,5,5,5,5,5,5,5,5,5,5,5,5,5
1WNIa_2tFg0w1q823ocymNQxJytgTs2rHqJ8uKLk5O3M,INDICADORES PRIORIZADOS TB 1°C 2024,5,5,5,5,5,5,5,5,5,5,5,5,5
1WNIa_2tFg0w1q823ocymNQxJytgTs2rHqJ8uKLk5O3M,INDICADORES PRIORIZADOS TB 1°C 2024,3,3,3,3,3,3,3,3,3,3,3,3,3
1WNIa_2tFg0w1q823ocymNQxJytgTs2rHqJ8uKLk5O3M,INDICADORES PRIORIZADOS TB 1°C 2024,5,5,5,5,5,5,4,5,4,4,4,4,5
1WNIa_2tFg0w1q823ocymNQxJytgTs2rHqJ8uKLk5O3M,INDICADORES PRIORIZADOS TB 1°C 2024,4,4,4,4,4,4,4,4,4,4,4,4,4
1WNIa_2tFg0w1q823ocymNQxJytgTs2rHqJ8uKLk5O3M,INDICADORES PRIORIZADOS TB 1°C 2024,4,4,4,4,4,4,4,4,3,3,4,4,4
1WNIa_2tFg0w1q823ocymNQxJytgTs2rHqJ8uKLk5O3M,INDICADORES PRIORIZADOS TB 1°C 2024,4,4,4,4,4,4,4,4,4,4,4,4,4
1WNIa_2tFg0w1q823ocymNQxJytgTs2rHqJ8uKLk5O3M,INDICADORES PRIORIZADOS TB 1°C 2024,5,5,5,5,5,5,5,5,5,5,5,5,5
1WNIa_2tFg0w1q823ocymNQxJytgTs2rHqJ8uKLk5O3M,INDICADORES PRIORIZADOS TB 1°C 2024,5,5,5,5,5,5,5,5,5,5,5,5,5
1WNIa_2tFg0w1q823ocymNQxJytgTs2rHqJ8uKLk5O3M,INDICADORES PRIORIZADOS TB 1°C 2024,4,4,3,3,2,4,2,4,2,3,3,3,3
1WNIa_2tFg0w1q823ocymNQxJytgTs2rHqJ8uKLk5O3M,INDICADORES PRIORIZADOS TB 1°C 2024,4,5,5,5,5,5,5,4,5,5,5,4,4
1WNIa_2tFg0w1q823ocymNQxJytgTs2rHqJ8uKLk5O3M,INDICADORES PRIORIZADOS TB 1°C 2024,4,4,4,4,4,4,4,4,4,4,4,4,4
1WNIa_2tFg0w1q823ocymNQxJytgTs2rHqJ8uKLk5O3M,INDICADORES PRIORIZADOS TB 1°C 2024,4,4,4,4,4,4,4,4,4,4,4,4,4
1qafEkqqcDesN_t254rDmdaPD35U2WwJwIg-BgzOnuvE,CÁNCER MAMA Y CERVIX 1°C 2024,5,5,5,5,5,5,5,5,5,5,5,5,5
1qafEkqqcDesN_t254rDmdaPD35U2WwJwIg-BgzOnuvE,CÁNCER MAMA Y CERVIX 1°C 2024,5,5,5,5,5,5,5,5,5,5,5,5,5
1qafEkqqcDesN_t254rDmdaPD35U2WwJwIg-BgzOnuvE,CÁNCER MAMA Y CERVIX 1°C 2024,5,5,5,5,5,5,5,5,5,4,5,5,5
1qafEkqqcDesN_t254rDmdaPD35U2WwJwIg-BgzOnuvE,CÁNCER MAMA Y CERVIX 1°C 2024,5,5,5,5,5,5,5,5,5,5,5,5,5
1qafEkqqcDesN_t254rDmdaPD35U2WwJwIg-BgzOnuvE,CÁNCER MAMA Y CERVIX 1°C 2024,4,4,5,5,5,5,4,4,3,2,4,4,4
1qafEkqqcDesN_t254rDmdaPD35U2WwJwIg-BgzOnuvE,CÁNCER MAMA Y CERVIX 1°C 2024,1,1,1,1,1,1,1,1,1,1,1,1,1
1qafEkqqcDesN_t254rDmdaPD35U2WwJwIg-BgzOnuvE,CÁNCER MAMA Y CERVIX 1°C 2024,5,5,5,5,5,5,5,5,5,5,5,5,5
1qafEkqqcDesN_t254rDmdaPD35U2WwJwIg-BgzOnuvE,CÁNCER MAMA Y CERVIX 1°C 2024,5,5,5,5,5,5,5,5,5,5,5,5,5
1qafEkqqcDesN_t254rDmdaPD35U2WwJwIg-BgzOnuvE,CÁNCER MAMA Y CERVIX 1°C 2024,4,4,4,4,4,4,4,4,4,4,4,4,4
1qafEkqqcDesN_t254rDmdaPD35U2WwJwIg-BgzOnuvE,CÁNCER MAMA Y CERVIX 1°C 2024,5,5,5,5,5,5,5,5,5,5,5,5,5
1qafEkqqcDesN_t254rDmdaPD35U2WwJwIg-BgzOnuvE,CÁNCER MAMA Y CERVIX 1°C 2024,5,5,5,5,5,5,5,5,5,5,5,5,5
1qafEkqqcDesN_t254rDmdaPD35U2WwJwIg-BgzOnuvE,CÁNCER MAMA Y CERVIX 1°C 2024,4,4,4,4,4,4,4,3,3,3,4,4,4
1qafEkqqcDesN_t254rDmdaPD35U2WwJwIg-BgzOnuvE,CÁNCER MAMA Y CERVIX 1°C 2024,5,5,5,5,5,5,5,5,5,5,5,5,5
1qafEkqqcDesN_t254rDmdaPD35U2WwJwIg-BgzOnuvE,CÁNCER MAMA Y CERVIX 1°C 2024,5,5,5,5,5,5,5,5,5,5,5,5,5
1qafEkqqcDesN_t254rDmdaPD35U2WwJwIg-BgzOnuvE,CÁNCER MAMA Y CERVIX 1°C 2024,4,4,4,4,3,4,4,4,3,3,4,4,4
1qafEkqqcDesN_t254rDmdaPD35U2WwJwIg-BgzOnuvE,CÁNCER MAMA Y CERVIX 1°C 2024,5,5,5,5,5,5,5,5,5,5,5,5,5
1qafEkqqcDesN_t254rDmdaPD35U2WwJwIg-BgzOnuvE,CÁNCER MAMA Y CERVIX 1°C 2024,4,4,4,4,4,4,4,4,3,3,4,4,4
1qafEkqqcDesN_t254rDmdaPD35U2WwJwIg-BgzOnuvE,CÁNCER MAMA Y CERVIX 1°C 2024,5,5,5,5,5,5,5,5,5,5,5,5,5
1qafEkqqcDesN_t254rDmdaPD35U2WwJwIg-BgzOnuvE,CÁNCER MAMA Y CERVIX 1°C 2024,4,4,4,4,4,4,4,4,4,4,4,4,4
1qafEkqqcDesN_t254rDmdaPD35U2WwJwIg-BgzOnuvE,CÁNCER MAMA Y CERVIX 1°C 2024,5,5,5,5,5,5,5,5,5,5,5,5,5
1qafEkqqcDesN_t254rDmdaPD35U2WwJwIg-BgzOnuvE,CÁNCER MAMA Y CERVIX 1°C 2024,5,5,5,5,5,5,5,5,5,5,5,5,5
1qafEkqqcDesN_t254rDmdaPD35U2WwJwIg-BgzOnuvE,CÁNCER MAMA Y CERVIX 1°C 2024,5,5,5,5,5,5,5,5,5,5,5,5,5
1qafEkqqcDesN_t254rDmdaPD35U2WwJwIg-BgzOnuvE,CÁNCER MAMA Y CERVIX 1°C 2024,5,5,5,5,5,5,5,5,5,5,5,5,5
1qafEkqqcDesN_t254rDmdaPD35U2WwJwIg-BgzOnuvE,CÁNCER MAMA Y CERVIX 1°C 2024,4,4,4,4,4,4,4,4,4,4,4,4,4
1qafEkqqcDesN_t254rDmdaPD35U2WwJwIg-BgzOnuvE,CÁNCER MAMA Y CERVIX 1°C 2024,4,4,4,4,4,4,4,4,4,4,4,4,4
1qafEkqqcDesN_t254rDmdaPD35U2WwJwIg-BgzOnuvE,CÁNCER MAMA Y CERVIX 1°C 2024,5,5,4,4,4,5,4,5,4,4,5,5,5
1qafEkqqcDesN_t254rDmdaPD35U2WwJwIg-BgzOnuvE,CÁNCER MAMA Y CERVIX 1°C 2024,4,4,4,4,4,4,4,4,4,4,4,4,4
1qafEkqqcDesN_t254rDmdaPD35U2WwJwIg-BgzOnuvE,CÁNCER MAMA Y CERVIX 1°C 2024,5,5,5,5,5,5,5,5,5,5,5,5,5
1qafEkqqcDesN_t254rDmdaPD35U2WwJwIg-BgzOnuvE,CÁNCER MAMA Y CERVIX 1°C 2024,5,5,5,5,5,5,5,5,5,5,5,5,5
1qafEkqqcDesN_t254rDmdaPD35U2WwJwIg-BgzOnuvE,CÁNCER MAMA Y CERVIX 1°C 2024,5,5,5,5,5,5,5,5,2,5,5,5,5
1qafEkqqcDesN_t254rDmdaPD35U2WwJwIg-BgzOnuvE,CÁNCER MAMA Y CERVIX 1°C 2024,5,5,4,4,4,5,5,5,5,5,5,5,5
1qafEkqqcDesN_t254rDmdaPD35U2WwJwIg-BgzOnuvE,CÁNCER MAMA Y CERVIX 1°C 2024,5,5,5,5,5,5,5,5,5,4,5,5,5
1qafEkqqcDesN_t254rDmdaPD35U2WwJwIg-BgzOnuvE,CÁNCER MAMA Y CERVIX 1°C 2024,5,5,5,5,4,5,5,5,4,4,5,5,5
1qafEkqqcDesN_t254rDmdaPD35U2WwJwIg-BgzOnuvE,CÁNCER MAMA Y CERVIX 1°C 2024,5,5,5,5,4,4,5,5,3,4,5,5,5
1qafEkqqcDesN_t254rDmdaPD35U2WwJwIg-BgzOnuvE,CÁNCER MAMA Y CERVIX 1°C 2024,5,5,5,5,5,5,5,5,5,5,5,5,5
1qafEkqqcDesN_t254rDmdaPD35U2WwJwIg-BgzOnuvE,CÁNCER MAMA Y CERVIX 1°C 2024,5,5,5,5,5,5,5,5,5,5,5,5,5
1qafEkqqcDesN_t254rDmdaPD35U2WwJwIg-BgzOnuvE,CÁNCER MAMA Y CERVIX 1°C 2024,5,5,5,5,5,5,5,5,5,5,5,5,5
1qafEkqqcDesN_t254rDmdaPD35U2WwJwIg-BgzOnuvE,CÁNCER MAMA Y CERVIX 1°C 2024,5,5,5,5,5,5,5,5,1,1,5,5,5
1qafEkqqcDesN_t254rDmdaPD35U2WwJwIg-BgzOnuvE,CÁNCER MAMA Y CERVIX 1°C 2024,5,5,5,5,5,5,5,5,5,5,5,5,5
1qafEkqqcDesN_t254rDmdaPD35U2WwJwIg-BgzOnuvE,CÁNCER MAMA Y CERVIX 1°C 2024,5,5,5,5,5,5,5,5,5,5,5,5,5
1qafEkqqcDesN_t254rDmdaPD35U2WwJwIg-BgzOnuvE,CÁNCER MAMA Y CERVIX 1°C 2024,5,5,4,4,4,4,3,4,4,3,4,4,4
1qafEkqqcDesN_t254rDmdaPD35U2WwJwIg-BgzOnuvE,CÁNCER MAMA Y CERVIX 1°C 2024,5,4,5,4,5,4,5,4,5,4,5,4,5
1qafEkqqcDesN_t254rDmdaPD35U2WwJwIg-BgzOnuvE,CÁNCER MAMA Y CERVIX 1°C 2024,5,4,4,4,4,5,5,4,4,2,4,4,4
1qafEkqqcDesN_t254rDmdaPD35U2WwJwIg-BgzOnuvE,CÁNCER MAMA Y CERVIX 1°C 2024,5,5,5,5,5,5,5,5,5,5,5,5,5
1qafEkqqcDesN_t254rDmdaPD35U2WwJwIg-BgzOnuvE,CÁNCER MAMA Y CERVIX 1°C 2024,5,5,5,5,5,5,5,5,5,5,5,5,5
1qafEkqqcDesN_t254rDmdaPD35U2WwJwIg-BgzOnuvE,CÁNCER MAMA Y CERVIX 1°C 2024,5,5,5,5,5,5,5,5,5,5,5,5,5
1qafEkqqcDesN_t254rDmdaPD35U2WwJwIg-BgzOnuvE,CÁNCER MAMA Y CERVIX 1°C 2024,4,4,4,4,4,4,4,4,4,4,4,4,4
1qafEkqqcDesN_t254rDmdaPD35U2WwJwIg-BgzOnuvE,CÁNCER MAMA Y CERVIX 1°C 2024,5,5,5,5,5,5,5,5,5,5,5,5,5
1qafEkqqcDesN_t254rDmdaPD35U2WwJwIg-BgzOnuvE,CÁNCER MAMA Y CERVIX 1°C 2024,4,4,4,4,4,4,4,4,4,1,5,5,4
1qafEkqqcDesN_t254rDmdaPD35U2WwJwIg-BgzOnuvE,CÁNCER MAMA Y CERVIX 1°C 2024,5,5,5,5,5,5,5,5,5,5,5,5,5
1qafEkqqcDesN_t254rDmdaPD35U2WwJwIg-BgzOnuvE,CÁNCER MAMA Y CERVIX 1°C 2024,5,5,5,5,5,5,5,5,3,3,5,5,5
1qafEkqqcDesN_t254rDmdaPD35U2WwJwIg-BgzOnuvE,CÁNCER MAMA Y CERVIX 1°C 2024,1,1,1,1,1,1,1,1,1,1,1,1,1
1qafEkqqcDesN_t254rDmdaPD35U2WwJwIg-BgzOnuvE,CÁNCER MAMA Y CERVIX 1°C 2024,4,4,4,4,4,4,4,4,4,4,4,4,4
1qafEkqqcDesN_t254rDmdaPD35U2WwJwIg-BgzOnuvE,CÁNCER MAMA Y CERVIX 1°C 2024,5,5,5,5,5,5,5,5,2,2,5,5,5
1qafEkqqcDesN_t254rDmdaPD35U2WwJwIg-BgzOnuvE,CÁNCER MAMA Y CERVIX 1°C 2024,5,4,4,4,4,4,4,4,4,4,4,4,4
1qafEkqqcDesN_t254rDmdaPD35U2WwJwIg-BgzOnuvE,CÁNCER MAMA Y CERVIX 1°C 2024,1,1,1,1,1,1,1,1,4,3,1,1,1
1Dn9KLyB7XM5WvqhFSc3hkIHGz3JpGW431a3S92CUPg0,RPMS PI 1°C 2024,4,4,4,4,4,4,3,4,4,4,4,4,4
1Dn9KLyB7XM5WvqhFSc3hkIHGz3JpGW431a3S92CUPg0,RPMS PI 1°C 2024,4,4,5,5,4,4,2,2,4,5,4,3,4
1Dn9KLyB7XM5WvqhFSc3hkIHGz3JpGW431a3S92CUPg0,RPMS PI 1°C 2024,1,1,1,1,1,1,1,1,1,1,1,1,1
1Dn9KLyB7XM5WvqhFSc3hkIHGz3JpGW431a3S92CUPg0,RPMS PI 1°C 2024,5,5,5,5,5,5,5,5,5,5,5,5,5
1Dn9KLyB7XM5WvqhFSc3hkIHGz3JpGW431a3S92CUPg0,RPMS PI 1°C 2024,5,5,5,5,5,5,5,5,5,5,5,5,5
1Dn9KLyB7XM5WvqhFSc3hkIHGz3JpGW431a3S92CUPg0,RPMS PI 1°C 2024,4,5,4,4,4,5,4,4,4,5,5,5,4
1Dn9KLyB7XM5WvqhFSc3hkIHGz3JpGW431a3S92CUPg0,RPMS PI 1°C 2024,5,5,5,5,5,5,5,5,5,5,5,5,5
1Dn9KLyB7XM5WvqhFSc3hkIHGz3JpGW431a3S92CUPg0,RPMS PI 1°C 2024,5,5,5,5,5,5,5,5,5,5,5,5,5
1Dn9KLyB7XM5WvqhFSc3hkIHGz3JpGW431a3S92CUPg0,RPMS PI 1°C 2024,5,5,5,5,5,5,5,5,5,5,5,5,5
1Dn9KLyB7XM5WvqhFSc3hkIHGz3JpGW431a3S92CUPg0,RPMS PI 1°C 2024,5,5,5,5,5,5,5,5,5,5,5,5,5
1Dn9KLyB7XM5WvqhFSc3hkIHGz3JpGW431a3S92CUPg0,RPMS PI 1°C 2024,4,4,4,4,4,4,4,4,4,4,4,4,4
1Dn9KLyB7XM5WvqhFSc3hkIHGz3JpGW431a3S92CUPg0,RPMS PI 1°C 2024,4,4,4,4,4,4,4,4,4,4,4,4,4
1Dn9KLyB7XM5WvqhFSc3hkIHGz3JpGW431a3S92CUPg0,RPMS PI 1°C 2024,5,5,5,5,5,5,5,5,5,5,5,5,5
1Dn9KLyB7XM5WvqhFSc3hkIHGz3JpGW431a3S92CUPg0,RPMS PI 1°C 2024,5,5,5,5,4,5,4,5,4,4,4,5,5
1Dn9KLyB7XM5WvqhFSc3hkIHGz3JpGW431a3S92CUPg0,RPMS PI 1°C 2024,4,4,4,4,4,4,4,4,4,4,4,4,4
1Dn9KLyB7XM5WvqhFSc3hkIHGz3JpGW431a3S92CUPg0,RPMS PI 1°C 2024,5,5,5,5,5,5,5,5,5,5,5,5,5
1Dn9KLyB7XM5WvqhFSc3hkIHGz3JpGW431a3S92CUPg0,RPMS PI 1°C 2024,4,5,5,5,5,5,5,5,5,3,5,5,4
1eZ_caKFJpFSDVkRiLxw4aDDnNJctgX8VHvDfo5J0-kk,RPMS I 1°C 2024,4,4,4,4,4,4,4,4,2,2,4,5,4
1eZ_caKFJpFSDVkRiLxw4aDDnNJctgX8VHvDfo5J0-kk,RPMS I 1°C 2024,4,4,4,4,4,4,3,4,3,3,4,4,3
1eZ_caKFJpFSDVkRiLxw4aDDnNJctgX8VHvDfo5J0-kk,RPMS I 1°C 2024,5,5,5,4,4,4,4,4,4,4,4,4,4
1eZ_caKFJpFSDVkRiLxw4aDDnNJctgX8VHvDfo5J0-kk,RPMS I 1°C 2024,5,5,5,5,5,5,5,5,5,5,5,5,5
1eZ_caKFJpFSDVkRiLxw4aDDnNJctgX8VHvDfo5J0-kk,RPMS I 1°C 2024,5,5,5,5,5,5,5,5,5,5,5,5,5
1eZ_caKFJpFSDVkRiLxw4aDDnNJctgX8VHvDfo5J0-kk,RPMS I 1°C 2024,5,5,5,5,5,5,5,5,5,5,5,5,5
1eZ_caKFJpFSDVkRiLxw4aDDnNJctgX8VHvDfo5J0-kk,RPMS I 1°C 2024,5,5,5,5,5,5,5,5,5,5,5,5,5
1eZ_caKFJpFSDVkRiLxw4aDDnNJctgX8VHvDfo5J0-kk,RPMS I 1°C 2024,5,5,5,5,5,5,5,5,5,5,5,5,5
1eZ_caKFJpFSDVkRiLxw4aDDnNJctgX8VHvDfo5J0-kk,RPMS I 1°C 2024,5,5,5,5,5,5,5,5,5,5,5,5,5
1eZ_caKFJpFSDVkRiLxw4aDDnNJctgX8VHvDfo5J0-kk,RPMS I 1°C 2024,5,5,5,5,5,5,5,5,5,5,5,5,5
1eZ_caKFJpFSDVkRiLxw4aDDnNJctgX8VHvDfo5J0-kk,RPMS I 1°C 2024,5,5,5,5,4,4,4,4,4,4,4,4,4
1eZ_caKFJpFSDVkRiLxw4aDDnNJctgX8VHvDfo5J0-kk,RPMS I 1°C 2024,1,1,1,1,1,1,1,1,1,1,1,1,1
1eZ_caKFJpFSDVkRiLxw4aDDnNJctgX8VHvDfo5J0-kk,RPMS I 1°C 2024,4,4,4,4,4,4,4,4,4,4,4,4,4
1RC81ObwPOc7S0XJvjf8GcN2L-KJY9RnRanRS5UqXgnc,RPMS A 1°C 2024,4,4,4,4,4,4,4,4,4,4,4,4,4
1RC81ObwPOc7S0XJvjf8GcN2L-KJY9RnRanRS5UqXgnc,RPMS A 1°C 2024,4,4,4,4,4,4,4,4,4,4,4,4,4
1RC81ObwPOc7S0XJvjf8GcN2L-KJY9RnRanRS5UqXgnc,RPMS A 1°C 2024,4,4,4,4,4,4,4,4,4,4,4,4,4
1RC81ObwPOc7S0XJvjf8GcN2L-KJY9RnRanRS5UqXgnc,RPMS A 1°C 2024,5,5,5,5,5,5,5,5,5,5,5,5,5
1RC81ObwPOc7S0XJvjf8GcN2L-KJY9RnRanRS5UqXgnc,RPMS A 1°C 2024,1,1,1,1,1,1,1,1,1,1,1,1,1
1RC81ObwPOc7S0XJvjf8GcN2L-KJY9RnRanRS5UqXgnc,RPMS A 1°C 2024,4,4,4,3,4,5,4,4,4,4,4,4,5
1RC81ObwPOc7S0XJvjf8GcN2L-KJY9RnRanRS5UqXgnc,RPMS A 1°C 2024,4,4,4,4,4,4,3,4,3,4,2,2,3
1RC81ObwPOc7S0XJvjf8GcN2L-KJY9RnRanRS5UqXgnc,RPMS A 1°C 2024,4,4,4,4,4,4,4,4,3,3,4,4,4
1RC81ObwPOc7S0XJvjf8GcN2L-KJY9RnRanRS5UqXgnc,RPMS A 1°C 2024,5,5,5,5,5,5,5,5,5,5,5,5,5
1RC81ObwPOc7S0XJvjf8GcN2L-KJY9RnRanRS5UqXgnc,RPMS A 1°C 2024,5,4,4,4,4,5,5,4,4,4,4,4,4
1cZDIOnq3Bc5Ylr5Rq44o4X9b0gtIPv9m2MB6gWoZsiI,RPMS J 1°C 2024,5,5,5,5,5,5,5,5,5,5,5,5,5
1cZDIOnq3Bc5Ylr5Rq44o4X9b0gtIPv9m2MB6gWoZsiI,RPMS J 1°C 2024,5,5,5,5,5,5,5,5,5,5,5,5,5
1cZDIOnq3Bc5Ylr5Rq44o4X9b0gtIPv9m2MB6gWoZsiI,RPMS J 1°C 2024,5,5,5,5,5,5,5,5,5,5,5,5,5
1cZDIOnq3Bc5Ylr5Rq44o4X9b0gtIPv9m2MB6gWoZsiI,RPMS J 1°C 2024,5,5,5,4,5,5,5,5,5,3,4,5,4
1cZDIOnq3Bc5Ylr5Rq44o4X9b0gtIPv9m2MB6gWoZsiI,RPMS J 1°C 2024,5,5,5,5,5,5,5,5,5,5,5,5,5
1cZDIOnq3Bc5Ylr5Rq44o4X9b0gtIPv9m2MB6gWoZsiI,RPMS J 1°C 2024,5,5,5,5,5,5,5,5,5,5,5,5,5
1cZDIOnq3Bc5Ylr5Rq44o4X9b0gtIPv9m2MB6gWoZsiI,RPMS J 1°C 2024,5,5,5,5,5,5,5,5,5,5,5,5,5
1cZDIOnq3Bc5Ylr5Rq44o4X9b0gtIPv9m2MB6gWoZsiI,RPMS J 1°C 2024,4,4,4,4,4,4,4,4,4,4,4,4,4
1cZDIOnq3Bc5Ylr5Rq44o4X9b0gtIPv9m2MB6gWoZsiI,RPMS J 1°C 2024,5,5,5,5,5,5,5,5,4,4,5,5,5
1C3uMy3W9Qc4RYFkIGhGuEsxvlE-9m3ctSoHJ8MFLElw,RPMS AZ 1°C 2024,5,5,5,4,5,4,4,4,2,2,4,4,5
1C3uMy3W9Qc4RYFkIGhGuEsxvlE-9m3ctSoHJ8MFLElw,RPMS AZ 1°C 2024,5,5,5,5,5,5,5,5,5,4,5,5,5
1C3uMy3W9Qc4RYFkIGhGuEsxvlE-9m3ctSoHJ8MFLElw,RPMS AZ 1°C 2024,5,5,5,5,5,5,5,5,5,5,5,5,5
1C3uMy3W9Qc4RYFkIGhGuEsxvlE-9m3ctSoHJ8MFLElw,RPMS AZ 1°C 2024,5,5,5,5,5,5,5,5,3,3,5,5,5
1C3uMy3W9Qc4RYFkIGhGuEsxvlE-9m3ctSoHJ8MFLElw,RPMS AZ 1°C 2024,5,5,5,4,5,5,5,5,5,5,5,5,5
1C3uMy3W9Qc4RYFkIGhGuEsxvlE-9m3ctSoHJ8MFLElw,RPMS AZ 1°C 2024,5,5,5,5,5,5,5,5,5,5,5,5,5
1C3uMy3W9Qc4RYFkIGhGuEsxvlE-9m3ctSoHJ8MFLElw,RPMS AZ 1°C 2024,5,5,5,5,5,5,5,5,5,5,5,5,5
1C3uMy3W9Qc4RYFkIGhGuEsxvlE-9m3ctSoHJ8MFLElw,RPMS AZ 1°C 2024,5,5,5,5,5,5,5,5,5,5,5,5,5
1C3uMy3W9Qc4RYFkIGhGuEsxvlE-9m3ctSoHJ8MFLElw,RPMS AZ 1°C 2024,4,4,4,4,5,5,4,4,4,4,4,4,4
1C3uMy3W9Qc4RYFkIGhGuEsxvlE-9m3ctSoHJ8MFLElw,RPMS AZ 1°C 2024,5,5,5,5,4,5,5,5,5,5,5,5,5
1C3uMy3W9Qc4RYFkIGhGuEsxvlE-9m3ctSoHJ8MFLElw,RPMS AZ 1°C 2024,5,5,5,5,5,5,5,5,5,5,5,5,5
1C3uMy3W9Qc4RYFkIGhGuEsxvlE-9m3ctSoHJ8MFLElw,RPMS AZ 1°C 2024,5,5,5,5,5,5,5,5,5,5,5,5,5
1C3uMy3W9Qc4RYFkIGhGuEsxvlE-9m3ctSoHJ8MFLElw,RPMS AZ 1°C 2024,5,5,5,5,5,5,5,5,5,5,5,5,5
1C3uMy3W9Qc4RYFkIGhGuEsxvlE-9m3ctSoHJ8MFLElw,RPMS AZ 1°C 2024,5,5,5,5,5,5,5,5,5,5,5,5,5
1C3uMy3W9Qc4RYFkIGhGuEsxvlE-9m3ctSoHJ8MFLElw,RPMS AZ 1°C 2024,5,5,5,5,5,5,5,5,5,5,5,5,5
1C3uMy3W9Qc4RYFkIGhGuEsxvlE-9m3ctSoHJ8MFLElw,RPMS AZ 1°C 2024,4,4,4,4,4,4,4,4,2,2,4,4,4
1C3uMy3W9Qc4RYFkIGhGuEsxvlE-9m3ctSoHJ8MFLElw,RPMS AZ 1°C 2024,5,5,5,5,5,5,5,5,5,5,5,5,5
1C3uMy3W9Qc4RYFkIGhGuEsxvlE-9m3ctSoHJ8MFLElw,RPMS AZ 1°C 2024,5,5,5,5,5,5,5,5,5,5,5,5,5
1uB7izIy70uBJu7lIz5eLl4V1N_rG7bP-DKSwFTu9y9o,RPMS V 1°C 2024,4,4,4,4,4,4,4,4,4,4,4,4,4
1uB7izIy70uBJu7lIz5eLl4V1N_rG7bP-DKSwFTu9y9o,RPMS V 1°C 2024,4,4,4,4,4,4,4,4,2,2,4,4,4
1uB7izIy70uBJu7lIz5eLl4V1N_rG7bP-DKSwFTu9y9o,RPMS V 1°C 2024,4,4,4,4,4,4,4,4,4,4,4,4,4
1uB7izIy70uBJu7lIz5eLl4V1N_rG7bP-DKSwFTu9y9o,RPMS V 1°C 2024,5,5,5,5,5,5,5,5,5,5,5,5,5
1uB7izIy70uBJu7lIz5eLl4V1N_rG7bP-DKSwFTu9y9o,RPMS V 1°C 2024,4,4,4,4,4,4,4,4,4,3,3,2,4
1uB7izIy70uBJu7lIz5eLl4V1N_rG7bP-DKSwFTu9y9o,RPMS V 1°C 2024,5,5,5,5,5,5,5,5,5,5,5,5,5
1uB7izIy70uBJu7lIz5eLl4V1N_rG7bP-DKSwFTu9y9o,RPMS V 1°C 2024,4,5,5,4,5,5,5,5,4,4,5,5,5
1uB7izIy70uBJu7lIz5eLl4V1N_rG7bP-DKSwFTu9y9o,RPMS V 1°C 2024,5,5,5,5,5,5,5,5,5,5,5,5,5
1uB7izIy70uBJu7lIz5eLl4V1N_rG7bP-DKSwFTu9y9o,RPMS V 1°C 2024,5,5,5,5,5,5,5,5,5,5,5,5,5
1uB7izIy70uBJu7lIz5eLl4V1N_rG7bP-DKSwFTu9y9o,RPMS V 1°C 2024,5,5,5,5,5,5,5,5,5,5,5,5,5
1uB7izIy70uBJu7lIz5eLl4V1N_rG7bP-DKSwFTu9y9o,RPMS V 1°C 2024,5,5,5,5,5,5,5,5,5,5,5,5,5
1uB7izIy70uBJu7lIz5eLl4V1N_rG7bP-DKSwFTu9y9o,RPMS V 1°C 2024,5,5,5,5,4,5,5,5,5,5,5,5,5
1uB7izIy70uBJu7lIz5eLl4V1N_rG7bP-DKSwFTu9y9o,RPMS V 1°C 2024,5,5,5,5,5,5,5,5,5,5,5,5,5
1GdfIlrKQcfZ_heMJDiTPlwp95goxcmiMUyl75FKcRIs,PF DERECHOS SEXUALES Y REPRODUCTIVOS 1°C 2024,3,1,1,3,1,1,1,1,1,5,1,1,1
1GdfIlrKQcfZ_heMJDiTPlwp95goxcmiMUyl75FKcRIs,PF DERECHOS SEXUALES Y REPRODUCTIVOS 1°C 2024,5,5,5,4,5,5,5,5,4,5,4,5,5
1GdfIlrKQcfZ_heMJDiTPlwp95goxcmiMUyl75FKcRIs,PF DERECHOS SEXUALES Y REPRODUCTIVOS 1°C 2024,5,1,5,4,1,5,1,4,1,1,1,5,1
1GdfIlrKQcfZ_heMJDiTPlwp95goxcmiMUyl75FKcRIs,PF DERECHOS SEXUALES Y REPRODUCTIVOS 1°C 2024,5,5,5,5,5,5,5,5,5,5,5,5,5
1GdfIlrKQcfZ_heMJDiTPlwp95goxcmiMUyl75FKcRIs,PF DERECHOS SEXUALES Y REPRODUCTIVOS 1°C 2024,5,5,5,4,5,5,5,5,5,5,5,5,5
1GdfIlrKQcfZ_heMJDiTPlwp95goxcmiMUyl75FKcRIs,PF DERECHOS SEXUALES Y REPRODUCTIVOS 1°C 2024,3,4,4,4,4,4,3,4,4,4,4,4,4
1GdfIlrKQcfZ_heMJDiTPlwp95goxcmiMUyl75FKcRIs,PF DERECHOS SEXUALES Y REPRODUCTIVOS 1°C 2024,2,2,2,2,2,2,2,2,2,2,2,2,2
1GdfIlrKQcfZ_heMJDiTPlwp95goxcmiMUyl75FKcRIs,PF DERECHOS SEXUALES Y REPRODUCTIVOS 1°C 2024,1,1,1,1,1,1,1,1,1,1,1,1,1
1GdfIlrKQcfZ_heMJDiTPlwp95goxcmiMUyl75FKcRIs,PF DERECHOS SEXUALES Y REPRODUCTIVOS 1°C 2024,5,5,5,5,1,5,5,5,5,5,5,5,5
1GdfIlrKQcfZ_heMJDiTPlwp95goxcmiMUyl75FKcRIs,PF DERECHOS SEXUALES Y REPRODUCTIVOS 1°C 2024,5,4,5,4,4,4,4,4,4,5,4,5,4
1GdfIlrKQcfZ_heMJDiTPlwp95goxcmiMUyl75FKcRIs,PF DERECHOS SEXUALES Y REPRODUCTIVOS 1°C 2024,5,5,5,5,5,5,5,5,5,5,5,5,5
1GdfIlrKQcfZ_heMJDiTPlwp95goxcmiMUyl75FKcRIs,PF DERECHOS SEXUALES Y REPRODUCTIVOS 1°C 2024,5,5,5,5,5,5,5,5,5,5,5,5,5
1GdfIlrKQcfZ_heMJDiTPlwp95goxcmiMUyl75FKcRIs,PF DERECHOS SEXUALES Y REPRODUCTIVOS 1°C 2024,3,5,5,4,4,4,5,4,5,3,5,4,5
1GdfIlrKQcfZ_heMJDiTPlwp95goxcmiMUyl75FKcRIs,PF DERECHOS SEXUALES Y REPRODUCTIVOS 1°C 2024,5,4,5,4,5,5,5,5,5,5,4,5,4
1GdfIlrKQcfZ_heMJDiTPlwp95goxcmiMUyl75FKcRIs,PF DERECHOS SEXUALES Y REPRODUCTIVOS 1°C 2024,5,5,5,4,5,5,5,5,5,5,5,5,5
1GdfIlrKQcfZ_heMJDiTPlwp95goxcmiMUyl75FKcRIs,PF DERECHOS SEXUALES Y REPRODUCTIVOS 1°C 2024,5,4,4,5,5,5,4,5,4,5,5,5,5
1GdfIlrKQcfZ_heMJDiTPlwp95goxcmiMUyl75FKcRIs,PF DERECHOS SEXUALES Y REPRODUCTIVOS 1°C 2024,5,5,5,5,5,5,5,5,5,5,5,5,5
1GdfIlrKQcfZ_heMJDiTPlwp95goxcmiMUyl75FKcRIs,PF DERECHOS SEXUALES Y REPRODUCTIVOS 1°C 2024,5,5,5,5,5,5,5,5,3,5,5,5,5
1GdfIlrKQcfZ_heMJDiTPlwp95goxcmiMUyl75FKcRIs,PF DERECHOS SEXUALES Y REPRODUCTIVOS 1°C 2024,5,5,5,4,3,4,5,5,5,5,5,5,5
1GdfIlrKQcfZ_heMJDiTPlwp95goxcmiMUyl75FKcRIs,PF DERECHOS SEXUALES Y REPRODUCTIVOS 1°C 2024,3,4,4,4,4,4,4,4,3,4,3,4,3
1GdfIlrKQcfZ_heMJDiTPlwp95goxcmiMUyl75FKcRIs,PF DERECHOS SEXUALES Y REPRODUCTIVOS 1°C 2024,5,4,4,4,4,5,4,4,4,5,5,5,5
1GdfIlrKQcfZ_heMJDiTPlwp95goxcmiMUyl75FKcRIs,PF DERECHOS SEXUALES Y REPRODUCTIVOS 1°C 2024,5,5,5,4,5,5,5,5,5,5,5,5,5
1GdfIlrKQcfZ_heMJDiTPlwp95goxcmiMUyl75FKcRIs,PF DERECHOS SEXUALES Y REPRODUCTIVOS 1°C 2024,5,3,3,2,4,3,3,3,5,5,4,4,4
1GdfIlrKQcfZ_heMJDiTPlwp95goxcmiMUyl75FKcRIs,PF DERECHOS SEXUALES Y REPRODUCTIVOS 1°C 2024,4,5,5,5,5,5,4,5,5,4,4,5,3
1GdfIlrKQcfZ_heMJDiTPlwp95goxcmiMUyl75FKcRIs,PF DERECHOS SEXUALES Y REPRODUCTIVOS 1°C 2024,5,5,5,5,5,5,5,5,5,5,5,5,5
1GdfIlrKQcfZ_heMJDiTPlwp95goxcmiMUyl75FKcRIs,PF DERECHOS SEXUALES Y REPRODUCTIVOS 1°C 2024,4,4,5,5,5,5,4,5,4,5,4,5,5
1GdfIlrKQcfZ_heMJDiTPlwp95goxcmiMUyl75FKcRIs,PF DERECHOS SEXUALES Y REPRODUCTIVOS 1°C 2024,4,5,5,5,5,5,4,5,5,5,5,4,5
1GdfIlrKQcfZ_heMJDiTPlwp95goxcmiMUyl75FKcRIs,PF DERECHOS SEXUALES Y REPRODUCTIVOS 1°C 2024,5,4,4,2,5,4,5,4,5,5,4,4,3
1GdfIlrKQcfZ_heMJDiTPlwp95goxcmiMUyl75FKcRIs,PF DERECHOS SEXUALES Y REPRODUCTIVOS 1°C 2024,4,5,4,3,5,4,4,4,5,4,4,4,3
1GdfIlrKQcfZ_heMJDiTPlwp95goxcmiMUyl75FKcRIs,PF DERECHOS SEXUALES Y REPRODUCTIVOS 1°C 2024,5,5,5,5,5,5,5,5,5,5,5,5,5
1GdfIlrKQcfZ_heMJDiTPlwp95goxcmiMUyl75FKcRIs,PF DERECHOS SEXUALES Y REPRODUCTIVOS 1°C 2024,3,3,3,1,5,3,3,3,1,3,2,2,4
1GdfIlrKQcfZ_heMJDiTPlwp95goxcmiMUyl75FKcRIs,PF DERECHOS SEXUALES Y REPRODUCTIVOS 1°C 2024,3,4,4,4,4,4,4,4,3,3,3,4,3
1GdfIlrKQcfZ_heMJDiTPlwp95goxcmiMUyl75FKcRIs,PF DERECHOS SEXUALES Y REPRODUCTIVOS 1°C 2024,5,5,5,4,5,5,5,5,5,5,5,5,5
1GdfIlrKQcfZ_heMJDiTPlwp95goxcmiMUyl75FKcRIs,PF DERECHOS SEXUALES Y REPRODUCTIVOS 1°C 2024,5,5,5,3,5,5,5,3,5,5,5,5,5
1GdfIlrKQcfZ_heMJDiTPlwp95goxcmiMUyl75FKcRIs,PF DERECHOS SEXUALES Y REPRODUCTIVOS 1°C 2024,1,1,1,2,1,3,1,1,1,1,1,1,1
1GdfIlrKQcfZ_heMJDiTPlwp95goxcmiMUyl75FKcRIs,PF DERECHOS SEXUALES Y REPRODUCTIVOS 1°C 2024,5,5,5,5,5,5,5,5,5,5,5,5,5
1GdfIlrKQcfZ_heMJDiTPlwp95goxcmiMUyl75FKcRIs,PF DERECHOS SEXUALES Y REPRODUCTIVOS 1°C 2024,5,5,5,4,5,4,4,4,5,4,5,4,4
1GdfIlrKQcfZ_heMJDiTPlwp95goxcmiMUyl75FKcRIs,PF DERECHOS SEXUALES Y REPRODUCTIVOS 1°C 2024,4,4,5,4,5,5,5,4,5,5,4,5,5
1GdfIlrKQcfZ_heMJDiTPlwp95goxcmiMUyl75FKcRIs,PF DERECHOS SEXUALES Y REPRODUCTIVOS 1°C 2024,4,5,5,3,5,5,5,4,5,4,4,5,4
1GdfIlrKQcfZ_heMJDiTPlwp95goxcmiMUyl75FKcRIs,PF DERECHOS SEXUALES Y REPRODUCTIVOS 1°C 2024,5,5,5,5,5,5,4,4,5,4,5,4,5
1GdfIlrKQcfZ_heMJDiTPlwp95goxcmiMUyl75FKcRIs,PF DERECHOS SEXUALES Y REPRODUCTIVOS 1°C 2024,5,5,5,5,5,5,5,5,5,5,5,5,5
1GdfIlrKQcfZ_heMJDiTPlwp95goxcmiMUyl75FKcRIs,PF DERECHOS SEXUALES Y REPRODUCTIVOS 1°C 2024,5,4,5,4,5,5,5,5,5,5,5,5,5
1GdfIlrKQcfZ_heMJDiTPlwp95goxcmiMUyl75FKcRIs,PF DERECHOS SEXUALES Y REPRODUCTIVOS 1°C 2024,4,4,5,3,5,4,4,4,4,3,5,4,4
1GdfIlrKQcfZ_heMJDiTPlwp95goxcmiMUyl75FKcRIs,PF DERECHOS SEXUALES Y REPRODUCTIVOS 1°C 2024,5,5,5,4,5,5,4,5,4,4,4,5,5
1GdfIlrKQcfZ_heMJDiTPlwp95goxcmiMUyl75FKcRIs,PF DERECHOS SEXUALES Y REPRODUCTIVOS 1°C 2024,3,5,4,2,5,3,3,4,4,3,3,3,5
1GdfIlrKQcfZ_heMJDiTPlwp95goxcmiMUyl75FKcRIs,PF DERECHOS SEXUALES Y REPRODUCTIVOS 1°C 2024,5,5,5,5,5,5,5,5,5,5,5,5,5
1GdfIlrKQcfZ_heMJDiTPlwp95goxcmiMUyl75FKcRIs,PF DERECHOS SEXUALES Y REPRODUCTIVOS 1°C 2024,5,5,5,4,5,4,4,4,4,4,3,4,4
1GdfIlrKQcfZ_heMJDiTPlwp95goxcmiMUyl75FKcRIs,PF DERECHOS SEXUALES Y REPRODUCTIVOS 1°C 2024,4,4,4,5,5,4,4,4,5,5,5,4,4
1GdfIlrKQcfZ_heMJDiTPlwp95goxcmiMUyl75FKcRIs,PF DERECHOS SEXUALES Y REPRODUCTIVOS 1°C 2024,2,2,2,2,4,4,1,2,1,1,1,1,1
1GdfIlrKQcfZ_heMJDiTPlwp95goxcmiMUyl75FKcRIs,PF DERECHOS SEXUALES Y REPRODUCTIVOS 1°C 2024,5,5,5,5,5,5,5,5,5,5,5,5,5
1GdfIlrKQcfZ_heMJDiTPlwp95goxcmiMUyl75FKcRIs,PF DERECHOS SEXUALES Y REPRODUCTIVOS 1°C 2024,5,5,5,3,5,5,5,5,5,5,5,5,5
1GdfIlrKQcfZ_heMJDiTPlwp95goxcmiMUyl75FKcRIs,PF DERECHOS SEXUALES Y REPRODUCTIVOS 1°C 2024,5,5,5,5,5,5,5,5,5,5,5,5,5
1GdfIlrKQcfZ_heMJDiTPlwp95goxcmiMUyl75FKcRIs,PF DERECHOS SEXUALES Y REPRODUCTIVOS 1°C 2024,4,4,3,4,4,3,5,3,5,4,3,3,4
1GdfIlrKQcfZ_heMJDiTPlwp95goxcmiMUyl75FKcRIs,PF DERECHOS SEXUALES Y REPRODUCTIVOS 1°C 2024,5,5,5,5,5,5,5,5,5,5,5,5,5
1GdfIlrKQcfZ_heMJDiTPlwp95goxcmiMUyl75FKcRIs,PF DERECHOS SEXUALES Y REPRODUCTIVOS 1°C 2024,4,3,4,4,3,5,4,4,4,3,2,5,4
1GdfIlrKQcfZ_heMJDiTPlwp95goxcmiMUyl75FKcRIs,PF DERECHOS SEXUALES Y REPRODUCTIVOS 1°C 2024,5,5,5,3,5,5,4,4,4,4,4,4,4
1GdfIlrKQcfZ_heMJDiTPlwp95goxcmiMUyl75FKcRIs,PF DERECHOS SEXUALES Y REPRODUCTIVOS 1°C 2024,5,5,5,5,5,5,5,5,4,5,5,5,5
1GdfIlrKQcfZ_heMJDiTPlwp95goxcmiMUyl75FKcRIs,PF DERECHOS SEXUALES Y REPRODUCTIVOS 1°C 2024,4,4,4,4,5,5,4,4,4,4,4,4,4
1GdfIlrKQcfZ_heMJDiTPlwp95goxcmiMUyl75FKcRIs,PF DERECHOS SEXUALES Y REPRODUCTIVOS 1°C 2024,5,5,5,5,5,5,5,5,5,5,5,5,5
1GdfIlrKQcfZ_heMJDiTPlwp95goxcmiMUyl75FKcRIs,PF DERECHOS SEXUALES Y REPRODUCTIVOS 1°C 2024,5,5,5,5,5,4,5,4,4,5,5,5,5
1GdfIlrKQcfZ_heMJDiTPlwp95goxcmiMUyl75FKcRIs,PF DERECHOS SEXUALES Y REPRODUCTIVOS 1°C 2024,4,4,3,4,3,2,4,4,4,4,4,4,4
1GdfIlrKQcfZ_heMJDiTPlwp95goxcmiMUyl75FKcRIs,PF DERECHOS SEXUALES Y REPRODUCTIVOS 1°C 2024,5,4,5,4,5,5,4,4,4,5,4,5,5
1GdfIlrKQcfZ_heMJDiTPlwp95goxcmiMUyl75FKcRIs,PF DERECHOS SEXUALES Y REPRODUCTIVOS 1°C 2024,4,3,5,4,4,5,4,4,4,5,3,4,5
1GdfIlrKQcfZ_heMJDiTPlwp95goxcmiMUyl75FKcRIs,PF DERECHOS SEXUALES Y REPRODUCTIVOS 1°C 2024,5,4,4,4,4,4,4,3,4,4,4,3,4
1GdfIlrKQcfZ_heMJDiTPlwp95goxcmiMUyl75FKcRIs,PF DERECHOS SEXUALES Y REPRODUCTIVOS 1°C 2024,5,5,5,5,5,5,5,5,5,5,5,5,5
1GdfIlrKQcfZ_heMJDiTPlwp95goxcmiMUyl75FKcRIs,PF DERECHOS SEXUALES Y REPRODUCTIVOS 1°C 2024,4,5,4,4,3,5,4,4,5,5,4,3,5
1GdfIlrKQcfZ_heMJDiTPlwp95goxcmiMUyl75FKcRIs,PF DERECHOS SEXUALES Y REPRODUCTIVOS 1°C 2024,4,4,5,4,5,4,4,4,4,4,4,4,4
1GdfIlrKQcfZ_heMJDiTPlwp95goxcmiMUyl75FKcRIs,PF DERECHOS SEXUALES Y REPRODUCTIVOS 1°C 2024,5,5,5,3,5,5,5,3,5,5,5,5,3
1GdfIlrKQcfZ_heMJDiTPlwp95goxcmiMUyl75FKcRIs,PF DERECHOS SEXUALES Y REPRODUCTIVOS 1°C 2024,5,3,5,2,5,4,4,4,4,3,4,5,4
1GdfIlrKQcfZ_heMJDiTPlwp95goxcmiMUyl75FKcRIs,PF DERECHOS SEXUALES Y REPRODUCTIVOS 1°C 2024,5,5,5,5,4,5,5,4,3,4,5,5,5
1GdfIlrKQcfZ_heMJDiTPlwp95goxcmiMUyl75FKcRIs,PF DERECHOS SEXUALES Y REPRODUCTIVOS 1°C 2024,5,5,5,5,5,5,5,5,5,5,5,5,5
1GdfIlrKQcfZ_heMJDiTPlwp95goxcmiMUyl75FKcRIs,PF DERECHOS SEXUALES Y REPRODUCTIVOS 1°C 2024,3,3,5,4,5,4,4,4,4,4,5,5,5
1GdfIlrKQcfZ_heMJDiTPlwp95goxcmiMUyl75FKcRIs,PF DERECHOS SEXUALES Y REPRODUCTIVOS 1°C 2024,5,5,5,5,5,5,5,5,5,5,5,5,5
1GdfIlrKQcfZ_heMJDiTPlwp95goxcmiMUyl75FKcRIs,PF DERECHOS SEXUALES Y REPRODUCTIVOS 1°C 2024,5,5,5,5,5,5,5,5,5,5,5,5,5
1GdfIlrKQcfZ_heMJDiTPlwp95goxcmiMUyl75FKcRIs,PF DERECHOS SEXUALES Y REPRODUCTIVOS 1°C 2024,3,5,5,5,5,5,5,5,4,4,4,5,4
1GdfIlrKQcfZ_heMJDiTPlwp95goxcmiMUyl75FKcRIs,PF DERECHOS SEXUALES Y REPRODUCTIVOS 1°C 2024,4,4,4,5,5,5,4,4,4,4,4,5,5
1GdfIlrKQcfZ_heMJDiTPlwp95goxcmiMUyl75FKcRIs,PF DERECHOS SEXUALES Y REPRODUCTIVOS 1°C 2024,5,5,5,4,4,4,5,4,5,4,5,4,5
1GdfIlrKQcfZ_heMJDiTPlwp95goxcmiMUyl75FKcRIs,PF DERECHOS SEXUALES Y REPRODUCTIVOS 1°C 2024,5,3,4,3,5,4,3,4,4,5,5,4,4
1GdfIlrKQcfZ_heMJDiTPlwp95goxcmiMUyl75FKcRIs,PF DERECHOS SEXUALES Y REPRODUCTIVOS 1°C 2024,5,5,5,4,5,5,5,5,5,5,5,5,5
1GdfIlrKQcfZ_heMJDiTPlwp95goxcmiMUyl75FKcRIs,PF DERECHOS SEXUALES Y REPRODUCTIVOS 1°C 2024,5,5,5,4,5,5,4,5,5,5,5,5,4
1GdfIlrKQcfZ_heMJDiTPlwp95goxcmiMUyl75FKcRIs,PF DERECHOS SEXUALES Y REPRODUCTIVOS 1°C 2024,5,5,5,5,5,5,5,5,5,5,5,5,5
1GdfIlrKQcfZ_heMJDiTPlwp95goxcmiMUyl75FKcRIs,PF DERECHOS SEXUALES Y REPRODUCTIVOS 1°C 2024,4,4,4,4,4,4,3,4,5,4,3,4,4
1GdfIlrKQcfZ_heMJDiTPlwp95goxcmiMUyl75FKcRIs,PF DERECHOS SEXUALES Y REPRODUCTIVOS 1°C 2024,5,5,5,5,5,5,5,5,4,5,5,5,5
1GdfIlrKQcfZ_heMJDiTPlwp95goxcmiMUyl75FKcRIs,PF DERECHOS SEXUALES Y REPRODUCTIVOS 1°C 2024,4,4,4,4,5,4,4,5,5,5,5,5,5
1GdfIlrKQcfZ_heMJDiTPlwp95goxcmiMUyl75FKcRIs,PF DERECHOS SEXUALES Y REPRODUCTIVOS 1°C 2024,3,5,5,5,5,5,5,5,5,5,5,4,5
1GdfIlrKQcfZ_heMJDiTPlwp95goxcmiMUyl75FKcRIs,PF DERECHOS SEXUALES Y REPRODUCTIVOS 1°C 2024,5,4,5,5,4,5,5,4,4,5,4,4,5
1GdfIlrKQcfZ_heMJDiTPlwp95goxcmiMUyl75FKcRIs,PF DERECHOS SEXUALES Y REPRODUCTIVOS 1°C 2024,5,5,5,5,5,5,5,5,5,5,5,5,5
1GdfIlrKQcfZ_heMJDiTPlwp95goxcmiMUyl75FKcRIs,PF DERECHOS SEXUALES Y REPRODUCTIVOS 1°C 2024,5,4,4,5,4,5,5,5,5,4,5,5,5
1GdfIlrKQcfZ_heMJDiTPlwp95goxcmiMUyl75FKcRIs,PF DERECHOS SEXUALES Y REPRODUCTIVOS 1°C 2024,5,5,5,5,5,5,5,5,5,5,5,5,5
1GdfIlrKQcfZ_heMJDiTPlwp95goxcmiMUyl75FKcRIs,PF DERECHOS SEXUALES Y REPRODUCTIVOS 1°C 2024,5,5,5,5,5,5,5,5,5,5,5,5,5
1GdfIlrKQcfZ_heMJDiTPlwp95goxcmiMUyl75FKcRIs,PF DERECHOS SEXUALES Y REPRODUCTIVOS 1°C 2024,5,5,5,5,5,5,5,5,5,5,5,5,5
1GdfIlrKQcfZ_heMJDiTPlwp95goxcmiMUyl75FKcRIs,PF DERECHOS SEXUALES Y REPRODUCTIVOS 1°C 2024,5,5,5,5,5,5,5,5,5,5,5,5,5
1GdfIlrKQcfZ_heMJDiTPlwp95goxcmiMUyl75FKcRIs,PF DERECHOS SEXUALES Y REPRODUCTIVOS 1°C 2024,5,5,5,5,5,5,5,5,5,5,5,5,5
1GdfIlrKQcfZ_heMJDiTPlwp95goxcmiMUyl75FKcRIs,PF DERECHOS SEXUALES Y REPRODUCTIVOS 1°C 2024,5,5,5,4,5,5,5,5,5,5,5,5,5
1GdfIlrKQcfZ_heMJDiTPlwp95goxcmiMUyl75FKcRIs,PF DERECHOS SEXUALES Y REPRODUCTIVOS 1°C 2024,5,4,5,5,5,5,5,5,5,5,5,5,5
1GdfIlrKQcfZ_heMJDiTPlwp95goxcmiMUyl75FKcRIs,PF DERECHOS SEXUALES Y REPRODUCTIVOS 1°C 2024,5,4,5,5,5,4,3,5,5,5,5,5,5
1GdfIlrKQcfZ_heMJDiTPlwp95goxcmiMUyl75FKcRIs,PF DERECHOS SEXUALES Y REPRODUCTIVOS 1°C 2024,4,4,4,3,5,4,3,4,3,4,3,4,3
1GdfIlrKQcfZ_heMJDiTPlwp95goxcmiMUyl75FKcRIs,PF DERECHOS SEXUALES Y REPRODUCTIVOS 1°C 2024,4,4,4,3,5,5,4,4,4,4,3,4,5
1GdfIlrKQcfZ_heMJDiTPlwp95goxcmiMUyl75FKcRIs,PF DERECHOS SEXUALES Y REPRODUCTIVOS 1°C 2024,5,5,5,5,5,5,5,5,5,5,5,5,5
1GdfIlrKQcfZ_heMJDiTPlwp95goxcmiMUyl75FKcRIs,PF DERECHOS SEXUALES Y REPRODUCTIVOS 1°C 2024,4,4,4,4,4,4,4,4,4,4,4,4,4
1GdfIlrKQcfZ_heMJDiTPlwp95goxcmiMUyl75FKcRIs,PF DERECHOS SEXUALES Y REPRODUCTIVOS 1°C 2024,5,5,5,5,5,5,5,5,5,5,5,5,5
1GdfIlrKQcfZ_heMJDiTPlwp95goxcmiMUyl75FKcRIs,PF DERECHOS SEXUALES Y REPRODUCTIVOS 1°C 2024,5,5,5,5,5,5,5,5,5,5,5,5,5
1GdfIlrKQcfZ_heMJDiTPlwp95goxcmiMUyl75FKcRIs,PF DERECHOS SEXUALES Y REPRODUCTIVOS 1°C 2024,5,5,5,5,5,5,5,5,5,5,5,5,5
1GdfIlrKQcfZ_heMJDiTPlwp95goxcmiMUyl75FKcRIs,PF DERECHOS SEXUALES Y REPRODUCTIVOS 1°C 2024,4,4,4,4,4,4,4,4,4,4,4,4,4
1GdfIlrKQcfZ_heMJDiTPlwp95goxcmiMUyl75FKcRIs,PF DERECHOS SEXUALES Y REPRODUCTIVOS 1°C 2024,5,5,5,5,5,5,5,5,5,5,4,5,4
1GdfIlrKQcfZ_heMJDiTPlwp95goxcmiMUyl75FKcRIs,PF DERECHOS SEXUALES Y REPRODUCTIVOS 1°C 2024,4,4,4,5,5,5,3,4,5,5,4,4,4
1GdfIlrKQcfZ_heMJDiTPlwp95goxcmiMUyl75FKcRIs,PF DERECHOS SEXUALES Y REPRODUCTIVOS 1°C 2024,5,5,5,5,4,4,4,4,4,4,4,4,3
1GdfIlrKQcfZ_heMJDiTPlwp95goxcmiMUyl75FKcRIs,PF DERECHOS SEXUALES Y REPRODUCTIVOS 1°C 2024,4,4,4,4,5,5,5,4,5,3,3,5,5
1GdfIlrKQcfZ_heMJDiTPlwp95goxcmiMUyl75FKcRIs,PF DERECHOS SEXUALES Y REPRODUCTIVOS 1°C 2024,5,5,5,5,5,4,4,5,4,5,5,5,5
1GdfIlrKQcfZ_heMJDiTPlwp95goxcmiMUyl75FKcRIs,PF DERECHOS SEXUALES Y REPRODUCTIVOS 1°C 2024,5,5,5,5,5,5,5,5,5,5,5,5,5
1GdfIlrKQcfZ_heMJDiTPlwp95goxcmiMUyl75FKcRIs,PF DERECHOS SEXUALES Y REPRODUCTIVOS 1°C 2024,3,3,4,3,5,3,3,3,3,3,3,3,3
1GdfIlrKQcfZ_heMJDiTPlwp95goxcmiMUyl75FKcRIs,PF DERECHOS SEXUALES Y REPRODUCTIVOS 1°C 2024,4,4,5,3,5,5,3,5,4,3,5,5,4
1GdfIlrKQcfZ_heMJDiTPlwp95goxcmiMUyl75FKcRIs,PF DERECHOS SEXUALES Y REPRODUCTIVOS 1°C 2024,5,5,5,5,5,5,5,5,5,5,5,5,5
1GdfIlrKQcfZ_heMJDiTPlwp95goxcmiMUyl75FKcRIs,PF DERECHOS SEXUALES Y REPRODUCTIVOS 1°C 2024,5,5,5,5,5,5,5,5,5,5,5,5,5
1GdfIlrKQcfZ_heMJDiTPlwp95goxcmiMUyl75FKcRIs,PF DERECHOS SEXUALES Y REPRODUCTIVOS 1°C 2024,5,5,5,5,5,5,5,5,5,5,5,5,5
1GdfIlrKQcfZ_heMJDiTPlwp95goxcmiMUyl75FKcRIs,PF DERECHOS SEXUALES Y REPRODUCTIVOS 1°C 2024,4,4,5,3,5,5,4,3,1,5,5,5,5
1GdfIlrKQcfZ_heMJDiTPlwp95goxcmiMUyl75FKcRIs,PF DERECHOS SEXUALES Y REPRODUCTIVOS 1°C 2024,5,4,4,4,5,5,4,5,4,4,4,5,5
1GdfIlrKQcfZ_heMJDiTPlwp95goxcmiMUyl75FKcRIs,PF DERECHOS SEXUALES Y REPRODUCTIVOS 1°C 2024,5,5,5,2,5,5,5,5,5,5,5,5,5
1GdfIlrKQcfZ_heMJDiTPlwp95goxcmiMUyl75FKcRIs,PF DERECHOS SEXUALES Y REPRODUCTIVOS 1°C 2024,5,5,5,5,5,5,5,5,5,5,5,5,5
1GdfIlrKQcfZ_heMJDiTPlwp95goxcmiMUyl75FKcRIs,PF DERECHOS SEXUALES Y REPRODUCTIVOS 1°C 2024,4,5,5,4,5,4,5,5,5,4,5,4,5
1GdfIlrKQcfZ_heMJDiTPlwp95goxcmiMUyl75FKcRIs,PF DERECHOS SEXUALES Y REPRODUCTIVOS 1°C 2024,5,5,5,5,5,5,4,5,4,5,4,5,5
1GdfIlrKQcfZ_heMJDiTPlwp95goxcmiMUyl75FKcRIs,PF DERECHOS SEXUALES Y REPRODUCTIVOS 1°C 2024,5,5,5,4,5,4,4,5,5,5,5,5,5
1GdfIlrKQcfZ_heMJDiTPlwp95goxcmiMUyl75FKcRIs,PF DERECHOS SEXUALES Y REPRODUCTIVOS 1°C 2024,5,5,5,4,5,4,5,4,5,5,4,4,4
1GdfIlrKQcfZ_heMJDiTPlwp95goxcmiMUyl75FKcRIs,PF DERECHOS SEXUALES Y REPRODUCTIVOS 1°C 2024,4,4,5,4,5,5,3,5,4,5,4,4,5
1GdfIlrKQcfZ_heMJDiTPlwp95goxcmiMUyl75FKcRIs,PF DERECHOS SEXUALES Y REPRODUCTIVOS 1°C 2024,4,4,4,4,4,4,4,4,4,4,4,4,4
1GdfIlrKQcfZ_heMJDiTPlwp95goxcmiMUyl75FKcRIs,PF DERECHOS SEXUALES Y REPRODUCTIVOS 1°C 2024,4,5,3,2,4,5,2,4,5,5,3,4,5
1GdfIlrKQcfZ_heMJDiTPlwp95goxcmiMUyl75FKcRIs,PF DERECHOS SEXUALES Y REPRODUCTIVOS 1°C 2024,5,4,5,5,5,4,5,4,5,4,5,4,5
1GdfIlrKQcfZ_heMJDiTPlwp95goxcmiMUyl75FKcRIs,PF DERECHOS SEXUALES Y REPRODUCTIVOS 1°C 2024,4,4,4,4,4,5,5,5,4,3,4,5,4
1GdfIlrKQcfZ_heMJDiTPlwp95goxcmiMUyl75FKcRIs,PF DERECHOS SEXUALES Y REPRODUCTIVOS 1°C 2024,5,5,5,5,5,5,5,5,5,5,5,5,5
1GdfIlrKQcfZ_heMJDiTPlwp95goxcmiMUyl75FKcRIs,PF DERECHOS SEXUALES Y REPRODUCTIVOS 1°C 2024,5,4,4,5,5,4,4,4,4,5,4,5,4
1GdfIlrKQcfZ_heMJDiTPlwp95goxcmiMUyl75FKcRIs,PF DERECHOS SEXUALES Y REPRODUCTIVOS 1°C 2024,5,5,5,5,5,5,5,5,5,5,5,5,5
1GdfIlrKQcfZ_heMJDiTPlwp95goxcmiMUyl75FKcRIs,PF DERECHOS SEXUALES Y REPRODUCTIVOS 1°C 2024,1,1,1,1,3,1,1,1,3,1,1,2,3
1GdfIlrKQcfZ_heMJDiTPlwp95goxcmiMUyl75FKcRIs,PF DERECHOS SEXUALES Y REPRODUCTIVOS 1°C 2024,5,4,4,4,4,5,5,4,5,5,4,4,5
1GdfIlrKQcfZ_heMJDiTPlwp95goxcmiMUyl75FKcRIs,PF DERECHOS SEXUALES Y REPRODUCTIVOS 1°C 2024,5,5,5,5,5,5,5,5,5,5,5,5,5
1GdfIlrKQcfZ_heMJDiTPlwp95goxcmiMUyl75FKcRIs,PF DERECHOS SEXUALES Y REPRODUCTIVOS 1°C 2024,3,2,3,2,5,1,5,3,3,3,3,3,3
1GdfIlrKQcfZ_heMJDiTPlwp95goxcmiMUyl75FKcRIs,PF DERECHOS SEXUALES Y REPRODUCTIVOS 1°C 2024,5,5,5,5,5,5,5,5,5,5,5,5,5
1GdfIlrKQcfZ_heMJDiTPlwp95goxcmiMUyl75FKcRIs,PF DERECHOS SEXUALES Y REPRODUCTIVOS 1°C 2024,5,5,5,5,5,5,5,5,5,5,5,5,5
1GdfIlrKQcfZ_heMJDiTPlwp95goxcmiMUyl75FKcRIs,PF DERECHOS SEXUALES Y REPRODUCTIVOS 1°C 2024,4,4,5,5,5,4,5,5,5,5,5,5,5
1GdfIlrKQcfZ_heMJDiTPlwp95goxcmiMUyl75FKcRIs,PF DERECHOS SEXUALES Y REPRODUCTIVOS 1°C 2024,1,1,1,1,1,4,1,4,4,4,1,1,1
1GdfIlrKQcfZ_heMJDiTPlwp95goxcmiMUyl75FKcRIs,PF DERECHOS SEXUALES Y REPRODUCTIVOS 1°C 2024,5,5,5,5,5,5,5,5,5,5,5,5,5
1GdfIlrKQcfZ_heMJDiTPlwp95goxcmiMUyl75FKcRIs,PF DERECHOS SEXUALES Y REPRODUCTIVOS 1°C 2024,5,5,5,5,5,5,5,5,5,5,5,5,5
1GdfIlrKQcfZ_heMJDiTPlwp95goxcmiMUyl75FKcRIs,PF DERECHOS SEXUALES Y REPRODUCTIVOS 1°C 2024,3,4,5,5,5,5,4,5,5,4,5,5,5
1GdfIlrKQcfZ_heMJDiTPlwp95goxcmiMUyl75FKcRIs,PF DERECHOS SEXUALES Y REPRODUCTIVOS 1°C 2024,5,5,5,3,5,5,5,5,1,5,5,5,5
1GdfIlrKQcfZ_heMJDiTPlwp95goxcmiMUyl75FKcRIs,PF DERECHOS SEXUALES Y REPRODUCTIVOS 1°C 2024,5,5,5,5,5,5,5,4,5,5,4,5,5
1GdfIlrKQcfZ_heMJDiTPlwp95goxcmiMUyl75FKcRIs,PF DERECHOS SEXUALES Y REPRODUCTIVOS 1°C 2024,4,5,5,5,5,5,5,5,5,5,5,5,5
1GdfIlrKQcfZ_heMJDiTPlwp95goxcmiMUyl75FKcRIs,PF DERECHOS SEXUALES Y REPRODUCTIVOS 1°C 2024,4,4,5,5,5,5,5,5,4,4,4,4,5
1GdfIlrKQcfZ_heMJDiTPlwp95goxcmiMUyl75FKcRIs,PF DERECHOS SEXUALES Y REPRODUCTIVOS 1°C 2024,5,5,5,5,5,5,5,5,5,5,5,5,5
1GdfIlrKQcfZ_heMJDiTPlwp95goxcmiMUyl75FKcRIs,PF DERECHOS SEXUALES Y REPRODUCTIVOS 1°C 2024,5,4,5,5,5,5,5,5,5,5,5,4,4
1GdfIlrKQcfZ_heMJDiTPlwp95goxcmiMUyl75FKcRIs,PF DERECHOS SEXUALES Y REPRODUCTIVOS 1°C 2024,5,5,5,5,5,5,5,5,5,5,5,5,5
1GdfIlrKQcfZ_heMJDiTPlwp95goxcmiMUyl75FKcRIs,PF DERECHOS SEXUALES Y REPRODUCTIVOS 1°C 2024,5,5,4,5,5,4,5,4,4,4,4,4,5
1GdfIlrKQcfZ_heMJDiTPlwp95goxcmiMUyl75FKcRIs,PF DERECHOS SEXUALES Y REPRODUCTIVOS 1°C 2024,5,5,5,4,5,5,5,5,4,5,5,5,5
1GdfIlrKQcfZ_heMJDiTPlwp95goxcmiMUyl75FKcRIs,PF DERECHOS SEXUALES Y REPRODUCTIVOS 1°C 2024,1,1,3,1,1,1,3,1,3,1,1,1,1
1GdfIlrKQcfZ_heMJDiTPlwp95goxcmiMUyl75FKcRIs,PF DERECHOS SEXUALES Y REPRODUCTIVOS 1°C 2024,5,5,5,5,5,4,5,5,5,5,5,5,5
1GdfIlrKQcfZ_heMJDiTPlwp95goxcmiMUyl75FKcRIs,PF DERECHOS SEXUALES Y REPRODUCTIVOS 1°C 2024,5,5,5,5,5,5,5,5,5,5,5,5,5
1GdfIlrKQcfZ_heMJDiTPlwp95goxcmiMUyl75FKcRIs,PF DERECHOS SEXUALES Y REPRODUCTIVOS 1°C 2024,2,2,2,2,2,2,2,2,2,2,2,2,2
1GdfIlrKQcfZ_heMJDiTPlwp95goxcmiMUyl75FKcRIs,PF DERECHOS SEXUALES Y REPRODUCTIVOS 1°C 2024,3,3,3,3,3,3,3,3,3,3,3,3,3
1GdfIlrKQcfZ_heMJDiTPlwp95goxcmiMUyl75FKcRIs,PF DERECHOS SEXUALES Y REPRODUCTIVOS 1°C 2024,5,5,5,5,5,5,5,5,5,5,5,5,5
1GdfIlrKQcfZ_heMJDiTPlwp95goxcmiMUyl75FKcRIs,PF DERECHOS SEXUALES Y REPRODUCTIVOS 1°C 2024,5,5,5,5,5,5,5,5,5,5,5,5,5
1GdfIlrKQcfZ_heMJDiTPlwp95goxcmiMUyl75FKcRIs,PF DERECHOS SEXUALES Y REPRODUCTIVOS 1°C 2024,5,5,5,3,5,5,5,5,5,5,5,5,5
1GdfIlrKQcfZ_heMJDiTPlwp95goxcmiMUyl75FKcRIs,PF DERECHOS SEXUALES Y REPRODUCTIVOS 1°C 2024,2,1,1,3,1,1,1,2,1,1,2,1,1
1GdfIlrKQcfZ_heMJDiTPlwp95goxcmiMUyl75FKcRIs,PF DERECHOS SEXUALES Y REPRODUCTIVOS 1°C 2024,5,5,5,5,5,5,5,5,5,5,5,5,5
1GdfIlrKQcfZ_heMJDiTPlwp95goxcmiMUyl75FKcRIs,PF DERECHOS SEXUALES Y REPRODUCTIVOS 1°C 2024,3,3,4,3,3,3,4,3,4,4,4,4,4
1GdfIlrKQcfZ_heMJDiTPlwp95goxcmiMUyl75FKcRIs,PF DERECHOS SEXUALES Y REPRODUCTIVOS 1°C 2024,5,5,5,5,5,5,5,5,5,5,5,5,5
1GdfIlrKQcfZ_heMJDiTPlwp95goxcmiMUyl75FKcRIs,PF DERECHOS SEXUALES Y REPRODUCTIVOS 1°C 2024,3,3,4,4,5,5,4,3,4,4,4,4,5
1GdfIlrKQcfZ_heMJDiTPlwp95goxcmiMUyl75FKcRIs,PF DERECHOS SEXUALES Y REPRODUCTIVOS 1°C 2024,4,4,4,4,4,4,4,4,4,4,4,4,4
1GdfIlrKQcfZ_heMJDiTPlwp95goxcmiMUyl75FKcRIs,PF DERECHOS SEXUALES Y REPRODUCTIVOS 1°C 2024,5,5,5,5,5,5,5,5,5,5,5,5,5
1GdfIlrKQcfZ_heMJDiTPlwp95goxcmiMUyl75FKcRIs,PF DERECHOS SEXUALES Y REPRODUCTIVOS 1°C 2024,5,5,5,5,5,4,4,5,5,5,5,5,5
1GdfIlrKQcfZ_heMJDiTPlwp95goxcmiMUyl75FKcRIs,PF DERECHOS SEXUALES Y REPRODUCTIVOS 1°C 2024,5,5,5,5,5,5,5,5,4,4,5,5,5
1GdfIlrKQcfZ_heMJDiTPlwp95goxcmiMUyl75FKcRIs,PF DERECHOS SEXUALES Y REPRODUCTIVOS 1°C 2024,4,4,4,4,4,4,4,4,4,4,4,4,4
1GdfIlrKQcfZ_heMJDiTPlwp95goxcmiMUyl75FKcRIs,PF DERECHOS SEXUALES Y REPRODUCTIVOS 1°C 2024,5,4,5,4,5,5,5,5,4,5,5,5,5
1GdfIlrKQcfZ_heMJDiTPlwp95goxcmiMUyl75FKcRIs,PF DERECHOS SEXUALES Y REPRODUCTIVOS 1°C 2024,5,3,4,4,4,4,4,4,4,4,4,4,3
1GdfIlrKQcfZ_heMJDiTPlwp95goxcmiMUyl75FKcRIs,PF DERECHOS SEXUALES Y REPRODUCTIVOS 1°C 2024,5,5,5,5,5,5,5,5,5,5,5,5,5
1GdfIlrKQcfZ_heMJDiTPlwp95goxcmiMUyl75FKcRIs,PF DERECHOS SEXUALES Y REPRODUCTIVOS 1°C 2024,5,5,5,5,5,5,5,5,5,5,5,4,5
1GdfIlrKQcfZ_heMJDiTPlwp95goxcmiMUyl75FKcRIs,PF DERECHOS SEXUALES Y REPRODUCTIVOS 1°C 2024,1,1,1,1,1,1,1,1,1,1,1,1,1
1GdfIlrKQcfZ_heMJDiTPlwp95goxcmiMUyl75FKcRIs,PF DERECHOS SEXUALES Y REPRODUCTIVOS 1°C 2024,3,4,4,4,4,4,4,4,4,4,3,4,4
1GdfIlrKQcfZ_heMJDiTPlwp95goxcmiMUyl75FKcRIs,PF DERECHOS SEXUALES Y REPRODUCTIVOS 1°C 2024,4,4,4,4,4,4,4,4,4,4,4,4,4
1GdfIlrKQcfZ_heMJDiTPlwp95goxcmiMUyl75FKcRIs,PF DERECHOS SEXUALES Y REPRODUCTIVOS 1°C 2024,5,5,4,4,5,5,5,5,5,5,3,5,5
1GdfIlrKQcfZ_heMJDiTPlwp95goxcmiMUyl75FKcRIs,PF DERECHOS SEXUALES Y REPRODUCTIVOS 1°C 2024,5,5,5,5,5,5,5,5,5,5,4,5,5
1GdfIlrKQcfZ_heMJDiTPlwp95goxcmiMUyl75FKcRIs,PF DERECHOS SEXUALES Y REPRODUCTIVOS 1°C 2024,5,5,5,5,5,5,5,5,5,5,5,5,5
1GdfIlrKQcfZ_heMJDiTPlwp95goxcmiMUyl75FKcRIs,PF DERECHOS SEXUALES Y REPRODUCTIVOS 1°C 2024,5,5,5,4,5,5,5,4,5,5,5,5,5
1GdfIlrKQcfZ_heMJDiTPlwp95goxcmiMUyl75FKcRIs,PF DERECHOS SEXUALES Y REPRODUCTIVOS 1°C 2024,4,4,4,4,4,4,4,4,4,4,4,4,4
1GdfIlrKQcfZ_heMJDiTPlwp95goxcmiMUyl75FKcRIs,PF DERECHOS SEXUALES Y REPRODUCTIVOS 1°C 2024,5,5,5,5,5,4,4,5,5,5,5,5,5
1GdfIlrKQcfZ_heMJDiTPlwp95goxcmiMUyl75FKcRIs,PF DERECHOS SEXUALES Y REPRODUCTIVOS 1°C 2024,4,4,5,4,5,4,4,5,4,5,5,4,5
1GdfIlrKQcfZ_heMJDiTPlwp95goxcmiMUyl75FKcRIs,PF DERECHOS SEXUALES Y REPRODUCTIVOS 1°C 2024,5,5,5,5,5,5,5,5,5,5,5,5,5
1GdfIlrKQcfZ_heMJDiTPlwp95goxcmiMUyl75FKcRIs,PF DERECHOS SEXUALES Y REPRODUCTIVOS 1°C 2024,5,5,5,5,5,5,5,5,5,5,5,5,5
1GdfIlrKQcfZ_heMJDiTPlwp95goxcmiMUyl75FKcRIs,PF DERECHOS SEXUALES Y REPRODUCTIVOS 1°C 2024,3,4,4,5,5,4,4,5,4,5,4,4,5
1GdfIlrKQcfZ_heMJDiTPlwp95goxcmiMUyl75FKcRIs,PF DERECHOS SEXUALES Y REPRODUCTIVOS 1°C 2024,5,5,5,5,5,5,5,5,5,5,5,5,5
1GdfIlrKQcfZ_heMJDiTPlwp95goxcmiMUyl75FKcRIs,PF DERECHOS SEXUALES Y REPRODUCTIVOS 1°C 2024,5,5,5,3,5,5,5,5,5,5,5,5,5
1GdfIlrKQcfZ_heMJDiTPlwp95goxcmiMUyl75FKcRIs,PF DERECHOS SEXUALES Y REPRODUCTIVOS 1°C 2024,4,4,4,4,4,4,4,4,4,4,4,4,4
1GdfIlrKQcfZ_heMJDiTPlwp95goxcmiMUyl75FKcRIs,PF DERECHOS SEXUALES Y REPRODUCTIVOS 1°C 2024,5,5,5,5,5,5,5,5,5,5,5,5,5
1GdfIlrKQcfZ_heMJDiTPlwp95goxcmiMUyl75FKcRIs,PF DERECHOS SEXUALES Y REPRODUCTIVOS 1°C 2024,5,4,3,5,3,5,3,3,4,4,4,5,4
1GdfIlrKQcfZ_heMJDiTPlwp95goxcmiMUyl75FKcRIs,PF DERECHOS SEXUALES Y REPRODUCTIVOS 1°C 2024,5,5,5,5,5,5,5,5,5,5,5,5,5
1GdfIlrKQcfZ_heMJDiTPlwp95goxcmiMUyl75FKcRIs,PF DERECHOS SEXUALES Y REPRODUCTIVOS 1°C 2024,5,5,5,5,5,5,5,5,5,1,5,5,5
1GdfIlrKQcfZ_heMJDiTPlwp95goxcmiMUyl75FKcRIs,PF DERECHOS SEXUALES Y REPRODUCTIVOS 1°C 2024,5,5,5,5,4,5,5,5,5,5,5,5,5
1GdfIlrKQcfZ_heMJDiTPlwp95goxcmiMUyl75FKcRIs,PF DERECHOS SEXUALES Y REPRODUCTIVOS 1°C 2024,4,4,4,4,5,4,5,5,4,4,4,4,4
1GdfIlrKQcfZ_heMJDiTPlwp95goxcmiMUyl75FKcRIs,PF DERECHOS SEXUALES Y REPRODUCTIVOS 1°C 2024,5,5,5,5,5,5,5,5,5,5,5,5,5
1GdfIlrKQcfZ_heMJDiTPlwp95goxcmiMUyl75FKcRIs,PF DERECHOS SEXUALES Y REPRODUCTIVOS 1°C 2024,5,5,5,5,5,5,5,5,5,5,5,5,5
1GdfIlrKQcfZ_heMJDiTPlwp95goxcmiMUyl75FKcRIs,PF DERECHOS SEXUALES Y REPRODUCTIVOS 1°C 2024,5,5,5,4,5,5,4,5,4,5,4,5,4
1GdfIlrKQcfZ_heMJDiTPlwp95goxcmiMUyl75FKcRIs,PF DERECHOS SEXUALES Y REPRODUCTIVOS 1°C 2024,5,5,5,5,5,5,5,5,5,5,5,5,5
1GdfIlrKQcfZ_heMJDiTPlwp95goxcmiMUyl75FKcRIs,PF DERECHOS SEXUALES Y REPRODUCTIVOS 1°C 2024,4,4,5,3,4,5,5,4,3,4,4,5,5
1GdfIlrKQcfZ_heMJDiTPlwp95goxcmiMUyl75FKcRIs,PF DERECHOS SEXUALES Y REPRODUCTIVOS 1°C 2024,5,5,4,3,5,4,5,5,1,3,5,5,5
1GdfIlrKQcfZ_heMJDiTPlwp95goxcmiMUyl75FKcRIs,PF DERECHOS SEXUALES Y REPRODUCTIVOS 1°C 2024,5,5,5,5,5,5,5,5,5,5,4,5,5
1GdfIlrKQcfZ_heMJDiTPlwp95goxcmiMUyl75FKcRIs,PF DERECHOS SEXUALES Y REPRODUCTIVOS 1°C 2024,5,5,5,4,5,4,5,5,5,5,5,5,5
1GdfIlrKQcfZ_heMJDiTPlwp95goxcmiMUyl75FKcRIs,PF DERECHOS SEXUALES Y REPRODUCTIVOS 1°C 2024,5,5,5,5,5,5,5,5,5,5,5,5,5
1GdfIlrKQcfZ_heMJDiTPlwp95goxcmiMUyl75FKcRIs,PF DERECHOS SEXUALES Y REPRODUCTIVOS 1°C 2024,5,5,5,5,5,5,5,5,5,5,3,5,5
1GdfIlrKQcfZ_heMJDiTPlwp95goxcmiMUyl75FKcRIs,PF DERECHOS SEXUALES Y REPRODUCTIVOS 1°C 2024,5,5,5,5,5,4,5,5,5,5,5,5,4
1GdfIlrKQcfZ_heMJDiTPlwp95goxcmiMUyl75FKcRIs,PF DERECHOS SEXUALES Y REPRODUCTIVOS 1°C 2024,4,4,4,4,4,4,4,4,4,4,4,4,5
1GdfIlrKQcfZ_heMJDiTPlwp95goxcmiMUyl75FKcRIs,PF DERECHOS SEXUALES Y REPRODUCTIVOS 1°C 2024,4,4,4,5,5,5,4,5,4,5,5,5,5
1GdfIlrKQcfZ_heMJDiTPlwp95goxcmiMUyl75FKcRIs,PF DERECHOS SEXUALES Y REPRODUCTIVOS 1°C 2024,4,4,4,3,5,5,5,5,2,4,5,4,5
1GdfIlrKQcfZ_heMJDiTPlwp95goxcmiMUyl75FKcRIs,PF DERECHOS SEXUALES Y REPRODUCTIVOS 1°C 2024,5,5,5,5,5,5,5,5,5,5,5,5,5
1GdfIlrKQcfZ_heMJDiTPlwp95goxcmiMUyl75FKcRIs,PF DERECHOS SEXUALES Y REPRODUCTIVOS 1°C 2024,4,4,4,3,3,5,4,5,4,4,5,4,4
1GdfIlrKQcfZ_heMJDiTPlwp95goxcmiMUyl75FKcRIs,PF DERECHOS SEXUALES Y REPRODUCTIVOS 1°C 2024,4,4,5,2,5,5,5,4,3,4,5,5,5
1GdfIlrKQcfZ_heMJDiTPlwp95goxcmiMUyl75FKcRIs,PF DERECHOS SEXUALES Y REPRODUCTIVOS 1°C 2024,5,5,5,5,5,5,5,5,5,5,5,5,5
1GdfIlrKQcfZ_heMJDiTPlwp95goxcmiMUyl75FKcRIs,PF DERECHOS SEXUALES Y REPRODUCTIVOS 1°C 2024,5,5,5,4,5,5,5,5,5,5,4,5,5
1GdfIlrKQcfZ_heMJDiTPlwp95goxcmiMUyl75FKcRIs,PF DERECHOS SEXUALES Y REPRODUCTIVOS 1°C 2024,4,4,5,4,5,4,5,5,4,5,5,5,4
1GdfIlrKQcfZ_heMJDiTPlwp95goxcmiMUyl75FKcRIs,PF DERECHOS SEXUALES Y REPRODUCTIVOS 1°C 2024,4,5,5,3,5,4,4,5,3,4,3,4,5
1GdfIlrKQcfZ_heMJDiTPlwp95goxcmiMUyl75FKcRIs,PF DERECHOS SEXUALES Y REPRODUCTIVOS 1°C 2024,4,5,4,4,5,4,4,4,5,4,4,5,5
1GdfIlrKQcfZ_heMJDiTPlwp95goxcmiMUyl75FKcRIs,PF DERECHOS SEXUALES Y REPRODUCTIVOS 1°C 2024,5,5,5,5,5,5,5,5,5,5,5,5,5
1GdfIlrKQcfZ_heMJDiTPlwp95goxcmiMUyl75FKcRIs,PF DERECHOS SEXUALES Y REPRODUCTIVOS 1°C 2024,2,2,3,2,3,4,3,3,3,3,1,2,5
1GdfIlrKQcfZ_heMJDiTPlwp95goxcmiMUyl75FKcRIs,PF DERECHOS SEXUALES Y REPRODUCTIVOS 1°C 2024,5,5,5,5,5,5,5,5,5,5,5,5,5
1GdfIlrKQcfZ_heMJDiTPlwp95goxcmiMUyl75FKcRIs,PF DERECHOS SEXUALES Y REPRODUCTIVOS 1°C 2024,5,4,4,4,5,4,5,4,5,5,4,5,5
1GdfIlrKQcfZ_heMJDiTPlwp95goxcmiMUyl75FKcRIs,PF DERECHOS SEXUALES Y REPRODUCTIVOS 1°C 2024,4,5,3,4,5,4,4,3,5,5,4,5,5
1GdfIlrKQcfZ_heMJDiTPlwp95goxcmiMUyl75FKcRIs,PF DERECHOS SEXUALES Y REPRODUCTIVOS 1°C 2024,5,5,5,5,5,5,5,5,5,5,5,5,5
1GdfIlrKQcfZ_heMJDiTPlwp95goxcmiMUyl75FKcRIs,PF DERECHOS SEXUALES Y REPRODUCTIVOS 1°C 2024,5,5,5,4,5,5,5,5,5,5,4,5,5
1GdfIlrKQcfZ_heMJDiTPlwp95goxcmiMUyl75FKcRIs,PF DERECHOS SEXUALES Y REPRODUCTIVOS 1°C 2024,5,5,5,5,5,5,5,5,5,5,4,5,5
1GdfIlrKQcfZ_heMJDiTPlwp95goxcmiMUyl75FKcRIs,PF DERECHOS SEXUALES Y REPRODUCTIVOS 1°C 2024,5,5,4,5,5,5,3,3,5,4,5,4,5
1GdfIlrKQcfZ_heMJDiTPlwp95goxcmiMUyl75FKcRIs,PF DERECHOS SEXUALES Y REPRODUCTIVOS 1°C 2024,5,5,5,5,5,5,5,5,5,5,5,5,5
1GdfIlrKQcfZ_heMJDiTPlwp95goxcmiMUyl75FKcRIs,PF DERECHOS SEXUALES Y REPRODUCTIVOS 1°C 2024,5,5,5,5,5,5,5,5,5,5,5,5,5
1GdfIlrKQcfZ_heMJDiTPlwp95goxcmiMUyl75FKcRIs,PF DERECHOS SEXUALES Y REPRODUCTIVOS 1°C 2024,4,4,5,5,5,5,5,5,5,5,5,5,5
1GdfIlrKQcfZ_heMJDiTPlwp95goxcmiMUyl75FKcRIs,PF DERECHOS SEXUALES Y REPRODUCTIVOS 1°C 2024,4,4,4,3,5,4,4,4,4,5,4,4,4
1GdfIlrKQcfZ_heMJDiTPlwp95goxcmiMUyl75FKcRIs,PF DERECHOS SEXUALES Y REPRODUCTIVOS 1°C 2024,5,5,5,5,5,5,4,4,5,5,5,5,5
1GdfIlrKQcfZ_heMJDiTPlwp95goxcmiMUyl75FKcRIs,PF DERECHOS SEXUALES Y REPRODUCTIVOS 1°C 2024,5,5,5,5,5,5,5,5,5,5,5,5,5
1GdfIlrKQcfZ_heMJDiTPlwp95goxcmiMUyl75FKcRIs,PF DERECHOS SEXUALES Y REPRODUCTIVOS 1°C 2024,4,4,5,4,5,5,3,5,3,5,5,5,5
1GdfIlrKQcfZ_heMJDiTPlwp95goxcmiMUyl75FKcRIs,PF DERECHOS SEXUALES Y REPRODUCTIVOS 1°C 2024,4,4,4,4,5,5,4,4,4,4,5,4,4
1GdfIlrKQcfZ_heMJDiTPlwp95goxcmiMUyl75FKcRIs,PF DERECHOS SEXUALES Y REPRODUCTIVOS 1°C 2024,3,4,5,4,5,5,3,4,4,5,5,5,5
1GdfIlrKQcfZ_heMJDiTPlwp95goxcmiMUyl75FKcRIs,PF DERECHOS SEXUALES Y REPRODUCTIVOS 1°C 2024,4,4,4,4,4,4,4,4,3,3,3,4,4
1GdfIlrKQcfZ_heMJDiTPlwp95goxcmiMUyl75FKcRIs,PF DERECHOS SEXUALES Y REPRODUCTIVOS 1°C 2024,4,4,4,5,4,4,4,4,4,4,4,4,4
1GdfIlrKQcfZ_heMJDiTPlwp95goxcmiMUyl75FKcRIs,PF DERECHOS SEXUALES Y REPRODUCTIVOS 1°C 2024,5,5,5,4,5,5,4,5,4,5,5,5,5
1GdfIlrKQcfZ_heMJDiTPlwp95goxcmiMUyl75FKcRIs,PF DERECHOS SEXUALES Y REPRODUCTIVOS 1°C 2024,5,5,5,4,5,5,5,5,4,3,5,5,5
1GdfIlrKQcfZ_heMJDiTPlwp95goxcmiMUyl75FKcRIs,PF DERECHOS SEXUALES Y REPRODUCTIVOS 1°C 2024,5,5,5,5,5,5,5,5,5,5,5,5,5
1GdfIlrKQcfZ_heMJDiTPlwp95goxcmiMUyl75FKcRIs,PF DERECHOS SEXUALES Y REPRODUCTIVOS 1°C 2024,5,5,5,5,5,5,5,5,5,5,5,5,5
1GdfIlrKQcfZ_heMJDiTPlwp95goxcmiMUyl75FKcRIs,PF DERECHOS SEXUALES Y REPRODUCTIVOS 1°C 2024,4,3,4,4,5,4,4,4,4,3,4,4,3
1GdfIlrKQcfZ_heMJDiTPlwp95goxcmiMUyl75FKcRIs,PF DERECHOS SEXUALES Y REPRODUCTIVOS 1°C 2024,3,5,4,4,3,5,5,4,3,5,3,4,3
1GdfIlrKQcfZ_heMJDiTPlwp95goxcmiMUyl75FKcRIs,PF DERECHOS SEXUALES Y REPRODUCTIVOS 1°C 2024,4,4,4,4,4,4,4,4,4,4,4,5,4
1GdfIlrKQcfZ_heMJDiTPlwp95goxcmiMUyl75FKcRIs,PF DERECHOS SEXUALES Y REPRODUCTIVOS 1°C 2024,5,5,5,5,5,5,5,5,5,5,5,5,5
1GdfIlrKQcfZ_heMJDiTPlwp95goxcmiMUyl75FKcRIs,PF DERECHOS SEXUALES Y REPRODUCTIVOS 1°C 2024,5,5,5,5,5,5,5,5,5,5,5,5,5
1GdfIlrKQcfZ_heMJDiTPlwp95goxcmiMUyl75FKcRIs,PF DERECHOS SEXUALES Y REPRODUCTIVOS 1°C 2024,5,5,5,5,5,5,5,5,5,5,5,5,5
1GdfIlrKQcfZ_heMJDiTPlwp95goxcmiMUyl75FKcRIs,PF DERECHOS SEXUALES Y REPRODUCTIVOS 1°C 2024,4,4,3,4,4,3,4,4,4,4,4,4,4
1GdfIlrKQcfZ_heMJDiTPlwp95goxcmiMUyl75FKcRIs,PF DERECHOS SEXUALES Y REPRODUCTIVOS 1°C 2024,5,5,5,5,5,5,5,5,5,5,5,5,5
1GdfIlrKQcfZ_heMJDiTPlwp95goxcmiMUyl75FKcRIs,PF DERECHOS SEXUALES Y REPRODUCTIVOS 1°C 2024,5,5,5,3,4,4,5,5,5,5,4,5,5
1GdfIlrKQcfZ_heMJDiTPlwp95goxcmiMUyl75FKcRIs,PF DERECHOS SEXUALES Y REPRODUCTIVOS 1°C 2024,5,5,5,5,5,5,5,5,5,5,5,5,5
1GdfIlrKQcfZ_heMJDiTPlwp95goxcmiMUyl75FKcRIs,PF DERECHOS SEXUALES Y REPRODUCTIVOS 1°C 2024,4,4,3,4,5,4,4,3,4,2,4,4,4
1GdfIlrKQcfZ_heMJDiTPlwp95goxcmiMUyl75FKcRIs,PF DERECHOS SEXUALES Y REPRODUCTIVOS 1°C 2024,5,5,5,5,5,5,5,5,5,5,5,5,5
1GdfIlrKQcfZ_heMJDiTPlwp95goxcmiMUyl75FKcRIs,PF DERECHOS SEXUALES Y REPRODUCTIVOS 1°C 2024,1,2,1,1,1,1,1,2,1,1,3,1,1
1GdfIlrKQcfZ_heMJDiTPlwp95goxcmiMUyl75FKcRIs,PF DERECHOS SEXUALES Y REPRODUCTIVOS 1°C 2024,5,5,5,5,5,5,5,5,5,5,5,5,5
1GdfIlrKQcfZ_heMJDiTPlwp95goxcmiMUyl75FKcRIs,PF DERECHOS SEXUALES Y REPRODUCTIVOS 1°C 2024,4,3,4,3,4,4,4,4,4,4,4,4,4
1GdfIlrKQcfZ_heMJDiTPlwp95goxcmiMUyl75FKcRIs,PF DERECHOS SEXUALES Y REPRODUCTIVOS 1°C 2024,5,5,5,5,5,5,5,5,5,5,5,5,5
1GdfIlrKQcfZ_heMJDiTPlwp95goxcmiMUyl75FKcRIs,PF DERECHOS SEXUALES Y REPRODUCTIVOS 1°C 2024,5,5,4,5,5,5,5,5,5,5,5,5,5
1GdfIlrKQcfZ_heMJDiTPlwp95goxcmiMUyl75FKcRIs,PF DERECHOS SEXUALES Y REPRODUCTIVOS 1°C 2024,4,4,4,4,4,3,4,4,4,3,4,4,4
1GdfIlrKQcfZ_heMJDiTPlwp95goxcmiMUyl75FKcRIs,PF DERECHOS SEXUALES Y REPRODUCTIVOS 1°C 2024,5,5,4,5,5,5,5,4,5,5,5,5,5
1GdfIlrKQcfZ_heMJDiTPlwp95goxcmiMUyl75FKcRIs,PF DERECHOS SEXUALES Y REPRODUCTIVOS 1°C 2024,5,5,5,5,5,5,5,5,5,5,5,5,5
1GdfIlrKQcfZ_heMJDiTPlwp95goxcmiMUyl75FKcRIs,PF DERECHOS SEXUALES Y REPRODUCTIVOS 1°C 2024,4,4,5,5,5,5,5,5,5,5,5,5,4
1GdfIlrKQcfZ_heMJDiTPlwp95goxcmiMUyl75FKcRIs,PF DERECHOS SEXUALES Y REPRODUCTIVOS 1°C 2024,4,4,3,5,4,4,3,5,5,4,4,5,5
1GdfIlrKQcfZ_heMJDiTPlwp95goxcmiMUyl75FKcRIs,PF DERECHOS SEXUALES Y REPRODUCTIVOS 1°C 2024,5,5,5,5,5,5,5,5,5,5,5,5,5
1GdfIlrKQcfZ_heMJDiTPlwp95goxcmiMUyl75FKcRIs,PF DERECHOS SEXUALES Y REPRODUCTIVOS 1°C 2024,5,5,5,5,5,5,5,5,5,5,5,5,5
1GdfIlrKQcfZ_heMJDiTPlwp95goxcmiMUyl75FKcRIs,PF DERECHOS SEXUALES Y REPRODUCTIVOS 1°C 2024,5,5,5,5,5,5,5,5,5,5,5,5,5
1GdfIlrKQcfZ_heMJDiTPlwp95goxcmiMUyl75FKcRIs,PF DERECHOS SEXUALES Y REPRODUCTIVOS 1°C 2024,4,5,4,4,5,5,3,5,4,5,4,3,5
1GdfIlrKQcfZ_heMJDiTPlwp95goxcmiMUyl75FKcRIs,PF DERECHOS SEXUALES Y REPRODUCTIVOS 1°C 2024,5,4,4,4,3,3,4,5,4,5,4,4,5
1GdfIlrKQcfZ_heMJDiTPlwp95goxcmiMUyl75FKcRIs,PF DERECHOS SEXUALES Y REPRODUCTIVOS 1°C 2024,5,4,5,5,5,5,5,5,5,5,5,5,5
1GdfIlrKQcfZ_heMJDiTPlwp95goxcmiMUyl75FKcRIs,PF DERECHOS SEXUALES Y REPRODUCTIVOS 1°C 2024,5,5,5,5,5,5,5,5,5,5,5,5,5
1GdfIlrKQcfZ_heMJDiTPlwp95goxcmiMUyl75FKcRIs,PF DERECHOS SEXUALES Y REPRODUCTIVOS 1°C 2024,5,5,5,5,5,5,5,5,5,5,5,5,5
1GdfIlrKQcfZ_heMJDiTPlwp95goxcmiMUyl75FKcRIs,PF DERECHOS SEXUALES Y REPRODUCTIVOS 1°C 2024,5,5,5,5,5,5,5,5,3,5,5,5,5
1GdfIlrKQcfZ_heMJDiTPlwp95goxcmiMUyl75FKcRIs,PF DERECHOS SEXUALES Y REPRODUCTIVOS 1°C 2024,5,5,4,4,5,5,5,4,4,5,4,5,4
1GdfIlrKQcfZ_heMJDiTPlwp95goxcmiMUyl75FKcRIs,PF DERECHOS SEXUALES Y REPRODUCTIVOS 1°C 2024,4,5,4,4,4,5,5,5,5,5,4,5,4
1GdfIlrKQcfZ_heMJDiTPlwp95goxcmiMUyl75FKcRIs,PF DERECHOS SEXUALES Y REPRODUCTIVOS 1°C 2024,5,5,4,5,5,5,5,5,4,5,5,5,5
1GdfIlrKQcfZ_heMJDiTPlwp95goxcmiMUyl75FKcRIs,PF DERECHOS SEXUALES Y REPRODUCTIVOS 1°C 2024,5,5,5,3,5,5,5,5,5,5,3,5,5
1GdfIlrKQcfZ_heMJDiTPlwp95goxcmiMUyl75FKcRIs,PF DERECHOS SEXUALES Y REPRODUCTIVOS 1°C 2024,5,5,5,4,5,5,5,5,5,5,5,5,5
1GdfIlrKQcfZ_heMJDiTPlwp95goxcmiMUyl75FKcRIs,PF DERECHOS SEXUALES Y REPRODUCTIVOS 1°C 2024,4,4,4,5,5,5,5,5,5,5,5,5,3
1GdfIlrKQcfZ_heMJDiTPlwp95goxcmiMUyl75FKcRIs,PF DERECHOS SEXUALES Y REPRODUCTIVOS 1°C 2024,5,5,5,5,3,5,5,5,5,3,3,5,5
1GdfIlrKQcfZ_heMJDiTPlwp95goxcmiMUyl75FKcRIs,PF DERECHOS SEXUALES Y REPRODUCTIVOS 1°C 2024,5,5,5,5,5,5,5,5,5,5,5,5,5
1GdfIlrKQcfZ_heMJDiTPlwp95goxcmiMUyl75FKcRIs,PF DERECHOS SEXUALES Y REPRODUCTIVOS 1°C 2024,4,4,5,4,4,4,4,4,4,4,4,4,3
1GdfIlrKQcfZ_heMJDiTPlwp95goxcmiMUyl75FKcRIs,PF DERECHOS SEXUALES Y REPRODUCTIVOS 1°C 2024,5,5,5,5,5,5,5,5,5,5,5,5,5
1GdfIlrKQcfZ_heMJDiTPlwp95goxcmiMUyl75FKcRIs,PF DERECHOS SEXUALES Y REPRODUCTIVOS 1°C 2024,4,4,4,4,4,4,4,4,4,4,4,4,4
1GdfIlrKQcfZ_heMJDiTPlwp95goxcmiMUyl75FKcRIs,PF DERECHOS SEXUALES Y REPRODUCTIVOS 1°C 2024,4,4,4,3,4,4,3,4,4,4,4,4,4
1GdfIlrKQcfZ_heMJDiTPlwp95goxcmiMUyl75FKcRIs,PF DERECHOS SEXUALES Y REPRODUCTIVOS 1°C 2024,5,5,4,4,5,5,5,5,5,5,5,5,5
1GdfIlrKQcfZ_heMJDiTPlwp95goxcmiMUyl75FKcRIs,PF DERECHOS SEXUALES Y REPRODUCTIVOS 1°C 2024,5,5,5,3,5,5,5,4,5,4,5,5,5
1GdfIlrKQcfZ_heMJDiTPlwp95goxcmiMUyl75FKcRIs,PF DERECHOS SEXUALES Y REPRODUCTIVOS 1°C 2024,5,5,4,3,5,5,5,5,5,4,5,5,5
1GdfIlrKQcfZ_heMJDiTPlwp95goxcmiMUyl75FKcRIs,PF DERECHOS SEXUALES Y REPRODUCTIVOS 1°C 2024,5,5,5,5,5,4,5,5,4,4,5,5,5
1GdfIlrKQcfZ_heMJDiTPlwp95goxcmiMUyl75FKcRIs,PF DERECHOS SEXUALES Y REPRODUCTIVOS 1°C 2024,5,5,5,5,5,5,5,5,5,5,5,5,5
1GdfIlrKQcfZ_heMJDiTPlwp95goxcmiMUyl75FKcRIs,PF DERECHOS SEXUALES Y REPRODUCTIVOS 1°C 2024,5,5,5,5,5,5,5,5,5,5,5,5,5
1GdfIlrKQcfZ_heMJDiTPlwp95goxcmiMUyl75FKcRIs,PF DERECHOS SEXUALES Y REPRODUCTIVOS 1°C 2024,5,5,5,5,5,5,5,3,5,5,5,5,5
1GdfIlrKQcfZ_heMJDiTPlwp95goxcmiMUyl75FKcRIs,PF DERECHOS SEXUALES Y REPRODUCTIVOS 1°C 2024,3,4,3,3,5,4,3,4,3,2,4,4,3
1GdfIlrKQcfZ_heMJDiTPlwp95goxcmiMUyl75FKcRIs,PF DERECHOS SEXUALES Y REPRODUCTIVOS 1°C 2024,5,5,5,5,5,5,5,5,5,5,5,5,5
1GdfIlrKQcfZ_heMJDiTPlwp95goxcmiMUyl75FKcRIs,PF DERECHOS SEXUALES Y REPRODUCTIVOS 1°C 2024,4,5,4,4,4,4,4,4,4,4,4,4,4
1GdfIlrKQcfZ_heMJDiTPlwp95goxcmiMUyl75FKcRIs,PF DERECHOS SEXUALES Y REPRODUCTIVOS 1°C 2024,5,5,5,5,5,5,5,5,5,5,5,5,5
1GdfIlrKQcfZ_heMJDiTPlwp95goxcmiMUyl75FKcRIs,PF DERECHOS SEXUALES Y REPRODUCTIVOS 1°C 2024,3,4,2,2,4,1,4,4,4,3,4,5,4
1GdfIlrKQcfZ_heMJDiTPlwp95goxcmiMUyl75FKcRIs,PF DERECHOS SEXUALES Y REPRODUCTIVOS 1°C 2024,5,5,5,5,5,5,5,5,5,5,5,5,5
1GdfIlrKQcfZ_heMJDiTPlwp95goxcmiMUyl75FKcRIs,PF DERECHOS SEXUALES Y REPRODUCTIVOS 1°C 2024,3,4,2,1,2,4,3,2,3,4,5,5,5
1GdfIlrKQcfZ_heMJDiTPlwp95goxcmiMUyl75FKcRIs,PF DERECHOS SEXUALES Y REPRODUCTIVOS 1°C 2024,5,4,4,1,5,5,4,5,5,5,4,4,5
1GdfIlrKQcfZ_heMJDiTPlwp95goxcmiMUyl75FKcRIs,PF DERECHOS SEXUALES Y REPRODUCTIVOS 1°C 2024,5,5,5,3,2,5,5,5,4,4,5,5,5
1GdfIlrKQcfZ_heMJDiTPlwp95goxcmiMUyl75FKcRIs,PF DERECHOS SEXUALES Y REPRODUCTIVOS 1°C 2024,4,4,4,4,4,4,4,4,4,4,4,4,4
1GdfIlrKQcfZ_heMJDiTPlwp95goxcmiMUyl75FKcRIs,PF DERECHOS SEXUALES Y REPRODUCTIVOS 1°C 2024,5,5,5,4,5,5,5,5,4,5,4,5,5
1GdfIlrKQcfZ_heMJDiTPlwp95goxcmiMUyl75FKcRIs,PF DERECHOS SEXUALES Y REPRODUCTIVOS 1°C 2024,5,5,5,4,4,5,5,3,4,5,5,4,5
1GdfIlrKQcfZ_heMJDiTPlwp95goxcmiMUyl75FKcRIs,PF DERECHOS SEXUALES Y REPRODUCTIVOS 1°C 2024,5,5,5,5,5,5,5,5,5,5,5,5,5
1GdfIlrKQcfZ_heMJDiTPlwp95goxcmiMUyl75FKcRIs,PF DERECHOS SEXUALES Y REPRODUCTIVOS 1°C 2024,5,5,5,5,5,5,5,5,5,5,5,5,5
1GdfIlrKQcfZ_heMJDiTPlwp95goxcmiMUyl75FKcRIs,PF DERECHOS SEXUALES Y REPRODUCTIVOS 1°C 2024,4,4,4,4,5,5,5,5,5,5,5,5,5
1GdfIlrKQcfZ_heMJDiTPlwp95goxcmiMUyl75FKcRIs,PF DERECHOS SEXUALES Y REPRODUCTIVOS 1°C 2024,4,4,4,4,5,5,4,4,4,4,5,4,5
1GdfIlrKQcfZ_heMJDiTPlwp95goxcmiMUyl75FKcRIs,PF DERECHOS SEXUALES Y REPRODUCTIVOS 1°C 2024,5,5,5,5,5,5,5,5,5,5,5,5,5
1GdfIlrKQcfZ_heMJDiTPlwp95goxcmiMUyl75FKcRIs,PF DERECHOS SEXUALES Y REPRODUCTIVOS 1°C 2024,4,4,5,2,5,5,5,3,4,5,2,4,3
1GdfIlrKQcfZ_heMJDiTPlwp95goxcmiMUyl75FKcRIs,PF DERECHOS SEXUALES Y REPRODUCTIVOS 1°C 2024,4,5,4,4,4,4,4,4,4,4,4,4,4
1GdfIlrKQcfZ_heMJDiTPlwp95goxcmiMUyl75FKcRIs,PF DERECHOS SEXUALES Y REPRODUCTIVOS 1°C 2024,5,5,5,4,5,5,4,5,5,5,4,5,5
1GdfIlrKQcfZ_heMJDiTPlwp95goxcmiMUyl75FKcRIs,PF DERECHOS SEXUALES Y REPRODUCTIVOS 1°C 2024,5,5,5,4,5,5,5,5,5,5,5,5,5
1GdfIlrKQcfZ_heMJDiTPlwp95goxcmiMUyl75FKcRIs,PF DERECHOS SEXUALES Y REPRODUCTIVOS 1°C 2024,5,5,5,5,5,5,5,5,5,5,5,5,5
1GdfIlrKQcfZ_heMJDiTPlwp95goxcmiMUyl75FKcRIs,PF DERECHOS SEXUALES Y REPRODUCTIVOS 1°C 2024,5,5,5,5,5,5,5,5,5,5,5,5,5
1GdfIlrKQcfZ_heMJDiTPlwp95goxcmiMUyl75FKcRIs,PF DERECHOS SEXUALES Y REPRODUCTIVOS 1°C 2024,4,4,4,4,5,4,4,4,4,4,4,5,4
1GdfIlrKQcfZ_heMJDiTPlwp95goxcmiMUyl75FKcRIs,PF DERECHOS SEXUALES Y REPRODUCTIVOS 1°C 2024,3,4,5,3,5,5,4,4,3,5,4,5,5
1GdfIlrKQcfZ_heMJDiTPlwp95goxcmiMUyl75FKcRIs,PF DERECHOS SEXUALES Y REPRODUCTIVOS 1°C 2024,3,5,4,5,5,5,4,4,4,5,5,5,5
1GdfIlrKQcfZ_heMJDiTPlwp95goxcmiMUyl75FKcRIs,PF DERECHOS SEXUALES Y REPRODUCTIVOS 1°C 2024,5,4,5,5,5,5,4,5,5,5,5,5,5
1GdfIlrKQcfZ_heMJDiTPlwp95goxcmiMUyl75FKcRIs,PF DERECHOS SEXUALES Y REPRODUCTIVOS 1°C 2024,4,5,5,4,5,5,5,4,5,5,4,5,5
1GdfIlrKQcfZ_heMJDiTPlwp95goxcmiMUyl75FKcRIs,PF DERECHOS SEXUALES Y REPRODUCTIVOS 1°C 2024,5,5,5,4,5,5,5,5,5,5,4,5,5
1GdfIlrKQcfZ_heMJDiTPlwp95goxcmiMUyl75FKcRIs,PF DERECHOS SEXUALES Y REPRODUCTIVOS 1°C 2024,4,4,5,5,4,5,5,5,5,5,5,5,5
1GdfIlrKQcfZ_heMJDiTPlwp95goxcmiMUyl75FKcRIs,PF DERECHOS SEXUALES Y REPRODUCTIVOS 1°C 2024,5,5,5,5,5,5,5,5,5,5,5,5,5
1GdfIlrKQcfZ_heMJDiTPlwp95goxcmiMUyl75FKcRIs,PF DERECHOS SEXUALES Y REPRODUCTIVOS 1°C 2024,5,5,5,4,5,5,5,5,5,4,4,5,4
1GdfIlrKQcfZ_heMJDiTPlwp95goxcmiMUyl75FKcRIs,PF DERECHOS SEXUALES Y REPRODUCTIVOS 1°C 2024,5,5,5,5,5,5,5,5,5,5,5,5,5
1GdfIlrKQcfZ_heMJDiTPlwp95goxcmiMUyl75FKcRIs,PF DERECHOS SEXUALES Y REPRODUCTIVOS 1°C 2024,4,4,4,4,4,4,4,4,4,4,4,4,4
1GdfIlrKQcfZ_heMJDiTPlwp95goxcmiMUyl75FKcRIs,PF DERECHOS SEXUALES Y REPRODUCTIVOS 1°C 2024,4,4,4,4,4,5,4,4,4,4,4,4,5
1GdfIlrKQcfZ_heMJDiTPlwp95goxcmiMUyl75FKcRIs,PF DERECHOS SEXUALES Y REPRODUCTIVOS 1°C 2024,5,5,4,4,5,5,3,4,3,3,3,4,3
1GdfIlrKQcfZ_heMJDiTPlwp95goxcmiMUyl75FKcRIs,PF DERECHOS SEXUALES Y REPRODUCTIVOS 1°C 2024,4,5,4,4,5,5,4,4,5,4,5,5,4
1GdfIlrKQcfZ_heMJDiTPlwp95goxcmiMUyl75FKcRIs,PF DERECHOS SEXUALES Y REPRODUCTIVOS 1°C 2024,5,5,5,3,5,5,4,4,4,5,5,3,5
1GdfIlrKQcfZ_heMJDiTPlwp95goxcmiMUyl75FKcRIs,PF DERECHOS SEXUALES Y REPRODUCTIVOS 1°C 2024,5,5,5,5,5,5,5,5,5,5,5,5,5
1GdfIlrKQcfZ_heMJDiTPlwp95goxcmiMUyl75FKcRIs,PF DERECHOS SEXUALES Y REPRODUCTIVOS 1°C 2024,5,5,5,5,5,5,5,5,5,5,5,5,5
1GdfIlrKQcfZ_heMJDiTPlwp95goxcmiMUyl75FKcRIs,PF DERECHOS SEXUALES Y REPRODUCTIVOS 1°C 2024,5,4,4,3,5,5,5,5,4,4,4,5,5
1GdfIlrKQcfZ_heMJDiTPlwp95goxcmiMUyl75FKcRIs,PF DERECHOS SEXUALES Y REPRODUCTIVOS 1°C 2024,4,4,4,3,5,5,3,4,2,3,4,5,4
1GdfIlrKQcfZ_heMJDiTPlwp95goxcmiMUyl75FKcRIs,PF DERECHOS SEXUALES Y REPRODUCTIVOS 1°C 2024,4,4,4,4,4,4,4,4,4,4,4,4,4
1GdfIlrKQcfZ_heMJDiTPlwp95goxcmiMUyl75FKcRIs,PF DERECHOS SEXUALES Y REPRODUCTIVOS 1°C 2024,3,4,5,4,5,5,4,4,4,5,4,5,5
1GdfIlrKQcfZ_heMJDiTPlwp95goxcmiMUyl75FKcRIs,PF DERECHOS SEXUALES Y REPRODUCTIVOS 1°C 2024,5,5,5,5,5,5,5,5,5,5,5,5,5
1GdfIlrKQcfZ_heMJDiTPlwp95goxcmiMUyl75FKcRIs,PF DERECHOS SEXUALES Y REPRODUCTIVOS 1°C 2024,5,4,5,5,5,4,4,4,5,4,4,5,5
1GdfIlrKQcfZ_heMJDiTPlwp95goxcmiMUyl75FKcRIs,PF DERECHOS SEXUALES Y REPRODUCTIVOS 1°C 2024,5,5,5,5,5,5,5,5,4,4,5,5,5
1GdfIlrKQcfZ_heMJDiTPlwp95goxcmiMUyl75FKcRIs,PF DERECHOS SEXUALES Y REPRODUCTIVOS 1°C 2024,5,5,5,5,5,5,5,5,5,5,5,5,5
1GdfIlrKQcfZ_heMJDiTPlwp95goxcmiMUyl75FKcRIs,PF DERECHOS SEXUALES Y REPRODUCTIVOS 1°C 2024,5,5,5,3,4,4,3,5,4,5,3,5,5
1GdfIlrKQcfZ_heMJDiTPlwp95goxcmiMUyl75FKcRIs,PF DERECHOS SEXUALES Y REPRODUCTIVOS 1°C 2024,5,4,5,4,5,5,5,4,5,5,5,4,5
1GdfIlrKQcfZ_heMJDiTPlwp95goxcmiMUyl75FKcRIs,PF DERECHOS SEXUALES Y REPRODUCTIVOS 1°C 2024,4,5,4,4,4,4,4,4,4,4,4,4,4
1GdfIlrKQcfZ_heMJDiTPlwp95goxcmiMUyl75FKcRIs,PF DERECHOS SEXUALES Y REPRODUCTIVOS 1°C 2024,5,5,4,4,5,4,4,4,5,5,5,4,4
1GdfIlrKQcfZ_heMJDiTPlwp95goxcmiMUyl75FKcRIs,PF DERECHOS SEXUALES Y REPRODUCTIVOS 1°C 2024,1,1,1,1,1,1,1,1,1,1,1,2,1
1GdfIlrKQcfZ_heMJDiTPlwp95goxcmiMUyl75FKcRIs,PF DERECHOS SEXUALES Y REPRODUCTIVOS 1°C 2024,5,4,5,5,5,5,5,5,5,5,5,5,5
1GdfIlrKQcfZ_heMJDiTPlwp95goxcmiMUyl75FKcRIs,PF DERECHOS SEXUALES Y REPRODUCTIVOS 1°C 2024,5,5,5,4,5,5,4,5,5,5,5,5,4
1GdfIlrKQcfZ_heMJDiTPlwp95goxcmiMUyl75FKcRIs,PF DERECHOS SEXUALES Y REPRODUCTIVOS 1°C 2024,3,4,4,4,4,4,4,4,4,4,4,4,4
1GdfIlrKQcfZ_heMJDiTPlwp95goxcmiMUyl75FKcRIs,PF DERECHOS SEXUALES Y REPRODUCTIVOS 1°C 2024,5,4,4,4,5,4,4,5,3,5,4,4,5
1GdfIlrKQcfZ_heMJDiTPlwp95goxcmiMUyl75FKcRIs,PF DERECHOS SEXUALES Y REPRODUCTIVOS 1°C 2024,4,5,5,5,5,5,5,5,5,5,5,5,5
1GdfIlrKQcfZ_heMJDiTPlwp95goxcmiMUyl75FKcRIs,PF DERECHOS SEXUALES Y REPRODUCTIVOS 1°C 2024,4,4,5,3,5,5,5,5,2,5,5,5,5
1GdfIlrKQcfZ_heMJDiTPlwp95goxcmiMUyl75FKcRIs,PF DERECHOS SEXUALES Y REPRODUCTIVOS 1°C 2024,4,5,4,4,5,5,4,5,4,4,4,5,4
1GdfIlrKQcfZ_heMJDiTPlwp95goxcmiMUyl75FKcRIs,PF DERECHOS SEXUALES Y REPRODUCTIVOS 1°C 2024,4,4,4,4,4,5,4,5,4,4,4,4,4
1GdfIlrKQcfZ_heMJDiTPlwp95goxcmiMUyl75FKcRIs,PF DERECHOS SEXUALES Y REPRODUCTIVOS 1°C 2024,5,5,5,5,5,5,5,5,3,5,5,5,5
1GdfIlrKQcfZ_heMJDiTPlwp95goxcmiMUyl75FKcRIs,PF DERECHOS SEXUALES Y REPRODUCTIVOS 1°C 2024,4,4,3,3,3,4,4,4,3,4,3,4,4
1GdfIlrKQcfZ_heMJDiTPlwp95goxcmiMUyl75FKcRIs,PF DERECHOS SEXUALES Y REPRODUCTIVOS 1°C 2024,4,4,4,4,3,3,2,4,5,5,3,5,5
1GdfIlrKQcfZ_heMJDiTPlwp95goxcmiMUyl75FKcRIs,PF DERECHOS SEXUALES Y REPRODUCTIVOS 1°C 2024,5,5,5,5,5,5,5,5,5,5,5,5,5
1GdfIlrKQcfZ_heMJDiTPlwp95goxcmiMUyl75FKcRIs,PF DERECHOS SEXUALES Y REPRODUCTIVOS 1°C 2024,5,5,5,5,5,5,5,5,5,5,5,5,5
1GdfIlrKQcfZ_heMJDiTPlwp95goxcmiMUyl75FKcRIs,PF DERECHOS SEXUALES Y REPRODUCTIVOS 1°C 2024,5,5,5,5,5,5,5,5,5,5,5,5,5
1Qx05FGgfnoRjddIgmKAMDfqdCKMzbuYLUJwuIySMWHQ,SALUD ORAL RPMS 3°C 2024,5,5,5,5,5,5,5,5,5,5,5,5,5
1Qx05FGgfnoRjddIgmKAMDfqdCKMzbuYLUJwuIySMWHQ,SALUD ORAL RPMS 3°C 2024,5,5,4,4,3,4,4,5,5,5,5,5,4
1Qx05FGgfnoRjddIgmKAMDfqdCKMzbuYLUJwuIySMWHQ,SALUD ORAL RPMS 3°C 2024,5,5,5,5,4,5,5,5,4,4,4,4,5
1Qx05FGgfnoRjddIgmKAMDfqdCKMzbuYLUJwuIySMWHQ,SALUD ORAL RPMS 3°C 2024,5,5,5,5,5,5,5,5,5,5,5,5,5
1Qx05FGgfnoRjddIgmKAMDfqdCKMzbuYLUJwuIySMWHQ,SALUD ORAL RPMS 3°C 2024,4,4,4,4,4,4,4,4,4,4,4,4,4
1Qx05FGgfnoRjddIgmKAMDfqdCKMzbuYLUJwuIySMWHQ,SALUD ORAL RPMS 3°C 2024,5,5,5,5,5,5,5,5,5,5,5,5,5
1Qx05FGgfnoRjddIgmKAMDfqdCKMzbuYLUJwuIySMWHQ,SALUD ORAL RPMS 3°C 2024,4,4,4,4,4,4,4,4,4,4,3,4,4
1Qx05FGgfnoRjddIgmKAMDfqdCKMzbuYLUJwuIySMWHQ,SALUD ORAL RPMS 3°C 2024,5,5,5,5,5,5,5,5,5,5,5,5,5
1Qx05FGgfnoRjddIgmKAMDfqdCKMzbuYLUJwuIySMWHQ,SALUD ORAL RPMS 3°C 2024,5,5,5,5,5,5,5,5,5,5,5,4,5
1Qx05FGgfnoRjddIgmKAMDfqdCKMzbuYLUJwuIySMWHQ,SALUD ORAL RPMS 3°C 2024,5,5,5,5,5,5,5,5,5,5,5,5,5
1Qx05FGgfnoRjddIgmKAMDfqdCKMzbuYLUJwuIySMWHQ,SALUD ORAL RPMS 3°C 2024,5,5,5,5,4,5,5,5,4,4,5,5,5
1Qx05FGgfnoRjddIgmKAMDfqdCKMzbuYLUJwuIySMWHQ,SALUD ORAL RPMS 3°C 2024,5,5,5,5,5,5,4,4,4,4,4,5,4
1Qx05FGgfnoRjddIgmKAMDfqdCKMzbuYLUJwuIySMWHQ,SALUD ORAL RPMS 3°C 2024,5,5,5,5,5,5,5,5,5,5,5,5,5
1Qx05FGgfnoRjddIgmKAMDfqdCKMzbuYLUJwuIySMWHQ,SALUD ORAL RPMS 3°C 2024,4,4,4,4,4,5,5,3,4,1,4,4,4
1Qx05FGgfnoRjddIgmKAMDfqdCKMzbuYLUJwuIySMWHQ,SALUD ORAL RPMS 3°C 2024,5,5,5,5,4,5,5,4,4,4,5,5,5
1Qx05FGgfnoRjddIgmKAMDfqdCKMzbuYLUJwuIySMWHQ,SALUD ORAL RPMS 3°C 2024,5,5,5,5,5,5,5,5,5,5,5,5,5
1Qx05FGgfnoRjddIgmKAMDfqdCKMzbuYLUJwuIySMWHQ,SALUD ORAL RPMS 3°C 2024,5,5,5,3,5,5,5,4,1,1,1,5,3
1XBl2d4tPWAkfrnGypbS738kM0kK8dOyYSWzaUYfz46U,CÁNCER PROSTATA 1°C 2025,5,5,5,5,5,5,5,5,5,5,5,5,5
1XBl2d4tPWAkfrnGypbS738kM0kK8dOyYSWzaUYfz46U,CÁNCER PROSTATA 1°C 2025,4,4,4,4,4,4,4,4,4,4,4,4,4
1XBl2d4tPWAkfrnGypbS738kM0kK8dOyYSWzaUYfz46U,CÁNCER PROSTATA 1°C 2025,1,1,1,1,1,1,1,1,1,2,2,1,2
1XBl2d4tPWAkfrnGypbS738kM0kK8dOyYSWzaUYfz46U,CÁNCER PROSTATA 1°C 2025,2,4,1,1,1,3,4,3,1,1,5,4,1
1XBl2d4tPWAkfrnGypbS738kM0kK8dOyYSWzaUYfz46U,CÁNCER PROSTATA 1°C 2025,5,5,5,5,5,5,5,5,5,5,5,5,5
1XBl2d4tPWAkfrnGypbS738kM0kK8dOyYSWzaUYfz46U,CÁNCER PROSTATA 1°C 2025,5,5,5,5,5,5,5,5,5,5,5,5,5
1XBl2d4tPWAkfrnGypbS738kM0kK8dOyYSWzaUYfz46U,CÁNCER PROSTATA 1°C 2025,4,4,5,4,5,5,4,5,5,5,5,5,5
1XBl2d4tPWAkfrnGypbS738kM0kK8dOyYSWzaUYfz46U,CÁNCER PROSTATA 1°C 2025,5,5,5,5,5,5,5,5,5,5,5,5,5
1XBl2d4tPWAkfrnGypbS738kM0kK8dOyYSWzaUYfz46U,CÁNCER PROSTATA 1°C 2025,5,5,5,5,5,5,5,5,5,5,5,5,5
1XBl2d4tPWAkfrnGypbS738kM0kK8dOyYSWzaUYfz46U,CÁNCER PROSTATA 1°C 2025,5,5,5,4,5,5,3,5,1,1,3,3,3
1XBl2d4tPWAkfrnGypbS738kM0kK8dOyYSWzaUYfz46U,CÁNCER PROSTATA 1°C 2025,5,5,5,4,4,5,5,5,5,5,5,4,5
1XBl2d4tPWAkfrnGypbS738kM0kK8dOyYSWzaUYfz46U,CÁNCER PROSTATA 1°C 2025,1,1,1,1,1,1,1,1,1,1,1,1,1
1XBl2d4tPWAkfrnGypbS738kM0kK8dOyYSWzaUYfz46U,CÁNCER PROSTATA 1°C 2025,5,5,5,5,5,5,5,5,5,5,5,5,5
1XBl2d4tPWAkfrnGypbS738kM0kK8dOyYSWzaUYfz46U,CÁNCER PROSTATA 1°C 2025,5,5,5,4,5,5,5,5,3,3,4,5,5
1XBl2d4tPWAkfrnGypbS738kM0kK8dOyYSWzaUYfz46U,CÁNCER PROSTATA 1°C 2025,4,4,4,4,4,4,4,4,4,4,4,4,4
1XBl2d4tPWAkfrnGypbS738kM0kK8dOyYSWzaUYfz46U,CÁNCER PROSTATA 1°C 2025,5,5,5,5,5,5,5,5,5,4,5,5,5
1XBl2d4tPWAkfrnGypbS738kM0kK8dOyYSWzaUYfz46U,CÁNCER PROSTATA 1°C 2025,5,5,5,5,5,5,5,5,5,5,5,5,5
1XBl2d4tPWAkfrnGypbS738kM0kK8dOyYSWzaUYfz46U,CÁNCER PROSTATA 1°C 2025,5,5,4,5,5,5,5,5,5,5,5,5,5
1XBl2d4tPWAkfrnGypbS738kM0kK8dOyYSWzaUYfz46U,CÁNCER PROSTATA 1°C 2025,5,5,5,5,5,5,5,5,5,5,5,5,5
1XBl2d4tPWAkfrnGypbS738kM0kK8dOyYSWzaUYfz46U,CÁNCER PROSTATA 1°C 2025,5,5,5,5,5,5,5,5,5,5,5,5,5
1XBl2d4tPWAkfrnGypbS738kM0kK8dOyYSWzaUYfz46U,CÁNCER PROSTATA 1°C 2025,5,5,5,5,5,5,5,5,5,5,5,5,5
1XBl2d4tPWAkfrnGypbS738kM0kK8dOyYSWzaUYfz46U,CÁNCER PROSTATA 1°C 2025,1,1,1,1,1,1,1,1,1,1,1,1,1
1XBl2d4tPWAkfrnGypbS738kM0kK8dOyYSWzaUYfz46U,CÁNCER PROSTATA 1°C 2025,5,5,5,5,5,5,5,5,5,5,5,5,5
1XBl2d4tPWAkfrnGypbS738kM0kK8dOyYSWzaUYfz46U,CÁNCER PROSTATA 1°C 2025,5,5,5,5,5,5,5,5,5,5,5,5,5
1XBl2d4tPWAkfrnGypbS738kM0kK8dOyYSWzaUYfz46U,CÁNCER PROSTATA 1°C 2025,5,5,5,5,5,5,5,5,5,5,5,5,5
1XBl2d4tPWAkfrnGypbS738kM0kK8dOyYSWzaUYfz46U,CÁNCER PROSTATA 1°C 2025,4,4,4,5,5,5,4,5,3,3,4,4,4
1XBl2d4tPWAkfrnGypbS738kM0kK8dOyYSWzaUYfz46U,CÁNCER PROSTATA 1°C 2025,5,5,5,4,4,5,5,4,4,4,4,4,5
1XBl2d4tPWAkfrnGypbS738kM0kK8dOyYSWzaUYfz46U,CÁNCER PROSTATA 1°C 2025,5,5,5,5,5,5,5,5,5,5,5,5,5
1XBl2d4tPWAkfrnGypbS738kM0kK8dOyYSWzaUYfz46U,CÁNCER PROSTATA 1°C 2025,5,5,5,5,5,5,5,5,5,5,5,5,5
1XBl2d4tPWAkfrnGypbS738kM0kK8dOyYSWzaUYfz46U,CÁNCER PROSTATA 1°C 2025,5,5,5,5,5,5,5,5,5,5,5,5,5
10ct8mKgnxFsFVZgcrb8ii3bLYV7khBU_jay-D9fkx1I,CÁNCER PROSTATA 1°C 2024,5,5,5,5,5,5,5,5,5,5,5,5,5
10ct8mKgnxFsFVZgcrb8ii3bLYV7khBU_jay-D9fkx1I,CÁNCER PROSTATA 1°C 2024,5,5,5,5,5,5,5,5,5,5,5,5,5
10ct8mKgnxFsFVZgcrb8ii3bLYV7khBU_jay-D9fkx1I,CÁNCER PROSTATA 1°C 2024,4,4,4,4,4,4,4,4,4,4,4,4,4
10ct8mKgnxFsFVZgcrb8ii3bLYV7khBU_jay-D9fkx1I,CÁNCER PROSTATA 1°C 2024,5,5,5,5,5,5,5,5,5,5,5,5,5
10ct8mKgnxFsFVZgcrb8ii3bLYV7khBU_jay-D9fkx1I,CÁNCER PROSTATA 1°C 2024,1,1,1,1,1,1,1,1,1,1,1,1,1
10ct8mKgnxFsFVZgcrb8ii3bLYV7khBU_jay-D9fkx1I,CÁNCER PROSTATA 1°C 2024,5,5,5,5,5,5,5,5,5,5,5,5,5
10ct8mKgnxFsFVZgcrb8ii3bLYV7khBU_jay-D9fkx1I,CÁNCER PROSTATA 1°C 2024,5,5,5,5,5,5,5,5,5,5,5,5,5
10ct8mKgnxFsFVZgcrb8ii3bLYV7khBU_jay-D9fkx1I,CÁNCER PROSTATA 1°C 2024,5,5,5,5,5,5,5,5,5,5,5,5,5
10ct8mKgnxFsFVZgcrb8ii3bLYV7khBU_jay-D9fkx1I,CÁNCER PROSTATA 1°C 2024,5,5,5,5,5,5,5,5,5,5,5,5,5
10ct8mKgnxFsFVZgcrb8ii3bLYV7khBU_jay-D9fkx1I,CÁNCER PROSTATA 1°C 2024,5,5,5,3,5,5,5,5,5,5,4,5,5
10ct8mKgnxFsFVZgcrb8ii3bLYV7khBU_jay-D9fkx1I,CÁNCER PROSTATA 1°C 2024,4,4,4,4,4,4,4,4,4,4,4,4,4
10ct8mKgnxFsFVZgcrb8ii3bLYV7khBU_jay-D9fkx1I,CÁNCER PROSTATA 1°C 2024,4,4,4,4,4,4,4,4,4,4,4,4,4
10ct8mKgnxFsFVZgcrb8ii3bLYV7khBU_jay-D9fkx1I,CÁNCER PROSTATA 1°C 2024,5,5,5,5,5,5,5,3,3,3,3,3,4
10ct8mKgnxFsFVZgcrb8ii3bLYV7khBU_jay-D9fkx1I,CÁNCER PROSTATA 1°C 2024,4,4,4,4,4,4,4,4,4,4,4,4,4
10ct8mKgnxFsFVZgcrb8ii3bLYV7khBU_jay-D9fkx1I,CÁNCER PROSTATA 1°C 2024,4,5,4,4,5,5,4,4,3,3,4,5,5
10ct8mKgnxFsFVZgcrb8ii3bLYV7khBU_jay-D9fkx1I,CÁNCER PROSTATA 1°C 2024,3,5,3,5,5,5,5,5,3,3,4,5,3
10ct8mKgnxFsFVZgcrb8ii3bLYV7khBU_jay-D9fkx1I,CÁNCER PROSTATA 1°C 2024,4,4,4,5,4,4,3,5,3,3,4,4,4
10ct8mKgnxFsFVZgcrb8ii3bLYV7khBU_jay-D9fkx1I,CÁNCER PROSTATA 1°C 2024,4,4,4,4,4,4,4,4,4,4,4,4,4
10ct8mKgnxFsFVZgcrb8ii3bLYV7khBU_jay-D9fkx1I,CÁNCER PROSTATA 1°C 2024,4,4,4,4,4,4,4,4,4,4,4,4,4
10ct8mKgnxFsFVZgcrb8ii3bLYV7khBU_jay-D9fkx1I,CÁNCER PROSTATA 1°C 2024,5,5,5,5,5,5,5,5,5,5,5,5,5
10ct8mKgnxFsFVZgcrb8ii3bLYV7khBU_jay-D9fkx1I,CÁNCER PROSTATA 1°C 2024,5,5,5,5,1,5,5,5,5,5,5,5,5
10ct8mKgnxFsFVZgcrb8ii3bLYV7khBU_jay-D9fkx1I,CÁNCER PROSTATA 1°C 2024,5,5,5,5,5,5,5,5,5,5,5,5,5
10ct8mKgnxFsFVZgcrb8ii3bLYV7khBU_jay-D9fkx1I,CÁNCER PROSTATA 1°C 2024,5,5,5,5,5,5,5,5,5,5,5,5,5
10ct8mKgnxFsFVZgcrb8ii3bLYV7khBU_jay-D9fkx1I,CÁNCER PROSTATA 1°C 2024,5,5,5,5,5,5,5,5,5,5,5,5,5
10ct8mKgnxFsFVZgcrb8ii3bLYV7khBU_jay-D9fkx1I,CÁNCER PROSTATA 1°C 2024,5,5,5,5,5,5,5,5,4,4,5,5,5
10ct8mKgnxFsFVZgcrb8ii3bLYV7khBU_jay-D9fkx1I,CÁNCER PROSTATA 1°C 2024,5,5,4,4,5,4,5,4,5,4,5,5,5
10ct8mKgnxFsFVZgcrb8ii3bLYV7khBU_jay-D9fkx1I,CÁNCER PROSTATA 1°C 2024,5,5,5,5,5,5,5,5,5,5,5,5,5
10ct8mKgnxFsFVZgcrb8ii3bLYV7khBU_jay-D9fkx1I,CÁNCER PROSTATA 1°C 2024,5,5,5,5,5,5,5,5,5,5,5,5,5
10ct8mKgnxFsFVZgcrb8ii3bLYV7khBU_jay-D9fkx1I,CÁNCER PROSTATA 1°C 2024,5,5,5,5,5,4,5,5,1,1,5,5,5
10ct8mKgnxFsFVZgcrb8ii3bLYV7khBU_jay-D9fkx1I,CÁNCER PROSTATA 1°C 2024,5,5,5,5,5,5,5,5,5,5,5,5,5
10ct8mKgnxFsFVZgcrb8ii3bLYV7khBU_jay-D9fkx1I,CÁNCER PROSTATA 1°C 2024,4,4,4,4,4,4,4,4,4,3,4,4,4
1hRleDQExrdvb2bZhv_NkoM6eG21pRcpN02oLBP_hZaI,SISTEMA DE INFORMACIÓN EN TB 1°C 2024,5,5,5,5,5,5,5,5,5,5,5,5,5
1hRleDQExrdvb2bZhv_NkoM6eG21pRcpN02oLBP_hZaI,SISTEMA DE INFORMACIÓN EN TB 1°C 2024,5,5,5,5,5,5,5,5,5,5,5,5,5
1hRleDQExrdvb2bZhv_NkoM6eG21pRcpN02oLBP_hZaI,SISTEMA DE INFORMACIÓN EN TB 1°C 2024,5,5,5,5,5,5,5,5,5,5,5,5,5
1hRleDQExrdvb2bZhv_NkoM6eG21pRcpN02oLBP_hZaI,SISTEMA DE INFORMACIÓN EN TB 1°C 2024,5,5,5,5,5,5,5,5,5,5,5,5,5
1hRleDQExrdvb2bZhv_NkoM6eG21pRcpN02oLBP_hZaI,SISTEMA DE INFORMACIÓN EN TB 1°C 2024,5,5,5,5,5,5,4,5,5,4,4,5,5
1hRleDQExrdvb2bZhv_NkoM6eG21pRcpN02oLBP_hZaI,SISTEMA DE INFORMACIÓN EN TB 1°C 2024,5,5,5,5,5,5,5,5,5,5,5,5,5
1hRleDQExrdvb2bZhv_NkoM6eG21pRcpN02oLBP_hZaI,SISTEMA DE INFORMACIÓN EN TB 1°C 2024,4,4,4,4,5,4,4,5,2,3,4,4,4
1hRleDQExrdvb2bZhv_NkoM6eG21pRcpN02oLBP_hZaI,SISTEMA DE INFORMACIÓN EN TB 1°C 2024,5,5,5,5,5,5,5,5,5,5,5,5,5
1hRleDQExrdvb2bZhv_NkoM6eG21pRcpN02oLBP_hZaI,SISTEMA DE INFORMACIÓN EN TB 1°C 2024,4,4,4,4,4,4,4,4,4,4,4,4,4
1hRleDQExrdvb2bZhv_NkoM6eG21pRcpN02oLBP_hZaI,SISTEMA DE INFORMACIÓN EN TB 1°C 2024,5,5,5,5,5,5,5,5,5,5,5,5,5
1hRleDQExrdvb2bZhv_NkoM6eG21pRcpN02oLBP_hZaI,SISTEMA DE INFORMACIÓN EN TB 1°C 2024,4,4,4,4,4,4,4,4,4,4,4,4,4
1hRleDQExrdvb2bZhv_NkoM6eG21pRcpN02oLBP_hZaI,SISTEMA DE INFORMACIÓN EN TB 1°C 2024,5,5,5,5,5,5,5,5,5,5,5,5,5
1hRleDQExrdvb2bZhv_NkoM6eG21pRcpN02oLBP_hZaI,SISTEMA DE INFORMACIÓN EN TB 1°C 2024,5,5,5,5,5,5,5,5,5,5,5,5,5
1hRleDQExrdvb2bZhv_NkoM6eG21pRcpN02oLBP_hZaI,SISTEMA DE INFORMACIÓN EN TB 1°C 2024,4,4,4,3,5,5,3,5,5,3,5,4,4
1hRleDQExrdvb2bZhv_NkoM6eG21pRcpN02oLBP_hZaI,SISTEMA DE INFORMACIÓN EN TB 1°C 2024,5,5,5,5,5,5,5,5,5,5,5,5,5
1hRleDQExrdvb2bZhv_NkoM6eG21pRcpN02oLBP_hZaI,SISTEMA DE INFORMACIÓN EN TB 1°C 2024,5,5,5,5,5,5,5,5,5,5,5,5,5
1VLTWlXkzWM_GcwZ479ulnY6mqCRs-kmRHbxZgoWUi0Y,RPMS PRIMERA INFANCIA - 1°C 2025,5,5,5,5,5,5,5,5,5,5,5,5,5
1VLTWlXkzWM_GcwZ479ulnY6mqCRs-kmRHbxZgoWUi0Y,RPMS PRIMERA INFANCIA - 1°C 2025,5,5,5,5,5,5,5,5,5,5,5,5,5
1VLTWlXkzWM_GcwZ479ulnY6mqCRs-kmRHbxZgoWUi0Y,RPMS PRIMERA INFANCIA - 1°C 2025,5,5,5,5,5,5,5,5,5,5,5,5,5
1VLTWlXkzWM_GcwZ479ulnY6mqCRs-kmRHbxZgoWUi0Y,RPMS PRIMERA INFANCIA - 1°C 2025,5,5,5,5,5,5,5,5,5,5,5,5,5
1VLTWlXkzWM_GcwZ479ulnY6mqCRs-kmRHbxZgoWUi0Y,RPMS PRIMERA INFANCIA - 1°C 2025,4,5,5,5,5,5,5,5,5,5,5,5,5
1VLTWlXkzWM_GcwZ479ulnY6mqCRs-kmRHbxZgoWUi0Y,RPMS PRIMERA INFANCIA - 1°C 2025,4,4,4,4,4,4,4,4,3,3,4,4,4
1VLTWlXkzWM_GcwZ479ulnY6mqCRs-kmRHbxZgoWUi0Y,RPMS PRIMERA INFANCIA - 1°C 2025,4,4,4,4,4,4,4,4,4,4,4,4,4
1VLTWlXkzWM_GcwZ479ulnY6mqCRs-kmRHbxZgoWUi0Y,RPMS PRIMERA INFANCIA - 1°C 2025,5,5,5,5,5,5,5,5,4,5,4,5,5
14HaogoJkoibDUPdhmhvUZdp9HWSYbYNEmJFW4NRwuzg,RPMS INFANCIA - 1°C 2025,5,5,5,5,5,5,4,5,3,2,5,5,5
14HaogoJkoibDUPdhmhvUZdp9HWSYbYNEmJFW4NRwuzg,RPMS INFANCIA - 1°C 2025,5,5,5,5,5,5,5,5,5,5,5,5,5
14HaogoJkoibDUPdhmhvUZdp9HWSYbYNEmJFW4NRwuzg,RPMS INFANCIA - 1°C 2025,5,5,5,5,5,5,5,5,5,5,5,5,5
14HaogoJkoibDUPdhmhvUZdp9HWSYbYNEmJFW4NRwuzg,RPMS INFANCIA - 1°C 2025,5,5,5,5,5,5,5,5,5,5,5,5,5
14HaogoJkoibDUPdhmhvUZdp9HWSYbYNEmJFW4NRwuzg,RPMS INFANCIA - 1°C 2025,5,4,5,5,5,5,5,5,5,4,5,5,5
14HaogoJkoibDUPdhmhvUZdp9HWSYbYNEmJFW4NRwuzg,RPMS INFANCIA - 1°C 2025,5,5,5,5,5,5,5,5,5,5,5,5,5
14HaogoJkoibDUPdhmhvUZdp9HWSYbYNEmJFW4NRwuzg,RPMS INFANCIA - 1°C 2025,5,5,5,5,5,4,4,4,4,3,4,5,5
10_w8OhDSxn3PZx5V-dQSFfVw_7JsSu8xz1wU8b4ZCBo,RPMS ADOLESCENCIA - 1°C 2025,5,5,5,5,5,4,4,4,3,3,5,5,5
10_w8OhDSxn3PZx5V-dQSFfVw_7JsSu8xz1wU8b4ZCBo,RPMS ADOLESCENCIA - 1°C 2025,4,5,4,4,4,5,4,4,4,4,4,4,5
10_w8OhDSxn3PZx5V-dQSFfVw_7JsSu8xz1wU8b4ZCBo,RPMS ADOLESCENCIA - 1°C 2025,4,4,4,4,4,4,4,4,4,4,4,4,4
10_w8OhDSxn3PZx5V-dQSFfVw_7JsSu8xz1wU8b4ZCBo,RPMS ADOLESCENCIA - 1°C 2025,5,5,5,5,5,5,5,5,5,5,5,5,5
10_w8OhDSxn3PZx5V-dQSFfVw_7JsSu8xz1wU8b4ZCBo,RPMS ADOLESCENCIA - 1°C 2025,5,5,5,5,5,5,4,5,3,3,5,5,5
10_w8OhDSxn3PZx5V-dQSFfVw_7JsSu8xz1wU8b4ZCBo,RPMS ADOLESCENCIA - 1°C 2025,5,5,5,5,5,5,5,5,5,5,5,5,5
10_w8OhDSxn3PZx5V-dQSFfVw_7JsSu8xz1wU8b4ZCBo,RPMS ADOLESCENCIA - 1°C 2025,5,5,5,5,5,5,5,5,5,5,5,5,5
10_w8OhDSxn3PZx5V-dQSFfVw_7JsSu8xz1wU8b4ZCBo,RPMS ADOLESCENCIA - 1°C 2025,3,4,4,4,4,4,4,4,4,4,4,4,4
10_w8OhDSxn3PZx5V-dQSFfVw_7JsSu8xz1wU8b4ZCBo,RPMS ADOLESCENCIA - 1°C 2025,5,5,5,5,5,5,5,5,5,5,4,5,5
10_w8OhDSxn3PZx5V-dQSFfVw_7JsSu8xz1wU8b4ZCBo,RPMS ADOLESCENCIA - 1°C 2025,4,4,4,4,4,4,4,4,4,4,4,4,4
10_w8OhDSxn3PZx5V-dQSFfVw_7JsSu8xz1wU8b4ZCBo,RPMS ADOLESCENCIA - 1°C 2025,5,5,5,5,5,5,5,5,5,5,5,5,5
10vZIMhpsaNL44usQIa0gIF3mgk-CzTpWQTTBEK-xE5A,RPMS JUVENTUD - 1°C 2025,5,5,5,4,5,5,4,4,5,4,5,5,5
10vZIMhpsaNL44usQIa0gIF3mgk-CzTpWQTTBEK-xE5A,RPMS JUVENTUD - 1°C 2025,5,5,5,4,4,4,4,4,4,4,4,4,4
10vZIMhpsaNL44usQIa0gIF3mgk-CzTpWQTTBEK-xE5A,RPMS JUVENTUD - 1°C 2025,5,5,5,5,5,5,5,5,5,5,5,5,5
10vZIMhpsaNL44usQIa0gIF3mgk-CzTpWQTTBEK-xE5A,RPMS JUVENTUD - 1°C 2025,5,5,5,5,5,5,5,5,5,5,5,5,5
10vZIMhpsaNL44usQIa0gIF3mgk-CzTpWQTTBEK-xE5A,RPMS JUVENTUD - 1°C 2025,5,5,5,5,5,5,5,5,5,5,5,5,5
10vZIMhpsaNL44usQIa0gIF3mgk-CzTpWQTTBEK-xE5A,RPMS JUVENTUD - 1°C 2025,5,5,5,5,5,5,5,5,4,5,5,5,5
10vZIMhpsaNL44usQIa0gIF3mgk-CzTpWQTTBEK-xE5A,RPMS JUVENTUD - 1°C 2025,5,5,5,5,5,5,5,5,5,5,5,5,5
10vZIMhpsaNL44usQIa0gIF3mgk-CzTpWQTTBEK-xE5A,RPMS JUVENTUD - 1°C 2025,4,4,4,4,4,4,4,4,4,4,4,4,4
10vZIMhpsaNL44usQIa0gIF3mgk-CzTpWQTTBEK-xE5A,RPMS JUVENTUD - 1°C 2025,4,4,4,4,4,4,4,4,4,4,4,4,4
10vZIMhpsaNL44usQIa0gIF3mgk-CzTpWQTTBEK-xE5A,RPMS JUVENTUD - 1°C 2025,4,4,4,4,4,4,4,4,4,4,4,4,4
1AClngQc49VHjyrgJ1Q1Nm4-FmrItfqswld3vPAVsNkI,RPMS ADULTEZ - 1°C 2025,4,4,4,4,4,4,4,3,3,4,4,5,3
1AClngQc49VHjyrgJ1Q1Nm4-FmrItfqswld3vPAVsNkI,RPMS ADULTEZ - 1°C 2025,5,5,5,5,5,5,5,5,5,5,5,5,5
1AClngQc49VHjyrgJ1Q1Nm4-FmrItfqswld3vPAVsNkI,RPMS ADULTEZ - 1°C 2025,5,5,5,5,5,5,5,5,5,5,5,5,5
1AClngQc49VHjyrgJ1Q1Nm4-FmrItfqswld3vPAVsNkI,RPMS ADULTEZ - 1°C 2025,5,5,5,5,5,5,5,5,5,5,5,5,5
1AClngQc49VHjyrgJ1Q1Nm4-FmrItfqswld3vPAVsNkI,RPMS ADULTEZ - 1°C 2025,4,4,4,4,4,4,4,4,4,4,4,4,4
16M3e4onIATWuLZo_fqH-C-YRZefr8noWMEv9GG1uYho,RPMS VEJEZ - 1°C 2025,5,5,5,5,5,5,5,5,5,5,5,5,5
16M3e4onIATWuLZo_fqH-C-YRZefr8noWMEv9GG1uYho,RPMS VEJEZ - 1°C 2025,5,5,5,5,5,5,5,5,5,5,5,5,5
16M3e4onIATWuLZo_fqH-C-YRZefr8noWMEv9GG1uYho,RPMS VEJEZ - 1°C 2025,5,5,5,5,5,5,5,5,5,5,5,5,5
16M3e4onIATWuLZo_fqH-C-YRZefr8noWMEv9GG1uYho,RPMS VEJEZ - 1°C 2025,5,5,5,5,5,5,5,5,5,5,5,5,5
16M3e4onIATWuLZo_fqH-C-YRZefr8noWMEv9GG1uYho,RPMS VEJEZ - 1°C 2025,5,5,5,5,5,5,5,5,5,5,5,5,5
16M3e4onIATWuLZo_fqH-C-YRZefr8noWMEv9GG1uYho,RPMS VEJEZ - 1°C 2025,5,4,4,4,5,5,5,5,5,5,4,4,5
16M3e4onIATWuLZo_fqH-C-YRZefr8noWMEv9GG1uYho,RPMS VEJEZ - 1°C 2025,4,4,4,4,4,4,4,4,4,4,4,4,4
1iSzRozvOqW12ZkBEZz3aniJV7P932Wy6G0hAGzF1C14,CÁNCER INFANTIL 1°C 2025,5,5,5,5,5,5,5,5,5,5,5,5,5
1iSzRozvOqW12ZkBEZz3aniJV7P932Wy6G0hAGzF1C14,CÁNCER INFANTIL 1°C 2025,5,5,5,5,5,5,5,5,5,5,5,5,5
1iSzRozvOqW12ZkBEZz3aniJV7P932Wy6G0hAGzF1C14,CÁNCER INFANTIL 1°C 2025,5,5,5,5,5,5,5,5,5,5,5,5,5
1iSzRozvOqW12ZkBEZz3aniJV7P932Wy6G0hAGzF1C14,CÁNCER INFANTIL 1°C 2025,1,1,1,1,1,1,1,1,1,1,1,1,1
1iSzRozvOqW12ZkBEZz3aniJV7P932Wy6G0hAGzF1C14,CÁNCER INFANTIL 1°C 2025,4,4,4,4,4,4,4,4,4,4,4,4,4
1iSzRozvOqW12ZkBEZz3aniJV7P932Wy6G0hAGzF1C14,CÁNCER INFANTIL 1°C 2025,5,5,5,5,5,5,5,5,5,5,5,5,5
1iSzRozvOqW12ZkBEZz3aniJV7P932Wy6G0hAGzF1C14,CÁNCER INFANTIL 1°C 2025,5,4,4,4,5,5,4,5,5,4,4,4,4
1iSzRozvOqW12ZkBEZz3aniJV7P932Wy6G0hAGzF1C14,CÁNCER INFANTIL 1°C 2025,5,5,5,5,5,5,5,5,5,5,5,5,5
1iSzRozvOqW12ZkBEZz3aniJV7P932Wy6G0hAGzF1C14,CÁNCER INFANTIL 1°C 2025,4,4,4,3,5,5,4,4,3,3,3,4,3
1iSzRozvOqW12ZkBEZz3aniJV7P932Wy6G0hAGzF1C14,CÁNCER INFANTIL 1°C 2025,5,5,5,5,5,5,5,5,5,5,5,5,5
1iSzRozvOqW12ZkBEZz3aniJV7P932Wy6G0hAGzF1C14,CÁNCER INFANTIL 1°C 2025,5,5,5,5,5,5,5,5,5,5,5,5,5
1iSzRozvOqW12ZkBEZz3aniJV7P932Wy6G0hAGzF1C14,CÁNCER INFANTIL 1°C 2025,5,5,5,5,5,5,5,5,5,4,5,5,5
1iSzRozvOqW12ZkBEZz3aniJV7P932Wy6G0hAGzF1C14,CÁNCER INFANTIL 1°C 2025,5,5,5,5,5,5,5,5,5,5,5,5,5
1iSzRozvOqW12ZkBEZz3aniJV7P932Wy6G0hAGzF1C14,CÁNCER INFANTIL 1°C 2025,5,5,5,5,5,5,5,5,5,5,5,5,5
1iSzRozvOqW12ZkBEZz3aniJV7P932Wy6G0hAGzF1C14,CÁNCER INFANTIL 1°C 2025,5,5,4,4,4,4,4,4,4,4,4,4,4
1iSzRozvOqW12ZkBEZz3aniJV7P932Wy6G0hAGzF1C14,CÁNCER INFANTIL 1°C 2025,4,4,4,4,5,5,4,3,3,3,4,4,4
1iSzRozvOqW12ZkBEZz3aniJV7P932Wy6G0hAGzF1C14,CÁNCER INFANTIL 1°C 2025,1,1,1,1,1,1,1,1,1,1,1,1,1
1iSzRozvOqW12ZkBEZz3aniJV7P932Wy6G0hAGzF1C14,CÁNCER INFANTIL 1°C 2025,5,5,5,5,5,5,5,5,5,5,5,5,5
1iSzRozvOqW12ZkBEZz3aniJV7P932Wy6G0hAGzF1C14,CÁNCER INFANTIL 1°C 2025,4,4,4,3,4,4,3,4,2,1,2,3,3
1iSzRozvOqW12ZkBEZz3aniJV7P932Wy6G0hAGzF1C14,CÁNCER INFANTIL 1°C 2025,5,5,5,5,5,5,5,5,5,5,5,5,5
1iSzRozvOqW12ZkBEZz3aniJV7P932Wy6G0hAGzF1C14,CÁNCER INFANTIL 1°C 2025,5,5,5,5,5,5,5,5,5,5,5,5,5
1iSzRozvOqW12ZkBEZz3aniJV7P932Wy6G0hAGzF1C14,CÁNCER INFANTIL 1°C 2025,5,5,5,5,3,5,5,5,3,3,5,5,5
1iSzRozvOqW12ZkBEZz3aniJV7P932Wy6G0hAGzF1C14,CÁNCER INFANTIL 1°C 2025,5,5,5,5,5,5,5,5,5,5,5,5,5
1iSzRozvOqW12ZkBEZz3aniJV7P932Wy6G0hAGzF1C14,CÁNCER INFANTIL 1°C 2025,5,5,5,5,5,5,5,5,5,5,5,5,5
1iSzRozvOqW12ZkBEZz3aniJV7P932Wy6G0hAGzF1C14,CÁNCER INFANTIL 1°C 2025,4,4,4,4,4,4,4,4,4,4,4,4,4
1iSzRozvOqW12ZkBEZz3aniJV7P932Wy6G0hAGzF1C14,CÁNCER INFANTIL 1°C 2025,5,5,5,5,5,5,5,5,5,5,5,5,5
1iSzRozvOqW12ZkBEZz3aniJV7P932Wy6G0hAGzF1C14,CÁNCER INFANTIL 1°C 2025,5,5,5,5,5,5,5,5,5,5,5,5,5
1iSzRozvOqW12ZkBEZz3aniJV7P932Wy6G0hAGzF1C14,CÁNCER INFANTIL 1°C 2025,5,5,5,5,5,5,5,5,5,5,5,5,5
1iSzRozvOqW12ZkBEZz3aniJV7P932Wy6G0hAGzF1C14,CÁNCER INFANTIL 1°C 2025,5,5,5,5,5,5,5,5,5,5,5,5,5
1iSzRozvOqW12ZkBEZz3aniJV7P932Wy6G0hAGzF1C14,CÁNCER INFANTIL 1°C 2025,4,4,4,4,5,5,4,4,4,4,4,4,4
1iSzRozvOqW12ZkBEZz3aniJV7P932Wy6G0hAGzF1C14,CÁNCER INFANTIL 1°C 2025,4,4,4,4,4,4,4,4,4,2,4,4,4
1iSzRozvOqW12ZkBEZz3aniJV7P932Wy6G0hAGzF1C14,CÁNCER INFANTIL 1°C 2025,5,5,5,3,5,5,5,5,5,4,5,5,5
1iSzRozvOqW12ZkBEZz3aniJV7P932Wy6G0hAGzF1C14,CÁNCER INFANTIL 1°C 2025,5,5,5,5,4,5,4,5,5,4,5,5,5
1iSzRozvOqW12ZkBEZz3aniJV7P932Wy6G0hAGzF1C14,CÁNCER INFANTIL 1°C 2025,5,5,5,5,5,5,5,5,5,5,5,5,4
1iSzRozvOqW12ZkBEZz3aniJV7P932Wy6G0hAGzF1C14,CÁNCER INFANTIL 1°C 2025,5,5,4,4,4,4,4,4,4,1,4,4,5
1iSzRozvOqW12ZkBEZz3aniJV7P932Wy6G0hAGzF1C14,CÁNCER INFANTIL 1°C 2025,4,4,4,4,4,4,4,4,3,3,5,5,5
1iSzRozvOqW12ZkBEZz3aniJV7P932Wy6G0hAGzF1C14,CÁNCER INFANTIL 1°C 2025,5,5,5,5,5,5,5,5,5,5,5,5,5
1iSzRozvOqW12ZkBEZz3aniJV7P932Wy6G0hAGzF1C14,CÁNCER INFANTIL 1°C 2025,5,4,4,5,5,5,1,3,2,1,2,2,3
1iSzRozvOqW12ZkBEZz3aniJV7P932Wy6G0hAGzF1C14,CÁNCER INFANTIL 1°C 2025,4,4,4,4,4,4,3,4,3,3,4,3,5
1iSzRozvOqW12ZkBEZz3aniJV7P932Wy6G0hAGzF1C14,CÁNCER INFANTIL 1°C 2025,5,5,5,5,5,5,5,5,5,5,5,5,5
1iSzRozvOqW12ZkBEZz3aniJV7P932Wy6G0hAGzF1C14,CÁNCER INFANTIL 1°C 2025,5,5,4,5,5,5,5,5,4,5,5,5,5
1iSzRozvOqW12ZkBEZz3aniJV7P932Wy6G0hAGzF1C14,CÁNCER INFANTIL 1°C 2025,3,3,3,4,4,4,3,3,4,3,3,4,3
1iSzRozvOqW12ZkBEZz3aniJV7P932Wy6G0hAGzF1C14,CÁNCER INFANTIL 1°C 2025,2,2,2,2,2,2,2,2,2,2,2,2,2
1iSzRozvOqW12ZkBEZz3aniJV7P932Wy6G0hAGzF1C14,CÁNCER INFANTIL 1°C 2025,5,5,5,5,5,5,5,5,5,5,5,5,5
1iSzRozvOqW12ZkBEZz3aniJV7P932Wy6G0hAGzF1C14,CÁNCER INFANTIL 1°C 2025,5,5,5,5,5,5,5,5,5,5,5,5,5
1iSzRozvOqW12ZkBEZz3aniJV7P932Wy6G0hAGzF1C14,CÁNCER INFANTIL 1°C 2025,1,1,1,1,1,1,1,1,1,1,1,1,1
1iSzRozvOqW12ZkBEZz3aniJV7P932Wy6G0hAGzF1C14,CÁNCER INFANTIL 1°C 2025,5,5,5,5,5,5,5,5,5,5,5,5,5
1iSzRozvOqW12ZkBEZz3aniJV7P932Wy6G0hAGzF1C14,CÁNCER INFANTIL 1°C 2025,4,4,4,4,4,4,4,4,4,4,4,4,4
1iSzRozvOqW12ZkBEZz3aniJV7P932Wy6G0hAGzF1C14,CÁNCER INFANTIL 1°C 2025,5,5,5,5,5,5,5,5,5,5,5,5,5
1iSzRozvOqW12ZkBEZz3aniJV7P932Wy6G0hAGzF1C14,CÁNCER INFANTIL 1°C 2025,5,5,5,5,5,5,5,5,5,3,5,5,5
1iSzRozvOqW12ZkBEZz3aniJV7P932Wy6G0hAGzF1C14,CÁNCER INFANTIL 1°C 2025,5,5,5,5,5,5,5,5,5,5,5,5,5
1iSzRozvOqW12ZkBEZz3aniJV7P932Wy6G0hAGzF1C14,CÁNCER INFANTIL 1°C 2025,4,4,4,5,5,5,4,4,5,3,5,5,5
1iSzRozvOqW12ZkBEZz3aniJV7P932Wy6G0hAGzF1C14,CÁNCER INFANTIL 1°C 2025,5,5,5,5,5,5,5,5,4,1,5,5,5
1iSzRozvOqW12ZkBEZz3aniJV7P932Wy6G0hAGzF1C14,CÁNCER INFANTIL 1°C 2025,4,4,4,4,4,4,4,4,4,4,4,4,4
1iSzRozvOqW12ZkBEZz3aniJV7P932Wy6G0hAGzF1C14,CÁNCER INFANTIL 1°C 2025,5,5,5,5,5,5,5,5,4,5,5,5,5
1iSzRozvOqW12ZkBEZz3aniJV7P932Wy6G0hAGzF1C14,CÁNCER INFANTIL 1°C 2025,5,5,5,5,5,5,5,5,5,5,5,5,5
1iSzRozvOqW12ZkBEZz3aniJV7P932Wy6G0hAGzF1C14,CÁNCER INFANTIL 1°C 2025,5,5,5,5,5,5,5,5,5,5,5,5,5
1iSzRozvOqW12ZkBEZz3aniJV7P932Wy6G0hAGzF1C14,CÁNCER INFANTIL 1°C 2025,5,5,5,5,5,5,5,5,5,5,5,5,5
1iSzRozvOqW12ZkBEZz3aniJV7P932Wy6G0hAGzF1C14,CÁNCER INFANTIL 1°C 2025,5,5,5,5,5,5,5,5,5,5,5,5,5
1iSzRozvOqW12ZkBEZz3aniJV7P932Wy6G0hAGzF1C14,CÁNCER INFANTIL 1°C 2025,4,4,3,5,4,4,5,5,4,4,5,5,5
1iSzRozvOqW12ZkBEZz3aniJV7P932Wy6G0hAGzF1C14,CÁNCER INFANTIL 1°C 2025,5,5,5,5,5,5,5,5,5,5,5,5,5
1s9JncsbTBvWSEVdih-Cluwa6BfRTKAsolY3RXqKMvvQ,-Satisfacción del Curso virtual - PRUEBAS DIAGNÓSTICAS Y RUTA DE LABORATORIO PARA TB 1°C 2024,5,5,4,1,2,3,4,4,5,5,5,4,4
1s9JncsbTBvWSEVdih-Cluwa6BfRTKAsolY3RXqKMvvQ,-Satisfacción del Curso virtual - PRUEBAS DIAGNÓSTICAS Y RUTA DE LABORATORIO PARA TB 1°C 2024,4,5,5,5,5,5,5,4,4,4,4,4,4
1s9JncsbTBvWSEVdih-Cluwa6BfRTKAsolY3RXqKMvvQ,-Satisfacción del Curso virtual - PRUEBAS DIAGNÓSTICAS Y RUTA DE LABORATORIO PARA TB 1°C 2024,5,5,5,5,5,5,5,5,5,5,5,5,5
1s9JncsbTBvWSEVdih-Cluwa6BfRTKAsolY3RXqKMvvQ,-Satisfacción del Curso virtual - PRUEBAS DIAGNÓSTICAS Y RUTA DE LABORATORIO PARA TB 1°C 2024,5,4,5,5,4,5,5,5,4,5,4,5,5
1s9JncsbTBvWSEVdih-Cluwa6BfRTKAsolY3RXqKMvvQ,-Satisfacción del Curso virtual - PRUEBAS DIAGNÓSTICAS Y RUTA DE LABORATORIO PARA TB 1°C 2024,4,4,4,4,4,4,3,4,4,4,4,4,4
1s9JncsbTBvWSEVdih-Cluwa6BfRTKAsolY3RXqKMvvQ,-Satisfacción del Curso virtual - PRUEBAS DIAGNÓSTICAS Y RUTA DE LABORATORIO PARA TB 1°C 2024,5,5,5,5,5,5,5,5,5,5,5,5,5
1s9JncsbTBvWSEVdih-Cluwa6BfRTKAsolY3RXqKMvvQ,-Satisfacción del Curso virtual - PRUEBAS DIAGNÓSTICAS Y RUTA DE LABORATORIO PARA TB 1°C 2024,5,5,5,5,5,5,5,5,5,5,5,5,5
1s9JncsbTBvWSEVdih-Cluwa6BfRTKAsolY3RXqKMvvQ,-Satisfacción del Curso virtual - PRUEBAS DIAGNÓSTICAS Y RUTA DE LABORATORIO PARA TB 1°C 2024,5,5,5,5,5,5,5,5,5,5,5,5,5
1s9JncsbTBvWSEVdih-Cluwa6BfRTKAsolY3RXqKMvvQ,-Satisfacción del Curso virtual - PRUEBAS DIAGNÓSTICAS Y RUTA DE LABORATORIO PARA TB 1°C 2024,5,5,5,5,5,5,5,5,5,4,4,5,5
1s9JncsbTBvWSEVdih-Cluwa6BfRTKAsolY3RXqKMvvQ,-Satisfacción del Curso virtual - PRUEBAS DIAGNÓSTICAS Y RUTA DE LABORATORIO PARA TB 1°C 2024,5,5,5,5,5,5,5,5,5,5,5,5,5
1s9JncsbTBvWSEVdih-Cluwa6BfRTKAsolY3RXqKMvvQ,-Satisfacción del Curso virtual - PRUEBAS DIAGNÓSTICAS Y RUTA DE LABORATORIO PARA TB 1°C 2024,3,3,3,4,4,3,2,2,4,4,4,3,3
1s9JncsbTBvWSEVdih-Cluwa6BfRTKAsolY3RXqKMvvQ,-Satisfacción del Curso virtual - PRUEBAS DIAGNÓSTICAS Y RUTA DE LABORATORIO PARA TB 1°C 2024,5,5,5,5,5,5,4,3,4,4,4,4,4
1s9JncsbTBvWSEVdih-Cluwa6BfRTKAsolY3RXqKMvvQ,-Satisfacción del Curso virtual - PRUEBAS DIAGNÓSTICAS Y RUTA DE LABORATORIO PARA TB 1°C 2024,5,5,4,4,5,4,5,4,3,3,4,4,4
1s9JncsbTBvWSEVdih-Cluwa6BfRTKAsolY3RXqKMvvQ,-Satisfacción del Curso virtual - PRUEBAS DIAGNÓSTICAS Y RUTA DE LABORATORIO PARA TB 1°C 2024,5,5,5,5,5,5,5,5,5,5,5,5,5
1s9JncsbTBvWSEVdih-Cluwa6BfRTKAsolY3RXqKMvvQ,-Satisfacción del Curso virtual - PRUEBAS DIAGNÓSTICAS Y RUTA DE LABORATORIO PARA TB 1°C 2024,5,5,5,5,5,5,5,5,5,5,5,5,5
1s9JncsbTBvWSEVdih-Cluwa6BfRTKAsolY3RXqKMvvQ,-Satisfacción del Curso virtual - PRUEBAS DIAGNÓSTICAS Y RUTA DE LABORATORIO PARA TB 1°C 2024,4,4,4,4,5,4,4,4,4,5,3,4,4
1s9JncsbTBvWSEVdih-Cluwa6BfRTKAsolY3RXqKMvvQ,-Satisfacción del Curso virtual - PRUEBAS DIAGNÓSTICAS Y RUTA DE LABORATORIO PARA TB 1°C 2024,5,5,5,5,5,5,5,5,5,5,5,5,5
1s9JncsbTBvWSEVdih-Cluwa6BfRTKAsolY3RXqKMvvQ,-Satisfacción del Curso virtual - PRUEBAS DIAGNÓSTICAS Y RUTA DE LABORATORIO PARA TB 1°C 2024,5,5,5,5,5,5,5,5,5,5,5,5,5
1s9JncsbTBvWSEVdih-Cluwa6BfRTKAsolY3RXqKMvvQ,-Satisfacción del Curso virtual - PRUEBAS DIAGNÓSTICAS Y RUTA DE LABORATORIO PARA TB 1°C 2024,5,5,5,5,5,5,5,5,5,5,5,5,5
1s9JncsbTBvWSEVdih-Cluwa6BfRTKAsolY3RXqKMvvQ,-Satisfacción del Curso virtual - PRUEBAS DIAGNÓSTICAS Y RUTA DE LABORATORIO PARA TB 1°C 2024,5,5,5,5,5,5,5,5,5,5,5,5,5
1s9JncsbTBvWSEVdih-Cluwa6BfRTKAsolY3RXqKMvvQ,-Satisfacción del Curso virtual - PRUEBAS DIAGNÓSTICAS Y RUTA DE LABORATORIO PARA TB 1°C 2024,5,5,5,5,5,5,5,5,5,5,5,5,5
1s9JncsbTBvWSEVdih-Cluwa6BfRTKAsolY3RXqKMvvQ,-Satisfacción del Curso virtual - PRUEBAS DIAGNÓSTICAS Y RUTA DE LABORATORIO PARA TB 1°C 2024,5,5,5,5,5,5,5,5,5,5,5,5,5
1s9JncsbTBvWSEVdih-Cluwa6BfRTKAsolY3RXqKMvvQ,-Satisfacción del Curso virtual - PRUEBAS DIAGNÓSTICAS Y RUTA DE LABORATORIO PARA TB 1°C 2024,5,5,5,5,5,5,5,5,5,5,5,5,5
1s9JncsbTBvWSEVdih-Cluwa6BfRTKAsolY3RXqKMvvQ,-Satisfacción del Curso virtual - PRUEBAS DIAGNÓSTICAS Y RUTA DE LABORATORIO PARA TB 1°C 2024,5,5,5,5,5,5,5,5,5,5,5,5,5
1s9JncsbTBvWSEVdih-Cluwa6BfRTKAsolY3RXqKMvvQ,-Satisfacción del Curso virtual - PRUEBAS DIAGNÓSTICAS Y RUTA DE LABORATORIO PARA TB 1°C 2024,5,5,5,5,5,5,5,5,4,4,5,5,5
1s9JncsbTBvWSEVdih-Cluwa6BfRTKAsolY3RXqKMvvQ,-Satisfacción del Curso virtual - PRUEBAS DIAGNÓSTICAS Y RUTA DE LABORATORIO PARA TB 1°C 2024,3,3,4,2,4,5,4,4,4,3,3,4,3
1s9JncsbTBvWSEVdih-Cluwa6BfRTKAsolY3RXqKMvvQ,-Satisfacción del Curso virtual - PRUEBAS DIAGNÓSTICAS Y RUTA DE LABORATORIO PARA TB 1°C 2024,5,4,5,5,2,3,3,2,5,5,5,4,3
1s9JncsbTBvWSEVdih-Cluwa6BfRTKAsolY3RXqKMvvQ,-Satisfacción del Curso virtual - PRUEBAS DIAGNÓSTICAS Y RUTA DE LABORATORIO PARA TB 1°C 2024,5,5,5,5,5,5,5,5,5,5,5,5,5
1s9JncsbTBvWSEVdih-Cluwa6BfRTKAsolY3RXqKMvvQ,-Satisfacción del Curso virtual - PRUEBAS DIAGNÓSTICAS Y RUTA DE LABORATORIO PARA TB 1°C 2024,5,5,5,5,5,5,5,5,5,4,4,5,5
1s9JncsbTBvWSEVdih-Cluwa6BfRTKAsolY3RXqKMvvQ,-Satisfacción del Curso virtual - PRUEBAS DIAGNÓSTICAS Y RUTA DE LABORATORIO PARA TB 1°C 2024,5,5,5,5,5,5,5,5,5,5,5,5,5
1s9JncsbTBvWSEVdih-Cluwa6BfRTKAsolY3RXqKMvvQ,-Satisfacción del Curso virtual - PRUEBAS DIAGNÓSTICAS Y RUTA DE LABORATORIO PARA TB 1°C 2024,5,5,5,5,5,5,5,5,5,5,5,5,5
1s9JncsbTBvWSEVdih-Cluwa6BfRTKAsolY3RXqKMvvQ,-Satisfacción del Curso virtual - PRUEBAS DIAGNÓSTICAS Y RUTA DE LABORATORIO PARA TB 1°C 2024,5,5,5,5,5,5,5,5,5,5,5,5,5
1s9JncsbTBvWSEVdih-Cluwa6BfRTKAsolY3RXqKMvvQ,-Satisfacción del Curso virtual - PRUEBAS DIAGNÓSTICAS Y RUTA DE LABORATORIO PARA TB 1°C 2024,4,4,4,4,4,4,4,4,3,3,4,4,4
1s9JncsbTBvWSEVdih-Cluwa6BfRTKAsolY3RXqKMvvQ,-Satisfacción del Curso virtual - PRUEBAS DIAGNÓSTICAS Y RUTA DE LABORATORIO PARA TB 1°C 2024,5,5,5,5,5,5,5,5,5,5,4,5,5
1s9JncsbTBvWSEVdih-Cluwa6BfRTKAsolY3RXqKMvvQ,-Satisfacción del Curso virtual - PRUEBAS DIAGNÓSTICAS Y RUTA DE LABORATORIO PARA TB 1°C 2024,5,5,5,5,5,5,5,5,4,4,4,5,5
1s9JncsbTBvWSEVdih-Cluwa6BfRTKAsolY3RXqKMvvQ,-Satisfacción del Curso virtual - PRUEBAS DIAGNÓSTICAS Y RUTA DE LABORATORIO PARA TB 1°C 2024,5,5,4,5,5,5,4,4,5,5,5,5,5
1s9JncsbTBvWSEVdih-Cluwa6BfRTKAsolY3RXqKMvvQ,-Satisfacción del Curso virtual - PRUEBAS DIAGNÓSTICAS Y RUTA DE LABORATORIO PARA TB 1°C 2024,5,5,5,5,5,5,4,5,4,4,4,5,5
1s9JncsbTBvWSEVdih-Cluwa6BfRTKAsolY3RXqKMvvQ,-Satisfacción del Curso virtual - PRUEBAS DIAGNÓSTICAS Y RUTA DE LABORATORIO PARA TB 1°C 2024,4,4,4,4,5,5,5,4,4,4,5,4,4
1s9JncsbTBvWSEVdih-Cluwa6BfRTKAsolY3RXqKMvvQ,-Satisfacción del Curso virtual - PRUEBAS DIAGNÓSTICAS Y RUTA DE LABORATORIO PARA TB 1°C 2024,4,4,4,4,1,1,5,3,4,4,4,4,3
1s9JncsbTBvWSEVdih-Cluwa6BfRTKAsolY3RXqKMvvQ,-Satisfacción del Curso virtual - PRUEBAS DIAGNÓSTICAS Y RUTA DE LABORATORIO PARA TB 1°C 2024,5,5,5,5,5,5,5,5,5,4,5,5,5
1s9JncsbTBvWSEVdih-Cluwa6BfRTKAsolY3RXqKMvvQ,-Satisfacción del Curso virtual - PRUEBAS DIAGNÓSTICAS Y RUTA DE LABORATORIO PARA TB 1°C 2024,5,5,5,5,5,5,5,5,5,5,5,5,5
1s9JncsbTBvWSEVdih-Cluwa6BfRTKAsolY3RXqKMvvQ,-Satisfacción del Curso virtual - PRUEBAS DIAGNÓSTICAS Y RUTA DE LABORATORIO PARA TB 1°C 2024,5,5,5,5,5,5,5,5,5,5,5,5,5
1s9JncsbTBvWSEVdih-Cluwa6BfRTKAsolY3RXqKMvvQ,-Satisfacción del Curso virtual - PRUEBAS DIAGNÓSTICAS Y RUTA DE LABORATORIO PARA TB 1°C 2024,5,5,5,5,5,5,5,5,5,5,5,5,5
1s9JncsbTBvWSEVdih-Cluwa6BfRTKAsolY3RXqKMvvQ,-Satisfacción del Curso virtual - PRUEBAS DIAGNÓSTICAS Y RUTA DE LABORATORIO PARA TB 1°C 2024,5,5,5,5,5,4,5,5,5,4,5,5,5
1s9JncsbTBvWSEVdih-Cluwa6BfRTKAsolY3RXqKMvvQ,-Satisfacción del Curso virtual - PRUEBAS DIAGNÓSTICAS Y RUTA DE LABORATORIO PARA TB 1°C 2024,5,5,5,5,5,5,5,5,5,5,5,5,5
1s9JncsbTBvWSEVdih-Cluwa6BfRTKAsolY3RXqKMvvQ,-Satisfacción del Curso virtual - PRUEBAS DIAGNÓSTICAS Y RUTA DE LABORATORIO PARA TB 1°C 2024,5,5,5,3,5,5,5,5,4,4,4,4,4
1s9JncsbTBvWSEVdih-Cluwa6BfRTKAsolY3RXqKMvvQ,-Satisfacción del Curso virtual - PRUEBAS DIAGNÓSTICAS Y RUTA DE LABORATORIO PARA TB 1°C 2024,5,5,5,5,5,5,5,5,5,5,5,5,5
1s9JncsbTBvWSEVdih-Cluwa6BfRTKAsolY3RXqKMvvQ,-Satisfacción del Curso virtual - PRUEBAS DIAGNÓSTICAS Y RUTA DE LABORATORIO PARA TB 1°C 2024,4,4,5,4,4,5,3,4,5,5,2,3,4
1s9JncsbTBvWSEVdih-Cluwa6BfRTKAsolY3RXqKMvvQ,-Satisfacción del Curso virtual - PRUEBAS DIAGNÓSTICAS Y RUTA DE LABORATORIO PARA TB 1°C 2024,4,4,4,4,4,4,4,4,4,4,4,4,4
1s9JncsbTBvWSEVdih-Cluwa6BfRTKAsolY3RXqKMvvQ,-Satisfacción del Curso virtual - PRUEBAS DIAGNÓSTICAS Y RUTA DE LABORATORIO PARA TB 1°C 2024,5,5,5,5,5,5,5,5,5,5,5,5,5
1s9JncsbTBvWSEVdih-Cluwa6BfRTKAsolY3RXqKMvvQ,-Satisfacción del Curso virtual - PRUEBAS DIAGNÓSTICAS Y RUTA DE LABORATORIO PARA TB 1°C 2024,4,4,4,4,4,4,4,4,4,4,4,4,4
15YtcBYtFiSRraE6QMfnfUpJvXVwEAvebuT_F4TIb9gg,SALUD ORAL RMP 3°C 2024,5,5,5,5,5,5,5,5,5,5,5,5,5
15YtcBYtFiSRraE6QMfnfUpJvXVwEAvebuT_F4TIb9gg,SALUD ORAL RMP 3°C 2024,5,5,5,5,5,5,5,5,5,5,5,5,5
15YtcBYtFiSRraE6QMfnfUpJvXVwEAvebuT_F4TIb9gg,SALUD ORAL RMP 3°C 2024,5,5,5,5,5,5,5,5,5,5,5,5,5
15YtcBYtFiSRraE6QMfnfUpJvXVwEAvebuT_F4TIb9gg,SALUD ORAL RMP 3°C 2024,5,5,5,3,5,5,5,3,1,1,4,5,1
15YtcBYtFiSRraE6QMfnfUpJvXVwEAvebuT_F4TIb9gg,SALUD ORAL RMP 3°C 2024,5,5,5,5,5,5,4,4,4,4,4,5,5
15YtcBYtFiSRraE6QMfnfUpJvXVwEAvebuT_F4TIb9gg,SALUD ORAL RMP 3°C 2024,5,5,5,5,5,5,5,5,5,5,5,5,5
15YtcBYtFiSRraE6QMfnfUpJvXVwEAvebuT_F4TIb9gg,SALUD ORAL RMP 3°C 2024,5,5,5,5,4,5,5,4,4,4,5,5,5
15YtcBYtFiSRraE6QMfnfUpJvXVwEAvebuT_F4TIb9gg,SALUD ORAL RMP 3°C 2024,5,5,5,5,4,5,5,5,4,4,5,5,5
15YtcBYtFiSRraE6QMfnfUpJvXVwEAvebuT_F4TIb9gg,SALUD ORAL RMP 3°C 2024,5,5,5,5,5,5,5,5,5,5,5,5,5
15YtcBYtFiSRraE6QMfnfUpJvXVwEAvebuT_F4TIb9gg,SALUD ORAL RMP 3°C 2024,5,5,5,4,5,5,5,3,3,3,4,5,4
15YtcBYtFiSRraE6QMfnfUpJvXVwEAvebuT_F4TIb9gg,SALUD ORAL RMP 3°C 2024,5,5,5,5,5,5,5,5,5,1,5,5,5
15YtcBYtFiSRraE6QMfnfUpJvXVwEAvebuT_F4TIb9gg,SALUD ORAL RMP 3°C 2024,5,5,5,5,5,5,5,4,4,4,5,5,5
15YtcBYtFiSRraE6QMfnfUpJvXVwEAvebuT_F4TIb9gg,SALUD ORAL RMP 3°C 2024,5,5,5,5,5,5,5,5,5,5,5,5,5
15YtcBYtFiSRraE6QMfnfUpJvXVwEAvebuT_F4TIb9gg,SALUD ORAL RMP 3°C 2024,5,5,5,5,4,5,5,5,5,5,5,5,5
15YtcBYtFiSRraE6QMfnfUpJvXVwEAvebuT_F4TIb9gg,SALUD ORAL RMP 3°C 2024,5,5,5,5,4,5,5,5,5,4,5,5,5
15YtcBYtFiSRraE6QMfnfUpJvXVwEAvebuT_F4TIb9gg,SALUD ORAL RMP 3°C 2024,4,4,4,4,5,5,4,4,4,3,4,4,4
